0.188794, -0.047662, 4.928094, 0.602163, -0.142400, 0.008284, -0.000002
0.196362, -0.047541, 4.921570, 0.585399, -0.142323, 0.008260, -0.000002
0.204372, -0.047417, 4.914733, 0.568597, -0.142232, 0.008235, -0.000002
0.212359, -0.047289, 4.907584, 0.551760, -0.142125, 0.008209, -0.000002
0.220368, -0.047158, 4.900124, 0.534889, -0.142003, 0.008182, -0.000002
0.228503, -0.047024, 4.892354, 0.517987, -0.141866, 0.008155, -0.000002
0.236530, -0.046886, 4.884275, 0.501054, -0.141715, 0.008127, -0.000002
0.244532, -0.046745, 4.875888, 0.484092, -0.141548, 0.008098, -0.000002
0.252465, -0.046600, 4.867195, 0.467103, -0.141367, 0.008068, -0.000002
0.260650, -0.046453, 4.858196, 0.450090, -0.141171, 0.008037, -0.000002
0.268662, -0.046302, 4.848893, 0.433053, -0.140960, 0.008005, -0.000002
0.276647, -0.046147, 4.839286, 0.415994, -0.140734, 0.007973, -0.000002
0.284658, -0.045990, 4.829378, 0.398915, -0.140493, 0.007939, -0.000002
0.292628, -0.045829, 4.819168, 0.381818, -0.140238, 0.007905, -0.000002
0.300611, -0.045665, 4.808659, 0.364704, -0.139968, 0.007870, -0.000002
0.308793, -0.045498, 4.797852, 0.347576, -0.139683, 0.007834, -0.000002
0.316805, -0.045328, 4.786747, 0.330434, -0.139383, 0.007798, -0.000002
0.324624, -0.045155, 4.775347, 0.313281, -0.139069, 0.007760, -0.000002
0.332932, -0.044978, 4.763652, 0.296118, -0.138740, 0.007722, -0.000002
0.340772, -0.044798, 4.751665, 0.278948, -0.138397, 0.007683, -0.000002
0.348804, -0.044616, 4.739385, 0.261771, -0.138039, 0.007643, -0.000002
0.356921, -0.044430, 4.726815, 0.244590, -0.137666, 0.007602, -0.000002
0.364932, -0.044241, 4.713957, 0.227406, -0.137279, 0.007561, -0.000002
0.372916, -0.044049, 4.700811, 0.210221, -0.136878, 0.007519, -0.000002
0.380940, -0.043855, 4.686361, 0.193036, -0.136462, 0.007476, -0.000002
0.389063, -0.043657, 4.672644, 0.175855, -0.136032, 0.007432, -0.000002
0.397082, -0.043456, 4.658644, 0.158677, -0.135587, 0.007387, -0.000002
0.405076, -0.043252, 4.644363, 0.141506, -0.135129, 0.007342, -0.000002
0.429208, -0.042624, 4.599845, 0.173431, -0.133667, 0.007201, -0.000002
0.437223, -0.042409, 4.584453, 0.161027, -0.133152, 0.007153, -0.000002
0.461367, -0.041746, 4.536641, 0.123881, -0.131522, 0.007003, -0.000002
0.469334, -0.041520, 4.520164, 0.111526, -0.130951, 0.006951, -0.000002
0.493350, -0.040825, 4.469137, 0.074559, -0.129156, 0.006793, -0.000002
0.501340, -0.040588, 4.451602, 0.062274, -0.128530, 0.006739, -0.000002
0.525569, -0.039860, 4.397442, 0.025546, -0.126572, 0.006572, -0.000002
0.533502, -0.039613, 4.378876, 0.013351, -0.125893, 0.006514, -0.000002
0.557482, -0.038855, 4.321669, -0.023079, -0.123775, 0.006339, -0.000002
0.565735, -0.038597, 4.302103, -0.035166, -0.123043, 0.006279, -0.000002
0.589829, -0.037810, 4.241937, -0.071238, -0.120769, 0.006096, -0.000002
0.597814, -0.037542, 4.221400, -0.083196, -0.119985, 0.006034, -0.000002
0.621901, -0.036727, 4.158368, -0.118854, -0.117559, 0.005843, -0.000002
0.629916, -0.036450, 4.136891, -0.130664, -0.116725, 0.005778, -0.000002
0.654054, -0.035607, 4.071087, -0.165849, -0.114150, 0.005580, -0.000002
0.662100, -0.035322, 4.048702, -0.177492, -0.113268, 0.005512, -0.000002
0.686084, -0.034453, 3.980226, -0.212148, -0.110549, 0.005307, -0.000002
0.694080, -0.034160, 3.956966, -0.223605, -0.109619, 0.005237, -0.000002
0.718243, -0.033266, 3.886934, -0.257676, -0.106760, 0.005025, -0.000002
0.726209, -0.032965, 3.862834, -0.268929, -0.105784, 0.004953, -0.000002
0.750200, -0.032048, 3.789313, -0.302359, -0.102790, 0.004735, -0.000002
0.758341, -0.031739, 3.764407, -0.313390, -0.101770, 0.004661, -0.000002
0.782345, -0.030801, 3.688521, -0.346127, -0.098646, 0.004437, -0.000002
0.790511, -0.030485, 3.662844, -0.356917, -0.097584, 0.004361, -0.000002
0.814553, -0.029526, 3.584701, -0.388907, -0.094334, 0.004131, -0.000002
0.822510, -0.029203, 3.558289, -0.399439, -0.093231, 0.004053, -0.000002
0.846691, -0.028225, 3.477997, -0.430631, -0.089861, 0.003818, -0.000002
0.854671, -0.027895, 3.450888, -0.440889, -0.088719, 0.003739, -0.000002
0.878827, -0.026899, 3.368559, -0.471232, -0.085235, 0.003499, -0.000002
0.886821, -0.026565, 3.340790, -0.481199, -0.084055, 0.003418, -0.000002
0.910824, -0.025552, 3.256536, -0.510644, -0.080463, 0.003173, -0.000002
0.918800, -0.025212, 3.228145, -0.520304, -0.079248, 0.003091, -0.000002
0.942947, -0.024184, 3.142082, -0.548805, -0.075552, 0.002842, -0.000002
0.950949, -0.023839, 3.113106, -0.558142, -0.074304, 0.002759, -0.000002
0.975081, -0.022798, 3.025349, -0.585651, -0.070512, 0.002506, -0.000002
0.983128, -0.022449, 2.995829, -0.594651, -0.069232, 0.002421, -0.000002
1.007242, -0.021395, 2.906495, -0.621125, -0.065349, 0.002166, -0.000002
1.015244, -0.021042, 2.876469, -0.629772, -0.064040, 0.002080, -0.000002
1.039237, -0.019977, 2.785678, -0.655169, -0.060073, 0.001821, -0.000002
1.047408, -0.019620, 2.755185, -0.663449, -0.058737, 0.001735, -0.000002
1.071394, -0.018546, 2.663054, -0.687727, -0.054691, 0.001473, -0.000002
1.079510, -0.018187, 2.632135, -0.695628, -0.053331, 0.001386, -0.000002
1.103542, -0.017104, 2.538785, -0.718748, -0.049214, 0.001123, -0.000002
1.111544, -0.016742, 2.507480, -0.726257, -0.047830, 0.001035, -0.000002
1.135702, -0.015653, 2.413032, -0.748182, -0.043648, 0.000770, -0.000002
1.143676, -0.015289, 2.381380, -0.755287, -0.042245, 0.000682, -0.000002
1.167960, -0.014195, 2.285954, -0.775981, -0.038005, 0.000416, -0.000002
1.175818, -0.013829, 2.253997, -0.782670, -0.036583, 0.000327, -0.000002
1.199853, -0.012731, 2.157714, -0.802101, -0.032292, 0.000061, -0.000002
1.207951, -0.012364, 2.125491, -0.808363, -0.030854, -0.000028, -0.000002
1.232120, -0.011263, 2.028473, -0.826499, -0.026520, -0.000295, -0.000002
1.239947, -0.010896, 1.996025, -0.832325, -0.025068, -0.000384, -0.000002
1.264108, -0.009794, 1.898393, -0.849136, -0.020696, -0.000651, -0.000002
1.271876, -0.009426, 1.865761, -0.854516, -0.019234, -0.000740, -0.000002
1.296271, -0.008324, 1.767636, -0.869976, -0.014832, -0.001006, -0.000002
1.304245, -0.007957, 1.734860, -0.874902, -0.013360, -0.001095, -0.000002
1.328436, -0.006856, 1.636362, -0.888986, -0.008936, -0.001360, -0.000002
1.336397, -0.006490, 1.603481, -0.893449, -0.007458, -0.001448, -0.000002
1.360427, -0.005392, 1.504731, -0.906135, -0.003017, -0.001712, -0.000002
1.368544, -0.005027, 1.471787, -0.910128, -0.001535, -0.001800, -0.000002
1.392583, -0.003933, 1.372904, -0.921395, 0.002939, -0.002061, -0.000002
1.400550, -0.003569, 1.339935, -0.924912, 0.004423, -0.002148, -0.000002
1.424707, -0.002481, 1.241038, -0.934742, 0.008873, -0.002408, -0.000002
1.432690, -0.002120, 1.208084, -0.937777, 0.010355, -0.002494, -0.000002
1.456828, -0.001038, 1.109291, -0.946155, 0.014799, -0.002751, -0.000002
1.464851, -0.000679, 1.076391, -0.948703, 0.016279, -0.002836, -0.000002
1.488824, -0.000044, 0.977817, -0.955615, 0.020710, -0.003090, -0.000002
1.496862, 0.000221, 0.945010, -0.957673, 0.022183, -0.003174, -0.000002
1.520989, 0.001011, 0.846772, -0.963107, 0.026594, -0.003425, -0.000002
1.528830, 0.001273, 0.814096, -0.964671, 0.028060, -0.003508, -0.000002
1.552975, 0.002055, 0.716308, -0.968619, 0.032443, -0.003754, -0.000002
1.561117, 0.002315, 0.683800, -0.969687, 0.033898, -0.003835, -0.000002
1.585164, 0.003088, 0.933209, -0.972144, 0.038246, -0.004078, -0.000002
1.593148, 0.003344, 0.909846, -0.972713, 0.039689, -0.004157, -0.000002
1.617282, 0.004109, 0.840013, -0.973674, 0.043996, -0.004395, -0.000002
1.625269, 0.004362, 0.816826, -0.973745, 0.045423, -0.004473, -0.000002
1.649295, 0.005115, 0.747559, -0.973208, 0.049681, -0.004705, -0.000002
1.657543, 0.005365, 0.724574, -0.972780, 0.051092, -0.004782, -0.000002
1.681565, 0.006107, 0.655950, -0.970748, 0.055294, -0.005009, -0.000002
1.689596, 0.006353, 0.633191, -0.969821, 0.056684, -0.005083, -0.000002
1.713576, 0.007083, 0.565286, -0.966296, 0.060824, -0.005304, -0.000002
1.721719, 0.007324, 0.542780, -0.964873, 0.062193, -0.005377, -0.000002
1.745751, 0.008042, 0.475669, -0.959861, 0.066263, -0.005592, -0.000002
1.753861, 0.008279, 0.453439, -0.957943, 0.067608, -0.005662, -0.000002
1.777849, 0.008983, 0.387195, -0.951453, 0.071603, -0.005870, -0.000002
1.785859, 0.009216, 0.365266, -0.949044, 0.072921, -0.005939, -0.000002
1.810043, 0.009906, 0.299959, -0.941086, 0.076834, -0.006140, -0.000002
1.817860, 0.010133, 0.278355, -0.938190, 0.078123, -0.006206, -0.000002
1.842149, 0.010808, 0.214055, -0.928776, 0.081948, -0.006400, -0.000002
1.849985, 0.011030, 0.192798, -0.925398, 0.083207, -0.006463, -0.000002
1.874350, 0.011690, 0.129573, -0.914545, 0.086936, -0.006650, -0.000002
1.882294, 0.011907, 0.108685, -0.910690, 0.088162, -0.006711, -0.000002
1.906404, 0.012549, 0.046600, -0.898415, 0.091791, -0.006890, -0.000002
1.914259, 0.012761, 0.026103, -0.894089, 0.092983, -0.006948, -0.000002
1.938459, 0.013387, -0.034777, -0.880413, 0.096504, -0.007118, -0.000002
1.946444, 0.013593, -0.054863, -0.875623, 0.097660, -0.007174, -0.000002
1.970600, 0.014201, -0.114477, -0.860567, 0.101069, -0.007336, -0.000002
1.978597, 0.014401, -0.134130, -0.855322, 0.102186, -0.007389, -0.000002
2.002788, 0.014991, -0.192419, -0.838911, 0.105477, -0.007542, -0.000002
2.010575, 0.015185, -0.211621, -0.833218, 0.106554, -0.007592, -0.000002
2.034736, 0.015756, -0.268527, -0.815479, 0.109722, -0.007736, -0.000002
2.042735, 0.015944, -0.287259, -0.809348, 0.110757, -0.007783, -0.000002
2.066911, 0.016496, -0.342727, -0.790310, 0.113796, -0.007919, -0.000002
2.074844, 0.016677, -0.360970, -0.783751, 0.114787, -0.007962, -0.000002
2.099038, 0.017210, -0.414947, -0.763444, 0.117693, -0.008088, -0.000002
2.107009, 0.017384, -0.432685, -0.756467, 0.118639, -0.008129, -0.000002
2.131179, 0.017897, -0.485121, -0.734925, 0.121406, -0.008245, -0.000002
2.138767, 0.018064, -0.502336, -0.727542, 0.122305, -0.008282, -0.000002
2.163170, 0.018556, -0.553182, -0.704799, 0.124930, -0.008389, -0.000002
2.171320, 0.018717, -0.569860, -0.697022, 0.125781, -0.008423, -0.000002
2.195307, 0.019188, -0.619069, -0.673116, 0.128259, -0.008520, -0.000002
2.203442, 0.019341, -0.635195, -0.664958, 0.129060, -0.008550, -0.000002
2.227413, 0.019791, -0.682725, -0.639927, 0.131388, -0.008637, -0.000002
2.235568, 0.019938, -0.698283, -0.631400, 0.132138, -0.008664, -0.000002
2.259629, 0.020366, -0.744093, -0.605285, 0.134310, -0.008741, -0.000002
2.267561, 0.020505, -0.759071, -0.596404, 0.135008, -0.008764, -0.000002
2.291569, 0.020911, -0.803121, -0.569247, 0.137022, -0.008830, -0.000002
2.299693, 0.021043, -0.817507, -0.560026, 0.137667, -0.008851, -0.000002
2.323742, 0.021427, -0.859762, -0.531871, 0.139519, -0.008906, -0.000002
2.331744, 0.021551, -0.873543, -0.522326, 0.140109, -0.008923, -0.000002
2.356031, 0.021913, -0.913969, -0.493219, 0.141797, -0.008968, -0.000002
2.363904, 0.022030, -0.927136, -0.483364, 0.142332, -0.008981, -0.000002
2.388044, 0.022369, -0.965701, -0.453352, 0.143852, -0.009016, -0.000002
2.396031, 0.022478, -0.978243, -0.443203, 0.144331, -0.009025, -0.000002
2.420050, 0.022794, -1.014919, -0.412336, 0.145682, -0.009049, -0.000002
2.428185, 0.022896, -1.026827, -0.401910, 0.146103, -0.009055, -0.000002
2.452345, 0.023189, -1.061589, -0.370237, 0.147282, -0.009068, -0.000002
2.460307, 0.023283, -1.072854, -0.359550, 0.147646, -0.009071, -0.000002
2.484348, 0.023553, -1.105678, -0.327123, 0.148650, -0.009073, -0.000002
2.492456, 0.023639, -1.116293, -0.316194, 0.148956, -0.009072, -0.000002
2.516491, 0.023886, -1.147157, -0.283064, 0.149785, -0.009063, -0.000002
2.524456, 0.023965, -1.157116, -0.271910, 0.150032, -0.009059, -0.000002
2.548498, 0.024188, -1.186003, -0.238132, 0.150683, -0.009039, -0.000002
2.556601, 0.024259, -1.195300, -0.226771, 0.150871, -0.009031, -0.000002
2.580784, 0.024460, -1.222193, -0.192399, 0.151345, -0.009001, -0.000002
2.588776, 0.024523, -1.230823, -0.180850, 0.151473, -0.008989, -0.000002
2.612782, 0.024700, -1.255709, -0.145940, 0.151768, -0.008948, -0.000002
2.620762, 0.024755, -1.263668, -0.134221, 0.151836, -0.008933, -0.000002
2.644915, 0.024909, -1.286536, -0.098831, 0.151951, -0.008882, -0.000002
2.652905, 0.024957, -1.293821, -0.086961, 0.151960, -0.008863, -0.000002
2.677055, 0.025088, -1.314662, -0.051147, 0.151895, -0.008801, -0.000002
2.685063, 0.025128, -1.321271, -0.039145, 0.151844, -0.008779, -0.000002
2.709194, 0.025236, -1.340081, -0.002965, 0.151600, -0.008706, -0.000002
2.717205, 0.025268, -1.346011, 0.009148, 0.151489, -0.008680, -0.000002
2.741205, 0.037106, -1.693073, -0.026656, 0.158019, -0.009027, -0.000002
2.749346, 0.036312, -1.708092, -0.017722, 0.157771, -0.008994, -0.000002
2.773310, 0.033966, -1.751900, 0.008482, 0.156960, -0.008892, -0.000001
2.781471, 0.033197, -1.766106, 0.017010, 0.156669, -0.008858, -0.000001
2.805494, 0.030928, -1.807600, 0.041956, 0.155741, -0.008752, -0.000001
2.813487, 0.030185, -1.821074, 0.050053, 0.155415, -0.008716, -0.000001
2.837483, 0.028002, -1.860496, 0.073670, 0.154392, -0.008608, -0.000001
2.845667, 0.027289, -1.873318, 0.081315, 0.154038, -0.008571, -0.000001
2.869820, 0.025199, -1.910899, 0.103548, 0.152940, -0.008461, -0.000001
2.877777, 0.024518, -1.923145, 0.110723, 0.152564, -0.008424, -0.000001
2.901762, 0.022526, -1.959105, 0.131526, 0.151410, -0.008313, -0.000001
2.909812, 0.021879, -1.970847, 0.138219, 0.151019, -0.008276, -0.000001
2.933942, 0.019990, -2.005396, 0.107123, 0.149828, -0.008166, -0.000001
2.941888, 0.019378, -2.016700, 0.117279, 0.149427, -0.008130, -0.000001
2.966065, 0.017595, -2.050036, 0.146715, 0.148217, -0.008021, -0.000001
2.974097, 0.017019, -2.060967, 0.156182, 0.147812, -0.007985, -0.000001
2.998063, 0.015345, -2.093274, 0.183539, 0.146598, -0.007878, -0.000001
3.006183, 0.014806, -2.103893, 0.192310, 0.146194, -0.007843, -0.000001
3.030226, 0.013243, -2.135345, 0.217576, 0.144991, -0.007740, -0.000001
3.038180, 0.012740, -2.145706, 0.225649, 0.144593, -0.007706, -0.000001
3.062327, 0.011288, -2.176466, 0.248818, 0.143414, -0.007607, -0.000001
3.070490, 0.010823, -2.186621, 0.256191, 0.143027, -0.007575, -0.000001
3.094526, 0.009483, -2.216837, 0.277264, 0.141885, -0.007480, -0.000001
3.102494, 0.009055, -2.226835, 0.283939, 0.141512, -0.007449, -0.000001
3.126528, 0.007826, -2.256645, 0.302922, 0.140420, -0.007360, -0.000001
3.134498, 0.007435, -2.266529, 0.308902, 0.140065, -0.007331, -0.000001
3.158634, 0.006318, -2.296059, 0.325805, 0.139032, -0.007248, -0.000001
3.166788, 0.005964, -2.305870, 0.331095, 0.138699, -0.007221, -0.000001
3.190803, 0.004958, -2.335234, 0.345932, 0.137734, -0.007144, -0.000000
3.198779, 0.004641, -2.345007, 0.350536, 0.137425, -0.007119, -0.000000
3.222808, 0.003744, -2.374309, 0.363322, 0.136538, -0.007049, -0.000000
3.230812, 0.003463, -2.384077, 0.367245, 0.136257, -0.007026, -0.000000
3.255061, 0.002675, -2.413408, 0.377997, 0.135454, -0.006963, -0.000000
3.263088, 0.002430, -2.423199, 0.381244, 0.135202, -0.006943, -0.000000
3.287092, 0.001750, -2.452639, 0.389979, 0.134491, -0.006888, -0.000000
3.295085, 0.001541, -2.462479, 0.392555, 0.134270, -0.006870, -0.000000
3.319221, 0.000968, -2.492099, 0.399287, 0.133657, -0.006822, -0.000000
3.327225, 0.000794, -2.502009, 0.401199, 0.133469, -0.006808, -0.000000
3.351225, 0.000326, -2.531866, 0.405943, 0.132957, -0.006768, -0.000000
3.359162, 0.000188, -2.541864, 0.407195, 0.132804, -0.006756, -0.000000
3.383382, -0.000171, -2.572008, 0.409964, 0.132397, -0.006725, -0.000000
3.391516, -0.000315, -2.582109, 0.410559, 0.132280, -0.006716, 0.000000
3.415488, -0.000677, -2.612577, 0.411363, 0.131982, -0.006692, 0.000000
3.423658, -0.000775, -2.622791, 0.411304, 0.131901, -0.006686, 0.000000
3.447677, -0.000997, -2.653612, 0.410151, 0.131715, -0.006672, 0.000000
3.455799, -0.001048, -2.663946, 0.409441, 0.131671, -0.006668, 0.000000
3.479804, -0.001131, -2.695136, 0.406337, 0.131596, -0.006662, 0.000000
3.487800, -0.001135, -2.705595, 0.404977, 0.131590, -0.006662, 0.000000
3.511919, 0.028098, -3.355733, 0.058985, 0.102673, -0.017799, 0.000004
3.519928, 0.028784, -3.356802, 0.047419, 0.101422, -0.018633, 0.000005
3.543919, 0.030842, -3.360997, 0.012038, 0.097759, -0.021148, 0.000006
3.552050, 0.031528, -3.362726, 0.000016, 0.096567, -0.021990, 0.000006
3.576276, 0.033587, -3.368908, -0.036733, 0.093077, -0.024530, 0.000007
3.584282, 0.034273, -3.371301, -0.049212, 0.091942, -0.025381, 0.000007
3.608412, 0.036334, -3.379484, -0.087337, 0.088621, -0.027946, 0.000008
3.616401, 0.037022, -3.382548, -0.100276, 0.087542, -0.028805, 0.000009
3.640417, 0.039088, -3.392754, -0.139787, 0.084383, -0.031396, 0.000010
3.648380, 0.039778, -3.396497, -0.153190, 0.083356, -0.032264, 0.000010
3.672417, 0.041854, -3.408756, -0.194101, 0.080349, -0.034881, 0.000011
3.680524, 0.042548, -3.413188, -0.207972, 0.079371, -0.035758, 0.000011
3.704704, 0.044637, -3.427533, -0.250297, 0.076506, -0.038401, 0.000012
3.712525, 0.045336, -3.432667, -0.264644, 0.075573, -0.039286, 0.000013
3.736682, 0.047445, -3.449138, -0.308402, 0.072835, -0.041956, 0.000014
3.744673, 0.048152, -3.454988, -0.323229, 0.071941, -0.042850, 0.000014
3.768807, 0.050288, -3.473632, -0.368440, 0.069314, -0.045547, 0.000015
3.776801, 0.051006, -3.480214, -0.383756, 0.068455, -0.046450, 0.000015
3.800843, 0.053176, -3.501079, -0.430443, 0.065920, -0.049173, 0.000016
3.808976, 0.053907, -3.508411, -0.298526, 0.065088, -0.050085, 0.000017
3.833109, 0.056122, -3.531553, -0.341067, 0.062624, -0.052835, 0.000018
3.840983, 0.056869, -3.539653, -0.355596, 0.061812, -0.053756, 0.000018
3.865141, 0.059139, -3.565128, -0.400241, 0.059394, -0.056533, 0.000019
3.873085, 0.059906, -3.574016, -0.415478, 0.058593, -0.057463, 0.000019
3.897287, 0.062244, -3.601887, -0.462262, 0.056195, -0.060265, 0.000020
3.905268, 0.063036, -3.611583, -0.478217, 0.055395, -0.061204, 0.000021
3.929408, 0.065455, -3.641910, -0.527175, 0.052987, -0.064032, 0.000022
3.937413, 0.066277, -3.652435, -0.543861, 0.052179, -0.064978, 0.000022
3.961403, 0.068793, -3.685281, -0.595026, 0.049727, -0.067830, 0.000023
3.969546, 0.069650, -3.696656, -0.612453, 0.048899, -0.068785, 0.000023
3.993720, 0.072280, -3.732081, -0.665857, 0.046369, -0.071658, 0.000024
4.001640, 0.073177, -3.744326, -0.684035, 0.045508, -0.072620, 0.000024
4.025527, 0.075940, -3.782390, -0.739706, 0.042862, -0.075514, 0.000025
4.033803, 0.076885, -3.795524, -0.758644, 0.041955, -0.076481, 0.000026
4.057944, 0.079801, -3.836281, -0.816605, 0.039150, -0.079392, 0.000027
4.065823, 0.080802, -3.850321, -0.836309, 0.038184, -0.080364, 0.000027
4.089968, 0.083893, -3.893819, -0.896578, 0.035178, -0.083288, 0.000028
4.097958, 0.084956, -3.908781, -0.917054, 0.034136, -0.084264, 0.000028
4.122148, 0.088246, -3.955060, -0.979641, 0.030882, -0.087197, 0.000029
4.130103, 0.089379, -3.970954, -1.000890, 0.029751, -0.088175, 0.000030
4.154315, 0.092895, -4.020044, -1.065796, 0.026201, -0.091110, 0.000031
4.162141, 0.094107, -4.036878, -1.087817, 0.024962, -0.092088, 0.000031
4.186297, 0.097873, -4.088794, -1.155032, 0.021067, -0.095019, 0.000032
4.194268, 0.099173, -4.106570, -1.177819, 0.019706, -0.095995, 0.000032
4.218458, 0.103217, -4.161311, -1.247319, 0.015415, -0.098915, 0.000033
4.226460, 0.104615, -4.180027, -1.270863, 0.013912, -0.099886, 0.000034
4.250582, 0.078439, -4.143873, -0.951848, 0.031608, -0.092810, 0.000028
4.258539, 0.078777, -4.159278, -0.967824, 0.031139, -0.092923, 0.000028
4.282716, 0.079793, -4.205477, -1.015781, 0.029512, -0.093235, 0.000028
4.290708, 0.080132, -4.220866, -1.031772, 0.028898, -0.093330, 0.000028
4.314731, 0.081151, -4.266980, -1.079739, 0.026841, -0.093590, 0.000028
4.322860, 0.081490, -4.282328, -1.095721, 0.026084, -0.093668, 0.000028
4.346894, 0.082506, -4.328281, -1.143627, 0.023606, -0.093872, 0.000028
4.354836, 0.082844, -4.343563, -1.159577, 0.022711, -0.093930, 0.000028
4.379013, 0.083855, -4.389279, -1.207351, 0.019823, -0.094075, 0.000028
4.386975, 0.084190, -4.404469, -1.223245, 0.018793, -0.094113, 0.000028
4.411145, 0.085191, -4.449872, -1.270815, 0.015509, -0.094196, 0.000028
4.419159, 0.085522, -4.464945, -1.286629, 0.014349, -0.094213, 0.000028
4.443291, 0.086508, -4.509958, -1.333922, 0.010681, -0.094231, 0.000028
4.451167, 0.086834, -4.524888, -1.349631, 0.009397, -0.094226, 0.000028
4.475420, 0.087801, -4.569432, -1.396573, 0.005363, -0.094177, 0.000028
4.483457, 0.088120, -4.584193, -1.412154, 0.003959, -0.094149, 0.000028
4.507440, 0.089065, -4.628190, -1.458671, -0.000425, -0.094031, 0.000028
4.515571, 0.089375, -4.642756, -1.474097, -0.001943, -0.093980, 0.000028
4.539595, 0.090292, -4.686129, -1.520115, -0.006658, -0.093792, 0.000028
4.547549, 0.090593, -4.700473, -1.535362, -0.008283, -0.093717, 0.000028
4.571579, 0.091478, -4.743144, -1.580806, -0.013310, -0.093458, 0.000028
4.579756, 0.091767, -4.757241, -1.595850, -0.015036, -0.093359, 0.000028
4.603909, 0.092616, -4.799130, -1.640644, -0.020354, -0.093028, 0.000028
4.611756, 0.092893, -4.812953, -1.655459, -0.022173, -0.092906, 0.000028
4.635909, 0.093702, -4.853983, -1.699530, -0.027760, -0.092504, 0.000028
4.643887, 0.093964, -4.867508, -1.714091, -0.029665, -0.092357, 0.000028
4.668012, 0.094729, -4.907602, -1.757364, -0.035499, -0.091884, 0.000028
4.676023, 0.094976, -4.920802, -1.771646, -0.037482, -0.091714, 0.000028
4.700172, 0.095693, -4.959884, -1.814047, -0.043539, -0.091170, 0.000028
4.708162, 0.095923, -4.972734, -1.828027, -0.045593, -0.090977, 0.000028
4.732298, 0.096587, -5.010728, -1.869482, -0.051849, -0.090364, 0.000028
4.740299, 0.096800, -5.023203, -1.883134, -0.053965, -0.090148, 0.000028
4.764462, 0.097408, -5.060035, -1.923572, -0.060395, -0.089468, 0.000028
4.772304, 0.097601, -5.072110, -1.936873, -0.062564, -0.089231, 0.000028
4.796600, 0.098151, -5.107707, -1.976221, -0.069143, -0.088486, 0.000028
4.804540, 0.098324, -5.119358, -1.989147, -0.071358, -0.088227, 0.000028
4.828605, 0.098812, -5.153648, -2.027335, -0.078059, -0.087420, 0.000028
4.836576, 0.098964, -5.164852, -2.039862, -0.080311, -0.087141, 0.000028
4.860759, 0.099387, -5.197764, -2.076821, -0.087109, -0.086276, 0.000028
4.868733, 0.099516, -5.208497, -2.088928, -0.089388, -0.085978, 0.000028
4.892916, 0.099872, -5.239964, -2.124589, -0.096257, -0.085057, 0.000028
4.900756, 0.099979, -5.250204, -2.136253, -0.098555, -0.084742, 0.000028
4.924917, 0.100264, -5.280159, -2.170552, -0.105467, -0.083770, 0.000028
4.932859, 0.100348, -5.289885, -2.181750, -0.107775, -0.083438, 0.000028
4.957039, 0.100562, -5.318263, -2.214622, -0.114704, -0.082420, 0.000028
4.965021, 0.100621, -5.327453, -2.225333, -0.117014, -0.082073, 0.000028
4.989205, 0.100762, -5.354193, -2.256716, -0.148267, -0.081012, 0.000028
4.997188, 0.100796, -5.362826, -2.266921, -0.150569, -0.080652, 0.000028
5.021345, 0.100863, -5.387869, -2.296753, -0.157453, -0.079555, 0.000028
5.029200, 0.100872, -5.395926, -2.306432, -0.159739, -0.079184, 0.000028
5.053472, 0.100863, -5.419214, -2.334657, -0.166561, -0.078055, 0.000028
5.061481, 0.100848, -5.426677, -2.343791, -0.168822, -0.077674, 0.000028
5.085452, 0.100763, -5.448155, -2.370352, -0.175557, -0.063594, 0.000028
5.093582, 0.100723, -5.455006, -2.378922, -0.177784, -0.063206, 0.000028
5.117602, 0.100562, -5.474623, -2.403768, -0.184406, -0.062031, 0.000028
5.125628, 0.100496, -5.480846, -2.411757, -0.186592, -0.061637, 0.000028
5.149621, 0.100260, -5.498552, -2.434835, -0.193076, -0.060448, 0.000028
5.157698, 0.100169, -5.504131, -2.442228, -0.195212, -0.060050, 0.000028
5.181732, 0.099859, -5.519883, -2.463492, -0.201536, -0.058854, 0.000028
5.189897, 0.099743, -5.524802, -2.470272, -0.203614, -0.058455, 0.000028
5.213889, 0.099358, -5.538556, -2.489677, -0.209752, -0.057257, 0.000028
5.222017, 0.099218, -5.542803, -2.495831, -0.211765, -0.056858, 0.000028
5.246032, 0.098762, -5.554521, -2.513335, -0.217696, -0.055666, 0.000028
5.254171, 0.098597, -5.558083, -2.518848, -0.219636, -0.055270, 0.000028
5.278204, 0.098070, -5.567728, -2.534413, -0.225338, -0.054089, 0.000028
5.286335, 0.097883, -5.570594, -2.539274, -0.227198, -0.053698, 0.000028
5.310318, 0.097287, -5.578135, -2.552865, -0.232650, -0.052536, 0.000028
5.318297, 0.097078, -5.580294, -2.557062, -0.234424, -0.052152, 0.000028
5.342451, 0.096416, -5.585702, -2.568646, -0.239607, -0.051014, 0.000028
5.350461, 0.096185, -5.587147, -2.572170, -0.241287, -0.050640, 0.000028
5.374502, 0.095460, -5.590397, -2.581719, -0.246182, -0.049533, 0.000028
5.382649, 0.095208, -5.591118, -2.584560, -0.247764, -0.049170, 0.000028
5.406659, 0.094423, -5.592189, -2.592049, -0.252354, -0.048101, 0.000028
5.414643, 0.094152, -5.592181, -2.594199, -0.253831, -0.047752, 0.000028
5.438772, 0.093311, -5.591056, -2.599607, -0.258099, -0.046726, 0.000028
5.446780, 0.093021, -5.590314, -2.601060, -0.259466, -0.046392, 0.000028
5.470782, 0.092126, -5.586979, -2.604369, -0.263398, -0.045416, 0.000028
5.478909, 0.091820, -5.585498, -2.605120, -0.264651, -0.045099, 0.000028
5.503043, 0.090876, -5.579944, -2.606315, -0.268232, -0.044178, 0.000028
5.510905, 0.090554, -5.577722, -2.606360, -0.269366, -0.043881, 0.000028
5.535085, 0.089565, -5.569943, -2.605431, -0.272584, -0.043021, 0.000028
5.543070, 0.089228, -5.566979, -2.604766, -0.273596, -0.042745, 0.000028
5.567202, 0.088198, -5.556973, -2.601707, -0.276441, -0.041951, 0.000028
5.575202, 0.087849, -5.553267, -2.600332, -0.277326, -0.041698, 0.000028
5.599374, 0.086782, -5.541036, -2.595139, -0.279788, -0.040975, 0.000028
5.607373, 0.086421, -5.536590, -2.593053, -0.280544, -0.040746, 0.000028
5.631505, 0.085323, -5.522141, -2.585728, -0.282615, -0.040098, 0.000028
5.639517, 0.084952, -5.516956, -2.582931, -0.283240, -0.039896, 0.000028
5.663482, 0.083826, -5.500299, -2.573479, -0.284913, -0.039327, 0.000028
5.671624, 0.083447, -5.494380, -2.569974, -0.285404, -0.039151, 0.000028
5.695649, 0.082298, -5.475530, -2.558403, -0.286674, -0.038666, 0.000028
5.703797, 0.045963, -5.174250, -2.132035, -0.256318, -0.031421, 0.000022
5.727799, 0.040863, -5.147819, -2.095520, -0.252601, -0.028947, 0.000021
5.735803, 0.039205, -5.138968, -2.083131, -0.251289, -0.028140, 0.000021
5.759943, 0.034352, -5.112351, -2.045392, -0.247144, -0.025768, 0.000020
5.767904, 0.032774, -5.103471, -2.032640, -0.245698, -0.024994, 0.000020
5.792076, 0.028151, -5.076868, -1.993937, -0.241177, -0.022715, 0.000019
5.800070, 0.026646, -5.068025, -1.980906, -0.239613, -0.021969, 0.000019
5.824074, 0.022235, -5.041620, -1.941487, -0.234764, -0.019773, 0.000018
5.832193, 0.020797, -5.032871, -1.928257, -0.233099, -0.019054, 0.000018
5.856225, 0.016579, -5.006834, -1.888356, -0.227971, -0.016931, 0.000017
5.864383, 0.015203, -4.998235, -1.875002, -0.226220, -0.016235, 0.000016
5.888391, 0.011160, -4.972722, -1.834839, -0.220858, -0.014175, 0.000016
5.896367, 0.009840, -4.964322, -1.821433, -0.219037, -0.013498, 0.000015
5.920530, 0.005953, -4.939475, -1.781213, -0.213485, -0.011493, 0.000015
5.928506, 0.004682, -4.931319, -1.767820, -0.211607, -0.010832, 0.000014
5.952531, 0.000934, -4.907266, -1.727734, -0.205906, -0.008871, 0.000013
5.960517, -0.000294, -4.899395, -1.714416, -0.203985, -0.008224, 0.000013
5.984661, -0.003920, -4.876255, -1.674641, -0.198173, -0.006298, 0.000012
5.992645, -0.005110, -4.868707, -1.661454, -0.196221, -0.005662, 0.000012
6.016822, -0.008630, -4.846584, -1.622153, -0.190334, -0.003687, 0.000011
6.024816, -0.009787, -4.839391, -1.609150, -0.188363, -0.003059, 0.000011
6.048819, -0.013216, -4.818382, -1.570471, -0.182433, -0.001185, 0.000010
6.056931, -0.014345, -4.811575, -1.557699, -0.180452, -0.000633, 0.000010
6.080966, -0.017697, -4.791763, -1.519780, -0.174510, 0.001233, 0.000009
6.088946, -0.018803, -4.785368, -1.507281, -0.172530, 0.001853, 0.000009
6.113092, -0.022090, -4.766830, -1.470244, -0.166603, 0.003713, 0.000008
6.121235, -0.023176, -4.760871, -1.458059, -0.164632, 0.004333, 0.000008
6.145245, -0.026411, -4.743673, -1.422015, -0.158744, 0.006193, 0.000007
6.153242, -0.027481, -4.738171, -1.410177, -0.156791, 0.006814, 0.000007
6.177402, -0.030672, -4.722373, -1.375224, -0.150964, 0.008680, 0.000006
6.185393, -0.031730, -4.717346, -1.363766, -0.149034, 0.009303, 0.000006
6.209389, -0.034888, -4.702998, -1.329991, -0.143288, 0.011180, 0.000005
6.217532, -0.035936, -4.698462, -1.318939, -0.141389, 0.011808, 0.000004
6.241518, -0.039068, -4.685609, -1.286420, -0.135740, 0.013699, 0.000004
6.249512, -0.040108, -4.681578, -1.275797, -0.133876, 0.014332, 0.000003
6.273496, -0.043222, -4.670256, -1.244599, -0.128340, 0.016242, 0.000003
6.281829, -0.044257, -4.666742, -1.234426, -0.126515, 0.016882, 0.000002
6.305832, -0.047357, -4.656984, -1.204604, -0.121104, 0.018814, 0.000001
6.313814, -0.048389, -4.653995, -1.194899, -0.119323, 0.019461, 0.000001
6.337951, -0.051482, -4.645826, -1.166499, -0.114047, 0.021417, 0.000000
6.345983, -0.052512, -4.643371, -1.157274, -0.112312, 0.022073, 0.000000
6.369961, -0.055600, -4.636812, -1.130332, -0.107179, 0.024055, -0.000001
6.378132, -0.056629, -4.634896, -1.121598, -0.105492, 0.024720, -0.000001
6.402292, -0.059716, -4.629961, -1.096142, -0.100508, 0.026729, -0.000002
6.410119, -0.060745, -4.628589, -1.087907, -0.098872, 0.027404, -0.000002
6.434294, -0.063832, -4.625289, -1.063954, -0.094041, 0.029442, -0.000003
6.442221, -0.064861, -4.624462, -1.056222, -0.092457, 0.030126, -0.000003
6.466365, 0.250514, -5.885861, -1.915199, -0.145592, 0.029437, -0.000001
6.474388, 0.252407, -5.892148, -1.918928, -0.145571, 0.029434, -0.000001
6.498576, 0.257953, -5.908788, -1.929110, -0.145439, 0.029410, -0.000002
6.506525, 0.259757, -5.913591, -1.932169, -0.145372, 0.029398, -0.000002
6.530569, 0.265031, -5.925758, -1.940335, -0.145104, 0.029349, -0.000002
6.538526, 0.266742, -5.929062, -1.942718, -0.144992, 0.029328, -0.000002
6.562694, 0.271734, -5.936691, -1.948838, -0.144585, 0.029253, -0.000002
6.570862, 0.273350, -5.938466, -1.950533, -0.144426, 0.029223, -0.000003
6.594844, 0.278045, -5.941458, -1.954563, -0.143877, 0.029122, -0.000003
6.602861, 0.279558, -5.941667, -1.955552, -0.143670, 0.029083, -0.000003
6.627009, 0.283936, -5.939889, -1.957435, -0.142974, 0.028954, -0.000003
6.634967, 0.285341, -5.938483, -1.957697, -0.142716, 0.028906, -0.000003
6.659139, 0.289381, -5.931771, -1.957360, -0.141867, 0.028747, -0.000004
6.667083, 0.290668, -5.928690, -1.956869, -0.141558, 0.028690, -0.000004
6.691139, 0.294345, -5.916852, -1.954229, -0.140548, 0.028501, -0.000004
6.699134, 0.295508, -5.912026, -1.952954, -0.140184, 0.028433, -0.000004
6.723281, 0.298797, -5.894837, -1.947914, -0.139006, 0.028212, -0.000004
6.731239, 0.299827, -5.888187, -1.945822, -0.138584, 0.028133, -0.000005
6.755429, 0.302706, -5.865397, -1.938275, -0.137229, 0.027879, -0.000005
6.763436, 0.303595, -5.856835, -1.935328, -0.136746, 0.027788, -0.000005
6.787565, 0.306044, -5.828168, -1.925158, -0.135203, 0.027499, -0.000005
6.795610, 0.306787, -5.817598, -1.921316, -0.134657, 0.027396, -0.000005
6.819530, 0.308791, -5.782753, -1.908398, -0.132915, 0.027068, -0.000006
6.827766, 0.309384, -5.770071, -1.903619, -0.132301, 0.026952, -0.000006
6.851713, 0.310937, -5.728728, -1.887821, -0.130350, 0.026584, -0.000006
6.859737, 0.311379, -5.713824, -1.882060, -0.129663, 0.026455, -0.000006
6.883887, 0.312486, -5.665643, -1.863248, -0.127491, 0.026044, -0.000006
6.891863, 0.312782, -5.648402, -1.856459, -0.126728, 0.025900, -0.000007
6.916018, 0.313459, -5.593031, -1.834497, -0.124321, 0.025445, -0.000007
6.923985, 0.313617, -5.573333, -1.826635, -0.123479, 0.025285, -0.000007
6.948027, 0.313900, -5.510408, -1.801386, -0.120826, 0.024783, -0.000007
6.956143, 0.313935, -5.488130, -1.792405, -0.119899, 0.024607, -0.000007
6.980143, 0.313877, -5.417281, -1.763736, -0.116986, 0.024054, -0.000008
6.988126, 0.313809, -5.392300, -1.753595, -0.115971, 0.023861, -0.000008
7.012151, 0.313487, -5.313155, -1.721380, -0.112787, 0.023255, -0.000008
7.020289, 0.313346, -5.285348, -1.710037, -0.111679, 0.023044, -0.000008
7.044310, 0.312858, -5.197541, -1.674162, -0.108213, 0.022383, -0.000008
7.052429, 0.312682, -5.166785, -1.661582, -0.107009, 0.022153, -0.000008
7.076456, 0.312155, -5.069959, -1.621946, -0.103248, 0.021435, -0.000009
7.084606, 0.311990, -5.036140, -1.608097, -0.101944, 0.021186, -0.000009
7.108614, 0.311578, -4.929955, -1.564620, -0.097880, 0.020408, -0.000009
7.116553, 0.311480, -4.892962, -1.549480, -0.096473, 0.020139, -0.000009
7.140754, 0.311364, -4.777103, -1.502103, -0.092096, 0.019299, -0.000010
7.148666, 0.311398, -4.736836, -1.485657, -0.090585, 0.019009, -0.000010
7.172894, 0.311785, -4.611019, -1.434353, -0.085890, 0.018107, -0.000010
7.180467, 0.312025, -4.567390, -1.416597, -0.084271, 0.017795, -0.000010
7.205020, 0.313148, -4.431373, -1.361372, -0.079254, 0.016829, -0.000010
7.212999, 0.216418, -3.439866, -0.901648, -0.053275, 0.011641, -0.000009
7.237146, 0.218847, -3.279542, -0.830132, -0.048069, 0.010623, -0.000009
7.245001, 0.219717, -3.225633, -0.806145, -0.046317, 0.010280, -0.000009
7.269314, 0.222496, -3.062588, -0.733794, -0.041014, 0.009241, -0.000009
7.277154, 0.223476, -3.007822, -0.709562, -0.039232, 0.008892, -0.000009
7.301306, 0.226567, -2.842356, -0.636574, -0.033847, 0.007834, -0.000009
7.309301, 0.227645, -2.786833, -0.612162, -0.032040, 0.007478, -0.000009
7.333446, 0.231009, -2.619247, -0.538738, -0.026587, 0.006404, -0.000009
7.341414, 0.232171, -2.563069, -0.514214, -0.024760, 0.006044, -0.000009
7.365429, 0.235768, -2.393671, -0.440554, -0.019254, 0.004957, -0.000009
7.373556, 0.237000, -2.336939, -0.415986, -0.017412, 0.004593, -0.000009
7.397585, 0.240786, -2.166037, -0.542079, -0.011869, 0.003497, -0.000009
7.405741, 0.242074, -2.108855, -0.524304, -0.010017, 0.003130, -0.000009
7.429750, 0.246005, -1.936759, -0.471063, -0.004451, 0.002026, -0.000009
7.437739, 0.247334, -1.879232, -0.453353, -0.002594, 0.001658, -0.000009
7.461836, 0.251366, -1.706254, -0.400380, 0.002979, 0.000550, -0.000009
7.469994, 0.252721, -1.648485, -0.382784, 0.004836, 0.000181, -0.000009
7.494024, 0.256809, -1.474937, -0.330224, 0.010400, -0.000933, -0.000009
7.502137, 0.258175, -1.417030, -0.312790, 0.012252, -0.001302, -0.000009
7.526180, 0.262272, -1.243224, -0.260788, 0.017792, -0.002408, -0.000009
7.534133, 0.263634, -1.185283, -0.243563, 0.019633, -0.002776, -0.000009
7.558332, 0.267697, -1.011531, -0.192261, 0.025135, -0.003877, -0.000009
7.566274, 0.269041, -0.953659, -0.175294, 0.026960, -0.004243, -0.000009
7.590431, 0.182634, -0.780269, -0.124832, 0.032408, -0.005335, -0.000009
7.598420, 0.184398, -0.722569, -0.108168, 0.034213, -0.005698, -0.000009
7.622484, 0.189602, -0.906647, -0.058685, 0.039591, -0.006779, -0.000009
7.630475, 0.191303, -0.865113, -0.042370, 0.041371, -0.007137, -0.000009
7.654625, 0.196289, -0.740897, 0.005998, 0.046666, -0.008204, -0.000009
7.662265, 0.197908, -0.699634, 0.021919, 0.048415, -0.008557, -0.000009
7.686754, 0.202621, -0.576339, 0.069041, 0.053612, -0.009607, -0.000009
7.694738, 0.204141, -0.535420, 0.084525, 0.055326, -0.009954, -0.000009
7.718761, 0.208534, -0.413261, 0.130270, 0.060410, -0.010983, -0.000009
7.726743, 0.209939, -0.372755, 0.145275, 0.062085, -0.011323, -0.000009
7.750928, 0.213963, -0.251943, 0.189519, 0.067042, -0.012330, -0.000009
7.758884, 0.215238, -0.211921, 0.204003, 0.068672, -0.012661, -0.000009
7.782885, 0.218853, -0.092662, 0.246626, 0.073490, -0.013642, -0.000009
7.791016, 0.219985, -0.053191, 0.260549, 0.075071, -0.013965, -0.000009
7.815162, 0.223151, 0.064313, 0.301433, 0.079735, -0.014918, -0.000009
7.823150, 0.224128, 0.103165, 0.314758, 0.081263, -0.015230, -0.000009
7.847175, 0.226812, 0.218716, 0.353793, 0.085762, -0.016152, -0.000009
7.855332, 0.227623, 0.256884, 0.366484, 0.087232, -0.016454, -0.000009
7.879353, 0.229796, 0.370291, 0.403562, 0.091552, -0.017343, -0.000009
7.887334, 0.230433, 0.407713, 0.415583, 0.092961, -0.017633, -0.000009
7.911478, 0.232071, 0.518788, 0.450604, 0.097092, -0.018485, -0.000009
7.919492, 0.232526, 0.555403, 0.461924, 0.098435, -0.018763, -0.000009
7.943619, 0.233611, 0.663967, 0.494792, 0.102364, -0.019578, -0.000009
7.951616, 0.233879, 0.699715, 0.505379, 0.103639, -0.019843, -0.000009
7.975604, 0.234397, 0.805593, 0.536005, 0.107356, -0.020617, -0.000009
7.983743, 0.234474, 0.840418, 0.545831, 0.108559, -0.020868, -0.000009
8.007754, 0.234417, 0.943443, 0.574132, 0.112054, -0.021599, -0.000009
8.015755, 0.234302, 0.977290, 0.583169, 0.113181, -0.021835, -0.000009
8.039923, 0.233668, 1.077303, 0.609069, 0.116444, -0.022522, -0.000009
8.047880, 0.233360, 1.110120, 0.617294, 0.117492, -0.022744, -0.000009
8.072057, 0.232151, 1.206966, 0.640721, 0.120515, -0.023384, -0.000009
8.080045, 0.231653, 1.238703, 0.648111, 0.121482, -0.023590, -0.000009
8.104223, 0.229876, 1.332239, 0.669004, 0.124256, -0.024182, -0.000009
8.112171, 0.229191, 1.362849, 0.675539, 0.125139, -0.024372, -0.000009
8.136376, 0.226861, 1.452937, 0.693840, 0.127657, -0.024914, -0.000009
8.144321, 0.225994, 1.482376, 0.699502, 0.128453, -0.025087, -0.000009
8.168366, 0.223129, 1.568886, 0.715162, 0.130708, -0.025578, -0.000009
8.176358, 0.222087, 1.597112, 0.719937, 0.131416, -0.025734, -0.000009
8.200508, 0.218709, 1.679924, 0.732915, 0.133402, -0.026173, -0.000009
8.208471, 0.217500, 1.706899, 0.736789, 0.134019, -0.026310, -0.000009
8.232637, 0.213637, 1.785901, 0.747049, 0.135731, -0.026696, -0.000009
8.240618, 0.212272, 1.811587, 0.750013, 0.136256, -0.026815, -0.000009
8.264760, 0.207955, 1.886675, 0.757528, 0.137689, -0.027146, -0.000009
8.272754, 0.206444, 1.911041, 0.759573, 0.138120, -0.027247, -0.000009
8.296769, 0.201709, 1.982120, 0.764323, 0.139271, -0.027522, -0.000009
8.304876, 0.200066, 2.005135, 0.765444, 0.139607, -0.027604, -0.000009
8.328971, 0.108630, 2.688212, 1.065860, 0.161509, -0.032234, -0.000006
8.336943, 0.104248, 2.717056, 1.072904, 0.161771, -0.032300, -0.000006
8.361099, 0.091484, 2.800438, 1.092771, 0.162416, -0.032469, -0.000006
8.369067, 0.087357, 2.827215, 1.098994, 0.162587, -0.032515, -0.000006
8.393236, 0.075358, 2.904635, 1.116560, 0.162973, -0.032629, -0.000006
8.400855, 0.071484, 2.929503, 1.122069, 0.163062, -0.032659, -0.000006
8.425243, 0.060230, 3.001429, 1.137647, 0.163220, -0.032725, -0.000005
8.433183, 0.056599, 3.024544, 1.142544, 0.163239, -0.032740, -0.000005
8.457388, 0.046052, 3.091436, 1.156435, 0.163199, -0.032763, -0.000005
8.465371, 0.042647, 3.112947, 1.160819, 0.163156, -0.032765, -0.000005
8.489532, 0.032752, 3.175251, 1.173310, 0.162948, -0.032752, -0.000005
8.497502, 0.029554, 3.195305, 1.177273, 0.162854, -0.032743, -0.000005
8.521506, 0.020246, 3.253450, 1.188635, 0.162505, -0.032700, -0.000004
8.529630, 0.017232, 3.272187, 1.192265, 0.162368, -0.032681, -0.000004
8.553615, 0.008438, 3.326584, 1.202754, 0.161905, -0.032613, -0.000004
8.561795, 0.005583, 3.344138, 1.206133, 0.161734, -0.032586, -0.000004
8.585775, -0.002772, 3.395177, 1.215987, 0.161181, -0.032498, -0.000004
8.593969, -0.005493, 3.411674, 1.219193, 0.160984, -0.032466, -0.000004
8.617891, -0.013486, 3.459725, 1.228634, 0.160364, -0.032362, -0.000003
8.625914, -0.016099, 3.475285, 1.231737, 0.160149, -0.032325, -0.000003
8.649915, -0.023805, 3.520694, 1.240970, 0.159484, -0.032211, -0.000003
8.658070, -0.026335, 3.535429, 1.244036, 0.159258, -0.032171, -0.000003
8.682197, -0.033827, 3.578518, 1.253249, 0.158568, -0.032050, -0.000003
8.690210, -0.036297, 3.592531, 1.256337, 0.158336, -0.032008, -0.000003
8.714203, -0.043644, 3.633600, 1.265702, 0.157640, -0.031884, -0.000002
8.722181, -0.046077, 3.646986, 1.268868, 0.157408, -0.031842, -0.000002
8.746487, -0.053342, 3.686310, 1.278539, 0.156722, -0.031718, -0.000002
8.754526, -0.055758, 3.699157, 1.281831, 0.156496, -0.031677, -0.000002
8.778488, -0.063000, 3.736985, 1.291949, 0.155834, -0.031556, -0.000002
8.786513, -0.065416, 3.749372, 1.295411, 0.155620, -0.031517, -0.000002
8.810543, -0.072686, 3.785928, 1.306100, 0.154996, -0.031402, -0.000001
8.818482, -0.075120, 3.797926, 1.309771, 0.154796, -0.031366, -0.000001
8.842670, -0.082466, 3.833411, 1.321138, 0.154222, -0.031260, -0.000001
8.850662, -0.084932, 3.845082, 1.325052, 0.154041, -0.031226, -0.000001
8.874830, -0.092392, 3.879672, 1.337194, 0.153528, -0.031131, -0.000001
8.882825, -0.094902, 3.891071, 1.341380, 0.153368, -0.031101, -0.000001
8.906956, -0.102511, 3.924915, 1.354375, 0.152924, -0.031019, -0.000000
8.914942, -0.105075, 3.936087, 1.358857, 0.152788, -0.030994, -0.000000
8.939126, -0.112861, 3.969312, 1.372773, 0.152420, -0.030926, -0.000000
8.946965, -0.115489, 3.980296, 1.377572, 0.152311, -0.030905, -0.000000
8.971122, -0.123474, 4.013002, 1.392462, 0.152026, -0.030853, 0.000000
8.979099, -0.126172, 4.023828, 1.397593, 0.151945, -0.030838, 0.000000
9.003380, -0.134373, 4.056094, 1.413498, 0.151747, -0.030801, 0.000000
9.011257, -0.137145, 4.066782, 1.418972, 0.151695, -0.030792, 0.000001
9.035411, -0.145574, 4.098660, 1.435918, 0.151587, -0.030772, 0.000001
9.043410, -0.148423, 4.109225, 1.441743, 0.151566, -0.030768, 0.000001
9.067410, -0.176651, 3.422702, 1.968433, 0.152722, -0.019032, -0.000002
9.075358, -0.178696, 3.416972, 1.975938, 0.154091, -0.018430, -0.000002
9.099692, -0.184990, 3.400493, 1.998631, 0.158230, -0.016627, -0.000003
9.107690, -0.187141, 3.395237, 2.006254, 0.159619, -0.016028, -0.000003
9.131667, -0.193755, 3.380178, 2.029304, 0.163814, -0.014235, -0.000004
9.139713, -0.196013, 3.375394, 2.037046, 0.165222, -0.013639, -0.000004
9.163669, -0.202945, 3.361747, 2.060448, 0.169473, -0.011856, -0.000004
9.171866, -0.205309, 3.357432, 2.068307, 0.170899, -0.011263, -0.000005
9.195859, -0.212558, 3.345181, 2.092057, 0.175205, -0.009490, -0.000005
9.203946, -0.215026, 3.341328, 2.100031, 0.176649, -0.008900, -0.000005
9.227923, -0.222588, 3.330455, 2.124122, 0.181006, -0.007135, -0.000006
9.236008, -0.225161, 3.327057, 2.132209, 0.182467, -0.006548, -0.000006
9.260329, -0.233033, 3.317536, 2.156633, 0.186873, -0.004791, -0.000007
9.268093, -0.235709, 3.314584, 2.164828, 0.188350, -0.004206, -0.000007
9.292266, -0.243886, 3.306384, 2.189575, 0.192801, -0.002456, -0.000007
9.300265, -0.246662, 3.303867, 2.197877, 0.194292, -0.001874, -0.000007
9.324408, -0.255139, 3.296953, 2.222935, 0.198785, -0.000169, -0.000008
9.332415, -0.258014, 3.294858, 2.231338, 0.200289, 0.000410, -0.000008
9.356592, -0.266784, 3.289188, 2.256693, 0.204818, 0.002147, -0.000009
9.364420, -0.269754, 3.287500, 2.265193, 0.206333, 0.002726, -0.000009
9.388583, -0.278808, 3.283028, 2.290831, 0.210892, 0.004460, -0.000009
9.396683, -0.281871, 3.281731, 2.299422, 0.212417, 0.005038, -0.000010
9.420700, -0.291198, 3.278403, 2.325326, 0.217001, 0.006771, -0.000010
9.428696, -0.294351, 3.277478, 2.334004, 0.218532, 0.007349, -0.000010
9.452877, -0.303939, 3.275236, 2.360156, 0.223134, 0.009084, -0.000011
9.460846, -0.307177, 3.274662, 2.368913, 0.224670, 0.009662, -0.000011
9.484999, -0.317011, 3.273440, 2.395294, 0.229283, 0.011465, -0.000012
9.492990, -0.320329, 3.273195, 2.404124, 0.230821, 0.012046, -0.000012
9.516997, -0.330394, 3.272924, 2.430714, 0.235436, 0.013793, -0.000012
9.525113, -0.333785, 3.272983, 2.439609, 0.236974, 0.014376, -0.000013
9.549127, -0.344061, 3.273584, 2.466386, 0.241583, 0.016130, -0.000013
9.557282, -0.347519, 3.273919, 2.475340, 0.243117, 0.016717, -0.000013
9.581301, -0.357983, 3.275309, 2.502280, 0.247711, 0.018481, -0.000014
9.589287, -0.361500, 3.275893, 2.511284, 0.249238, 0.019072, -0.000014
9.613458, -0.372129, 3.277980, 2.538364, 0.253807, 0.020849, -0.000015
9.621399, -0.375695, 3.278781, 2.547411, 0.255324, 0.021444, -0.000015
9.645435, -0.386459, 3.281469, 2.574605, 0.259857, 0.023238, -0.000015
9.653572, -0.390065, 3.282453, 2.583685, 0.261360, 0.023839, -0.000015
9.677557, -0.400932, 3.285637, 2.610967, 0.265846, 0.025652, -0.000016
9.685722, -0.404567, 3.286769, 2.620073, 0.267332, 0.026260, -0.000016
9.709541, -0.415500, 3.290338, 2.647417, 0.271759, 0.028094, -0.000017
9.717880, -0.419151, 3.291578, 2.656538, 0.273224, 0.028710, -0.000017
9.741867, -0.430112, 3.295415, 2.683915, 0.277580, 0.030570, -0.000017
9.749847, -0.433765, 3.296723, 2.693043, 0.279019, 0.031195, -0.000018
9.773862, -0.444708, 3.300701, 2.720426, 0.283292, 0.032974, -0.000018
9.781970, -0.448347, 3.302034, 2.729551, 0.284701, 0.033607, -0.000018
9.806138, -0.459226, 3.306020, 2.756910, 0.288877, 0.035525, -0.000019
9.814098, -0.251855, 3.464341, 2.471058, 0.273077, 0.028672, -0.000016
9.838259, -0.250539, 3.485939, 2.478679, 0.273141, 0.028823, -0.000016
9.846295, -0.250091, 3.492965, 2.481150, 0.273138, 0.028879, -0.000016
9.870408, -0.248725, 3.513523, 2.488361, 0.273055, 0.029065, -0.000016
9.878401, -0.248261, 3.520201, 2.490695, 0.273003, 0.029134, -0.000016
9.902580, -0.246848, 3.539713, 2.497493, 0.272775, 0.029356, -0.000016
9.910454, -0.246369, 3.546042, 2.499689, 0.272674, 0.029436, -0.000016
9.934464, -0.244910, 3.564502, 2.506072, 0.272299, 0.029694, -0.000016
9.942605, -0.244416, 3.570480, 2.508130, 0.272149, 0.029786, -0.000016
9.966739, -0.242914, 3.587883, 2.514095, 0.271627, 0.030078, -0.000016
9.974733, -0.242407, 3.593507, 2.516014, 0.271429, 0.030181, -0.000016
9.998908, -0.240865, 3.609847, 2.521560, 0.270761, 0.030507, -0.000016
10.006859, -0.240344, 3.615117, 2.523339, 0.270514, 0.030621, -0.000016
10.030860, -0.238764, 3.630391, 2.528465, 0.269700, 0.030979, -0.000016
10.039027, -0.238232, 3.635304, 2.530104, 0.269404, 0.031104, -0.000016
10.063029, -0.236616, 3.649507, 2.534808, 0.268445, 0.031494, -0.000016
10.071023, -0.236072, 3.654063, 2.536306, 0.268101, 0.031629, -0.000016
10.095191, -0.234423, 3.667192, 2.540588, 0.266997, 0.032049, -0.000016
10.103137, -0.233868, 3.671390, 2.541944, 0.266605, 0.032194, -0.000016
10.127312, -0.232189, 3.683442, 2.545803, 0.265357, 0.032643, -0.000016
10.135282, -0.231625, 3.687280, 2.547018, 0.264917, 0.032797, -0.000016
10.159441, -0.229918, 3.698252, 2.550453, 0.263527, 0.033274, -0.000016
10.167436, -0.229345, 3.701730, 2.551527, 0.263040, 0.033437, -0.000016
10.191463, -0.227613, 3.711621, 2.554537, 0.261508, 0.033940, -0.000016
10.199451, -0.227031, 3.714737, 2.555470, 0.260975, 0.034112, -0.000016
10.223629, -0.225277, 3.723545, 2.558056, 0.259303, 0.034640, -0.000016
10.231615, -0.224689, 3.726300, 2.558847, 0.258723, 0.034820, -0.000016
10.255732, -0.222914, 3.734023, 2.561009, 0.256914, 0.035372, -0.000016
10.263721, -0.222319, 3.736417, 2.561659, 0.256288, 0.035560, -0.000016
10.287751, -0.220528, 3.743055, 2.563398, 0.254343, 0.036133, -0.000016
10.295853, -0.219928, 3.745086, 2.563907, 0.253672, 0.036328, -0.000016
10.320055, -0.218122, 3.750639, 2.565224, 0.251593, 0.036922, -0.000016
10.328018, -0.217517, 3.752309, 2.565592, 0.250878, 0.037123, -0.000016
10.352026, -0.215699, 3.756777, 2.566487, 0.248667, 0.037736, -0.000016
10.360071, -0.215091, 3.758085, 2.566715, 0.247908, 0.037943, -0.000016
10.384200, -0.213264, 3.761469, 2.567190, 0.245568, 0.038573, -0.000016
10.392137, -0.212654, 3.762416, 2.567278, 0.244767, 0.038786, -0.000016
10.416335, -0.210820, 3.764716, 2.567334, 0.242300, 0.039431, -0.000016
10.424326, -0.210208, 3.765303, 2.567284, 0.241457, 0.039649, -0.000016
10.448304, -0.208370, 3.766521, 2.566923, 0.238866, 0.040308, -0.000016
10.456440, -0.207757, 3.766748, 2.566734, 0.237983, 0.040530, -0.000016
10.480525, -0.205919, 3.766887, 2.565959, 0.235271, 0.041201, -0.000016
10.488473, -0.205306, 3.766754, 2.565632, 0.234348, 0.041426, -0.000016
10.512644, -0.203468, 3.765817, 2.564445, 0.231519, 0.042107, -0.000016
10.520477, -0.202857, 3.765325, 2.563981, 0.230557, 0.042336, -0.000016
10.544646, -0.201023, 3.763314, 2.562385, 0.227614, 0.043026, -0.000016
10.552602, -0.200413, 3.762465, 2.561785, 0.226615, 0.043257, -0.000016
10.576773, -0.198587, 3.759384, 2.559782, 0.223562, 0.043953, -0.000016
10.584774, -0.197979, 3.758179, 2.559047, 0.222526, 0.044186, -0.000016
10.609061, -0.196162, 3.754032, 2.556641, 0.219366, 0.044886, -0.000016
10.616944, -0.195558, 3.752472, 2.555772, 0.218295, 0.045121, -0.000016
10.641080, -0.193752, 3.747262, 2.552966, 0.215033, 0.045824, -0.000016
10.649020, -0.193153, 3.745349, 2.551965, 0.213928, 0.046059, -0.000016
10.673221, -0.191361, 3.739083, 2.548763, 0.210567, 0.046764, -0.000016
10.681198, -0.190767, 3.736818, 2.547630, 0.209431, 0.046999, -0.000016
10.705366, -0.188992, 3.729499, 2.544036, 0.205975, 0.047703, -0.000016
10.713204, -0.282727, 3.726885, 2.542773, 0.204808, 0.047938, -0.000016
10.737351, -0.281424, 3.718520, 2.538792, 0.201262, 0.048640, -0.000016
10.745367, -0.280992, 3.715558, 2.537400, 0.200066, 0.048873, -0.000016
10.769353, -0.279704, 3.706153, 2.533035, 0.196435, 0.049571, -0.000016
10.777474, -0.279278, 3.702845, 2.531517, 0.195211, 0.049802, -0.000016
10.801642, -0.278008, 3.692406, 2.526773, 0.191500, 0.050494, -0.000016
10.809644, -0.277588, 3.688755, 2.525129, 0.190250, 0.050724, -0.000016
10.833612, -0.276337, 3.677288, 2.520012, 0.186463, 0.051408, -0.000016
10.841771, -0.275923, 3.673296, 2.518244, 0.185188, 0.051634, -0.000016
10.865745, -0.274693, 3.660810, 2.512758, 0.181331, 0.052309, -0.000016
10.873783, -0.274287, 3.656479, 2.510869, 0.180034, 0.052532, -0.000016
10.897917, -0.273079, 3.642981, 2.505020, 0.176111, 0.053196, -0.000016
10.906079, -0.272680, 3.638314, 2.503010, 0.174793, 0.053415, -0.000016
10.930077, -0.271496, 3.623812, 2.496804, 0.170811, 0.054067, -0.000016
10.938046, -0.271106, 3.618811, 2.494676, 0.169474, 0.054282, -0.000016
10.962229, -0.269947, 3.603313, 2.488118, 0.165437, 0.054919, -0.000016
10.970208, -0.269565, 3.597982, 2.485874, 0.164082, 0.055129, -0.000016
10.994321, -0.268433, 3.581497, 2.478971, 0.159996, 0.055751, -0.000016
11.002315, -0.268060, 3.575839, 2.476613, 0.158627, 0.055955, -0.000016
11.026322, -0.266956, 3.558376, 2.469370, 0.154498, 0.067857, -0.000016
11.034374, -0.266592, 3.552393, 2.466900, 0.153115, 0.068055, -0.000016
11.058501, -0.265517, 3.533962, 2.459325, 0.148948, 0.068642, -0.000016
11.066503, -0.265164, 3.527658, 2.456745, 0.147554, 0.068834, -0.000016
11.090524, -0.264119, 3.508268, 2.448843, 0.143356, 0.069401, -0.000016
11.098640, -0.263776, 3.501646, 2.446156, 0.141952, 0.069587, -0.000016
11.122823, -0.262762, 3.481308, 2.437935, 0.137729, 0.070133, -0.000016
11.130845, -0.262430, 3.474371, 2.435142, 0.136317, 0.070311, -0.000016
11.154968, -0.261449, 3.453095, 2.426609, 0.132075, 0.070835, -0.000016
11.162941, -0.261128, 3.445847, 2.423714, 0.130658, 0.071006, -0.000016
11.186962, -0.260181, 3.423643, 2.414875, 0.105093, 0.071507, -0.000016
11.194947, -0.259870, 3.416089, 2.411879, 0.103673, 0.071670, -0.000016
11.219106, -0.258958, 3.392968, 2.402744, 0.099410, 0.072147, -0.000016
11.227091, -0.258659, 3.385110, 2.399650, 0.097989, 0.072302, -0.000016
11.251237, -0.257782, 3.361085, 2.390223, 0.093726, 0.072754, -0.000016
11.259221, -0.257495, 3.352927, 2.387034, 0.092306, 0.072901, -0.000016
11.283235, -0.256654, 3.328008, 2.377325, 0.088049, 0.073327, -0.000016
11.291372, -0.256380, 3.319554, 2.374043, 0.086631, 0.073464, -0.000016
11.315390, -0.255575, 3.293754, 2.364059, 0.082387, 0.073864, -0.000016
11.323378, -0.255313, 3.285008, 2.360686, 0.080975, 0.073993, -0.000016
11.347521, -0.254546, 3.258339, 2.350436, 0.076748, 0.074365, -0.000016
11.355512, -0.254297, 3.249305, 2.346975, 0.075344, 0.074485, -0.000016
11.379544, -0.253568, 3.221779, 2.336466, 0.071143, 0.074829, -0.000016
11.387637, -0.253332, 3.212462, 2.332920, 0.069747, 0.074939, -0.000016
11.411653, -0.252642, 3.184091, 2.322159, 0.065578, 0.075256, -0.000016
11.419819, -0.252418, 3.174494, 2.318532, 0.064195, 0.075357, -0.000016
11.443799, -0.251767, 3.145292, 2.307528, 0.060064, 0.075644, -0.000016
11.451963, -0.251556, 3.135421, 2.303821, 0.058694, 0.075735, -0.000016
11.476133, -0.250945, 3.105400, 2.292582, 0.054607, 0.075994, -0.000016
11.483953, -0.250748, 3.095258, 2.288798, 0.053253, 0.076075, -0.000016
11.508102, -0.250176, 3.064432, 2.277333, 0.049218, 0.076305, -0.000016
11.516086, -0.249992, 3.054024, 2.273475, 0.047882, 0.076377, -0.000016
11.540267, -0.249460, 3.022407, 2.261792, 0.043904, 0.076577, -0.000016
11.548230, -0.249290, 3.011737, 2.257863, 0.042589, 0.076639, -0.000016
11.572252, -0.248798, 2.979342, 2.245970, 0.038675, 0.076810, -0.000016
11.580376, -0.248641, 2.968415, 2.241972, 0.037382, 0.076862, -0.000016
11.604569, -0.082519, 3.124217, 1.907705, 0.008095, 0.069164, -0.000012
11.612527, -0.080454, 3.119310, 1.895438, 0.005656, 0.068470, -0.000012
11.636530, -0.074256, 3.104926, 1.858842, -0.001528, 0.066369, -0.000011
11.644658, -0.072186, 3.100251, 1.846715, -0.003877, 0.065663, -0.000011
11.668701, -0.065963, 3.086614, 1.810559, -0.010794, 0.063530, -0.000011
11.676699, -0.063881, 3.082205, 1.798585, -0.013057, 0.062814, -0.000011
11.700958, -0.057609, 3.069417, 1.762906, -0.019716, 0.060653, -0.000010
11.708975, -0.055509, 3.065308, 1.751096, -0.021894, 0.059929, -0.000010
11.732972, -0.049169, 3.053465, 1.715928, -0.028305, 0.057744, -0.000010
11.740966, -0.047043, 3.049686, 1.704294, -0.030401, 0.057013, -0.000009
11.765084, -0.040620, 3.038877, 1.669665, -0.036574, 0.054809, -0.000009
11.773093, -0.038463, 3.035456, 1.658216, -0.038593, 0.054072, -0.000009
11.797283, -0.031941, 3.025764, 1.624153, -0.044538, 0.051852, -0.000008
11.805270, -0.029749, 3.022728, 1.612895, -0.046483, 0.051110, -0.000008
11.829283, -0.023117, 3.014229, 1.579420, -0.052210, 0.048877, -0.000008
11.837252, -0.020887, 3.011604, 1.568362, -0.054084, 0.048132, -0.000008
11.861274, -0.014135, 3.004370, 1.535493, -0.059606, 0.045890, -0.000007
11.869280, -0.011863, 3.002177, 1.524640, -0.061413, 0.045141, -0.000007
11.893437, -0.004982, 2.996273, 1.492395, -0.066739, 0.042893, -0.000007
11.901512, -0.002667, 2.994534, 1.481753, -0.068483, 0.042143, -0.000006
11.925566, 0.004349, 2.990019, 1.450146, -0.073624, 0.039890, -0.000006
11.933531, 0.006711, 2.988753, 1.439718, -0.075308, 0.039139, -0.000006
11.957697, 0.013867, 2.985684, 1.408761, -0.080275, 0.036885, -0.000005
11.965644, 0.016277, 2.984908, 1.398551, -0.081902, 0.036134, -0.000005
11.989814, 0.023577, 2.983333, 1.368254, -0.086704, 0.033880, -0.000005
11.997925, 0.026035, 2.983063, 1.358267, -0.088278, 0.033129, -0.000005
12.021810, 0.033484, 2.983028, 1.328639, -0.092925, 0.030877, -0.000004
12.029965, 0.035992, 2.983278, 1.318875, -0.094449, 0.030127, -0.000004
12.053996, 0.043590, 2.984823, 1.289924, -0.098949, 0.027878, -0.000003
12.062181, 0.046149, 2.985606, 1.280387, -0.100426, 0.027130, -0.000003
12.086146, 0.053899, 2.988768, 1.252117, -0.104788, 0.024886, -0.000003
12.094101, 0.056508, 2.990095, 1.242808, -0.106220, 0.024140, -0.000003
12.118241, 0.064412, 2.994905, 1.215226, -0.110451, 0.021903, -0.000002
12.126236, 0.067072, 2.996786, 1.206147, -0.111840, 0.021158, -0.000002
12.150385, 0.075130, 3.003271, 1.179257, -0.115947, 0.018928, -0.000002
12.158416, 0.077841, 3.005715, 1.170409, -0.117296, 0.018186, -0.000002
12.182435, 0.086053, 3.013900, 1.144213, -0.121284, 0.015965, -0.000001
12.190407, 0.088816, 3.016913, 1.135597, -0.122594, 0.015226, -0.000001
12.214567, 0.097183, 3.026817, 1.110098, -0.126469, 0.013013, -0.000000
12.222686, 0.099998, 3.030406, 1.101714, -0.127742, 0.012277, -0.000000
12.246714, 0.108520, 3.042044, 1.076914, -0.131507, 0.010073, 0.000000
12.254834, 0.111386, 3.046214, 1.068765, -0.132745, 0.009340, 0.000000
12.278886, 0.120063, 3.059599, 1.044665, -0.136404, 0.007147, 0.000001
12.286835, 0.122981, 3.064353, 1.036749, -0.137606, 0.006417, 0.000001
12.311017, 0.131812, 3.079494, 1.013351, -0.141161, 0.004234, 0.000001
12.319000, 0.134782, 3.084834, 1.005669, -0.142329, 0.003508, 0.000002
12.343061, 0.143768, 3.101736, 0.982974, -0.145781, 0.001334, 0.000002
12.350997, 0.019171, 4.632710, 1.470844, -0.133312, 0.008963, -0.000000
12.375183, 0.019066, 4.654695, 1.474601, -0.133368, 0.008965, -0.000000
12.383176, 0.019007, 4.662314, 1.475651, -0.133401, 0.008966, -0.000000
12.407451, 0.018758, 4.686032, 1.478190, -0.133544, 0.008971, -0.000000
12.415408, 0.018651, 4.694223, 1.478833, -0.133606, 0.008973, -0.000000
12.439461, 0.018257, 4.719640, 1.480141, -0.133834, 0.008981, -0.000001
12.447295, 0.018102, 4.728390, 1.480370, -0.133924, 0.008985, -0.000001
12.471604, 0.017563, 4.755451, 1.480425, -0.134236, 0.008996, -0.000001
12.479443, 0.017359, 4.764737, 1.480231, -0.134354, 0.009000, -0.000001
12.503577, 0.016674, 4.793366, 1.479003, -0.134746, 0.009014, -0.000001
12.511754, 0.016421, 4.803160, 1.478375, -0.134890, 0.009019, -0.000001
12.535719, 0.015589, 4.833259, 1.475824, -0.135360, 0.009035, -0.000001
12.543750, 0.015286, 4.843524, 1.474748, -0.135528, 0.009041, -0.000001
12.567868, 0.014305, 4.874974, 1.470828, -0.136071, 0.009060, -0.000001
12.575887, 0.013953, 4.885666, 1.469287, -0.136263, 0.009066, -0.000001
12.599864, 0.012821, 4.918325, 1.463945, -0.136872, 0.009087, -0.000001
12.607989, 0.012418, 4.929394, 1.461920, -0.137086, 0.009094, -0.000001
12.631981, 0.011134, 4.963099, 1.455093, -0.137756, 0.009116, -0.000001
12.640169, 0.010681, 4.974487, 1.452563, -0.137989, 0.009123, -0.000001
12.664187, 0.009243, 5.009052, 1.444185, -0.138712, 0.009146, -0.000001
12.672175, 0.008739, 5.020694, 1.441126, -0.138962, 0.009154, -0.000001
12.696330, 0.007146, 5.055911, 1.431124, -0.139731, 0.009177, -0.000001
12.704324, 0.006590, 5.067732, 1.427510, -0.139994, 0.009185, -0.000001
12.728474, 0.004842, 5.103372, 1.415805, -0.140800, 0.009208, -0.000001
12.736316, 0.004234, 5.115293, 1.411610, -0.141073, 0.009216, -0.000001
12.760466, 0.002330, 5.151102, 1.398120, -0.141905, 0.009238, -0.000001
12.768579, 0.001669, 5.163034, 1.393316, -0.142186, 0.009245, -0.000001
12.792591, -0.000391, 5.198737, 1.377954, -0.143033, 0.009266, -0.000002
12.800743, -0.001212, 5.210586, 1.372511, -0.143316, 0.009273, -0.000002
12.824754, -0.004182, 5.245886, 1.355188, -0.144166, 0.009291, -0.000002
12.832711, -0.005207, 5.257548, 1.349077, -0.144448, 0.009297, -0.000002
12.856930, -0.008384, 5.292125, 1.329704, -0.145287, 0.009312, -0.000002
12.864741, -0.009477, 5.303490, 1.322895, -0.145563, 0.009317, -0.000002
12.889049, -0.012859, 5.337003, 1.301383, -0.146377, 0.009328, -0.000002
12.897050, -0.014019, 5.347954, 1.293845, -0.146643, 0.009331, -0.000002
12.921054, -0.017599, 5.380039, 1.270105, -0.147416, 0.009338, -0.000002
12.929049, -0.018824, 5.390452, 1.261810, -0.147664, 0.009339, -0.000002
12.953197, -0.022596, 5.420727, 1.235757, -0.148380, 0.009339, -0.000002
12.961179, -0.023884, 5.430471, 1.226677, -0.148607, 0.009338, -0.000002
12.985359, -0.027838, 5.458533, 1.198231, -0.149246, 0.009331, -0.000002
12.993325, -0.029185, 5.467469, 1.188341, -0.149445, 0.009328, -0.000002
13.017463, -0.033310, 5.492898, 1.157427, -0.149990, 0.009313, -0.000002
13.025449, -0.034712, 5.500884, 1.146703, -0.150153, 0.009306, -0.000002
13.049494, -0.038994, 5.523241, 1.113257, -0.150583, 0.009282, -0.000002
13.057611, -0.040445, 5.530128, 1.101679, -0.150705, 0.009272, -0.000002
13.081621, -0.044868, 5.548960, 1.065646, -0.150998, 0.009237, -0.000002
13.089581, -0.046363, 5.554594, 1.053199, -0.151071, 0.009224, -0.000002
13.113616, -0.049093, 4.988591, 0.856771, -0.141668, 0.008544, -0.000002
13.121721, -0.049027, 4.987044, 0.840798, -0.141824, 0.008534, -0.000002
13.145920, -0.048807, 4.980453, 0.792508, -0.142202, 0.008497, -0.000002
13.153853, -0.048726, 4.977608, 0.776293, -0.142298, 0.008484, -0.000002
13.177874, -0.048464, 4.967139, 0.727318, -0.142497, 0.008437, -0.000002
13.185974, -0.048369, 4.963007, 0.710887, -0.142533, 0.008419, -0.000002
13.210194, -0.048064, 4.948696, 0.661305, -0.142552, 0.008362, -0.000002
13.218146, -0.047955, 4.943290, 0.644685, -0.142528, 0.008341, -0.000002
13.242200, -0.047608, 4.925178, 0.594575, -0.142367, 0.008273, -0.000002
13.250190, -0.047485, 4.918512, 0.577794, -0.142284, 0.008248, -0.000002
13.274324, -0.047098, 4.896643, 0.527238, -0.141943, 0.008170, -0.000002
13.282329, -0.046962, 4.888733, 0.510321, -0.141800, 0.008142, -0.000002
13.306484, -0.046534, 4.863157, 0.459401, -0.141280, 0.008054, -0.000002
13.314440, -0.046385, 4.854020, 0.442377, -0.141077, 0.008023, -0.000002
13.338473, -0.045917, 4.824791, 0.391174, -0.140379, 0.007924, -0.000002
13.346483, -0.045755, 4.814446, 0.374069, -0.140117, 0.007889, -0.000002
13.370631, -0.045250, 4.781621, 0.322667, -0.139243, 0.007781, -0.000002
13.378617, -0.045075, 4.770087, 0.305509, -0.138922, 0.007743, -0.000002
13.402800, -0.044532, 4.733728, 0.253990, -0.137872, 0.007625, -0.000002
13.410779, -0.044345, 4.721028, 0.236807, -0.137493, 0.007584, -0.000002
13.434938, -0.043765, 4.681202, 0.185255, -0.136269, 0.007456, -0.000002
13.442920, -0.043566, 4.667357, 0.168075, -0.135832, 0.007412, -0.000002
13.467077, -0.042951, 4.624133, 0.192641, -0.134437, 0.007274, -0.000002
13.475056, -0.042741, 4.609168, 0.180222, -0.133943, 0.007227, -0.000002
13.499232, -0.042091, 4.562621, 0.143023, -0.132379, 0.007081, -0.000002
13.507194, -0.041869, 4.546560, 0.130646, -0.131829, 0.007031, -0.000002
13.531201, -0.041186, 4.496767, 0.093603, -0.130097, 0.006875, -0.000002
13.539358, -0.040953, 4.479638, 0.081289, -0.129493, 0.006822, -0.000002
13.563373, -0.040238, 4.426680, 0.044462, -0.127597, 0.006658, -0.000002
13.571350, -0.039995, 4.408509, 0.032229, -0.126938, 0.006602, -0.000002
13.595492, -0.039248, 4.352470, -0.004323, -0.124882, 0.006430, -0.000002
13.603483, -0.038995, 4.333287, -0.016454, -0.124170, 0.006372, -0.000002
13.627528, -0.038218, 4.274255, -0.052672, -0.121956, 0.006191, -0.000002
13.635489, -0.037955, 4.254090, -0.064682, -0.121192, 0.006130, -0.000002
13.659665, -0.037150, 4.192156, -0.100507, -0.118824, 0.005942, -0.000002
13.667652, -0.036877, 4.171038, -0.112376, -0.118010, 0.005878, -0.000002
13.691797, -0.036044, 4.106295, -0.147751, -0.115492, 0.005682, -0.000002
13.699778, -0.035763, 4.084258, -0.159461, -0.114628, 0.005616, -0.000002
13.723936, -0.034904, 4.016803, -0.194328, -0.111964, 0.005413, -0.000002
13.731935, -0.034613, 3.993878, -0.205859, -0.111053, 0.005345, -0.000002
13.756076, -0.033729, 3.923811, -0.240163, -0.108247, 0.005135, -0.000002
13.764050, -0.033431, 3.900032, -0.251497, -0.107289, 0.005064, -0.000002
13.788038, -0.032523, 3.827455, -0.285182, -0.104347, 0.004848, -0.000002
13.796214, -0.032217, 3.802856, -0.296300, -0.103344, 0.004775, -0.000002
13.820254, -0.031287, 3.727872, -0.329312, -0.100269, 0.004553, -0.000002
13.828179, -0.030973, 3.702489, -0.340197, -0.099223, 0.004478, -0.000002
13.852389, -0.030022, 3.625206, -0.372482, -0.096021, 0.004250, -0.000002
13.860361, -0.029702, 3.599074, -0.383116, -0.094933, 0.004173, -0.000002
13.884537, -0.028731, 3.519600, -0.414623, -0.091610, 0.003940, -0.000002
13.892507, -0.028404, 3.492757, -0.424989, -0.090482, 0.003861, -0.000002
13.916651, -0.027415, 3.411202, -0.455666, -0.087042, 0.003623, -0.000002
13.924658, -0.027082, 3.383684, -0.465747, -0.085877, 0.003543, -0.000002
13.948676, -0.026076, 3.300161, -0.495546, -0.082325, 0.003300, -0.000002
13.956801, -0.025738, 3.272005, -0.505326, -0.081124, 0.003218, -0.000002
13.980943, -0.024716, 3.186629, -0.534198, -0.077467, 0.002971, -0.000002
13.988943, -0.024372, 3.157874, -0.543662, -0.076232, 0.002888, -0.000002
14.013079, -0.023336, 3.070759, -0.571560, -0.072476, 0.002637, -0.000002
14.021068, -0.022988, 3.041444, -0.580691, -0.071209, 0.002552, -0.000002
14.045075, -0.021939, 2.952707, -0.607571, -0.067360, 0.002298, -0.000002
14.053051, -0.021588, 2.922871, -0.616356, -0.066062, 0.002212, -0.000002
14.077263, -0.020527, 2.832630, -0.642174, -0.062126, 0.001955, -0.000002
14.085247, -0.020172, 2.802313, -0.650599, -0.060801, 0.001869, -0.000002
14.109289, -0.019101, 2.710686, -0.675314, -0.056785, 0.001608, -0.000002
14.117242, -0.018743, 2.679927, -0.683363, -0.055433, 0.001521, -0.000002
14.141385, -0.017663, 2.587035, -0.706935, -0.051343, 0.001259, -0.000002
14.149370, -0.017302, 2.555874, -0.714598, -0.049969, 0.001171, -0.000002
14.173541, -0.016215, 2.461836, -0.736989, -0.045811, 0.000907, -0.000002
14.181523, -0.015852, 2.430314, -0.744252, -0.044415, 0.000819, -0.000002
14.205699, -0.014760, 2.335251, -0.765426, -0.040197, 0.000553, -0.000002
14.213681, -0.014395, 2.303407, -0.772277, -0.038781, 0.000465, -0.000002
14.237815, -0.013297, 2.207442, -0.792200, -0.034510, 0.000198, -0.000002
14.245813, -0.012931, 2.175317, -0.798629, -0.033078, 0.000109, -0.000002
14.269817, -0.011831, 2.078569, -0.817269, -0.028759, -0.000158, -0.000002
14.277917, -0.011464, 2.046203, -0.823265, -0.027312, -0.000247, -0.000002
14.301965, -0.010362, 1.948794, -0.840592, -0.022954, -0.000513, -0.000002
14.310102, -0.009995, 1.916229, -0.846145, -0.021495, -0.000602, -0.000002
14.334126, -0.008892, 1.818280, -0.862131, -0.017104, -0.000869, -0.000002
14.342081, -0.008525, 1.785555, -0.867233, -0.015636, -0.000958, -0.000002
14.366085, -0.007424, 1.687187, -0.881853, -0.011219, -0.001223, -0.000002
14.374225, -0.007057, 1.654342, -0.886495, -0.009744, -0.001312, -0.000002
14.398265, -0.005958, 1.555675, -0.899725, -0.005308, -0.001576, -0.000002
14.406354, -0.005592, 1.522751, -0.903900, -0.003828, -0.001664, -0.000002
14.430504, -0.004497, 1.423905, -0.915718, 0.000645, -0.001927, -0.000002
14.438385, -0.004132, 1.390941, -0.919420, 0.002128, -0.002014, -0.000002
14.462528, -0.003042, 1.292035, -0.929808, 0.006578, -0.002274, -0.000002
14.470533, -0.002679, 1.259071, -0.933030, 0.008061, -0.002361, -0.000002
14.494696, -0.001595, 1.160224, -0.941971, 0.012509, -0.002619, -0.000002
14.502664, -0.001235, 1.127298, -0.944708, 0.013990, -0.002705, -0.000002
14.526694, -0.000454, 1.028626, -0.952188, 0.018426, -0.002960, -0.000002
14.534811, -0.000189, 0.995778, -0.954436, 0.019903, -0.003044, -0.000002
14.558820, 0.000604, 0.897397, -0.960443, 0.024322, -0.003296, -0.000002
14.566786, 0.000867, 0.864666, -0.962199, 0.025791, -0.003379, -0.000002
14.590978, 0.001653, 0.766690, -0.966723, 0.030186, -0.003627, -0.000002
14.598940, 0.001913, 0.734113, -0.967983, 0.031645, -0.003709, -0.000002
14.623126, 0.002690, 0.969431, -0.971017, 0.036008, -0.003953, -0.000002
14.631102, 0.002948, 0.946007, -0.971779, 0.037456, -0.004034, -0.000002
14.655279, 0.003715, 0.875977, -0.973319, 0.041779, -0.004273, -0.000002
14.663102, 0.003970, 0.852719, -0.973582, 0.043213, -0.004352, -0.000002
14.687284, 0.004728, 0.783224, -0.973625, 0.047491, -0.004586, -0.000002
14.695283, 0.004978, 0.760157, -0.973390, 0.048908, -0.004663, -0.000002
14.719424, 0.005725, 0.691275, -0.971936, 0.053132, -0.004892, -0.000002
14.727402, 0.005972, 0.668426, -0.971202, 0.054531, -0.004968, -0.000002
14.751562, 0.006708, 0.600234, -0.968253, 0.058696, -0.005191, -0.000002
14.759540, 0.006951, 0.577627, -0.967022, 0.060073, -0.005264, -0.000002
14.783681, 0.007673, 0.510200, -0.962584, 0.064171, -0.005482, -0.000002
14.791694, 0.007912, 0.487861, -0.960858, 0.065525, -0.005553, -0.000002
14.815813, 0.008621, 0.421273, -0.954938, 0.069550, -0.005764, -0.000002
14.823904, 0.008856, 0.399225, -0.952719, 0.070879, -0.005833, -0.000002
14.847851, 0.009551, 0.333547, -0.945327, 0.074824, -0.006037, -0.000002
14.855978, 0.009781, 0.311814, -0.942619, 0.076125, -0.006104, -0.000002
14.879825, 0.010461, 0.247117, -0.933766, 0.079984, -0.006301, -0.000002
14.887985, 0.010686, 0.225723, -0.930574, 0.081256, -0.006365, -0.000002
14.912103, 0.011351, 0.162074, -0.920276, 0.085022, -0.006555, -0.000002
14.920137, 0.011570, 0.141041, -0.916604, 0.086262, -0.006616, -0.000002
14.944154, 0.012219, 0.078508, -0.904878, 0.089930, -0.006798, -0.000002
14.952148, 0.012433, 0.057857, -0.900733, 0.091135, -0.006857, -0.000002
14.976321, 0.013066, -0.003497, -0.887596, 0.094699, -0.007031, -0.000002
14.984416, 0.013274, -0.023744, -0.882985, 0.095869, -0.007088, -0.000002
15.008597, 0.013889, -0.083855, -0.868460, 0.099322, -0.007253, -0.000002
15.016421, 0.014091, -0.103678, -0.863389, 0.100454, -0.007307, -0.000002
15.040569, 0.014688, -0.162486, -0.847500, 0.103791, -0.007464, -0.000002
15.048534, 0.014884, -0.181865, -0.841979, 0.104884, -0.007515, -0.000002
15.072722, 0.015463, -0.239313, -0.824750, 0.108100, -0.007663, -0.000002
15.080724, 0.015653, -0.258228, -0.818788, 0.109151, -0.007711, -0.000002
15.104901, 0.016213, -0.314259, -0.800248, 0.112241, -0.007850, -0.000002
15.112873, 0.016396, -0.332694, -0.793853, 0.113249, -0.007894, -0.000002
15.136900, 0.016937, -0.387253, -0.774033, 0.116207, -0.008024, -0.000002
15.144876, 0.017114, -0.405189, -0.767217, 0.117171, -0.008066, -0.000002
15.169024, 0.017634, -0.458226, -0.746148, 0.119992, -0.008186, -0.000002
15.177023, 0.017804, -0.475646, -0.738921, 0.120910, -0.008224, -0.000002
15.201166, 0.018304, -0.527112, -0.716639, 0.123591, -0.008335, -0.000002
15.209154, 0.018468, -0.544000, -0.709013, 0.124460, -0.008370, -0.000002
15.233333, 0.018947, -0.593847, -0.685552, 0.126996, -0.008471, -0.000002
15.241290, 0.019103, -0.610188, -0.677540, 0.127816, -0.008503, -0.000002
15.265324, 0.019561, -0.658373, -0.652939, 0.130202, -0.008593, -0.000002
15.273279, 0.019710, -0.674152, -0.644553, 0.130972, -0.008622, -0.000002
15.297458, 0.020147, -0.720632, -0.618852, 0.133205, -0.008702, -0.000002
15.305426, 0.020289, -0.735836, -0.610107, 0.133923, -0.008727, -0.000002
15.329597, 0.020704, -0.780571, -0.583347, 0.135999, -0.008797, -0.000002
15.337575, 0.020838, -0.795187, -0.574256, 0.136664, -0.008819, -0.000002
15.361762, 0.021231, -0.838141, -0.546482, 0.138579, -0.008879, -0.000002
15.369735, 0.021358, -0.852157, -0.537060, 0.139191, -0.008897, -0.000002
15.393735, 0.021729, -0.893294, -0.508316, 0.140942, -0.008946, -0.000002
15.401868, 0.021848, -0.906700, -0.498579, 0.141499, -0.008960, -0.000002
15.425860, 0.022196, -0.945988, -0.468912, 0.143084, -0.008999, -0.000002
15.434032, 0.022308, -0.958773, -0.458874, 0.143585, -0.009010, -0.000002
15.458014, 0.022633, -0.996183, -0.428332, 0.145001, -0.009038, -0.000002
15.466028, 0.022738, -1.008337, -0.418011, 0.145445, -0.009045, -0.000002
15.490013, 0.023040, -1.043843, -0.386644, 0.146691, -0.009062, -0.000002
15.498156, 0.023137, -1.055357, -0.376056, 0.147077, -0.009066, -0.000002
15.522155, 0.023416, -1.088933, -0.343914, 0.148149, -0.009073, -0.000002
15.530283, 0.023505, -1.099801, -0.333077, 0.148477, -0.009073, -0.000002
15.554420, 0.023761, -1.131425, -0.300212, 0.149374, -0.009069, -0.000002
15.562403, 0.023842, -1.141639, -0.289143, 0.149644, -0.009065, -0.000002
15.586595, 0.024075, -1.171292, -0.255609, 0.150364, -0.009050, -0.000002
15.594453, 0.024149, -1.180846, -0.244326, 0.150575, -0.009043, -0.000002
15.618591, 0.024358, -1.208511, -0.210178, 0.151117, -0.009017, -0.000002
15.626744, 0.024424, -1.217400, -0.198699, 0.151269, -0.009007, -0.000002
15.650830, 0.024611, -1.243063, -0.163991, 0.151633, -0.008970, -0.000002
15.658764, 0.024669, -1.251283, -0.152335, 0.151724, -0.008956, -0.000002
15.682918, 0.024832, -1.274932, -0.117124, 0.151909, -0.008909, -0.000002
15.690904, 0.024883, -1.282478, -0.105310, 0.151940, -0.008892, -0.000002
15.715054, 0.025022, -1.304104, -0.069653, 0.151945, -0.008834, -0.000002
15.723042, 0.025065, -1.310975, -0.057700, 0.151917, -0.008813, -0.000002
15.747058, 0.025182, -1.330571, -0.021655, 0.151743, -0.008745, -0.000002
15.755176, 0.025217, -1.336764, -0.009582, 0.151655, -0.008720, -0.000002
15.779198, 0.025311, -1.354326, 0.026793, 0.151301, -0.008641, -0.000002
15.787171, 0.025339, -1.359840, 0.038966, 0.151153, -0.008614, -0.000002
15.811358, 0.035169, -1.729537, -0.004918, 0.157390, -0.008945, -0.000001
15.819283, 0.034390, -1.744046, 0.003771, 0.157115, -0.008911, -0.000001
15.843489, 0.032090, -1.786406, 0.029213, 0.156230, -0.008807, -0.000001
15.851463, 0.031337, -1.800154, 0.037479, 0.155916, -0.008771, -0.000001
15.875518, 0.029119, -1.840349, 0.061618, 0.154928, -0.008664, -0.000001
15.883475, 0.028395, -1.853415, 0.069439, 0.154583, -0.008628, -0.000001
15.907646, 0.026268, -1.891680, 0.092214, 0.153512, -0.008518, -0.000001
15.915632, 0.025574, -1.904141, 0.099572, 0.153143, -0.008481, -0.000001
15.939642, 0.023544, -1.940702, 0.120933, 0.152009, -0.008370, -0.000001
15.947628, 0.022884, -1.952631, 0.127814, 0.151623, -0.008334, -0.000001
15.971921, 0.020954, -1.987701, 0.147724, 0.150445, -0.008223, -0.000001
15.979906, 0.020329, -1.999167, 0.154115, 0.150047, -0.008186, -0.000001
16.004048, 0.018504, -2.032949, 0.131728, 0.148842, -0.008077, -0.000001
16.012051, 0.017914, -2.044018, 0.141462, 0.148438, -0.008040, -0.000001
16.036041, 0.016198, -2.076701, 0.169626, 0.147224, -0.007933, -0.000001
16.044049, 0.015644, -2.087434, 0.178667, 0.146819, -0.007898, -0.000001
16.068197, 0.014038, -2.119197, 0.204743, 0.145610, -0.007793, -0.000001
16.076189, 0.013521, -2.129652, 0.213086, 0.145209, -0.007759, -0.000001
16.100343, 0.012026, -2.160661, 0.237066, 0.144019, -0.007658, -0.000001
16.108348, 0.011547, -2.170890, 0.244710, 0.143627, -0.007625, -0.000001
16.132454, 0.010163, -2.201299, 0.266593, 0.142470, -0.007528, -0.000001
16.140513, 0.009721, -2.211352, 0.273538, 0.142091, -0.007497, -0.000001
16.164521, 0.008449, -2.241304, 0.293328, 0.140978, -0.007405, -0.000001
16.172513, 0.008044, -2.251227, 0.299576, 0.140616, -0.007376, -0.000001
16.196649, 0.006884, -2.280851, 0.317283, 0.139559, -0.007290, -0.000001
16.204672, 0.006516, -2.290686, 0.322839, 0.139217, -0.007262, -0.000001
16.228791, 0.005467, -2.320102, 0.338473, 0.138225, -0.007183, -0.000000
16.236787, 0.005135, -2.329885, 0.343342, 0.137906, -0.007157, -0.000000
16.260804, 0.004196, -2.359200, 0.356920, 0.136988, -0.007084, -0.000000
16.268549, 0.003901, -2.368966, 0.361105, 0.136696, -0.007061, -0.000000
16.292916, 0.003071, -2.398275, 0.372642, 0.135860, -0.006995, -0.000000
16.301045, 0.002813, -2.408054, 0.376150, 0.135596, -0.006974, -0.000000
16.325102, 0.002091, -2.437443, 0.385663, 0.134849, -0.006916, -0.000000
16.333056, 0.001868, -2.447262, 0.388498, 0.134616, -0.006897, -0.000000
16.357233, 0.001253, -2.476804, 0.396003, 0.133964, -0.006846, -0.000000
16.365245, 0.001066, -2.486685, 0.398171, 0.133763, -0.006831, -0.000000
16.389417, 0.000558, -2.516444, 0.403682, 0.133211, -0.006788, -0.000000
16.397397, 0.000406, -2.526406, 0.405189, 0.133044, -0.006775, -0.000000
16.421525, 0.000003, -2.556434, 0.408720, 0.132597, -0.006740, -0.000000
16.429515, -0.000087, -2.566494, 0.409569, 0.132465, -0.006730, -0.000000
16.453522, -0.000504, -2.596833, 0.411132, 0.132125, -0.006704, 0.000000
16.461508, -0.000619, -2.607002, 0.411325, 0.132030, -0.006696, 0.000000
16.485683, -0.000895, -2.637684, 0.410929, 0.131800, -0.006678, 0.000000
16.493674, -0.000964, -2.647971, 0.410471, 0.131742, -0.006674, 0.000000
16.517819, -0.001101, -2.679016, 0.408120, 0.131624, -0.006664, 0.000000
16.525792, -0.001123, -2.689427, 0.407012, 0.131604, -0.006663, 0.000000
16.549814, 0.027036, -3.354404, 0.076655, 0.104639, -0.016517, 0.000004
16.557904, 0.027723, -3.355218, 0.065265, 0.103369, -0.017351, 0.000004
16.581941, 0.029781, -3.358648, 0.030412, 0.099646, -0.019866, 0.000005
16.590056, 0.030467, -3.360121, 0.018567, 0.098434, -0.020709, 0.000006
16.614089, 0.032525, -3.365533, -0.017653, 0.094861, -0.023249, 0.000007
16.622192, 0.033211, -3.367669, -0.029955, 0.093704, -0.024100, 0.000007
16.646382, 0.035271, -3.375075, -0.067547, 0.090318, -0.026665, 0.000008
16.654335, 0.035958, -3.377879, -0.080307, 0.089218, -0.027525, 0.000008
16.678250, 0.038022, -3.387300, -0.119281, 0.085997, -0.030116, 0.000009
16.686341, 0.038711, -3.390779, -0.132504, 0.084950, -0.030984, 0.000010
16.710344, 0.040782, -3.402240, -0.172871, 0.081886, -0.033601, 0.000011
16.718443, 0.041475, -3.406404, -0.186561, 0.080889, -0.034478, 0.000011
16.742639, 0.043558, -3.419938, -0.228337, 0.077971, -0.037121, 0.000012
16.750650, 0.044255, -3.424799, -0.242499, 0.077021, -0.038006, 0.000012
16.774653, 0.046356, -3.440443, -0.285700, 0.074235, -0.040676, 0.000013
16.782630, 0.047059, -3.446014, -0.300341, 0.073327, -0.041570, 0.000013
16.806863, 0.049184, -3.463811, -0.344988, 0.070660, -0.044267, 0.000014
16.814772, 0.049897, -3.470109, -0.360113, 0.069788, -0.045170, 0.000015
16.838959, 0.052053, -3.490108, -0.406227, 0.067220, -0.047893, 0.000016
16.847004, 0.052778, -3.497148, -0.421845, 0.066378, -0.048805, 0.000016
16.871138, 0.054975, -3.519402, -0.318933, 0.063889, -0.051555, 0.000017
16.878953, 0.055715, -3.527203, -0.333192, 0.063070, -0.052476, 0.000017
16.903065, 0.057963, -3.551769, -0.377019, 0.060638, -0.055252, 0.000018
16.911086, 0.058722, -3.560350, -0.391980, 0.059833, -0.056182, 0.000019
16.935224, 0.061032, -3.587287, -0.437933, 0.057431, -0.058985, 0.000020
16.943242, 0.061814, -3.596668, -0.453609, 0.056632, -0.059924, 0.000020
16.967434, 0.064200, -3.626037, -0.501722, 0.054231, -0.062752, 0.000021
16.975384, 0.065009, -3.636240, -0.518124, 0.053428, -0.063699, 0.000021
16.999408, 0.067486, -3.668103, -0.568432, 0.050997, -0.066552, 0.000022
17.007518, 0.068328, -3.679148, -0.585571, 0.050178, -0.067507, 0.000023
17.031538, 0.070912, -3.713568, -0.638106, 0.047683, -0.070383, 0.000024
17.039523, 0.071793, -3.725474, -0.655992, 0.046836, -0.071345, 0.000024
17.063673, 0.074502, -3.762511, -0.710783, 0.044239, -0.074242, 0.000025
17.071675, 0.075428, -3.775299, -0.729426, 0.043352, -0.075210, 0.000025
17.095826, 0.078282, -3.815008, -0.786499, 0.040614, -0.078125, 0.000026
17.103807, 0.079260, -3.828696, -0.805906, 0.039672, -0.079099, 0.000027
17.127948, 0.082281, -3.871128, -0.865281, 0.036749, -0.081904, 0.000028
17.135954, 0.083319, -3.885732, -0.885458, 0.035739, -0.082880, 0.000028
17.159976, 0.086529, -3.930932, -0.947147, 0.032586, -0.085815, 0.000029
17.168075, 0.087634, -3.946464, -0.968097, 0.031491, -0.086794, 0.000029
17.192079, 0.091060, -3.994464, -1.032107, 0.028061, -0.089734, 0.000030
17.200240, 0.092240, -4.010934, -1.053830, 0.026866, -0.090714, 0.000030
17.224442, 0.095906, -4.061756, -1.120154, 0.023111, -0.093653, 0.000031
17.232275, 0.097171, -4.079168, -1.142645, 0.021799, -0.094632, 0.000032
17.256225, 0.101104, -4.132817, -1.211265, 0.017667, -0.097562, 0.000033
17.264421, 0.102463, -4.151170, -1.234518, 0.016221, -0.098537, 0.000033
17.288429, 0.106691, -4.207634, -1.305402, 0.011662, -0.101451, 0.000034
17.296407, 0.078255, -4.135444, -0.943110, 0.031849, -0.092907, 0.000028
17.320713, 0.079269, -4.181657, -0.991045, 0.030392, -0.093238, 0.000028
17.328530, 0.079608, -4.197055, -1.007033, 0.029833, -0.093340, 0.000028
17.352703, 0.080625, -4.243211, -1.055005, 0.027941, -0.093621, 0.000028
17.360646, 0.080965, -4.258577, -1.070993, 0.027239, -0.093705, 0.000028
17.384704, 0.081982, -4.304601, -1.118931, 0.024923, -0.093932, 0.000028
17.392819, 0.082321, -4.319912, -1.134896, 0.024081, -0.093997, 0.000028
17.417005, 0.083334, -4.365729, -1.182729, 0.021350, -0.094166, 0.000028
17.424947, 0.083671, -4.380957, -1.198648, 0.020372, -0.094212, 0.000028
17.449030, 0.084676, -4.426491, -1.246305, 0.017239, -0.094319, 0.000028
17.456976, 0.085009, -4.441612, -1.262153, 0.016129, -0.094344, 0.000028
17.481134, 0.086001, -4.486785, -1.309562, 0.012608, -0.094387, 0.000028
17.489087, 0.086329, -4.501773, -1.325315, 0.011371, -0.094391, 0.000028
17.513281, 0.087304, -4.546508, -1.372401, 0.007477, -0.094368, 0.000028
17.521256, 0.087626, -4.561337, -1.388035, 0.006118, -0.094349, 0.000028
17.545240, 0.088580, -4.605556, -1.434725, 0.001867, -0.094258, 0.000028
17.553430, 0.088894, -4.620200, -1.450214, 0.000393, -0.094216, 0.000028
17.577429, 0.089822, -4.663824, -1.496434, -0.004197, -0.094055, 0.000028
17.585418, 0.090127, -4.678257, -1.511753, -0.005781, -0.093989, 0.000028
17.609539, 0.091025, -4.721208, -1.557428, -0.010690, -0.093758, 0.000028
17.617561, 0.091318, -4.735404, -1.572553, -0.012377, -0.093669, 0.000028
17.641731, 0.092182, -4.777604, -1.617608, -0.017585, -0.093365, 0.000028
17.649684, 0.092464, -4.791536, -1.632514, -0.019368, -0.093252, 0.000028
17.673876, 0.093289, -4.832908, -1.676874, -0.024854, -0.092877, 0.000028
17.681691, 0.093557, -4.846551, -1.691536, -0.026727, -0.092740, 0.000028
17.705896, 0.094339, -4.887017, -1.735126, -0.032468, -0.092294, 0.000028
17.713970, 0.094592, -4.900345, -1.749519, -0.034422, -0.092133, 0.000028
17.738016, 0.095328, -4.939828, -1.792266, -0.040396, -0.091616, 0.000028
17.745993, 0.095565, -4.952816, -1.806366, -0.042423, -0.091432, 0.000028
17.770164, 0.096250, -4.991240, -1.848195, -0.048605, -0.090846, 0.000028
17.778131, 0.096469, -5.003863, -1.861977, -0.050698, -0.090639, 0.000028
17.802159, 0.097100, -5.041153, -1.902817, -0.057064, -0.089984, 0.000028
17.810290, 0.097300, -5.053386, -1.916257, -0.059213, -0.089755, 0.000028
17.834424, 0.097873, -5.089469, -1.956034, -0.065738, -0.089035, 0.000028
17.842396, 0.098054, -5.101287, -1.969108, -0.067936, -0.088785, 0.000028
17.866414, 0.098566, -5.136090, -2.007753, -0.074593, -0.088161, 0.000028
17.874400, 0.098727, -5.147470, -2.020437, -0.076831, -0.087890, 0.000028
17.898598, 0.099175, -5.180923, -2.057880, -0.083595, -0.087047, 0.000028
17.906592, 0.099313, -5.191841, -2.070152, -0.085865, -0.086756, 0.000028
17.930732, 0.099695, -5.223875, -2.106323, -0.092709, -0.085857, 0.000028
17.938743, 0.099811, -5.234309, -2.118161, -0.095001, -0.085548, 0.000028
17.962751, 0.100124, -5.264856, -2.152994, -0.101899, -0.084595, 0.000028
17.970732, 0.100216, -5.274783, -2.164375, -0.104205, -0.084109, 0.000028
17.994899, 0.100458, -5.303779, -2.197806, -0.111130, -0.083108, 0.000028
18.003025, 0.100527, -5.313178, -2.208709, -0.113440, -0.082767, 0.000028
18.027029, 0.100696, -5.340559, -2.240674, -0.120367, -0.081882, 0.000028
18.035024, 0.100740, -5.349410, -2.251078, -0.147006, -0.081527, 0.000028
18.059160, 0.100835, -5.375116, -2.281517, -0.153908, -0.080444, 0.000028
18.067165, 0.100855, -5.383399, -2.291401, -0.156201, -0.080076, 0.000028
18.091318, 0.100875, -5.407371, -2.320255, -0.163050, -0.078799, 0.000028
18.099317, 0.100869, -5.415067, -2.329602, -0.165321, -0.078422, 0.000028
18.123318, 0.100814, -5.437250, -2.356813, -0.172093, -0.064325, 0.000028
18.131306, 0.100783, -5.444341, -2.365603, -0.174334, -0.063939, 0.000028
18.155622, 0.100652, -5.464683, -2.391118, -0.181003, -0.062771, 0.000028
18.163469, 0.100596, -5.471151, -2.399334, -0.183206, -0.062379, 0.000028
18.187619, 0.100389, -5.489602, -2.423102, -0.189746, -0.061195, 0.000028
18.195563, 0.100308, -5.495431, -2.430727, -0.191902, -0.060798, 0.000028
18.219618, 0.100026, -5.511945, -2.452698, -0.198291, -0.059604, 0.000028
18.227757, 0.099920, -5.517121, -2.459717, -0.200392, -0.059205, 0.000028
18.251762, 0.099564, -5.531652, -2.479846, -0.206605, -0.058007, 0.000028
18.259757, 0.099433, -5.536161, -2.486244, -0.208644, -0.057608, 0.000028
18.283875, 0.099004, -5.548671, -2.504488, -0.214657, -0.056413, 0.000028
18.291854, 0.098849, -5.552499, -2.510250, -0.216626, -0.056016, 0.000028
18.316043, 0.098349, -5.562950, -2.526570, -0.222420, -0.054830, 0.000028
18.324170, 0.098170, -5.566086, -2.531684, -0.224311, -0.054437, 0.000028
18.348313, 0.097601, -5.574445, -2.546043, -0.229863, -0.053266, 0.000028
18.356326, 0.097400, -5.576878, -2.550498, -0.231670, -0.052880, 0.000028
18.380217, 0.096763, -5.583114, -2.562861, -0.236960, -0.051731, 0.000028
18.388333, 0.096540, -5.584836, -2.566647, -0.238677, -0.051353, 0.000028
18.412291, 0.095839, -5.588924, -2.576986, -0.243686, -0.050234, 0.000028
18.420439, 0.095596, -5.589925, -2.580092, -0.245306, -0.049866, 0.000028
18.444492, 0.094834, -5.591842, -2.588381, -0.250016, -0.048781, 0.000028
18.452489, 0.094570, -5.592116, -2.590799, -0.251534, -0.048427, 0.000028
18.476613, 0.093750, -5.591843, -2.597014, -0.255929, -0.047383, 0.000028
18.484622, 0.093467, -5.591385, -2.598738, -0.257339, -0.047043, 0.000028
18.508779, 0.092592, -5.588906, -2.602860, -0.261402, -0.046047, 0.000028
18.516763, 0.092292, -5.587711, -2.603883, -0.262700, -0.045724, 0.000028
18.540897, 0.091367, -5.583016, -2.605897, -0.266418, -0.044781, 0.000028
18.548889, 0.091051, -5.581081, -2.606215, -0.267599, -0.044476, 0.000028
18.572902, 0.090079, -5.574163, -2.606109, -0.270959, -0.043592, 0.000028
18.581021, 0.089747, -5.571486, -2.605719, -0.272018, -0.043308, 0.000028
18.605222, 0.088733, -5.562342, -2.603484, -0.275009, -0.042621, 0.000028
18.613034, 0.088388, -5.558922, -2.602384, -0.275943, -0.042358, 0.000028
18.637211, 0.087335, -5.547552, -2.598017, -0.278555, -0.041607, 0.000028
18.645147, 0.086979, -5.543391, -2.596205, -0.279361, -0.041369, 0.000028
18.669369, 0.085892, -5.529799, -2.589705, -0.281584, -0.040691, 0.000028
18.676938, 0.085525, -5.524900, -2.587183, -0.282260, -0.040478, 0.000028
18.701344, 0.084409, -5.509095, -2.578552, -0.284087, -0.039879, 0.000028
18.709455, 0.084033, -5.503460, -2.575321, -0.284630, -0.039692, 0.000028
18.733642, 0.082893, -5.485456, -2.564568, -0.286057, -0.039174, 0.000028
18.741487, 0.082509, -5.479090, -2.560631, -0.286465, -0.039016, 0.000028
18.765647, 0.043469, -5.161477, -2.114478, -0.254560, -0.030475, 0.000022
18.773641, 0.041779, -5.152654, -2.102254, -0.253304, -0.029651, 0.000021
18.797766, 0.036833, -5.126085, -2.064957, -0.249319, -0.027232, 0.000020
18.805738, 0.035224, -5.117209, -2.052335, -0.247922, -0.026443, 0.000020
18.829899, 0.030514, -5.090577, -2.013975, -0.243541, -0.024121, 0.000019
18.837883, 0.028981, -5.081713, -2.001041, -0.242021, -0.023361, 0.000019
18.861910, 0.024490, -5.055210, -1.961871, -0.237293, -0.021126, 0.000018
18.870005, 0.023028, -5.046418, -1.948708, -0.235665, -0.020282, 0.000018
18.894065, 0.018737, -5.020220, -1.908968, -0.230639, -0.018127, 0.000017
18.902172, 0.017338, -5.011557, -1.895653, -0.228920, -0.017421, 0.000017
18.926196, 0.013230, -4.985824, -1.855566, -0.223643, -0.015334, 0.000016
18.934214, 0.011889, -4.977341, -1.842172, -0.221848, -0.014648, 0.000016
18.958193, 0.007944, -4.952220, -1.801951, -0.216364, -0.012619, 0.000015
18.966314, 0.006654, -4.943964, -1.788545, -0.214507, -0.011951, 0.000015
18.990324, 0.002855, -4.919590, -1.748385, -0.208858, -0.009969, 0.000014
18.998419, 0.001610, -4.911604, -1.735031, -0.206953, -0.009316, 0.000014
19.022525, -0.002061, -4.888098, -1.695116, -0.201179, -0.007374, 0.000013
19.030254, -0.003265, -4.880421, -1.681872, -0.199238, -0.006732, 0.000013
19.054621, -0.006824, -4.857893, -1.642369, -0.193375, -0.004820, 0.000012
19.062614, -0.007993, -4.850559, -1.629289, -0.191411, -0.004187, 0.000011
19.086771, -0.011456, -4.829108, -1.590353, -0.185493, -0.002298, 0.000011
19.094740, -0.012595, -4.822148, -1.577486, -0.183515, -0.001671, 0.000010
19.118962, -0.015975, -4.801864, -1.539258, -0.177574, 0.000203, 0.000010
19.126928, -0.017090, -4.795307, -1.526649, -0.175594, 0.000826, 0.000009
19.150934, -0.020400, -4.776268, -1.489257, -0.169657, 0.002692, 0.000008
19.159070, -0.021494, -4.770137, -1.476946, -0.167682, 0.003313, 0.000008
19.183114, -0.024747, -4.752414, -1.440505, -0.161776, 0.005177, 0.000007
19.191082, -0.025823, -4.746733, -1.428529, -0.159815, 0.005798, 0.000007
19.215260, -0.029030, -4.730387, -1.393143, -0.153962, 0.007666, 0.000006
19.223240, -0.030092, -4.725174, -1.381535, -0.152023, 0.008289, 0.000006
19.247387, -0.033262, -4.710259, -1.347295, -0.146243, 0.010166, 0.000005
19.254985, -0.034313, -4.705532, -1.336082, -0.144331, 0.010793, 0.000005
19.279393, -0.037455, -4.692095, -1.303069, -0.138643, 0.012682, 0.000004
19.287113, -0.038498, -4.687868, -1.292278, -0.136765, 0.013315, 0.000004
19.311649, -0.041618, -4.675950, -1.260562, -0.131184, 0.015221, 0.000003
19.319516, -0.042655, -4.672234, -1.250213, -0.129343, 0.015860, 0.000003
19.343682, -0.045760, -4.661868, -1.219852, -0.123882, 0.017787, 0.000002
19.351657, -0.046793, -4.658675, -1.209964, -0.122084, 0.018433, 0.000002
19.375644, -0.049888, -4.649889, -1.181010, -0.116754, 0.020383, 0.000001
19.383810, -0.050918, -4.647226, -1.171597, -0.115001, 0.021037, 0.000001
19.407959, -0.054008, -4.640043, -1.144088, -0.109812, 0.023013, -0.000000
19.415983, -0.055037, -4.637917, -1.135163, -0.108106, 0.023676, -0.000001
19.439962, -0.058124, -4.632353, -1.109130, -0.103064, 0.025679, -0.000001
19.447946, -0.059153, -4.630770, -1.100701, -0.101409, 0.026351, -0.000002
19.472092, -0.062240, -4.626837, -1.076165, -0.096518, 0.028382, -0.000002
19.480106, -0.063269, -4.625799, -1.068238, -0.094914, 0.029064, -0.000003
19.504246, -0.066357, -4.623504, -1.045212, -0.090178, 0.031124, -0.000004
19.512234, 0.249469, -5.882265, -1.913089, -0.145599, 0.029438, -0.000001
19.536350, 0.255118, -5.900623, -1.924047, -0.145519, 0.029425, -0.000001
19.544513, 0.256957, -5.906002, -1.927365, -0.145470, 0.029416, -0.000002
19.568413, 0.262337, -5.919905, -1.936314, -0.145255, 0.029376, -0.000002
19.576385, 0.264084, -5.923791, -1.938960, -0.145161, 0.029359, -0.000002
19.600556, 0.269187, -5.933186, -1.945875, -0.144808, 0.029294, -0.000002
19.608516, 0.270840, -5.935556, -1.947838, -0.144667, 0.029268, -0.000002
19.632684, 0.275652, -5.940355, -1.952683, -0.144174, 0.029177, -0.000003
19.640636, 0.277206, -5.941176, -1.953947, -0.143985, 0.029142, -0.000003
19.664858, 0.281709, -5.941260, -1.956668, -0.143347, 0.029023, -0.000003
19.672800, 0.283156, -5.940485, -1.957214, -0.143109, 0.028979, -0.000003
19.696984, 0.287330, -5.935703, -1.957745, -0.142320, 0.028832, -0.000003
19.704981, 0.288664, -5.933277, -1.957548, -0.142031, 0.028778, -0.000004
19.729135, 0.292484, -5.923447, -1.955810, -0.141084, 0.028601, -0.000004
19.737025, 0.293696, -5.919304, -1.954842, -0.140741, 0.028537, -0.000004
19.761121, 0.297138, -5.904214, -1.950743, -0.139630, 0.028329, -0.000004
19.769124, 0.298220, -5.898279, -1.948971, -0.139230, 0.028254, -0.000004
19.793279, 0.301261, -5.877687, -1.942407, -0.137945, 0.028013, -0.000005
19.801223, 0.302205, -5.869875, -1.939795, -0.137486, 0.027927, -0.000005
19.825409, 0.304822, -5.843516, -1.930654, -0.136017, 0.027651, -0.000005
19.833378, 0.305622, -5.833734, -1.927164, -0.135496, 0.027553, -0.000005
19.857521, 0.307799, -5.801316, -1.915323, -0.133832, 0.027241, -0.000005
19.865510, 0.308450, -5.789463, -1.910912, -0.133244, 0.027130, -0.000006
19.889551, 0.310178, -5.750673, -1.896244, -0.131376, 0.026778, -0.000006
19.897547, 0.310679, -5.736642, -1.890868, -0.130718, 0.026654, -0.000006
19.921739, 0.311956, -5.691147, -1.873238, -0.128632, 0.026260, -0.000006
19.929647, 0.312309, -5.674823, -1.866852, -0.127900, 0.026122, -0.000006
19.953748, 0.313149, -5.622276, -1.846125, -0.125585, 0.025684, -0.000007
19.961786, 0.313359, -5.603543, -1.838683, -0.124774, 0.025531, -0.000007
19.985847, 0.313789, -5.543583, -1.814721, -0.122217, 0.025047, -0.000007
19.993816, 0.313869, -5.522318, -1.806178, -0.121324, 0.024877, -0.000007
20.017990, 0.313936, -5.454577, -1.778847, -0.118513, 0.024344, -0.000007
20.026088, 0.313905, -5.430657, -1.769160, -0.117532, 0.024157, -0.000008
20.049987, 0.313674, -5.354764, -1.738331, -0.114455, 0.023572, -0.000008
20.058091, 0.313557, -5.328065, -1.727457, -0.113383, 0.023369, -0.000008
20.082166, 0.313120, -5.243651, -1.693011, -0.110028, 0.022729, -0.000008
20.090220, 0.312952, -5.214050, -1.680913, -0.108861, 0.022507, -0.000008
20.114222, 0.312424, -5.120754, -1.642743, -0.105215, 0.021811, -0.000009
20.122375, 0.312248, -5.088133, -1.629387, -0.103950, 0.021569, -0.000009
20.146388, 0.311772, -4.985607, -1.587404, -0.100005, 0.020815, -0.000009
20.154409, 0.311641, -4.949854, -1.572766, -0.098638, 0.020553, -0.000009
20.178560, 0.311387, -4.837772, -1.526902, -0.094383, 0.019738, -0.000009
20.186552, 0.311362, -4.798782, -1.510962, -0.092912, 0.019456, -0.000010
20.210535, 0.311528, -4.676848, -1.461179, -0.088341, 0.018578, -0.000010
20.218658, 0.311679, -4.634529, -1.443929, -0.086764, 0.018275, -0.000010
20.242731, 0.312489, -4.502482, -1.390217, -0.081871, 0.017333, -0.000010
20.250720, 0.312894, -4.456755, -1.371661, -0.080187, 0.017009, -0.000010
20.274870, 0.217560, -3.362490, -0.867101, -0.050764, 0.011150, -0.000009
20.282847, 0.218384, -3.308939, -0.843226, -0.049025, 0.010810, -0.000009
20.306871, 0.221032, -3.146912, -0.771175, -0.043758, 0.009779, -0.000009
20.314977, 0.221971, -3.092465, -0.747029, -0.041986, 0.009432, -0.000009
20.339157, 0.224946, -2.927900, -0.674264, -0.036631, 0.008381, -0.000009
20.347125, 0.225987, -2.872657, -0.649914, -0.034833, 0.008028, -0.000009
20.371141, 0.229250, -2.705856, -0.576635, -0.029405, 0.006960, -0.000009
20.379127, 0.230382, -2.649918, -0.552146, -0.027585, 0.006601, -0.000009
20.403313, 0.233893, -2.481185, -0.478554, -0.022098, 0.005519, -0.000009
20.411250, 0.235100, -2.424655, -0.453994, -0.020261, 0.005156, -0.000009
20.435439, 0.238818, -2.254298, -0.380290, -0.014730, 0.004063, -0.000009
20.443414, 0.240086, -2.197278, -0.551808, -0.012881, 0.003697, -0.000009
20.467604, 0.243966, -2.025607, -0.498502, -0.007323, 0.002596, -0.000009
20.475567, 0.245281, -1.968201, -0.480761, -0.005467, 0.002228, -0.000009
20.499733, 0.249280, -1.795527, -0.427667, 0.000106, 0.001122, -0.000009
20.507332, 0.250627, -1.737839, -0.410021, 0.001963, 0.000752, -0.000009
20.531738, 0.254698, -1.564475, -0.357284, 0.007532, -0.000361, -0.000009
20.539719, 0.256062, -1.506609, -0.339782, 0.009386, -0.000731, -0.000009
20.563865, 0.260160, -1.332866, -0.287547, 0.014938, -0.001838, -0.000009
20.571881, 0.261526, -1.274925, -0.270236, 0.016783, -0.002207, -0.000009
20.595872, 0.265607, -1.101116, -0.218646, 0.022302, -0.003310, -0.000009
20.604047, 0.266960, -1.043205, -0.201573, 0.024134, -0.003677, -0.000009
20.628128, 0.270980, -0.869638, -0.150770, 0.029604, -0.004773, -0.000009
20.636144, 0.181663, -0.811859, -0.133983, 0.031418, -0.005137, -0.000009
20.660143, 0.186937, -0.971013, -0.084105, 0.036825, -0.006223, -0.000009
20.668166, 0.188664, -0.929394, -0.067650, 0.038615, -0.006582, -0.000009
20.692266, 0.193741, -0.804879, -0.018835, 0.043944, -0.007655, -0.000009
20.700471, 0.195393, -0.763503, -0.002756, 0.045706, -0.008010, -0.000009
20.724466, 0.200218, -0.639826, 0.044863, 0.050942, -0.009067, -0.000009
20.732622, 0.201778, -0.598766, 0.060521, 0.052670, -0.009416, -0.000009
20.756634, 0.206301, -0.476142, 0.106814, 0.057800, -0.010454, -0.000009
20.764623, 0.207752, -0.435468, 0.122009, 0.059490, -0.010797, -0.000009
20.788588, 0.211924, -0.314110, 0.166848, 0.064498, -0.011813, -0.000009
20.796730, 0.213251, -0.273893, 0.181538, 0.066146, -0.012147, -0.000009
20.820756, 0.217029, -0.154009, 0.224802, 0.071019, -0.013139, -0.000009
20.828869, 0.218218, -0.114317, 0.238947, 0.072619, -0.013465, -0.000009
20.852883, 0.221562, 0.003889, 0.280517, 0.077345, -0.014429, -0.000009
20.860910, 0.222600, 0.042988, 0.294078, 0.078894, -0.014746, -0.000009
20.885041, 0.225474, 0.159318, 0.333841, 0.083458, -0.015680, -0.000009
20.892999, 0.226350, 0.197758, 0.346781, 0.084951, -0.015986, -0.000009
20.917207, 0.228725, 0.312016, 0.384629, 0.089342, -0.016888, -0.000009
20.925192, 0.229429, 0.349735, 0.396913, 0.090775, -0.017182, -0.000009
20.949219, 0.231277, 0.461733, 0.432741, 0.094980, -0.018049, -0.000009
20.957320, 0.231803, 0.498668, 0.444336, 0.096349, -0.018332, -0.000009
20.981340, 0.233104, 0.608224, 0.478048, 0.100358, -0.019161, -0.000009
20.989475, 0.233445, 0.644314, 0.488921, 0.101660, -0.019431, -0.000009
21.013488, 0.234183, 0.751251, 0.520425, 0.105460, -0.020221, -0.000009
21.021473, 0.234334, 0.786440, 0.530548, 0.106691, -0.020478, -0.000009
