0.188807, -0.000703, 1.050636, 0.196938, -0.000288, 0.000072, -0.027084
0.196375, -0.000601, 1.046188, 0.207241, -0.000288, 0.000072, 0.003020
0.204386, -0.000537, 1.040870, 0.207867, -0.000288, 0.000072, -0.026893
0.212373, -0.000499, 1.045906, 0.205029, -0.000288, 0.000048, 0.003188
0.220381, -0.006801, 1.045906, 0.215869, -0.000288, 0.000048, -0.026773
0.228516, -0.002787, 1.046737, 0.205796, -0.000288, 0.000048, 0.003427
0.236543, -0.001751, 1.043158, 0.199379, -0.000288, 0.000048, -0.028690
0.244545, -0.001266, 1.050074, 0.209529, -0.000288, 0.000048, 0.003427
0.252478, -0.000997, 1.050675, 0.199737, -0.000288, 0.000048, -0.028283
0.260663, -0.000818, 1.045906, 0.199226, -0.000288, 0.000048, 0.023537
0.268676, -0.000703, 1.045906, 0.208851, -0.000288, 0.000048, -0.024592
0.276660, -0.000601, 1.048962, 0.204083, -0.000288, 0.000048, 0.025526
0.284671, -0.000575, 1.045740, 0.214591, -0.000288, 0.000048, -0.038541
0.292641, -0.000575, 1.039055, 0.220024, -0.000288, 0.000048, 0.037175
0.300625, -0.000575, 1.045088, 0.209491, -0.000431, 0.000048, -0.036312
0.308806, -0.000575, 1.050074, 0.219244, -0.000431, 0.000048, 0.036432
0.316819, -0.000575, 1.044807, 0.214451, -0.000431, 0.000048, -0.036168
0.324638, -0.000575, 1.039873, 0.202677, -0.000431, 0.000048, 0.032381
0.332946, -0.000575, 1.049793, 0.212584, -0.000431, -0.000048, -0.031686
0.340785, -0.000575, 1.042877, 0.207803, -0.000431, -0.000048, 0.025910
0.348817, -0.000550, 1.035514, 0.202358, -0.000431, -0.000048, -0.032381
0.356935, -0.000486, 1.036600, 0.214067, -0.000431, 0.000000, 0.026845
0.364945, -0.000435, 1.040691, 0.209849, -0.000431, 0.000000, -0.032142
0.372930, -0.000409, 1.044539, 0.209849, -0.000431, 0.000000, 0.025910
0.380953, -0.000409, 1.036063, 0.212878, -0.000431, 0.000000, -0.021596
0.389076, -0.000409, 1.039873, 0.200632, -0.000168, 0.000000, -0.005345
0.397095, -0.001534, 1.045638, 0.205643, -0.000168, 0.000000, 0.004794
0.405089, -0.001534, 1.044539, 0.208225, -0.000168, 0.000000, 0.008964
0.429221, -0.001150, 1.047568, 0.210782, -0.000168, 0.000000, 0.004099
0.437236, -0.000920, 1.042877, 0.209631, -0.001246, 0.000000, 0.009180
0.461381, -0.000575, 1.053142, 0.208353, -0.001246, 0.000000, 0.003931
0.469347, -0.000511, 1.043708, 0.212878, -0.001246, 0.000000, -0.036240
0.493364, -0.000383, 1.052860, 0.211357, -0.001103, 0.000000, 0.034946
0.501354, -0.000358, 1.042059, 0.202140, -0.001079, 0.000000, -0.034874
0.525583, -0.000320, 1.044539, 0.199072, -0.003404, 0.000000, 0.035210
0.533516, -0.000320, 1.037252, 0.204901, -0.003140, 0.000000, -0.031015
0.557495, -0.001304, 1.046737, 0.206474, -0.001438, 0.000000, 0.024735
0.565748, -0.001304, 1.039873, 0.196618, -0.001222, 0.000000, -0.025095
0.589842, -0.000741, 1.043133, 0.209964, -0.000839, 0.000000, 0.031854
0.597828, -0.000639, 1.043158, 0.217084, -0.000743, 0.000000, -0.029265
0.621914, -0.000626, 1.041777, 0.210488, -0.000575, 0.000000, 0.025694
0.629930, -0.001278, 1.040959, 0.214668, -0.000551, 0.000000, -0.033963
0.654068, -0.001278, 1.042059, 0.209925, -0.006160, 0.000000, 0.029553
0.662114, -0.001125, 1.047019, 0.206474, -0.003499, 0.000000, -0.021596
0.686097, -0.000652, 1.043158, 0.198893, -0.001510, 0.000000, 0.021596
0.694094, -0.000652, 1.047568, 0.207944, -0.001270, 0.000000, -0.016179
0.718257, -0.001342, 1.041777, 0.207023, -0.000863, 0.000000, -0.004842
0.726222, -0.001342, 1.050892, 0.202818, -0.000767, 0.000000, 0.003691
0.750214, -0.001035, 1.039886, 0.207215, -0.000599, 0.000000, 0.009827
0.758355, -0.000856, 1.049690, 0.218311, -0.000551, 0.000000, 0.003571
0.782359, -0.000550, 1.044807, 0.210488, -0.000551, 0.000000, -0.006424
0.790525, -0.000486, 1.053985, 0.203470, -0.000551, 0.000000, -0.007910
0.814566, -0.000447, 1.048489, 0.207215, -0.002085, 0.000000, 0.010546
0.822525, -0.000447, 1.050074, 0.209273, -0.002037, 0.000000, -0.018504
0.846705, -0.001074, 1.048962, 0.204825, 0.000000, 0.000000, 0.026988
0.854686, -0.001074, 1.047849, 0.206474, 0.000000, 0.000000, -0.021596
0.878841, -0.000831, 1.052694, 0.208148, -0.001582, 0.000000, -0.004602
0.886835, -0.000703, 1.044027, 0.210986, -0.001582, 0.000000, -0.014381
0.910837, -0.000435, 1.055110, 0.212814, -0.001582, 0.000000, -0.004003
0.918814, -0.000435, 1.040474, 0.216930, -0.001486, 0.000000, 0.031063
0.942960, -0.000396, 1.049690, 0.213850, -0.001007, 0.000000, -0.032405
0.950962, -0.000396, 1.039873, 0.203546, -0.001007, 0.000000, 0.026126
0.975095, -0.000396, 1.048489, 0.204531, 0.000000, 0.000000, -0.037439
0.983142, -0.000639, 1.041509, 0.208570, 0.000000, 0.000000, 0.038565
1.007255, -0.000639, 1.043158, 0.209133, 0.000000, 0.000000, -0.032381
1.015258, -0.000639, 1.043158, 0.196362, 0.000000, 0.000000, 0.032597
1.039251, -0.000626, 1.041062, 0.209529, -0.001007, 0.000000, -0.026581
1.047422, -0.000550, 1.039592, 0.213696, -0.001007, 0.000000, 0.023753
1.071407, -0.000409, 1.039886, 0.207509, -0.001007, 0.000000, -0.008701
1.079524, -0.000371, 1.041956, 0.210066, -0.001007, 0.000000, 0.019223
1.103556, -0.000320, 1.042877, 0.207164, -0.000695, 0.000000, -0.014381
1.111558, -0.000320, 1.043976, 0.202025, -0.000695, 0.000000, 0.023897
1.135716, -0.000320, 1.043158, 0.199481, 0.000000, 0.000000, -0.018504
1.143690, -0.000320, 1.046993, 0.206551, 0.000000, 0.000000, 0.023010
1.167974, -0.000320, 1.039055, 0.202511, 0.000000, 0.000000, -0.026198
1.175832, -0.000320, 1.046098, 0.202358, 0.000000, 0.000000, 0.022890
1.199866, -0.000447, 1.041662, 0.207727, -0.000216, 0.000000, -0.005609
1.207965, -0.000447, 1.051493, 0.221916, -0.000216, 0.000000, -0.011289
1.232134, -0.000920, 1.043133, 0.212968, -0.000216, 0.000000, 0.010570
1.239961, -0.000920, 1.052860, 0.207100, -0.000216, 0.000000, 0.003979
1.264121, -0.001061, 1.046188, 0.210066, -0.000216, 0.000000, 0.009180
1.271891, -0.001061, 1.049383, 0.211076, -0.000216, 0.000000, 0.003523
1.296285, -0.001189, 1.050291, 0.203010, -0.000719, 0.000000, -0.005992
1.304259, -0.002199, 1.047849, 0.208468, -0.000719, 0.000000, -0.010810
1.328450, -0.002442, 1.054203, 0.208992, -0.000719, 0.000000, -0.004266
1.336410, -0.002211, 1.048680, 0.212584, -0.000719, 0.000000, -0.009276
1.360441, -0.003426, 1.050905, 0.212303, -0.000719, 0.000000, -0.005201
1.368557, -0.002927, 1.043708, 0.215409, -0.000719, 0.000000, 0.004123
1.392596, -0.001483, 1.042148, 0.213620, -0.000719, 0.000000, -0.004147
1.400564, -0.001483, 1.033085, 0.202805, -0.000719, 0.000000, 0.003763
1.424721, -0.001930, 1.040141, 0.203521, -0.001654, 0.000000, -0.040698
1.432704, -0.001828, 1.040141, 0.207586, -0.001654, 0.000000, 0.041585
1.456841, -0.001214, 1.039592, 0.209107, -0.001558, 0.000000, -0.030200
1.464865, -0.000959, 1.038773, 0.193742, -0.001318, 0.000000, 0.032381
1.488838, -0.000588, 1.037687, 0.209069, -0.000887, 0.000000, -0.035593
1.496876, -0.000524, 1.041777, 0.213172, -0.000791, 0.000000, 0.032142
1.521003, -0.000396, 1.039873, 0.212150, -0.000791, 0.000000, -0.031255
1.528844, -0.000383, 1.042608, 0.212878, -0.000791, 0.000000, 0.028738
1.552988, -0.000383, 1.048591, 0.210411, -0.000791, 0.000000, -0.032381
1.561131, -0.000383, 1.047568, 0.204505, -0.000791, 0.000000, 0.026653
1.585178, -0.000383, 1.048335, 0.197487, -0.000983, 0.000000, -0.031495
1.593162, -0.000383, 1.046737, 0.208008, -0.000983, 0.000000, 0.025910
1.617296, -0.000409, 1.046737, 0.204633, -0.001222, 0.000000, -0.016442
1.625283, -0.000409, 1.050636, 0.203610, -0.001222, 0.000000, 0.015627
1.649309, -0.000409, 1.043976, 0.205643, -0.000671, 0.000000, -0.018504
1.657557, -0.000409, 1.048335, 0.220024, -0.000671, 0.000000, 0.025766
1.681579, -0.000409, 1.043158, 0.211280, -0.000671, 0.000000, -0.012943
1.689610, -0.000409, 1.046737, 0.206704, -0.000671, 0.000000, 0.014381
1.713589, -0.000435, 1.042877, 0.209069, -0.000671, 0.000000, -0.028618
1.721733, -0.000435, 1.047019, 0.208570, -0.000671, 0.000000, 0.026797
1.745764, -0.000435, 1.048962, 0.204774, -0.000527, 0.000000, -0.034227
1.753875, -0.000435, 1.047555, 0.208468, -0.000503, 0.000000, 0.029793
1.777863, -0.000575, 1.047568, 0.210270, -0.000407, 0.000000, -0.032381
1.785872, -0.000575, 1.045485, 0.210411, -0.000407, 0.000000, 0.031566
1.810056, -0.000575, 1.046737, 0.212303, -0.000336, 0.000000, -0.025910
1.817874, -0.000575, 1.046520, 0.218234, -0.000336, 0.000000, 0.025910
1.842162, -0.000499, 1.047555, 0.216406, -0.000312, 0.000000, -0.018504
1.849998, -0.000447, 1.050406, 0.206423, -0.000312, 0.000000, 0.018504
1.874364, -0.000435, 1.046737, 0.206065, -0.000312, 0.000000, 0.003907
1.882308, -0.000435, 1.046737, 0.205592, -0.000312, 0.000000, -0.004099
1.906418, -0.000703, 1.045485, 0.207305, -0.000312, 0.000000, 0.003691
1.914273, -0.000703, 1.043158, 0.199187, -0.000312, 0.000000, -0.004266
1.938473, -0.000703, 1.046188, 0.212674, -0.000623, 0.000000, 0.003739
1.946459, -0.000703, 1.042059, 0.209989, -0.000623, 0.000000, -0.004722
1.970613, -0.000614, 1.050636, 0.207100, -0.000623, 0.000000, 0.035881
1.978611, -0.000614, 1.046188, 0.213556, -0.000623, 0.000000, -0.035401
2.002802, -0.002033, 1.044807, 0.212814, -0.000623, 0.000000, 0.003859
2.010589, -0.001419, 1.042877, 0.204940, -0.000623, 0.000000, -0.027636
2.034749, -0.004423, 1.047568, 0.196618, -0.000671, 0.000000, 0.003164
2.042749, -0.004180, 1.046520, 0.209273, -0.000671, 0.000000, -0.004482
2.066924, -0.001329, 1.044539, 0.206793, -0.000671, 0.000000, -0.016179
2.074857, -0.004142, 1.047300, 0.203546, -0.000671, 0.000000, 0.012943
2.099051, -0.001764, 1.044718, 0.205720, -0.001127, 0.000000, -0.018504
2.107023, -0.001764, 1.047849, 0.216700, -0.001127, 0.000000, 0.021596
2.131193, -0.001266, 1.044807, 0.210488, -0.001127, 0.000000, -0.016179
2.138781, -0.002237, 1.048962, 0.212086, -0.001031, 0.000000, -0.004578
2.163184, -0.001560, 1.047019, 0.217161, -0.000743, 0.000000, 0.003787
2.171334, -0.001176, 1.049371, 0.208148, -0.000671, 0.000000, -0.003332
2.195321, -0.000665, 1.046737, 0.200440, -0.000599, 0.000000, 0.003499
2.203455, -0.000665, 1.045088, 0.211357, -0.000599, 0.000000, -0.004722
2.227427, -0.001841, 1.046737, 0.214591, -0.000599, 0.000000, 0.003811
2.235582, -0.001841, 1.047568, 0.209414, -0.000599, 0.000000, -0.004123
2.259643, -0.000856, 1.049243, 0.207586, -0.000599, 0.000000, 0.037055
2.267575, -0.000729, 1.052311, 0.213773, -0.000767, 0.000000, -0.036935
2.291582, -0.000499, 1.047019, 0.215013, -0.000767, 0.000000, 0.036792
2.299707, -0.000447, 1.051186, 0.211651, -0.000767, 0.000000, -0.037487
2.323757, -0.000447, 1.045906, 0.208084, -0.000767, 0.000000, 0.035977
2.331758, -0.000447, 1.047568, 0.202140, -0.000767, 0.000000, -0.036576
2.356045, -0.000447, 1.047849, 0.202626, -0.000695, 0.000000, 0.039356
2.363918, -0.000447, 1.042877, 0.204825, -0.000695, 0.000000, -0.039812
2.388057, -0.000499, 1.051748, 0.217851, -0.000695, 0.000000, 0.036120
2.396045, -0.000499, 1.043976, 0.205592, -0.000695, 0.000000, -0.037415
2.420063, -0.001291, 1.049243, 0.206627, -0.000695, 0.000000, 0.036264
2.428198, -0.001291, 1.042059, 0.213850, -0.000695, 0.000000, -0.036552
2.452359, -0.000741, 1.039873, 0.218771, -0.000551, 0.000000, 0.035545
2.460321, -0.000639, 1.038505, 0.211792, -0.000503, 0.000000, -0.035977
2.484361, -0.000550, 1.039592, 0.200376, -0.000431, 0.000000, 0.040459
2.492470, -0.000550, 1.040691, 0.201092, -0.000407, 0.000000, -0.041729
2.516505, -0.000550, 1.040691, 0.206269, -0.000336, 0.000000, 0.032118
2.524470, -0.000550, 1.042608, 0.207100, -0.000336, 0.000000, -0.028954
2.548511, -0.000639, 1.042838, 0.210488, -0.000288, 0.000000, -0.008341
2.556615, -0.000639, 1.043976, 0.205438, -0.000288, 0.000000, -0.004386
2.580798, -0.001202, 1.048131, 0.202549, -0.000264, 0.000000, -0.010067
2.588789, -0.001202, 1.047849, 0.214668, -0.000240, 0.000000, 0.018504
2.612796, -0.000716, 1.047849, 0.217237, -0.000216, 0.000000, -0.021596
2.620776, -0.000652, 1.046737, 0.204083, -0.000216, 0.000000, 0.012943
2.644929, -0.002148, 1.045638, 0.196043, -0.000192, 0.000000, -0.021907
2.652919, -0.001470, 1.049690, 0.208353, -0.000192, 0.000000, 0.021596
2.677069, -0.003886, 1.045216, 0.214144, 0.000000, 0.000000, -0.025910
2.685077, -0.003886, 1.055110, 0.211792, 0.000000, 0.000000, 0.024280
2.709207, -0.001150, 1.046188, 0.208928, 0.000000, 0.000000, -0.023849
2.717219, -0.000997, 1.052860, 0.212444, 0.000000, 0.000000, -0.007958
2.741219, -0.001866, 1.045638, 0.212738, -0.001127, 0.000000, 0.016179
2.749360, -0.001866, 1.042544, 0.216624, -0.002373, 0.000000, -0.021596
2.773324, -0.000959, 1.008234, 0.204825, -0.002373, 0.000000, 0.030248
2.781486, -0.000920, 0.995132, 0.190329, -0.001989, 0.000000, -0.026917
2.805507, -0.000920, 0.960042, 0.188616, -0.001127, 0.000000, 0.004506
2.813501, -0.000920, 0.949163, 0.182314, -0.000983, 0.000000, -0.004314
2.837497, -0.000729, 0.911427, 0.181023, -0.000719, 0.000000, 0.003691
2.845681, -0.002902, 0.901981, 0.192924, -0.000695, 0.000000, -0.003667
2.869834, -0.001227, 0.863861, 0.171333, -0.000695, 0.000000, 0.003619
2.877791, -0.000972, 0.861624, 0.175462, -0.000695, 0.000000, -0.037319
2.901776, -0.000601, 0.821050, 0.161988, -0.000695, 0.000000, 0.035449
2.909825, -0.000524, 0.812984, 0.164775, -0.000695, 0.000000, -0.036696
2.933956, -0.000435, 0.775351, 0.157578, -0.000887, 0.000000, 0.037415
2.941902, -0.002940, 0.764651, 0.155034, -0.000887, 0.000000, -0.038302
2.966081, -0.001317, 0.733192, 0.136371, -0.000887, 0.000000, 0.040387
2.974112, -0.001023, 0.716280, 0.141433, -0.000887, 0.000000, -0.038421
2.998077, -0.000614, 0.698958, 0.131449, -0.000791, 0.000000, 0.026509
3.006196, -0.000550, 0.678288, 0.125083, -0.000791, 0.000000, -0.025910
3.030240, -0.000396, 0.647890, 0.134632, -0.000791, 0.000000, 0.031255
3.038194, -0.000371, 0.640066, 0.131194, -0.000791, 0.000000, -0.029817
3.062341, -0.000294, 0.592960, 0.115637, -0.000791, 0.000000, 0.004578
3.070504, -0.000294, 0.586812, 0.123664, -0.000791, 0.000000, 0.011816
3.094540, -0.000294, 0.560171, 0.119075, -0.000767, 0.000000, -0.018504
3.102508, -0.000294, 0.536778, 0.106880, -0.000767, 0.000000, 0.009180
3.126542, -0.000294, 0.511800, 0.103735, -0.000767, 0.000000, -0.025910
3.134512, -0.000294, 0.507799, 0.096539, -0.000767, 0.000000, 0.026341
3.158648, -0.000294, 0.459044, 0.090109, -0.000767, 0.000000, -0.025910
3.166802, -0.000358, 0.458545, 0.092346, -0.000719, 0.000000, 0.025910
3.190817, -0.000358, 0.428441, 0.084382, -0.000551, 0.000000, -0.018504
3.198793, -0.000358, 0.411593, 0.088025, -0.000527, 0.000000, 0.025910
3.222822, -0.000358, 0.377525, 0.066933, -0.000431, 0.000000, -0.025910
3.230826, -0.000358, 0.369753, 0.070959, -0.000407, 0.000000, 0.025910
3.255075, -0.000358, 0.331071, 0.058457, -0.000360, 0.000000, -0.018504
3.263101, -0.000358, 0.322328, 0.054098, -0.000336, 0.000000, 0.025910
3.287106, -0.000307, 0.292453, 0.056629, -0.000288, 0.000000, -0.018504
3.295098, -0.000294, 0.280680, 0.046914, -0.000288, 0.000000, 0.021596
3.319235, -0.000243, 0.235747, 0.040535, -0.000264, 0.000000, -0.021596
3.327239, -0.000230, 0.230123, 0.047157, -0.000240, 0.000000, 0.025191
3.351240, -0.000205, 0.208289, 0.039321, -0.000216, 0.000000, -0.027132
3.359178, -0.000192, 0.183451, 0.031638, -0.000216, 0.000000, 0.028331
3.383397, -0.000166, 0.154101, 0.024109, -0.000192, 0.000000, -0.025910
3.391532, -0.000166, 0.139413, 0.026218, -0.000192, 0.000000, 0.022890
3.415503, -0.000141, 0.109654, 0.031421, -0.000192, 0.000000, -0.023585
3.423673, -0.000141, 0.101498, 0.030322, -0.000168, 0.000000, 0.025047
3.447692, -0.000128, 0.069540, 0.016529, -0.000168, 0.000000, -0.026557
3.455813, -0.000128, 0.058470, 0.009421, -0.000168, 0.000000, 0.003499
3.479817, -0.000115, 0.011083, 0.003541, -0.000144, 0.000000, 0.009276
3.487814, -0.000115, 0.004704, 0.003541, -0.000144, 0.000000, -0.016179
3.511932, -0.000115, -0.006852, -0.010354, -0.014093, 0.000000, 0.022387
3.519942, -0.000115, -0.003554, -0.024505, -0.020972, -0.005944, -0.016179
3.543933, 0.000153, -0.005867, -0.069221, -0.060185, -0.030752, 0.023489
3.552064, 0.003694, -0.004180, -0.089022, -0.065721, -0.049423, -0.027084
3.576290, 0.008629, -0.009050, -0.121082, -0.091416, -0.053186, 0.029409
3.584295, 0.009664, -0.006149, -0.129097, -0.112963, -0.055032, -0.028307
3.608426, 0.013716, -0.007018, -0.156146, -0.158911, -0.086886, 0.033364
3.616415, 0.014202, -0.005663, -0.175692, -0.165239, -0.082092, -0.035425
3.640430, 0.017206, -0.012144, -0.211792, -0.186522, -0.099110, 0.033172
3.648394, 0.018408, -0.016695, -0.215039, -0.182280, -0.092063, -0.034515
3.672430, 0.027228, -0.026206, -0.250384, -0.186906, -0.109560, 0.035258
3.680538, 0.032162, -0.030245, -0.255574, -0.213703, -0.126817, -0.037151
3.704717, 0.039270, -0.032265, -0.306029, -0.276356, -0.152487, 0.036360
3.712539, 0.036432, -0.026167, -0.322456, -0.273792, -0.142588, -0.033700
3.736696, 0.030232, -0.019852, -0.346692, -0.272833, -0.179787, 0.035665
3.744686, 0.031958, -0.020862, -0.355053, -0.297760, -0.166101, -0.035018
3.768820, 0.041354, -0.031485, -0.380836, -0.337907, -0.193258, 0.035306
3.776815, 0.042606, -0.036074, -0.395805, -0.324725, -0.184006, -0.034634
3.800856, 0.037519, -0.036074, -0.429348, -0.394641, -0.200951, 0.032381
3.808990, 0.038528, -0.031268, -0.447590, -0.406745, -0.219671, -0.026941
3.833122, 0.048244, -0.024761, -0.469718, -0.406745, -0.217969, 0.032022
3.840996, 0.048001, -0.029171, -0.475905, -0.445166, -0.241099, -0.035018
3.865155, 0.046160, -0.046774, -0.519725, -0.432295, -0.269405, 0.032070
3.873098, 0.051350, -0.047195, -0.530233, -0.469566, -0.273360, -0.027132
3.897300, 0.053932, -0.037761, -0.562728, -0.460122, -0.258380, 0.003356
3.905281, 0.049190, -0.038439, -0.567241, -0.503361, -0.283571, -0.004890
3.929421, 0.062638, -0.051618, -0.610563, -0.503361, -0.301667, 0.004075
3.937427, 0.067751, -0.052258, -0.619933, -0.549932, -0.297664, -0.004602
3.961416, 0.062037, -0.048998, -0.650037, -0.555756, -0.295195, -0.008796
3.969559, 0.067534, -0.051759, -0.671487, -0.601944, -0.304279, 0.024136
3.993734, 0.063302, -0.054648, -0.706334, -0.623012, -0.338794, -0.021596
4.001668, 0.067355, -0.053101, -0.707983, -0.621646, -0.330022, 0.022099
4.025541, 0.070742, -0.056706, -0.741526, -0.658270, -0.368683, -0.030152
4.033817, 0.068722, -0.059327, -0.754859, -0.614527, -0.372997, 0.023897
4.057957, 0.075191, -0.066242, -0.792288, -0.645950, -0.380212, -0.034155
4.065837, 0.072199, -0.064734, -0.797210, -0.704625, -0.382393, 0.031279
4.089981, 0.081531, -0.072046, -0.831226, -0.740481, -0.407128, -0.029409
4.097972, 0.078514, -0.077747, -0.845236, -0.725285, -0.401352, 0.024352
4.122162, 0.082260, -0.061052, -0.872746, -0.731853, -0.413743, -0.003979
4.130116, 0.079524, -0.069566, -0.893186, -0.780844, -0.412833, -0.008533
4.154328, 0.085085, -0.066038, -0.918586, -0.829476, -0.443680, 0.021596
4.162155, 0.083257, -0.068211, -0.934514, -0.775140, -0.451422, -0.029721
4.186311, 0.085251, -0.072813, -0.962816, -0.830075, -0.471627, 0.016179
4.194282, 0.088025, -0.072557, -0.976877, -0.864566, -0.458325, 0.004458
4.218471, 0.089687, -0.077837, -1.008503, -0.844984, -0.493846, 0.008269
4.226474, 0.096168, -0.075267, -1.021401, -0.904090, -0.483707, -0.018504
4.250596, 0.096091, -0.083052, -1.053985, -0.906727, -0.514147, 0.016179
4.258552, 0.104311, -0.078489, -1.057232, -0.902772, -0.492959, -0.022003
4.282730, 0.102713, -0.087168, -1.048131, -0.926357, -0.504800, 0.025263
4.290721, 0.101383, -0.082324, -1.050074, -0.863679, -0.509713, -0.034179
4.314745, 0.105410, -0.088217, -1.050636, -0.944357, -0.497130, 0.031087
4.322873, 0.097178, -0.079179, -1.047568, -0.860947, -0.508563, 0.008149
4.346908, 0.097919, -0.085903, -1.054829, -0.920460, -0.505662, -0.008653
4.354850, 0.100412, -0.075804, -1.042877, -0.887216, -0.502786, 0.018504
4.379026, 0.098955, -0.086836, -1.051748, -0.892921, -0.503697, -0.012943
4.386989, 0.106279, -0.077159, -1.040474, -0.916122, -0.492144, 0.018504
4.411159, 0.104707, -0.086913, -1.045638, -0.863895, -0.508251, -0.024208
4.419173, 0.101959, -0.073836, -1.042838, -0.932325, -0.502259, 0.021596
4.443305, 0.102508, -0.089725, -1.043976, -0.861091, -0.490922, -0.021596
4.451181, 0.092844, -0.075434, -1.049793, -0.927747, -0.506046, 0.016179
4.475434, 0.094506, -0.092512, -1.041509, -0.886881, -0.493151, -0.022530
4.483471, 0.092959, -0.077185, -1.048680, -0.910370, -0.503170, 0.021092
4.507454, 0.091234, -0.087731, -1.042838, -0.909028, -0.501756, -0.014381
4.515585, 0.098277, -0.072084, -1.048680, -0.889421, -0.486847, 0.021596
4.539609, 0.095286, -0.082030, -1.048131, -0.932397, -0.511918, -0.016179
4.547562, 0.101498, -0.068633, -1.045088, -0.876478, -0.508035, 0.030871
4.571593, 0.101396, -0.080930, -1.052311, -0.927124, -0.503170, -0.031447
4.579770, 0.099108, -0.070614, -1.042877, -0.896804, -0.514339, 0.025910
4.603922, 0.102304, -0.078246, -1.046188, -0.906007, -0.499239, -0.025910
4.611769, 0.094071, -0.070934, -1.043133, -0.916745, -0.520763, 0.024688
4.635923, 0.097817, -0.078553, -1.045906, -0.882159, -0.496818, -0.032381
4.643900, 0.098776, -0.074641, -1.049243, -0.937334, -0.500653, 0.031974
4.668026, 0.099325, -0.082758, -1.046737, -0.879882, -0.507316, -0.025550
4.676037, 0.107468, -0.079856, -1.052694, -0.937981, -0.506981, 0.028594
4.700186, 0.106279, -0.083321, -1.043708, -0.903371, -0.507316, -0.016179
4.708176, 0.103748, -0.077070, -1.049383, -0.907350, -0.505662, 0.025910
4.732312, 0.105001, -0.080956, -1.047849, -0.922594, -0.503361, -0.025958
4.740312, 0.096270, -0.075382, -1.048131, -0.874681, -0.510240, 0.018504
4.764475, 0.095541, -0.082324, -1.053704, -0.930551, -0.492288, 0.005369
4.772317, 0.098443, -0.076303, -1.045906, -0.866316, -0.504416, -0.003907
4.796614, 0.094289, -0.084522, -1.048489, -0.926357, -0.513620, 0.035809
4.804554, 0.102674, -0.075804, -1.045088, -0.879882, -0.500126, -0.003787
4.828618, 0.100361, -0.087028, -1.048131, -0.899776, -0.519181, 0.041753
4.836590, 0.101754, -0.077722, -1.047594, -0.903730, -0.493654, -0.034586
4.860773, 0.101907, -0.089994, -1.048131, -0.876478, -0.520403, 0.024903
4.868747, 0.094238, -0.081275, -1.056235, -0.920844, -0.497513, -0.018504
4.892930, 0.098916, -0.089252, -1.044539, -0.866316, -0.498544, 0.018504
4.900770, 0.093471, -0.075970, -1.051748, -0.929521, -0.498208, -0.014381
4.924931, 0.094468, -0.084906, -1.046737, -0.886521, -0.506046, -0.004386
4.932873, 0.099249, -0.071599, -1.051186, -0.915020, -0.500845, 0.006232
4.957052, 0.098827, -0.083321, -1.048962, -0.910777, -0.507316, -0.003308
4.965035, 0.106497, -0.071126, -1.045088, -0.893879, -0.495739, 0.037271
4.989219, 0.107276, -0.081863, -1.054267, -0.928514, -0.509497, -0.034682
4.997201, 0.102572, -0.068633, -1.043133, -0.881488, -0.488765, 0.037367
5.021359, 0.103863, -0.081672, -1.047568, -0.928514, -0.504416, -0.032381
5.029214, 0.097178, -0.069029, -1.042608, -0.883070, -0.499239, 0.025910
5.053485, 0.094723, -0.080828, -1.048131, -0.907709, -0.500174, -0.021596
5.061495, 0.099875, -0.074667, -1.049793, -0.908668, -0.504943, 0.016179
5.085466, 0.096436, -0.077658, -1.045088, -0.892345, -0.493199, 0.004123
5.093596, 0.103441, -0.075024, -1.052388, -0.925734, -0.503170, -0.037870
5.117616, 0.101204, -0.078041, -1.040959, -0.882159, -0.493151, 0.036073
5.125641, 0.099197, -0.075766, -1.044909, -0.931941, -0.492648, -0.033748
5.149635, 0.101000, -0.076085, -1.044539, -0.889421, -0.496123, 0.038110
5.157711, 0.092179, -0.075165, -1.045638, -0.917872, -0.495739, -0.032381
5.181745, 0.094723, -0.078220, -1.049793, -0.902412, -0.500437, 0.017880
5.189910, 0.093777, -0.073784, -1.046737, -0.896468, -0.496435, -0.013422
5.213902, 0.092550, -0.082784, -1.047019, -0.925734, -0.497369, -0.025047
5.222031, 0.099824, -0.076328, -1.047849, -0.876143, -0.505135, 0.038781
5.246045, 0.097459, -0.086261, -1.046737, -0.929928, -0.491976, -0.028451
5.254185, 0.104234, -0.081902, -1.054267, -0.880217, -0.507508, 0.036480
5.278218, 0.107200, -0.084113, -1.049089, -0.911712, -0.506262, -0.025910
5.286348, 0.102304, -0.077338, -1.059060, -0.901094, -0.510552, 0.021596
5.310331, 0.104924, -0.079486, -1.044807, -0.890021, -0.498520, -0.011049
5.318311, 0.099517, -0.075191, -1.049243, -0.917488, -0.506046, -0.003260
5.342464, 0.097548, -0.079805, -1.048962, -0.878971, -0.496626, 0.041633
5.350475, 0.103493, -0.073490, -1.049243, -0.926357, -0.512877, -0.042424
5.374516, 0.101856, -0.080866, -1.056798, -0.880553, -0.486655, 0.040411
5.382663, 0.105781, -0.070908, -1.046098, -0.920844, -0.507700, -0.040842
5.406673, 0.105461, -0.084343, -1.055110, -0.905408, -0.500653, 0.025910
5.414656, 0.097280, -0.071279, -1.045804, -0.902412, -0.506789, -0.013542
5.438786, 0.099300, -0.086989, -1.049243, -0.921587, -0.504608, -0.005585
5.446794, 0.092154, -0.073133, -1.049793, -0.882159, -0.507364, -0.009468
5.470795, 0.092678, -0.084343, -1.045906, -0.928754, -0.513404, -0.037247
5.478924, 0.096091, -0.071726, -1.050074, -0.879307, -0.509090, 0.030991
5.503056, 0.094289, -0.081800, -1.042838, -0.916745, -0.500845, -0.031207
5.510919, 0.102815, -0.071036, -1.044807, -0.900375, -0.503026, 0.032381
5.535099, 0.099875, -0.079460, -1.043708, -0.898481, -0.504416, -0.011313
5.543084, 0.101959, -0.071701, -1.043133, -0.920221, -0.524621, 0.014741
5.567216, 0.104017, -0.078821, -1.048680, -0.874249, -0.502642, 0.030632
5.575215, 0.097229, -0.070857, -1.045804, -0.939156, -0.513260, -0.022458
5.599388, 0.099849, -0.081863, -1.048489, -0.877389, -0.507700, 0.038685
5.607388, 0.098162, -0.075740, -1.042059, -0.928514, -0.503505, -0.034563
5.631519, 0.096960, -0.083474, -1.043733, -0.899176, -0.494541, 0.035018
5.639531, 0.105947, -0.080802, -1.044539, -0.903011, -0.496123, -0.021596
5.663496, 0.103748, -0.082094, -1.042838, -0.921563, -0.510049, 0.015388
5.671637, 0.105436, -0.079064, -1.051186, -0.874681, -0.513212, 0.032166
5.695663, 0.105845, -0.079179, -1.042059, -0.939156, -0.503985, -0.033292
5.703810, 0.096679, -0.076328, -1.057935, -0.870318, -0.509306, 0.035833
5.727813, 0.094595, -0.078936, -1.014076, -0.896085, -0.498544, -0.021596
5.735817, 0.089367, -0.072915, -1.012121, -0.860084, -0.482868, 0.018504
5.759956, 0.086261, -0.077402, -0.967622, -0.820368, -0.457270, 0.028570
5.767919, 0.088370, -0.068773, -0.967111, -0.853493, -0.458061, -0.031566
5.792090, 0.079332, -0.075242, -0.929925, -0.791318, -0.447994, 0.039452
5.800084, 0.084241, -0.070231, -0.929452, -0.783457, -0.441810, -0.035042
5.824088, 0.076213, -0.070640, -0.885414, -0.785782, -0.415829, 0.032381
5.832207, 0.081672, -0.074321, -0.880658, -0.743142, -0.436370, -0.025910
5.856240, 0.071995, -0.063405, -0.838857, -0.690603, -0.399243, -0.003691
5.864397, 0.077517, -0.073414, -0.823096, -0.724854, -0.397732, 0.004338
5.888405, 0.069055, -0.053919, -0.797759, -0.704864, -0.369474, -0.038757
5.896381, 0.071650, -0.055773, -0.772398, -0.672291, -0.365639, 0.035210
5.920544, 0.067802, -0.057780, -0.738497, -0.637561, -0.364273, -0.043191
5.928520, 0.067073, -0.048666, -0.733192, -0.610476, -0.357154, 0.028043
5.952545, 0.069259, -0.059352, -0.707510, -0.582122, -0.335894, 0.003691
5.960531, 0.064095, -0.057396, -0.686329, -0.612178, -0.328488, -0.026437
5.984676, 0.071202, -0.042696, -0.658116, -0.573253, -0.295699, 0.038254
5.992659, 0.063878, -0.049522, -0.647250, -0.584063, -0.292487, -0.040962
6.016836, 0.064772, -0.049714, -0.613976, -0.550220, -0.300492, 0.032381
6.024830, 0.063967, -0.042875, -0.611227, -0.526611, -0.303129, -0.021596
6.048833, 0.050749, -0.045010, -0.575319, -0.511726, -0.272833, 0.021596
6.056946, 0.053191, -0.045649, -0.563687, -0.481790, -0.268926, 0.004410
6.080980, 0.051555, -0.040331, -0.525388, -0.478458, -0.265163, -0.028403
6.088960, 0.044422, -0.037314, -0.516939, -0.455688, -0.246228, 0.039955
6.113107, 0.046927, -0.037672, -0.481133, -0.418297, -0.237384, -0.031015
6.121249, 0.051695, -0.036381, -0.475176, -0.426279, -0.221061, 0.035881
6.145260, 0.035959, -0.038784, -0.439626, -0.362643, -0.211905, -0.025910
6.153256, 0.031805, -0.036573, -0.419851, -0.372326, -0.197188, 0.021596
6.177416, 0.039283, -0.029874, -0.390833, -0.321609, -0.185827, 0.005776
6.185408, 0.041507, -0.028123, -0.374624, -0.300301, -0.187505, -0.004554
6.209403, 0.030245, -0.032431, -0.348239, -0.319595, -0.158360, 0.039931
6.217546, 0.025579, -0.033211, -0.341924, -0.291624, -0.176552, -0.038613
6.241532, 0.023623, -0.020785, -0.303115, -0.239469, -0.134583, 0.039931
6.249526, 0.025937, -0.014586, -0.288644, -0.257996, -0.141318, -0.037559
6.273511, 0.029376, -0.007798, -0.257709, -0.225136, -0.133480, 0.032525
6.281843, 0.026985, -0.012630, -0.256418, -0.212672, -0.105725, -0.032309
6.305845, 0.017436, -0.013934, -0.213888, -0.156945, -0.098103, 0.021596
6.313827, 0.015480, -0.013998, -0.203815, -0.165239, -0.095754, -0.021596
6.337964, 0.011927, -0.022754, -0.163676, -0.160061, -0.075477, -0.003547
6.345998, 0.012233, -0.016644, -0.166053, -0.153877, -0.081349, -0.009587
6.369975, 0.008156, -0.016273, -0.121824, -0.098486, -0.046762, -0.003427
6.378147, 0.007427, -0.016874, -0.110447, -0.087293, -0.044821, 0.042975
6.402306, 0.007120, -0.007018, -0.070806, -0.049159, -0.043551, -0.038397
6.410133, 0.006225, -0.009792, -0.066063, -0.042688, -0.033604, 0.034563
6.434308, 0.005791, -0.001981, -0.025413, -0.020062, -0.012128, -0.030056
6.442235, 0.005024, -0.001393, -0.008590, -0.017185, -0.009563, 0.032381
6.466379, 0.011939, -0.014432, -0.001713, -0.002205, -0.002445, -0.021596
6.474402, 0.012975, -0.006852, -0.005382, -0.002205, -0.001870, 0.016179
6.498590, 0.018267, -0.042325, -0.022089, -0.001870, -0.001103, 0.003667
6.506538, 0.020223, -0.058892, -0.030437, -0.001510, -0.000959, -0.003523
6.530583, 0.025541, -0.094033, -0.064184, -0.000959, -0.000695, 0.042184
6.538540, 0.026474, -0.118257, -0.069822, -0.000863, 0.000000, -0.040674
6.562708, 0.033313, -0.159726, -0.083934, 0.000647, 0.000000, 0.016682
6.570876, 0.038848, -0.157335, -0.096232, 0.000647, 0.000000, -0.016179
6.594858, 0.050762, -0.196938, -0.117848, 0.000647, 0.000000, -0.004842
6.602875, 0.049548, -0.205055, -0.116710, 0.000647, 0.000000, 0.024951
6.627023, 0.064504, -0.241244, -0.125058, 0.000647, 0.000000, -0.037175
6.634981, 0.073235, -0.239633, -0.142660, 0.000647, 0.000000, 0.037607
6.659153, 0.075050, -0.289462, -0.150100, 0.000527, 0.000000, -0.021596
6.667097, 0.082451, -0.297413, -0.157335, -0.000383, 0.000000, 0.021596
6.691153, 0.083628, -0.321970, -0.175462, -0.000383, 0.000000, 0.031495
6.699148, 0.092627, -0.336479, -0.187465, -0.000383, 0.000000, -0.031135
6.723295, 0.101498, -0.374726, -0.198408, -0.000383, 0.000000, 0.033915
6.731252, 0.109386, -0.385975, -0.203815, 0.000000, 0.000000, -0.029050
6.755443, 0.120200, -0.419531, -0.216470, 0.000000, 0.000000, 0.032381
6.763450, 0.114192, -0.417677, -0.228423, 0.000000, 0.000000, -0.033005
6.787578, 0.120200, -0.450863, -0.254679, 0.000000, 0.000000, 0.025910
6.795623, 0.131449, -0.462163, -0.261058, 0.000000, 0.000000, -0.018504
6.819544, 0.138199, -0.507211, -0.264906, 0.000000, 0.000000, 0.010858
6.827780, 0.136780, -0.508515, -0.279721, 0.000000, 0.000000, 0.003188
6.851727, 0.150049, -0.544908, -0.302424, 0.000000, 0.000000, -0.040387
6.859751, 0.143363, -0.559545, -0.304342, 0.000000, 0.000000, 0.041585
6.883900, 0.158371, -0.591746, -0.316294, 0.000000, 0.000000, -0.032046
6.891877, 0.157770, -0.596105, -0.326559, 0.000000, 0.000000, 0.035306
6.916031, 0.168009, -0.640066, -0.347702, 0.000000, 0.000000, -0.021596
6.923999, 0.166859, -0.655406, -0.353685, 0.000000, 0.000000, -0.006352
6.948041, 0.188245, -0.672190, -0.367376, 0.000000, 0.000000, 0.004698
6.956157, 0.183081, -0.686329, -0.366097, 0.000000, 0.000000, -0.005441
6.980157, 0.195122, -0.728577, -0.404702, 0.000000, 0.000000, 0.004099
6.988140, 0.205170, -0.732374, -0.404191, 0.000000, 0.000000, -0.041370
7.012165, 0.211856, -0.773229, -0.426817, 0.000000, 0.000000, 0.038637
7.020303, 0.205962, -0.790077, -0.432813, 0.000000, 0.000000, -0.039164
7.044324, 0.215869, -0.812984, -0.434973, -0.000048, 0.000000, 0.032022
7.052443, 0.223527, -0.831226, -0.446951, -0.000048, 0.000000, -0.037559
7.076470, 0.228333, -0.854287, -0.463876, -0.000048, 0.000000, 0.032381
7.084621, 0.237818, -0.865945, -0.475176, -0.000048, 0.000000, -0.017497
7.108628, 0.244619, -0.904384, -0.481478, -0.000048, 0.000000, 0.021596
7.116567, 0.250998, -0.913140, -0.496089, -0.000048, 0.000000, 0.003955
7.140768, 0.254206, -0.949163, -0.515264, -0.000048, 0.000000, -0.003763
7.148680, 0.262822, -0.956923, -0.520480, -0.000048, 0.000000, 0.003691
7.172908, 0.260968, -1.001907, -0.530668, -0.000048, 0.000000, -0.037966
7.180480, 0.264228, -1.005192, -0.550750, -0.000048, 0.000000, 0.034299
7.205035, 0.277088, -1.038505, -0.568097, -0.000048, 0.000000, -0.033819
7.213013, 0.276053, -1.045088, -0.571254, -0.000048, 0.000000, 0.032381
7.237160, 0.281703, -1.047849, -0.573709, -0.000048, 0.000000, 0.006639
7.245015, 0.285359, -1.047594, -0.570104, -0.000048, 0.000000, -0.005081
7.269328, 0.284707, -1.042544, -0.569439, -0.000048, 0.000000, 0.028714
7.277168, 0.281076, -1.050636, -0.566959, 0.000048, 0.000000, -0.034275
7.301320, 0.281703, -1.040768, -0.563444, 0.000048, 0.000000, 0.040147
7.309316, 0.283262, -1.043133, -0.564978, 0.000000, 0.000000, -0.040219
7.333459, 0.279913, -1.038710, -0.562306, 0.000000, 0.000000, 0.030152
7.341428, 0.278584, -1.043976, -0.568519, 0.000000, 0.000000, -0.025910
7.365442, 0.282022, -1.041956, -0.564262, 0.001055, 0.000000, 0.016179
7.373570, 0.285333, -1.041062, -0.576342, 0.007646, 0.000000, 0.003979
7.397599, 0.277037, -1.051186, -0.569529, -0.001055, 0.000000, -0.037583
7.405754, 0.274493, -1.051186, -0.571254, -0.001055, 0.000000, 0.041681
7.429763, 0.280003, -1.048680, -0.577084, 0.000407, 0.000000, -0.037535
7.437753, 0.281537, -1.047849, -0.572699, 0.000407, 0.000000, 0.038973
7.461849, 0.278967, -1.046188, -0.569529, 0.000000, 0.000000, -0.031039
7.470008, 0.280169, -1.046405, -0.567803, 0.000000, 0.000000, 0.025910
7.494038, 0.286931, -1.044807, -0.566959, 0.001486, 0.000000, 0.005225
7.502151, 0.287724, -1.049793, -0.563687, 0.004890, 0.000000, 0.009875
7.526194, 0.278865, -1.047019, -0.567381, 0.002037, 0.000000, 0.004171
7.534146, 0.277254, -1.050291, -0.572699, 0.001630, 0.000000, 0.009611
7.558345, 0.287033, -1.049243, -0.566243, 0.001007, 0.000000, 0.025742
7.566287, 0.288759, -1.050636, -0.574437, 0.000887, 0.000000, 0.008221
7.590444, 0.281319, -1.040614, -0.573862, -0.000599, 0.000000, 0.004171
7.598434, 0.278660, -1.037150, -0.570960, -0.000599, 0.000000, 0.008988
7.622497, 0.283659, -1.047019, -0.572264, -0.000599, 0.000000, 0.040986
7.630489, 0.281076, -1.038505, -0.566755, -0.000599, 0.000000, -0.042017
7.654639, 0.270939, -1.043708, -0.570104, 0.000935, 0.000000, 0.032381
7.662278, 0.275912, -1.040141, -0.568953, 0.000935, 0.000000, -0.032381
7.686767, 0.288018, -1.044462, -0.566103, 0.000935, 0.000000, 0.015795
7.694751, 0.284707, -1.040870, -0.566243, 0.000935, 0.000000, -0.015028
7.718774, 0.281153, -1.047849, -0.564121, 0.001150, 0.000000, -0.004075
7.726757, 0.286931, -1.051748, -0.566806, 0.001150, 0.000000, 0.042544
7.750942, 0.285627, -1.049371, -0.566959, 0.001150, 0.000000, -0.032381
7.758897, 0.281818, -1.040691, -0.574731, 0.001103, 0.000000, 0.032789
7.782898, 0.280552, -1.044462, -0.567241, 0.000767, 0.000000, -0.032381
7.791028, 0.285627, -1.041637, -0.568813, 0.000695, 0.000000, 0.021596
7.815175, 0.287148, -1.041777, -0.575166, 0.000551, 0.000000, 0.003859
7.823164, 0.283786, -1.044807, -0.570104, 0.000551, 0.000000, -0.003404
7.847188, 0.277625, -1.044807, -0.565681, 0.000551, 0.000000, 0.039979
7.855346, 0.279900, -1.044539, -0.565962, 0.000551, 0.000000, -0.035665
7.879366, 0.279517, -1.039873, -0.568097, 0.001007, 0.000000, 0.037942
7.887347, 0.278111, -1.051186, -0.565259, 0.001007, 0.000000, -0.037918
7.911492, 0.282406, -1.043427, -0.565400, 0.001007, 0.000000, 0.021596
7.919506, 0.285231, -1.047568, -0.572840, 0.000000, 0.000000, -0.025910
7.943633, 0.285947, -1.047811, -0.565860, 0.000000, 0.000000, -0.004123
7.951629, 0.281920, -1.052311, -0.573568, 0.001294, 0.000000, 0.004027
7.975618, 0.278213, -1.043682, -0.574297, 0.001294, 0.000000, -0.041034
7.983757, 0.280655, -1.042059, -0.572162, 0.001294, 0.000000, 0.041921
8.007768, 0.281537, -1.053704, -0.577966, 0.001103, 0.000000, -0.030488
8.015769, 0.279555, -1.048680, -0.569094, 0.000959, 0.000000, 0.029289
8.039937, 0.283186, -1.045906, -0.573274, 0.000695, 0.000000, -0.025694
8.047894, 0.285832, -1.044539, -0.567522, 0.000647, 0.000000, 0.022890
8.072071, 0.280003, -1.049371, -0.566998, 0.000527, 0.000024, 0.004554
8.080058, 0.275874, -1.043158, -0.562306, 0.000120, 0.000024, -0.004314
8.104236, 0.279415, -1.046264, -0.567241, 0.000120, 0.000024, 0.031279
8.112184, 0.284144, -1.048962, -0.568813, 0.000120, 0.000024, -0.003404
8.136389, 0.278008, -1.050074, -0.565962, 0.001031, 0.000024, 0.042616
8.144335, 0.278008, -1.040141, -0.573568, 0.001031, 0.000024, -0.041465
8.168379, 0.287545, -1.048680, -0.569094, 0.000671, 0.000024, 0.033628
8.176371, 0.288708, -1.045638, -0.566755, 0.000671, 0.000024, -0.032381
8.200521, 0.276909, -1.043976, -0.573709, 0.000000, 0.000024, 0.021596
8.208484, 0.272870, -1.037048, -0.568378, 0.006903, 0.000024, -0.016179
8.232651, 0.285627, -1.051186, -0.569439, -0.001079, 0.000024, -0.027180
8.240631, 0.286241, -1.048680, -0.567803, 0.000000, 0.000024, 0.040722
8.264773, 0.276909, -1.038773, -0.564684, 0.000647, 0.000024, -0.038589
8.272767, 0.278584, -1.041509, -0.562869, 0.000647, 0.000024, 0.037870
8.296783, 0.288440, -1.043708, -0.566525, 0.002037, 0.000024, -0.039188
8.304890, 0.283761, -1.047568, -0.572264, 0.002037, 0.000024, 0.032381
8.328985, 0.267513, -1.017937, -0.552821, 0.000407, 0.000024, -0.025910
8.336957, 0.270351, -1.018282, -0.555621, 0.000407, 0.000024, 0.018504
8.361113, 0.264561, -0.978680, -0.533161, -0.000791, 0.000024, 0.003691
8.369081, 0.256533, -0.967622, -0.526564, -0.000791, 0.000024, -0.003643
8.393251, 0.258859, -0.927879, -0.506751, 0.000407, 0.000024, 0.041609
8.400868, 0.251100, -0.925246, -0.498787, 0.000407, 0.000024, -0.040986
8.425257, 0.243571, -0.878907, -0.483370, 0.000407, 0.000192, 0.040147
8.433197, 0.230890, -0.867147, -0.478461, 0.000000, 0.000192, -0.037678
8.457401, 0.223360, -0.839497, -0.460412, 0.000000, 0.000192, 0.019534
8.465385, 0.215563, -0.833680, -0.448357, 0.000000, 0.000192, -0.025910
8.489545, 0.210053, -0.794091, -0.428326, 0.000000, 0.000192, -0.004123
8.497516, 0.214067, -0.778125, -0.436648, 0.000000, 0.000192, 0.042568
8.521520, 0.209746, -0.760343, -0.404191, 0.000000, 0.000192, -0.039884
8.529643, 0.204326, -0.749848, -0.407272, 0.000000, 0.000192, 0.035066
8.553629, 0.185522, -0.712445, -0.378037, 0.000000, 0.000192, -0.038302
8.561809, 0.188143, -0.702704, -0.375966, 0.000000, 0.000192, 0.039069
8.585788, 0.175245, -0.656416, -0.365279, 0.000000, 0.000192, -0.025910
8.593983, 0.167063, -0.650421, -0.356663, 0.000503, 0.000192, 0.025910
8.617904, 0.168290, -0.623180, -0.335226, 0.000503, 0.000312, 0.004027
8.625927, 0.157706, -0.609412, -0.326751, 0.000503, 0.000312, -0.026485
8.649929, 0.159419, -0.574297, -0.304009, 0.000503, 0.000312, 0.039308
8.658084, 0.153066, -0.565822, -0.305697, 0.000503, 0.000312, -0.040962
8.682211, 0.147364, -0.524264, -0.291098, 0.000000, 0.000312, 0.041849
8.690224, 0.147045, -0.519316, -0.285627, 0.000000, 0.000312, -0.043143
8.714217, 0.132165, -0.496089, -0.261863, 0.000000, 0.000312, 0.032046
8.722196, 0.135923, -0.478922, -0.252583, 0.000000, 0.000312, -0.036001
8.746501, 0.122846, -0.435254, -0.233907, 0.000000, 0.000312, 0.011649
8.754540, 0.112070, -0.434027, -0.220101, 0.000000, 0.000312, -0.016179
8.778502, 0.100220, -0.397288, -0.211574, 0.000000, 0.000312, -0.026988
8.786527, 0.100565, -0.392188, -0.216854, 0.000000, 0.000312, -0.010738
8.810557, 0.089636, -0.345644, -0.199929, 0.000000, 0.000240, -0.040986
8.818496, 0.093010, -0.338243, -0.187171, 0.000000, 0.000000, 0.041106
8.842683, 0.079000, -0.304508, -0.161541, 0.000000, 0.000000, -0.040770
8.850676, 0.080892, -0.289347, -0.159611, 0.000000, 0.000000, 0.033532
8.874844, 0.065706, -0.262656, -0.143261, 0.000000, 0.000000, -0.034586
8.882839, 0.068773, -0.251202, -0.135297, 0.000000, 0.000000, 0.032381
8.906970, 0.056860, -0.226978, -0.119817, 0.000000, 0.000000, -0.019175
8.914956, 0.056080, -0.206704, -0.114064, 0.000000, 0.000000, -0.005273
8.939140, 0.051478, -0.171090, -0.096142, 0.000000, 0.000000, 0.003691
8.946981, 0.045610, -0.169057, -0.080419, 0.000000, 0.000000, -0.042304
8.971136, 0.032789, -0.128011, -0.072455, 0.000000, 0.000000, 0.036720
8.979113, 0.032993, -0.115215, -0.058892, 0.000000, 0.000000, -0.032333
9.003393, 0.033019, -0.075906, -0.044805, 0.000000, 0.000000, 0.033724
9.011271, 0.026461, -0.069822, -0.046735, 0.000000, 0.000000, -0.038565
9.035424, 0.010994, -0.034042, -0.027433, 0.000000, 0.000000, 0.032381
9.043424, 0.008360, -0.021898, -0.017449, 0.000000, 0.000000, -0.032381
9.067423, 0.001981, -0.002506, -0.002787, 0.000000, 0.000000, 0.025910
9.075371, 0.001393, 0.000601, 0.023368, 0.000000, 0.000000, -0.021596
9.099705, -0.003784, -0.022639, 0.036125, 0.031399, 0.011769, -0.004027
9.107704, -0.011709, -0.032341, 0.047643, 0.034419, 0.020924, 0.003667
9.131681, -0.018446, -0.061487, 0.095644, 0.065458, 0.041130, -0.042017
9.139727, -0.024275, -0.059953, 0.098776, 0.078137, 0.054049, 0.041609
9.163683, -0.046019, -0.087399, 0.134453, 0.099805, 0.047793, -0.035473
9.171880, -0.052411, -0.094033, 0.153347, 0.117901, 0.056542, 0.037726
9.195873, -0.053037, -0.114627, 0.177213, 0.166868, 0.076891, -0.038254
9.203960, -0.057345, -0.109910, 0.197359, 0.170008, 0.075477, 0.032381
9.227930, -0.071547, -0.123332, 0.236374, 0.170512, 0.096833, -0.018504
9.236014, -0.070205, -0.141050, 0.247482, 0.170080, 0.100667, 0.020493
9.260343, -0.084561, -0.151378, 0.265698, 0.179236, 0.110998, 0.003499
9.268107, -0.080483, -0.164328, 0.284541, 0.208046, 0.133336, -0.003667
9.292280, -0.091553, -0.178479, 0.327748, 0.278298, 0.133840, 0.003571
9.300279, -0.089022, -0.192553, 0.336479, 0.280407, 0.129094, -0.041825
9.324421, -0.096756, -0.199187, 0.367516, 0.246659, 0.154021, 0.040722
9.332429, -0.103441, -0.202805, 0.372693, 0.271682, 0.150258, -0.041082
9.356606, -0.111546, -0.218541, 0.408384, 0.340088, 0.185636, 0.037271
9.364434, -0.120302, -0.233165, 0.417319, 0.311015, 0.165622, -0.033796
9.388597, -0.124930, -0.249374, 0.443730, 0.350323, 0.194528, 0.032381
9.396696, -0.122450, -0.265877, 0.462163, 0.385173, 0.183047, -0.025910
9.420715, -0.138109, -0.271949, 0.493673, 0.349388, 0.197021, 0.016179
9.428710, -0.139413, -0.278034, 0.503222, 0.378438, 0.238486, -0.014381
9.452891, -0.142571, -0.307985, 0.533595, 0.387834, 0.232542, -0.003571
9.460860, -0.155316, -0.313968, 0.554994, 0.385748, 0.243759, 0.043551
9.485013, -0.160096, -0.327748, 0.579359, 0.457414, 0.250327, -0.032957
9.493003, -0.173685, -0.334203, 0.604529, 0.430186, 0.265259, 0.027708
9.517011, -0.174951, -0.354567, 0.637228, 0.501588, 0.253371, -0.026557
9.525126, -0.184384, -0.360805, 0.638302, 0.463861, 0.269094, 0.025119
9.549141, -0.197180, -0.373090, 0.679375, 0.537181, 0.277746, 0.009659
9.557295, -0.191479, -0.387445, 0.688182, 0.493654, 0.287909, 0.004003
9.581314, -0.196886, -0.397927, 0.716075, 0.555756, 0.291480, 0.008796
9.589301, -0.206346, -0.410826, 0.735096, 0.525197, 0.302746, 0.004554
9.613472, -0.209849, -0.432646, 0.760139, 0.556476, 0.333976, 0.009875
9.621413, -0.204556, -0.442464, 0.767348, 0.573110, 0.336158, 0.004314
9.645448, -0.221916, -0.455158, 0.812550, 0.585621, 0.347423, 0.008868
9.653586, -0.232206, -0.454186, 0.817254, 0.647412, 0.364129, 0.003523
9.677571, -0.235837, -0.476237, 0.852881, 0.675575, 0.349388, -0.002493
9.685735, -0.245705, -0.478461, 0.868949, 0.662680, 0.352768, -0.010211
9.709554, -0.247086, -0.509422, 0.898159, 0.680009, 0.384478, -0.038949
9.717894, -0.254193, -0.506751, 0.913383, 0.662416, 0.378318, 0.039979
9.741881, -0.260879, -0.520275, 0.942823, 0.699999, 0.409837, -0.034419
9.749861, -0.261966, -0.533378, 0.957536, 0.762365, 0.410508, 0.033532
9.773875, -0.277906, -0.562166, 0.985787, 0.769819, 0.424337, -0.021596
9.781984, -0.279798, -0.562319, 1.002188, 0.729096, 0.424457, 0.018504
9.806152, -0.287545, -0.568519, 1.030937, 0.786093, 0.431240, 0.031590
9.814112, -0.290459, -0.576342, 1.050892, 0.813178, 0.453052, -0.030248
9.838272, -0.297107, -0.591414, 1.048962, 0.768381, 0.433350, 0.026221
9.846309, -0.296864, -0.589713, 1.055724, 0.794890, 0.454801, -0.030272
9.870421, -0.290574, -0.572111, 1.048962, 0.836619, 0.440061, 0.040387
9.878415, -0.287442, -0.582874, 1.043976, 0.754191, 0.438527, -0.039692
9.902593, -0.288427, -0.585891, 1.055110, 0.776578, 0.428939, 0.042760
9.910468, -0.292939, -0.577672, 1.044807, 0.824539, 0.437041, -0.033796
9.934478, -0.293591, -0.589368, 1.051493, 0.787795, 0.425344, 0.035905
9.942618, -0.290868, -0.590953, 1.035782, 0.774924, 0.432391, -0.032381
9.966752, -0.291507, -0.583935, 1.050585, 0.813849, 0.439917, 0.025910
9.974746, -0.290050, -0.588640, 1.041509, 0.783768, 0.436921, -0.016179
9.998921, -0.294128, -0.590327, 1.043133, 0.749733, 0.447036, -0.003859
10.006873, -0.296122, -0.592027, 1.045804, 0.824323, 0.424146, 0.003595
10.030874, -0.290459, -0.579589, 1.046098, 0.821998, 0.442553, -0.041034
10.039040, -0.289641, -0.585137, 1.050585, 0.765672, 0.433062, 0.042568
10.063043, -0.296327, -0.593433, 1.040959, 0.800762, 0.449528, -0.036408
10.071037, -0.298909, -0.582427, 1.052030, 0.811931, 0.445885, 0.036959
10.095205, -0.294128, -0.594750, 1.043733, 0.768692, 0.454466, -0.032381
10.103151, -0.291929, -0.590953, 1.041777, 0.804549, 0.448450, 0.032381
10.127325, -0.285832, -0.580330, 1.053704, 0.833407, 0.439462, -0.015268
10.135296, -0.288350, -0.582580, 1.051748, 0.758506, 0.453459, 0.018336
10.159455, -0.296250, -0.592027, 1.049243, 0.769315, 0.443512, 0.029050
10.167450, -0.297528, -0.590199, 1.044807, 0.828182, 0.445358, -0.003499
10.191477, -0.290804, -0.582427, 1.050074, 0.774301, 0.429371, 0.035066
10.199465, -0.287954, -0.584690, 1.052311, 0.781779, 0.446436, -0.034131
10.223642, -0.289526, -0.587412, 1.045638, 0.819457, 0.429491, 0.033124
10.231628, -0.293502, -0.580190, 1.056798, 0.783768, 0.438838, -0.028259
10.255745, -0.294627, -0.587272, 1.046188, 0.760471, 0.429467, 0.025910
10.263735, -0.293476, -0.593433, 1.053142, 0.822046, 0.432007, -0.029433
10.287764, -0.290574, -0.579742, 1.047594, 0.818499, 0.427405, 0.029026
10.295867, -0.289871, -0.579781, 1.048131, 0.759081, 0.443129, -0.032381
10.320068, -0.292939, -0.590953, 1.050585, 0.800211, 0.443872, 0.016179
10.328031, -0.293284, -0.590174, 1.046188, 0.801889, 0.430425, 0.003931
10.352039, -0.288018, -0.581225, 1.055954, 0.762365, 0.435842, -0.003236
10.360084, -0.286829, -0.588946, 1.043976, 0.801817, 0.427405, 0.004218
10.384213, -0.292875, -0.589560, 1.052311, 0.829141, 0.464341, -0.035977
10.392151, -0.295342, -0.588946, 1.045906, 0.753688, 0.435435, 0.034922
10.416349, -0.294550, -0.583028, 1.042877, 0.777728, 0.449265, -0.027396
10.424341, -0.292032, -0.590953, 1.045638, 0.825641, 0.442386, 0.031063
10.448317, -0.288759, -0.580931, 1.048131, 0.775140, 0.450990, -0.029289
10.456454, -0.288350, -0.579001, 1.057539, 0.788970, 0.446748, 0.027012
10.480539, -0.296979, -0.596399, 1.039055, 0.815670, 0.443632, -0.032381
10.488486, -0.298398, -0.597664, 1.047849, 0.774301, 0.450080, 0.025910
10.512657, -0.293591, -0.584753, 1.048680, 0.758002, 0.425344, -0.026629
10.520491, -0.289053, -0.592027, 1.038505, 0.828350, 0.458612, 0.029649
10.544659, -0.286151, -0.586658, 1.052860, 0.799683, 0.439629, -0.025910
10.552615, -0.290050, -0.580330, 1.044909, 0.774924, 0.440612, 0.021596
10.576787, -0.295279, -0.585137, 1.049793, 0.802272, 0.429658, 0.004075
10.584788, -0.292338, -0.588333, 1.042544, 0.796088, 0.438143, -0.004602
10.609074, -0.290165, -0.590020, 1.047019, 0.759392, 0.428939, 0.040291
10.616957, -0.291098, -0.583629, 1.050074, 0.805196, 0.432295, -0.038613
10.641094, -0.294013, -0.593740, 1.038773, 0.829476, 0.429658, 0.036983
10.649033, -0.297107, -0.590020, 1.052388, 0.751555, 0.429994, -0.032381
10.673234, -0.294435, -0.577966, 1.044027, 0.789928, 0.450847, 0.036720
10.681212, -0.292032, -0.581826, 1.053985, 0.807665, 0.434764, -0.037750
10.705380, -0.289347, -0.588026, 1.044539, 0.776889, 0.439989, 0.025910
10.713218, -0.293476, -0.575319, 1.050636, 0.790480, 0.429658, -0.025910
10.737365, -0.293898, -0.586658, 1.052030, 0.819074, 0.455688, 0.025910
10.745381, -0.292671, -0.589253, 1.048680, 0.769315, 0.441571, -0.021596
10.769367, -0.286829, -0.582274, 1.054267, 0.754671, 0.460218, -0.003907
10.777488, -0.287097, -0.584229, 1.049089, 0.830890, 0.433877, 0.027276
10.801670, -0.293706, -0.588640, 1.050905, 0.791534, 0.442769, -0.032501
10.809676, -0.295394, -0.596092, 1.048131, 0.767877, 0.470021, 0.006112
10.833625, -0.293054, -0.580931, 1.048131, 0.807809, 0.444998, -0.027132
10.841784, -0.288018, -0.584536, 1.048680, 0.789305, 0.449528, 0.034083
10.865759, -0.288708, -0.587566, 1.047568, 0.761765, 0.420622, -0.030296
10.873797, -0.294320, -0.579142, 1.052860, 0.814184, 0.452764, 0.026365
10.897931, -0.297605, -0.582171, 1.045906, 0.823149, 0.439629, -0.024879
10.906093, -0.296672, -0.592027, 1.046188, 0.750788, 0.441283, 0.030440
10.930090, -0.289641, -0.579142, 1.050291, 0.788442, 0.410843, -0.026797
10.938060, -0.288018, -0.585751, 1.042608, 0.816701, 0.419688, 0.003883
10.962243, -0.289871, -0.587566, 1.060658, 0.775451, 0.433062, 0.008605
10.970221, -0.293054, -0.588486, 1.049793, 0.791654, 0.445358, 0.004123
10.994335, -0.293476, -0.581980, 1.045638, 0.822549, 0.433877, 0.009420
11.002329, -0.289756, -0.582427, 1.041956, 0.772671, 0.419112, 0.003404
11.026335, -0.287442, -0.598764, 1.041509, 0.755054, 0.443512, -0.005561
11.034387, -0.291699, -0.589100, 1.044807, 0.835876, 0.430186, 0.003763
11.058514, -0.294972, -0.588026, 1.039055, 0.792301, 0.453531, -0.035066
11.066516, -0.294320, -0.591720, 1.046737, 0.768381, 0.430186, 0.034874
11.090538, -0.292530, -0.581826, 1.042059, 0.812051, 0.457246, -0.041178
11.098653, -0.291507, -0.579781, 1.051748, 0.784296, 0.448929, 0.038397
11.122837, -0.293591, -0.595146, 1.044539, 0.764258, 0.450463, -0.021596
11.130859, -0.295470, -0.591720, 1.045638, 0.801050, 0.444615, 0.025622
11.154982, -0.294742, -0.589100, 1.061719, 0.824251, 0.435195, -0.030919
11.162954, -0.288938, -0.585891, 1.058012, 0.758290, 0.449265, 0.034706
11.186976, -0.287033, -0.584229, 1.059917, 0.782929, 0.433685, -0.028858
11.194961, -0.291431, -0.580036, 1.056951, 0.818547, 0.452309, 0.036192
11.219120, -0.294972, -0.584076, 1.055392, 0.764570, 0.431576, -0.030392
11.227105, -0.294627, -0.585891, 1.050905, 0.785518, 0.439989, 0.031878
11.251250, -0.289462, -0.585290, 1.050150, 0.812938, 0.433877, -0.033436
11.259235, -0.287954, -0.582171, 1.061055, 0.770634, 0.438838, 0.032381
11.283249, -0.290063, -0.589560, 1.048131, 0.758793, 0.433302, -0.032381
11.291386, -0.296007, -0.592347, 1.053142, 0.825833, 0.427405, 0.032333
11.315403, -0.299778, -0.579001, 1.043733, 0.791103, 0.430881, -0.029433
11.323391, -0.295585, -0.588640, 1.040474, 0.772503, 0.439629, 0.032381
11.347535, -0.288938, -0.586351, 1.041777, 0.802104, 0.445909, -0.033700
11.355526, -0.290574, -0.585444, 1.043976, 0.789928, 0.416811, 0.032381
11.379557, -0.294205, -0.589100, 1.058268, 0.764857, 0.449888, -0.027660
11.387651, -0.294857, -0.589534, 1.043158, 0.804309, 0.438527, 0.021596
11.411667, -0.291009, -0.585891, 1.053142, 0.818187, 0.448378, -0.029673
11.419833, -0.288427, -0.587873, 1.050636, 0.765361, 0.439629, 0.023441
11.443812, -0.287212, -0.591414, 1.043976, 0.782929, 0.452764, -0.026221
11.451976, -0.290280, -0.596552, 1.049243, 0.818187, 0.436921, 0.018504
11.476146, -0.292875, -0.585891, 1.043158, 0.774924, 0.435195, -0.032381
11.483966, -0.289974, -0.584485, 1.051966, 0.796400, 0.456479, 0.018504
11.508115, -0.289564, -0.588640, 1.043976, 0.820656, 0.434764, -0.032381
11.516100, -0.297298, -0.583283, 1.053985, 0.770921, 0.454466, 0.030823
11.540281, -0.300213, -0.592500, 1.047568, 0.772863, 0.428939, -0.025910
11.548243, -0.298270, -0.589100, 1.038773, 0.809918, 0.450655, 0.016179
11.572265, -0.291213, -0.584076, 1.055110, 0.800019, 0.439821, -0.018504
11.580390, -0.289641, -0.586351, 1.048962, 0.766176, 0.436561, 0.009971
11.604584, -0.286522, -0.582171, 1.037955, 0.798413, 0.429611, 0.003547
11.612541, -0.287634, -0.572162, 1.021094, 0.760471, 0.416452, 0.010211
11.636544, -0.279913, -0.553499, 0.994173, 0.717448, 0.400009, 0.002972
11.644672, -0.271042, -0.546557, 0.975062, 0.742567, 0.404108, -0.027372
11.668715, -0.265097, -0.523714, 0.939908, 0.734154, 0.402814, 0.034011
11.676713, -0.264075, -0.519917, 0.931957, 0.688398, 0.388289, -0.029937
11.700972, -0.248761, -0.497457, 0.905419, 0.658006, 0.382393, 0.035210
11.708989, -0.249975, -0.496959, 0.881361, 0.658270, 0.366022, -0.030440
11.732986, -0.238202, -0.474051, 0.850439, 0.644991, 0.358472, 0.034874
11.740980, -0.243532, -0.467966, 0.842028, 0.671476, 0.365135, -0.032238
11.765098, -0.227489, -0.450505, 0.805608, 0.653596, 0.334072, 0.032381
11.773107, -0.224664, -0.452486, 0.802285, 0.580228, 0.328416, -0.036456
11.797297, -0.218771, -0.433886, 0.766696, 0.561797, 0.321417, 0.033244
11.805284, -0.206372, -0.424043, 0.749848, 0.539027, 0.318013, -0.032381
11.829297, -0.194381, -0.409113, 0.720536, 0.509905, 0.307491, 0.025910
11.837265, -0.199379, -0.396419, 0.716420, 0.527186, 0.317846, -0.025910
11.861288, -0.187210, -0.384058, 0.677559, 0.470980, 0.281198, -0.005273
11.869293, -0.179604, -0.374879, 0.661529, 0.501947, 0.273696, 0.004578
11.893451, -0.177482, -0.349658, 0.623691, 0.443081, 0.278465, -0.038445
11.901526, -0.167460, -0.345427, 0.617402, 0.476709, 0.276572, 0.038278
11.925579, -0.172522, -0.322941, 0.589100, 0.408327, 0.231391, -0.038541
11.933545, -0.161234, -0.319106, 0.578554, 0.424817, 0.248121, 0.037942
11.957711, -0.158550, -0.300775, 0.548462, 0.386012, 0.233405, -0.034203
11.965672, -0.146163, -0.292530, 0.528891, 0.377239, 0.242009, 0.026078
11.989828, -0.139285, -0.282700, 0.509039, 0.381578, 0.218329, -0.032381
11.997939, -0.132037, -0.283262, 0.486515, 0.342485, 0.194384, 0.031231
12.021824, -0.120123, -0.249566, 0.460974, 0.362882, 0.177247, -0.019462
12.029978, -0.124930, -0.244900, 0.435254, 0.364776, 0.199585, 0.013494
12.054010, -0.115087, -0.223936, 0.408678, 0.285033, 0.165550, -0.016754
12.062195, -0.104132, -0.226569, 0.397646, 0.305502, 0.171398, 0.014381
12.086160, -0.100604, -0.206704, 0.365139, 0.275182, 0.137195, 0.004242
12.094115, -0.094071, -0.196183, 0.353992, 0.237935, 0.149132, -0.004818
12.118254, -0.083934, -0.171883, 0.310312, 0.229210, 0.129837, 0.005033
12.126250, -0.087884, -0.176369, 0.302105, 0.245725, 0.133984, -0.033652
12.150398, -0.076789, -0.150714, 0.289641, 0.202893, 0.133720, 0.005417
12.158430, -0.077888, -0.156389, 0.269648, 0.179332, 0.110159, -0.035665
12.182450, -0.061436, -0.127499, 0.230545, 0.154692, 0.089426, 0.034131
12.190421, -0.059812, -0.118027, 0.215563, 0.160373, 0.081253, -0.033029
12.214581, -0.057409, -0.100898, 0.182071, 0.160589, 0.065194, 0.024664
12.222700, -0.050928, -0.103135, 0.174874, 0.150474, 0.063564, -0.033508
12.246728, -0.038618, -0.076367, 0.132127, 0.096257, 0.056302, -0.008653
12.254848, -0.037506, -0.076558, 0.130529, 0.083818, 0.044725, -0.004362
12.278899, -0.028276, -0.049266, 0.096539, 0.049447, 0.034946, -0.008653
12.286848, -0.021642, -0.048256, 0.078514, 0.048560, 0.037391, 0.016179
12.311031, -0.009421, -0.032929, 0.055466, 0.033891, 0.023849, -0.018504
12.319015, -0.005970, -0.024863, 0.047630, 0.023441, 0.018504, -0.004626
12.343075, -0.001304, -0.003132, 0.010763, 0.008077, 0.004458, 0.004985
12.351011, -0.001304, -0.001764, 0.003272, 0.004027, 0.002876, -0.004434
12.375197, -0.001035, 0.028558, 0.002812, 0.001606, 0.001150, 0.037487
12.383190, -0.000856, 0.041903, 0.005804, 0.001342, 0.001150, -0.037511
12.407465, -0.000550, 0.088204, 0.015570, 0.000887, 0.001150, 0.038206
12.415422, -0.000486, 0.092218, 0.017206, 0.000791, 0.001150, -0.036935
12.439475, -0.000371, 0.123370, 0.029056, 0.000599, 0.000935, 0.032381
12.447310, -0.000345, 0.146048, 0.037544, 0.000575, 0.000839, -0.029889
12.471618, -0.000281, 0.171026, 0.045764, 0.000455, 0.000647, 0.030823
12.479457, -0.000268, 0.192374, 0.040587, 0.000431, 0.000599, -0.032477
12.503591, -0.000217, 0.218925, 0.048602, 0.000383, 0.000479, 0.030104
12.511769, -0.000217, 0.221021, 0.056003, 0.000360, 0.000455, -0.031135
12.535732, -0.000038, 0.263653, 0.048320, 0.000312, 0.000383, 0.027731
12.543765, -0.000038, 0.270351, 0.047451, 0.000288, 0.000360, -0.025910
12.567882, -0.000038, 0.305697, 0.065578, 0.000264, 0.000312, 0.021596
12.575901, -0.000038, 0.319720, 0.061640, 0.000264, 0.000312, -0.011769
12.599881, -0.000038, 0.350131, 0.069374, -0.000048, 0.000264, 0.024568
12.608003, -0.000038, 0.355513, 0.075267, -0.000048, 0.000264, -0.022914
12.631995, -0.000038, 0.400241, 0.072506, -0.000048, 0.000240, 0.016179
12.640183, -0.000038, 0.406275, 0.083525, -0.000048, 0.000240, -0.021404
12.664201, -0.000320, 0.436034, 0.078195, -0.000048, 0.000216, 0.021596
12.672189, -0.000320, 0.442860, 0.091438, -0.000048, 0.000216, -0.024064
12.696345, -0.000320, 0.488726, 0.097178, -0.000048, 0.000192, -0.008485
12.704338, -0.000320, 0.492203, 0.107328, -0.000048, 0.000192, 0.007023
12.728487, -0.000320, 0.531026, 0.115394, -0.000048, 0.000168, -0.018504
12.736330, -0.000320, 0.538389, 0.104170, -0.000048, 0.000168, 0.022746
12.760480, -0.000371, 0.575460, 0.107954, -0.000407, 0.000144, -0.021596
12.768593, -0.000371, 0.590020, 0.113118, -0.000407, 0.000144, 0.024879
12.792604, -0.000371, 0.616059, 0.119842, -0.000407, 0.000144, -0.032381
12.800757, -0.000371, 0.626363, 0.122744, -0.000407, 0.000144, 0.025910
12.824768, -0.000550, 0.664751, 0.131488, -0.000815, 0.000120, -0.029625
12.832725, -0.000550, 0.673788, 0.138109, -0.000815, 0.000120, 0.026365
12.856944, -0.000550, 0.708699, 0.154037, 0.000000, 0.000120, -0.033532
12.864756, -0.000550, 0.727542, 0.146840, 0.000000, 0.000120, 0.030799
12.889064, -0.000652, 0.747279, 0.154919, -0.001702, 0.000120, -0.004578
12.897063, -0.000652, 0.763833, 0.143555, -0.001702, 0.000120, 0.004242
12.921067, -0.000652, 0.796532, 0.157821, 0.000000, 0.000096, -0.037415
12.929063, -0.000665, 0.804573, 0.154101, 0.000000, 0.000096, 0.036192
12.953210, -0.000665, 0.846157, 0.176127, 0.000000, 0.000096, -0.036480
12.961193, -0.000665, 0.854990, 0.164750, 0.000000, 0.000096, 0.036624
12.985372, -0.000601, 0.888047, 0.179693, 0.000000, 0.000096, -0.035377
12.993339, -0.000537, 0.900536, 0.167741, -0.000168, 0.000096, 0.037894
13.017478, -0.000435, 0.936585, 0.189191, -0.000168, 0.000096, -0.038541
13.025463, -0.000435, 0.945712, 0.189472, -0.000168, 0.000096, 0.038086
13.049507, -0.000435, 0.978705, 0.195480, -0.000168, 0.000072, -0.032381
13.057625, -0.000435, 0.991642, 0.207241, -0.000168, 0.000072, 0.032022
13.081635, -0.000562, 1.026923, 0.209069, -0.000168, 0.000072, -0.036049
13.089596, -0.000562, 1.034708, 0.200964, -0.000168, 0.000072, 0.033340
13.113629, -0.001266, 1.049690, 0.209350, -0.000168, 0.000072, -0.029841
13.121735, -0.001266, 1.052030, 0.211498, -0.000168, 0.000072, 0.031159
13.145934, -0.000920, 1.048962, 0.206269, -0.000407, 0.000072, -0.033556
13.153867, -0.000882, 1.048680, 0.204531, -0.000407, 0.000072, 0.032142
13.177888, -0.001266, 1.049793, 0.205796, 0.000000, 0.000072, -0.016179
13.185987, -0.001266, 1.044909, 0.207727, 0.000000, 0.000072, 0.020613
13.210208, -0.002084, 1.047019, 0.210922, 0.000000, 0.000072, 0.007718
13.218159, -0.001675, 1.043708, 0.212009, 0.000000, 0.000072, -0.008149
13.242213, -0.000805, 1.050585, 0.207381, 0.000000, 0.000072, 0.016179
13.250204, -0.000690, 1.041062, 0.198753, 0.000000, 0.000072, -0.021596
13.274337, -0.005139, 1.050291, 0.203201, 0.000000, 0.000072, 0.019846
13.282343, -0.002787, 1.040141, 0.210705, 0.000000, 0.000048, 0.007071
13.306498, -0.000997, 1.047849, 0.208084, 0.000000, 0.000048, -0.016179
13.314454, -0.000818, 1.038710, 0.195237, 0.000000, 0.000048, 0.021596
13.338487, -0.000537, 1.042877, 0.208289, -0.000336, 0.000048, -0.024040
13.346497, -0.000486, 1.041062, 0.220970, -0.000336, 0.000048, 0.032118
13.370645, -0.000371, 1.045088, 0.213696, -0.000336, 0.000048, -0.026437
13.378631, -0.000332, 1.044539, 0.212150, -0.000336, 0.000048, 0.004051
13.402814, -0.000281, 1.039886, 0.205451, -0.000336, 0.000048, -0.004578
13.410793, -0.000281, 1.044807, 0.207164, -0.000336, 0.000048, 0.004890
13.434952, -0.000281, 1.038505, 0.202677, -0.000144, 0.000048, 0.009324
13.442934, -0.001061, 1.048489, 0.208788, -0.000144, 0.000048, -0.018504
13.467091, -0.001061, 1.044539, 0.203355, -0.000144, 0.000048, 0.014381
13.475070, -0.000997, 1.042660, 0.202409, -0.000144, 0.000048, -0.025862
13.499245, -0.000601, 1.033622, 0.210207, -0.001150, 0.000048, 0.018504
13.507208, -0.000575, 1.042059, 0.219704, -0.001150, 0.000048, -0.026221
13.531215, -0.000575, 1.039592, 0.212520, -0.001438, 0.000048, 0.018504
13.539372, -0.000575, 1.046188, 0.198574, -0.001438, 0.000048, -0.026126
13.563387, -0.000678, 1.043708, 0.204697, -0.002828, 0.000048, 0.033412
13.571364, -0.000678, 1.050074, 0.214297, -0.002589, 0.000048, -0.027108
13.595505, -0.001253, 1.049243, 0.208506, -0.001318, -0.000048, 0.031039
13.603496, -0.001253, 1.052030, 0.201565, -0.001127, -0.000048, -0.025431
13.627542, -0.000946, 1.050074, 0.205144, -0.000791, 0.000000, 0.003811
13.635503, -0.000793, 1.044539, 0.214067, -0.000791, 0.000000, 0.009300
13.659679, -0.000652, 1.052311, 0.217621, -0.002996, 0.000000, 0.003308
13.667666, -0.000652, 1.045906, 0.215639, -0.002181, 0.000000, 0.008796
13.691811, -0.001266, 1.056159, 0.209989, -0.001198, 0.000000, -0.021596
13.699792, -0.001266, 1.045638, 0.202281, -0.001031, 0.000000, 0.009108
13.723950, -0.000767, 1.053014, 0.208788, -0.000743, 0.000000, -0.025910
13.731948, -0.000652, 1.043427, 0.213773, -0.000671, 0.000000, 0.014381
13.756090, -0.000626, 1.045638, 0.209964, -0.000551, 0.000000, -0.027348
13.764064, -0.001329, 1.040691, 0.193371, -0.000503, 0.000000, 0.021596
13.788051, 0.000000, 1.045906, 0.208788, -0.005393, 0.000000, -0.030416
13.796229, 0.000000, 1.042059, 0.218707, -0.005393, 0.000000, 0.025478
13.820268, -0.001138, 1.040870, 0.212303, -0.001894, 0.000000, -0.033148
13.828193, -0.001138, 1.039592, 0.204825, -0.001534, 0.000000, 0.031710
13.852403, -0.001138, 1.038773, 0.202319, -0.000959, 0.000000, -0.027012
13.860375, -0.000703, 1.040959, 0.206704, -0.000863, 0.000000, 0.004434
13.884551, -0.000703, 1.039873, 0.205247, -0.000647, 0.000000, 0.008940
13.892521, -0.000703, 1.044973, 0.204429, -0.000599, 0.000000, -0.014381
13.916665, -0.000179, 1.042877, 0.195621, -0.000575, 0.000000, -0.004530
13.924672, -0.000179, 1.049371, 0.204416, -0.000575, 0.000000, 0.004003
13.948690, -0.000703, 1.040141, 0.213990, 0.000000, 0.000000, 0.008701
13.956815, -0.000703, 1.049243, 0.222235, 0.000000, 0.000000, 0.004266
13.980956, -0.000703, 1.042059, 0.214962, 0.000000, 0.000000, 0.010474
13.988957, -0.000703, 1.050905, 0.202115, 0.000000, 0.000000, -0.022698
14.013093, -0.000179, 1.048680, 0.205758, -0.001103, 0.000000, 0.016179
14.021082, -0.000179, 1.053985, 0.216854, -0.001103, 0.000000, -0.025838
14.045089, -0.000179, 1.048131, 0.206793, 0.000000, 0.000000, 0.021596
14.053065, -0.000179, 1.047300, 0.202946, -0.001031, 0.000000, -0.025526
14.077277, -0.000179, 1.050074, 0.203815, -0.001031, 0.000000, 0.021140
14.085261, -0.000179, 1.048131, 0.213223, -0.001031, 0.000000, -0.029194
14.109303, -0.000422, 1.053142, 0.216624, -0.001031, 0.000000, -0.008317
14.117256, -0.000422, 1.044807, 0.214668, -0.000911, 0.000000, -0.003931
14.141399, -0.000422, 1.052030, 0.206678, -0.000743, 0.000000, 0.005009
14.149384, -0.000422, 1.040959, 0.203010, -0.000743, 0.000000, 0.009156
14.173555, -0.000447, 1.047555, 0.206972, -0.000743, 0.000000, -0.018504
14.181536, -0.000447, 1.040141, 0.211715, -0.000743, 0.000000, 0.009611
14.205713, -0.000447, 1.047568, 0.209107, -0.000671, 0.000000, -0.021596
14.213695, -0.000447, 1.042059, 0.193192, -0.000671, 0.000000, 0.023968
14.237829, -0.000678, 1.043951, 0.210603, -0.000671, 0.000000, -0.016179
14.245827, -0.000678, 1.042059, 0.219474, -0.000671, 0.000000, 0.025287
14.269830, -0.000678, 1.031423, 0.217697, -0.000671, 0.000000, -0.028259
14.277930, -0.000793, 1.030273, 0.207445, -0.000671, 0.000000, 0.016179
14.301980, -0.001713, 1.035207, 0.205592, -0.000647, 0.000000, -0.029913
14.310117, -0.001713, 1.037252, 0.207241, -0.000599, 0.000000, 0.024520
14.334141, -0.001240, 1.038416, 0.204416, -0.000144, 0.000000, -0.025910
14.342095, -0.001240, 1.039592, 0.204697, -0.000144, 0.000000, 0.024544
14.366099, -0.001969, 1.050636, 0.198216, -0.001822, 0.000000, -0.029457
14.374239, -0.001969, 1.054829, 0.201233, -0.001822, 0.000000, 0.023753
14.398279, -0.002991, 1.046737, 0.209069, -0.001366, 0.000000, 0.012943
14.406368, -0.003439, 1.054267, 0.219014, -0.001174, 0.000000, -0.016179
14.430518, -0.001598, 1.050636, 0.211076, -0.000815, 0.000000, 0.020325
14.438399, -0.004730, 1.058217, 0.201872, -0.000743, 0.000000, -0.021691
14.462542, -0.001470, 1.039873, 0.203086, -0.000575, 0.000000, -0.007862
14.470547, -0.001125, 1.043158, 0.216700, -0.000575, 0.000000, 0.011769
14.494711, -0.001023, 1.041062, 0.207100, -0.002637, 0.000000, -0.021596
14.502679, -0.001023, 1.043976, 0.202204, -0.002637, 0.000000, 0.022171
14.526708, -0.000908, 1.044807, 0.204019, -0.002637, 0.000000, -0.021500
14.534825, -0.000908, 1.043708, 0.216317, -0.002157, 0.000000, -0.007694
14.558833, -0.000856, 1.049690, 0.221047, -0.001198, 0.000000, 0.012943
14.566800, -0.000729, 1.043733, 0.217928, -0.001031, 0.000000, -0.019750
14.590992, -0.000499, 1.046098, 0.212380, -0.000216, 0.000000, 0.021596
14.598954, -0.000447, 1.041062, 0.204901, -0.000216, 0.000000, -0.029889
14.623140, -0.000345, 1.046993, 0.208430, -0.001630, 0.000000, 0.021596
14.631116, -0.000320, 1.045638, 0.211792, -0.001630, 0.000000, -0.025407
14.655292, -0.000268, 1.049793, 0.210270, -0.001606, 0.000000, 0.025910
14.663116, -0.000243, 1.047849, 0.192463, -0.001342, 0.000000, -0.027252
14.687298, -0.000243, 1.047849, 0.208711, -0.000887, 0.000000, 0.029146
14.695296, -0.000243, 1.043133, 0.216163, -0.000791, 0.000000, -0.026749
14.719438, -0.000243, 1.045906, 0.213556, -0.000767, 0.000000, 0.031303
14.727416, -0.000639, 1.047019, 0.206474, -0.000767, 0.000000, -0.027803
14.751577, -0.000639, 1.045906, 0.205029, -0.000767, 0.000000, 0.031111
14.759554, -0.000639, 1.043733, 0.205170, 0.000000, 0.000000, -0.026893
14.783695, -0.000614, 1.044807, 0.202895, 0.000000, 0.000000, 0.004458
14.791709, -0.000550, 1.043976, 0.206167, 0.000000, 0.000000, 0.009156
14.815827, -0.000409, 1.042608, 0.198574, 0.000000, 0.000000, -0.009324
14.823917, -0.000409, 1.043708, 0.202409, 0.000000, 0.000000, 0.007358
14.847865, -0.000409, 1.044539, 0.209555, 0.000000, 0.000000, -0.016179
14.855991, -0.000409, 1.050636, 0.221596, 0.000000, 0.000000, 0.020565
14.879840, -0.000601, 1.040959, 0.215409, 0.000000, 0.000000, -0.030200
14.887999, -0.000601, 1.047300, 0.205247, 0.000000, 0.000000, 0.026150
14.912116, -0.000601, 1.044909, 0.207215, -0.000407, 0.000000, -0.030608
14.920151, -0.000601, 1.047019, 0.215115, -0.000407, 0.000000, 0.026078
14.944168, -0.000588, 1.043976, 0.206269, -0.000407, 0.000000, -0.003427
14.952163, -0.000588, 1.047019, 0.206372, -0.000407, 0.000000, 0.006424
14.976335, -0.000588, 1.049243, 0.204940, -0.000407, 0.000000, -0.004290
14.984430, -0.000588, 1.047019, 0.211140, -0.000407, 0.000000, 0.036720
15.008612, -0.000780, 1.045906, 0.214220, -0.000407, 0.000000, -0.036073
15.016435, -0.000780, 1.046188, 0.216624, -0.000407, 0.000000, 0.037103
15.040583, -0.001150, 1.048962, 0.212520, -0.000575, 0.000000, -0.035689
15.048548, -0.001150, 1.046405, 0.204352, -0.000575, 0.000000, 0.033340
15.072736, -0.000946, 1.048195, 0.204237, -0.000575, 0.000000, -0.033484
15.080739, -0.002608, 1.050074, 0.210168, -0.000575, 0.000000, 0.032957
15.104915, -0.001917, 1.048131, 0.211856, -0.000575, 0.000000, -0.032381
15.112887, -0.001917, 1.046993, 0.195429, -0.000575, 0.000000, 0.025910
15.136914, -0.004065, 1.048680, 0.208928, -0.000623, 0.000000, -0.025910
15.144890, -0.002211, 1.045216, 0.214898, -0.000623, 0.000000, 0.021596
15.169039, -0.000908, 1.052860, 0.214898, -0.000623, 0.000000, -0.018504
15.177037, -0.000895, 1.043708, 0.213671, -0.000623, 0.000000, -0.004171
15.201180, -0.001828, 1.048131, 0.212738, -0.001031, 0.000000, 0.004099
15.209169, -0.001317, 1.043708, 0.206372, -0.001031, 0.000000, -0.004147
15.233348, -0.000716, 1.044807, 0.199788, -0.001031, 0.000000, 0.004338
15.241305, -0.000614, 1.046737, 0.207305, -0.001031, 0.000000, -0.004123
15.265339, -0.000614, 1.043976, 0.205720, -0.000815, 0.000000, 0.037607
15.273293, -0.000614, 1.048195, 0.200773, -0.000743, 0.000000, -0.034203
15.297473, -0.000678, 1.044027, 0.204774, -0.000743, 0.000000, 0.022962
15.305439, -0.000678, 1.047300, 0.217084, -0.000743, 0.000000, -0.003763
15.329611, -0.000678, 1.043733, 0.212341, -0.000743, 0.000000, -0.009635
15.337589, -0.000678, 1.046405, 0.207241, -0.000743, 0.000000, -0.003499
15.361775, -0.000575, 1.046188, 0.210207, -0.000887, 0.000000, -0.009084
15.369750, -0.000524, 1.046737, 0.207663, -0.000887, 0.000000, 0.016179
15.393749, -0.000524, 1.047568, 0.202140, -0.000887, 0.000000, -0.014381
15.401882, -0.000524, 1.047568, 0.209925, -0.000887, 0.000000, 0.020205
15.425875, -0.000882, 1.043976, 0.208506, 0.000000, 0.000000, -0.023633
15.434045, -0.000882, 1.045088, 0.208928, 0.000000, 0.000000, 0.018504
15.458027, -0.000780, 1.048131, 0.208647, 0.000000, 0.000000, -0.023106
15.466042, -0.000665, 1.048680, 0.219398, 0.000000, 0.000000, 0.023633
15.490028, -0.000550, 1.047568, 0.217161, 0.000000, 0.000000, 0.008413
15.498170, -0.000550, 1.051186, 0.210270, 0.000000, 0.000000, -0.011769
15.522169, -0.001240, 1.042148, 0.207305, 0.000000, 0.000000, 0.022938
15.530297, -0.001240, 1.041777, 0.206167, 0.000000, 0.000000, -0.024568
15.554434, -0.000805, 1.043976, 0.206346, 0.000000, 0.000000, -0.009396
15.562416, -0.000690, 1.044539, 0.202895, 0.000000, 0.000000, -0.005273
15.586610, -0.000486, 1.050074, 0.214451, 0.000000, 0.000000, -0.014381
15.594468, -0.000486, 1.043976, 0.208353, 0.000000, 0.000000, 0.010139
15.618605, -0.001636, 1.050675, 0.206883, 0.000000, 0.000000, -0.009012
15.626758, -0.001214, 1.043976, 0.214514, 0.000000, 0.000000, 0.011769
15.650845, -0.000678, 1.049243, 0.217045, 0.000000, 0.000000, -0.021596
15.658779, -0.000588, 1.044807, 0.206883, 0.000000, 0.000000, 0.024328
15.682932, -0.003579, 1.050905, 0.200044, -0.000216, 0.000000, -0.030296
15.690918, -0.002033, 1.050636, 0.204556, -0.000216, 0.000000, 0.024807
15.715068, -0.000933, 1.044807, 0.209491, -0.000216, 0.000000, -0.026941
15.723056, -0.000933, 1.049793, 0.202217, -0.000216, 0.000000, 0.029242
15.747071, -0.001790, 1.045088, 0.206269, -0.000911, 0.000000, -0.031686
15.755191, -0.001304, 1.045906, 0.211076, 0.000000, 0.000000, 0.027923
15.779212, -0.001304, 1.045740, 0.208430, 0.000000, 0.000000, -0.029577
15.787185, -0.001176, 1.044462, 0.213108, 0.000000, 0.000000, 0.033436
15.811372, -0.001061, 1.024265, 0.213172, 0.000000, 0.000000, 0.008677
15.819297, -0.001061, 1.010408, 0.197845, 0.000000, 0.000000, 0.003499
15.843503, -0.001099, 0.972237, 0.184768, 0.000000, 0.000000, 0.009492
15.851477, -0.001099, 0.960298, 0.191786, 0.000000, 0.000000, 0.005441
15.875533, -0.000729, 0.927624, 0.175104, -0.000623, 0.000000, 0.012943
15.883489, -0.000678, 0.916848, 0.187043, -0.000623, 0.000000, -0.021596
15.907660, -0.002173, 0.880441, 0.179846, -0.000935, 0.000000, 0.014381
15.915647, -0.002084, 0.869614, 0.169326, -0.000935, 0.000000, -0.025910
15.939656, -0.000895, 0.837426, 0.172956, -0.000935, 0.000000, 0.032381
15.947642, -0.000741, 0.826202, 0.154919, -0.000935, 0.000000, -0.033604
15.971935, -0.000499, 0.799191, 0.167536, -0.000288, 0.000000, 0.032621
15.979920, -0.000473, 0.776629, 0.151762, -0.000288, 0.000000, -0.034155
16.004061, -0.002275, 0.757889, 0.155622, -0.000288, 0.000000, 0.030152
16.012065, -0.001534, 0.743546, 0.140078, -0.001438, 0.000000, -0.025910
16.036055, -0.000767, 0.703599, 0.132204, -0.001438, 0.000000, 0.021596
16.044063, -0.000665, 0.700275, 0.141292, -0.001438, 0.000000, -0.018504
16.068211, -0.000460, 0.656646, 0.125786, -0.001007, 0.000000, 0.018504
16.076204, -0.000422, 0.650370, 0.126157, -0.000887, 0.000000, -0.016179
16.100358, -0.000332, 0.617402, 0.133277, -0.000743, 0.000000, 0.009468
16.108362, -0.000307, 0.603915, 0.122591, 0.000000, 0.000000, 0.003715
16.132469, -0.000294, 0.579742, 0.115381, 0.000000, 0.000000, 0.008725
16.140527, -0.000294, 0.563687, 0.116416, 0.000000, 0.000000, -0.018504
16.164535, -0.000294, 0.528047, 0.106714, 0.000000, 0.000000, 0.014381
16.172527, -0.000294, 0.515469, 0.109846, 0.000000, 0.000000, -0.025502
16.196663, -0.000294, 0.481657, 0.103493, 0.000000, 0.000000, 0.021596
16.204687, -0.000294, 0.466867, 0.094161, 0.000000, 0.000000, -0.026126
16.228805, -0.000358, 0.446772, 0.095899, 0.000000, 0.000000, 0.027899
16.236801, -0.000358, 0.427597, 0.085468, 0.000000, 0.000000, -0.026869
16.260818, -0.000358, 0.398541, 0.080636, 0.000000, 0.000000, 0.032381
16.268563, -0.000358, 0.379865, 0.069361, 0.000000, 0.000000, -0.032957
16.292931, -0.000358, 0.342742, 0.069515, 0.000000, 0.000000, 0.032957
16.301060, -0.000358, 0.335584, 0.060362, 0.000000, 0.000000, -0.032381
16.325115, -0.000345, 0.303562, 0.057921, 0.000000, 0.000000, 0.022099
16.333070, -0.000320, 0.288133, 0.059403, 0.000000, 0.000000, -0.023849
16.357247, -0.000268, 0.263410, 0.041469, 0.000000, 0.000000, -0.010786
16.365259, -0.000256, 0.251036, 0.039884, 0.000000, 0.000000, 0.014381
16.389431, -0.000217, 0.220177, 0.048448, 0.000000, 0.000000, -0.025287
16.397413, -0.000205, 0.203815, 0.042069, 0.000000, 0.000000, 0.021596
16.421541, -0.000179, 0.166450, 0.023777, 0.000000, 0.000000, -0.025550
16.429531, -0.000179, 0.166053, 0.022831, 0.000000, 0.000000, 0.028211
16.453538, -0.000153, 0.124636, 0.029708, 0.000000, 0.000000, -0.026102
16.461524, -0.000153, 0.109040, 0.030871, 0.000000, 0.000000, 0.032333
16.485697, -0.000141, 0.077223, 0.023214, 0.000000, 0.000000, -0.033843
16.493689, -0.000128, 0.072954, 0.019622, 0.000000, 0.000000, 0.004506
16.517833, -0.000115, 0.034489, 0.006085, 0.000000, 0.000000, -0.004482
16.525806, -0.000115, 0.018203, 0.005791, 0.000000, 0.000000, 0.003931
16.549828, -0.000115, -0.020798, -0.000447, 0.000000, 0.000000, -0.036408
16.557918, -0.000115, -0.006724, -0.011326, -0.000144, 0.000000, 0.037750
16.581955, -0.000115, -0.002684, -0.041187, -0.039356, -0.013710, -0.041010
16.590069, -0.000115, -0.006532, -0.058317, -0.050813, -0.033796, 0.040722
16.614102, 0.006673, -0.005829, -0.095554, -0.076483, -0.059250, -0.028690
16.622206, 0.005663, -0.005778, -0.108414, -0.081349, -0.056446, 0.033891
16.646396, 0.014419, -0.003439, -0.150215, -0.126553, -0.068933, -0.028666
16.654348, 0.013448, -0.013077, -0.149180, -0.152943, -0.082356, 0.021188
16.678264, 0.014688, -0.008833, -0.191121, -0.184389, -0.085400, -0.004266
16.686355, 0.015557, -0.014228, -0.194317, -0.192419, -0.098630, 0.003763
16.710358, 0.022652, -0.019929, -0.227323, -0.180435, -0.117805, -0.004770
16.718456, 0.025694, -0.024633, -0.238751, -0.184965, -0.115168, 0.003475
16.742653, 0.037263, -0.032725, -0.272320, -0.251573, -0.125331, -0.003763
16.750663, 0.039462, -0.033364, -0.288938, -0.282013, -0.139544, 0.005009
16.774666, 0.032559, -0.023687, -0.324884, -0.262311, -0.167036, 0.021596
16.782644, 0.030910, -0.020824, -0.331493, -0.253922, -0.158767, -0.021596
16.806877, 0.035959, -0.024109, -0.375276, -0.348262, -0.173603, 0.023177
16.814785, 0.039884, -0.028647, -0.385400, -0.349604, -0.187913, -0.012943
16.838974, 0.040587, -0.039845, -0.408857, -0.336613, -0.193785, 0.024376
16.847017, 0.038324, -0.038388, -0.434628, -0.376544, -0.212864, -0.029913
16.871151, 0.044409, -0.025260, -0.454979, -0.377503, -0.224992, 0.025646
16.878967, 0.047374, -0.024173, -0.460782, -0.384909, -0.228491, -0.028858
16.903079, 0.043386, -0.038989, -0.494223, -0.437736, -0.251741, 0.003859
16.911100, 0.043961, -0.044434, -0.509422, -0.410532, -0.247858, 0.008509
16.935238, 0.058368, -0.042287, -0.543783, -0.484882, -0.279089, -0.018504
16.943256, 0.056949, -0.038017, -0.564569, -0.452309, -0.275062, 0.012943
16.967448, 0.050136, -0.046428, -0.592500, -0.525412, -0.280407, -0.023106
16.975398, 0.057729, -0.050570, -0.605986, -0.487039, -0.291768, 0.021596
16.999423, 0.061909, -0.048614, -0.632409, -0.550555, -0.304855, -0.024664
17.007531, 0.059621, -0.048039, -0.642495, -0.528552, -0.313627, 0.031782
17.031552, 0.069285, -0.054060, -0.681203, -0.565128, -0.329710, -0.025910
17.039537, 0.064223, -0.055671, -0.692682, -0.595592, -0.339537, 0.023393
17.063687, 0.077070, -0.055594, -0.728999, -0.608199, -0.355141, -0.033076
17.071689, 0.075395, -0.056860, -0.736809, -0.667402, -0.366645, 0.030799
17.095839, 0.075932, -0.063980, -0.767348, -0.694486, -0.349053, -0.023465
17.103821, 0.077888, -0.065757, -0.783097, -0.665388, -0.358712, 0.004914
17.127962, 0.080419, -0.060222, -0.816180, -0.689285, -0.397013, -0.005417
17.135968, 0.082579, -0.066524, -0.824400, -0.716393, -0.385461, -0.008269
17.159989, 0.082912, -0.068684, -0.858825, -0.764258, -0.420119, 0.021596
17.168088, 0.084241, -0.061628, -0.867607, -0.755558, -0.409261, -0.010019
17.192093, 0.087028, -0.075165, -0.900779, -0.752633, -0.424673, 0.025910
17.200254, 0.088076, -0.067073, -0.917627, -0.807329, -0.436801, -0.014381
17.224455, 0.092921, -0.076277, -0.944664, -0.850832, -0.471627, 0.029313
17.232289, 0.089444, -0.076328, -0.961052, -0.800211, -0.459044, -0.023897
17.256239, 0.097459, -0.079179, -0.989239, -0.857040, -0.486847, 0.024759
17.264435, 0.091553, -0.080802, -1.006560, -0.881488, -0.488189, -0.032381
17.288442, 0.097791, -0.078310, -1.033622, -0.864566, -0.500509, 0.026677
17.296421, 0.092550, -0.082950, -1.048680, -0.944165, -0.506262, -0.032381
17.320727, 0.096360, -0.080010, -1.048131, -0.878971, -0.498712, 0.027276
17.328544, 0.098776, -0.085149, -1.050905, -0.933739, -0.501228, -0.032118
17.352717, 0.097740, -0.081672, -1.051454, -0.906727, -0.523279, 0.027827
17.360660, 0.105678, -0.086823, -1.049243, -0.906966, -0.503889, -0.033604
17.384719, 0.105768, -0.079153, -1.050905, -0.924967, -0.516952, -0.007526
17.392832, 0.102508, -0.085392, -1.047849, -0.887216, -0.508251, -0.003380
17.417020, 0.105896, -0.076303, -1.048131, -0.939803, -0.508970, -0.008581
17.424961, 0.097050, -0.086836, -1.050074, -0.876814, -0.505854, 0.021596
17.449044, 0.097229, -0.077364, -1.046520, -0.936184, -0.496626, -0.014381
17.456990, 0.100565, -0.088639, -1.052490, -0.886881, -0.504081, 0.025215
17.481148, 0.095874, -0.076443, -1.047568, -0.912695, -0.513956, -0.025910
17.489101, 0.103020, -0.090824, -1.048131, -0.902053, -0.501348, 0.030080
17.513295, 0.101294, -0.081275, -1.049243, -0.879642, -0.504416, -0.032381
17.521270, 0.100757, -0.094071, -1.046188, -0.917488, -0.504081, 0.033388
17.545254, 0.101754, -0.087168, -1.053142, -0.876143, -0.493534, -0.030056
17.553444, 0.093266, -0.095605, -1.047019, -0.922426, -0.499934, 0.027803
17.577443, 0.096730, -0.086325, -1.052860, -0.893879, -0.494373, -0.035018
17.585431, 0.092627, -0.089099, -1.043682, -0.903371, -0.507508, 0.034850
17.609553, 0.091476, -0.084113, -1.047811, -0.910370, -0.505135, -0.036360
17.617576, 0.097075, -0.086657, -1.047019, -0.879642, -0.489915, 0.035042
17.641745, 0.094838, -0.086440, -1.045638, -0.919094, -0.510983, -0.033268
17.649698, 0.102636, -0.085750, -1.047568, -0.868761, -0.493918, 0.028379
17.673890, 0.102508, -0.083691, -1.047019, -0.917752, -0.501756, -0.029577
17.681705, 0.103186, -0.086082, -1.050636, -0.890021, -0.498520, 0.024999
17.705910, 0.105461, -0.084203, -1.045906, -0.900854, -0.496626, -0.003092
17.713984, 0.097855, -0.087207, -1.044807, -0.913438, -0.509713, 0.027588
17.738029, 0.099683, -0.086811, -1.050905, -0.882159, -0.493846, 0.013950
17.746007, 0.101524, -0.088025, -1.047849, -0.930935, -0.506381, 0.003380
17.770178, 0.100220, -0.082451, -1.055392, -0.877389, -0.500317, -0.039572
17.778144, 0.106995, -0.083666, -1.044973, -0.935752, -0.501228, 0.038445
17.802173, 0.104924, -0.078706, -1.052234, -0.893280, -0.496123, -0.035881
17.810304, 0.099683, -0.081569, -1.045088, -0.920844, -0.493654, 0.032645
17.834438, 0.101550, -0.080521, -1.045088, -0.915475, -0.501037, -0.033244
17.842409, 0.092512, -0.083666, -1.047811, -0.896228, -0.507316, 0.028019
17.866427, 0.093560, -0.077428, -1.043976, -0.937334, -0.491090, -0.021596
17.874415, 0.095081, -0.085903, -1.052311, -0.877725, -0.506981, 0.032381
17.898612, 0.092346, -0.079026, -1.044539, -0.936208, -0.496435, -0.016179
17.906606, 0.099785, -0.089942, -1.047849, -0.881488, -0.509162, 0.021596
17.930745, 0.097740, -0.084561, -1.045740, -0.915020, -0.501348, 0.006783
17.938757, 0.103940, -0.095247, -1.047019, -0.894838, -0.494541, 0.008605
17.962765, 0.103889, -0.083449, -1.054062, -0.891986, -0.511726, -0.009156
17.970746, 0.098073, -0.090709, -1.047019, -0.916122, -0.520115, 0.018504
17.994912, 0.102240, -0.082451, -1.051186, -0.877149, -0.503697, -0.009779
18.003039, 0.095823, -0.089955, -1.044462, -0.928394, -0.524454, -0.003380
18.027043, 0.098073, -0.086261, -1.044718, -0.889421, -0.502786, -0.009156
18.035038, 0.103084, -0.089802, -1.049793, -0.913054, -0.522105, 0.012943
18.059173, 0.102163, -0.085967, -1.048680, -0.903730, -0.504608, 0.005513
18.067178, 0.107864, -0.088945, -1.055392, -0.892585, -0.498712, -0.003308
18.091332, 0.106944, -0.088830, -1.047300, -0.920245, -0.518126, 0.037055
18.099331, 0.099926, -0.088178, -1.056427, -0.874010, -0.506981, -0.037630
18.123333, 0.100143, -0.091400, -1.046737, -0.924967, -0.510648, 0.037894
18.131319, 0.093854, -0.089406, -1.049243, -0.877149, -0.504943, -0.038613
18.155636, 0.093215, -0.088523, -1.053704, -0.912695, -0.508251, 0.025910
18.163483, 0.097088, -0.087616, -1.046520, -0.898122, -0.512997, -0.021596
18.187633, 0.094327, -0.085992, -1.056798, -0.889781, -0.491593, 0.016179
18.195576, 0.101204, -0.083589, -1.040691, -0.923600, -0.497010, -0.009468
18.219632, 0.099683, -0.085149, -1.055110, -0.872212, -0.517359, 0.008653
18.227771, 0.099108, -0.083091, -1.041126, -0.934122, -0.495596, -0.008725
18.251776, 0.102981, -0.083091, -1.047849, -0.884915, -0.522249, -0.004434
18.259771, 0.094634, -0.084561, -1.048680, -0.922594, -0.492959, 0.028307
18.283888, 0.096820, -0.085941, -1.043976, -0.905264, -0.517527, -0.036887
18.291868, 0.092755, -0.085251, -1.051186, -0.895869, -0.492648, 0.038757
18.316057, 0.095784, -0.088178, -1.045088, -0.926620, -0.502259, -0.035042
18.324184, 0.102534, -0.084279, -1.046188, -0.884676, -0.495044, 0.032645
18.348327, 0.102099, -0.083155, -1.046737, -0.932397, -0.509497, -0.032597
18.356340, 0.109104, -0.081211, -1.045740, -0.884676, -0.499095, 0.034443
18.380232, 0.107276, -0.079000, -1.050905, -0.915020, -0.508035, -0.033700
18.388347, 0.099632, -0.083666, -1.043708, -0.902772, -0.496291, 0.033292
18.412305, 0.100706, -0.080329, -1.049243, -0.891291, -0.507508, -0.025910
18.420453, 0.097919, -0.087105, -1.044539, -0.921227, -0.498760, 0.018504
18.444506, 0.095247, -0.079128, -1.049115, -0.883645, -0.494373, 0.004027
18.452504, 0.101754, -0.090428, -1.047555, -0.924847, -0.508778, -0.003715
18.476627, 0.097791, -0.081902, -1.047019, -0.889086, -0.488573, 0.041537
18.484637, 0.101907, -0.092883, -1.055110, -0.918088, -0.504943, -0.040147
18.508793, 0.102611, -0.087399, -1.044539, -0.909651, -0.492288, 0.035809
18.516777, 0.098098, -0.092755, -1.055392, -0.896468, -0.498016, -0.030536
18.540911, 0.100169, -0.087207, -1.045906, -0.922210, -0.501756, 0.025910
18.548903, 0.092550, -0.087488, -1.051186, -0.878971, -0.490778, -0.025910
18.572915, 0.095823, -0.086478, -1.050905, -0.929041, -0.506381, 0.020062
18.581036, 0.095912, -0.084241, -1.047568, -0.881823, -0.497825, -0.012631
18.605236, 0.095644, -0.086593, -1.053014, -0.911352, -0.502451, -0.034874
18.613049, 0.103135, -0.083589, -1.043976, -0.901453, -0.499431, 0.033939
18.637224, 0.103710, -0.083487, -1.052860, -0.893879, -0.498208, -0.032381
18.645160, 0.105704, -0.085225, -1.053985, -0.918112, -0.509713, 0.034035
18.669382, 0.107839, -0.083870, -1.059342, -0.880913, -0.498903, -0.032381
18.676952, 0.098111, -0.088830, -1.055724, -0.927747, -0.506046, 0.021596
18.701358, 0.099300, -0.088485, -1.051748, -0.886186, -0.508563, 0.004003
18.709469, 0.099594, -0.090160, -1.044973, -0.914780, -0.507125, -0.003643
18.733681, 0.097600, -0.086184, -1.038773, -0.904402, -0.497513, 0.038134
18.741501, 0.104515, -0.083973, -1.037955, -0.901094, -0.504248, -0.035569
18.765682, 0.099146, -0.078974, -1.033085, -0.910993, -0.488885, 0.025119
18.773678, 0.098827, -0.079678, -1.016633, -0.862696, -0.495044, -0.018504
18.797780, 0.096411, -0.078514, -0.989443, -0.871205, -0.464341, 0.025910
18.805753, 0.089840, -0.078425, -0.971969, -0.830794, -0.462447, -0.021596
18.829913, 0.091464, -0.069374, -0.946210, -0.796088, -0.461441, -0.004410
18.837897, 0.081442, -0.073631, -0.927815, -0.833407, -0.443680, 0.038949
18.861924, 0.084343, -0.060464, -0.905828, -0.764570, -0.425176, -0.039572
18.870019, 0.076443, -0.064069, -0.893186, -0.758002, -0.429994, 0.036840
18.894079, 0.082260, -0.062829, -0.858058, -0.756636, -0.405954, -0.032381
18.902187, 0.074692, -0.061640, -0.852420, -0.724135, -0.403605, 0.025910
18.926211, 0.078974, -0.066012, -0.817688, -0.683077, -0.392963, 0.004218
18.934228, 0.071330, -0.056105, -0.799012, -0.678691, -0.389703, -0.003835
18.958208, 0.077274, -0.067380, -0.770276, -0.658461, -0.353655, 0.036216
18.966329, 0.072225, -0.061807, -0.759525, -0.673058, -0.348262, -0.039428
18.990338, 0.074756, -0.048781, -0.717328, -0.642019, -0.346967, 0.032381
18.998433, 0.073580, -0.056923, -0.706564, -0.585981, -0.344019, -0.021596
19.022539, 0.069004, -0.043872, -0.669915, -0.569682, -0.332371, 0.017353
19.030269, 0.072429, -0.041047, -0.654729, -0.551418, -0.323095, -0.012224
19.054635, 0.058649, -0.055313, -0.629469, -0.506046, -0.318828, -0.026725
19.062628, 0.062484, -0.052718, -0.612493, -0.527402, -0.304975, 0.038805
19.086785, 0.054367, -0.040599, -0.581826, -0.485888, -0.259506, -0.030919
19.094755, 0.050941, -0.042977, -0.573811, -0.507700, -0.266745, 0.029218
19.118977, 0.057882, -0.046710, -0.540217, -0.439102, -0.270628, 0.005129
19.126942, 0.054674, -0.043412, -0.532598, -0.455377, -0.247522, -0.004602
19.150948, 0.041814, -0.038528, -0.500218, -0.399842, -0.244766, 0.042400
19.159084, 0.043872, -0.039117, -0.493558, -0.415182, -0.217586, -0.040315
19.183128, 0.047311, -0.037749, -0.457868, -0.372206, -0.214422, 0.021596
19.191097, 0.039180, -0.038874, -0.442579, -0.352432, -0.205242, -0.025287
19.215273, 0.034259, -0.034208, -0.399500, -0.366406, -0.188368, -0.004961
19.223255, 0.038260, -0.031025, -0.395038, -0.336757, -0.202629, 0.005537
19.247401, 0.038822, -0.028289, -0.361687, -0.314011, -0.173508, -0.038062
19.254999, 0.033748, -0.030807, -0.346910, -0.327793, -0.177846, 0.034682
19.279407, 0.022460, -0.027382, -0.317266, -0.253371, -0.148005, -0.032381
19.287127, 0.022128, -0.022971, -0.302667, -0.241266, -0.151888, 0.035138
19.311663, 0.028634, -0.010878, -0.273407, -0.269310, -0.112604, 0.003763
19.319530, 0.029107, -0.009050, -0.264778, -0.249248, -0.127872, -0.003859
19.343696, 0.023317, -0.011377, -0.235249, -0.181178, -0.119363, 0.043694
19.351670, 0.019750, -0.014956, -0.223616, -0.160876, -0.105605, -0.041034
19.375658, 0.015199, -0.015084, -0.180166, -0.170919, -0.094699, 0.040003
19.383825, 0.015340, -0.021872, -0.174209, -0.155435, -0.078880, -0.034970
19.407973, 0.009460, -0.020658, -0.145076, -0.133073, -0.072313, -0.003835
19.415997, 0.008552, -0.017334, -0.138109, -0.113179, -0.052036, 0.003907
19.439976, 0.008859, -0.009805, -0.095695, -0.069700, -0.048968, -0.041130
19.447960, 0.006277, -0.009191, -0.075574, -0.059178, -0.044557, 0.032933
19.472106, 0.004909, -0.003426, -0.052104, -0.029913, -0.020277, -0.036863
19.480120, 0.007491, -0.003426, -0.034540, -0.025335, -0.009132, 0.017737
19.504261, 0.006161, -0.001099, 0.004947, -0.006903, -0.004458, 0.005201
19.512247, 0.005382, -0.000895, 0.007721, -0.005872, -0.002876, -0.003907
19.536364, 0.016145, -0.026244, -0.013589, 0.003020, -0.001390, 0.042664
19.544527, 0.016950, -0.035141, -0.016299, 0.002397, -0.001174, -0.041537
19.568427, 0.024787, -0.084970, -0.044243, 0.001270, -0.000815, 0.041226
19.576399, 0.026985, -0.089955, -0.057486, 0.001079, -0.000743, -0.025910
19.600570, 0.028110, -0.131654, -0.066038, 0.000767, -0.000575, 0.021596
19.608531, 0.031319, -0.147518, -0.075970, -0.000743, -0.000527, -0.018504
19.632698, 0.047247, -0.178159, -0.094071, -0.000743, -0.000431, -0.003547
19.640650, 0.050021, -0.196043, -0.111009, -0.000743, -0.000407, 0.043047
19.664872, 0.051312, -0.222402, -0.133929, -0.000743, -0.000360, -0.036073
19.672814, 0.059352, -0.223360, -0.128982, -0.000743, -0.000336, 0.036600
19.696998, 0.072199, -0.262490, -0.139324, -0.000671, -0.000312, -0.025910
19.704995, 0.072378, -0.275401, -0.154497, -0.000623, -0.000288, 0.017281
19.729149, 0.081403, -0.302667, -0.157834, -0.000407, -0.000264, 0.004506
19.737040, 0.079831, -0.316384, -0.176970, -0.000407, -0.000240, -0.004147
19.761135, 0.090160, -0.348444, -0.195212, -0.000407, -0.000216, 0.039788
19.769138, 0.093266, -0.357302, -0.197807, -0.000407, -0.000216, -0.041058
19.793294, 0.104707, -0.406275, -0.210922, -0.000407, -0.000192, 0.036672
19.801236, 0.117503, -0.415325, -0.220970, -0.000407, -0.000192, -0.037439
19.825424, 0.127499, -0.439933, -0.243762, -0.000407, -0.000192, 0.025910
19.833392, 0.119420, -0.444484, -0.248070, -0.000407, -0.000168, -0.021596
19.857534, 0.127653, -0.483920, -0.268408, -0.000407, -0.000168, -0.030032
19.865524, 0.141778, -0.494530, -0.274570, -0.000407, -0.000168, 0.027396
19.889565, 0.142366, -0.529249, -0.286343, -0.000360, -0.000144, -0.035545
19.897561, 0.143811, -0.541853, -0.292108, -0.000336, -0.000144, 0.032693
19.921753, 0.156262, -0.584063, -0.307768, 0.000240, -0.000144, -0.031974
19.929675, 0.151161, -0.591720, -0.314581, 0.000000, -0.000144, 0.033508
19.953762, 0.167945, -0.616558, -0.336722, 0.000000, -0.000120, -0.025910
19.961799, 0.159662, -0.630862, -0.340787, 0.000000, -0.000120, 0.029361
19.985860, 0.180447, -0.661018, -0.357520, 0.000000, -0.000120, -0.025454
19.993831, 0.178977, -0.667077, -0.360153, 0.000000, -0.000120, 0.025910
20.018004, 0.188219, -0.714605, -0.384825, 0.000000, -0.000120, -0.025910
20.026102, 0.199993, -0.730290, -0.393057, 0.000000, -0.000120, 0.026293
20.050000, 0.208430, -0.746486, -0.411478, 0.000000, -0.000096, -0.028498
20.058105, 0.204505, -0.762593, -0.418138, 0.000000, -0.000096, 0.035114
20.082180, 0.210053, -0.799012, -0.432237, 0.000000, -0.000096, -0.028043
20.090234, 0.222005, -0.806235, -0.423724, 0.000000, -0.000096, 0.032381
20.114236, 0.227745, -0.842028, -0.454493, 0.000000, -0.000096, -0.025910
20.122389, 0.232027, -0.853814, -0.465269, 0.000000, -0.000096, 0.021596
20.146402, 0.242037, -0.888520, -0.478116, 0.000000, -0.000096, -0.022938
20.154424, 0.240758, -0.901738, -0.487652, 0.000000, -0.000096, 0.022434
20.178574, 0.257057, -0.934770, -0.502507, 0.000000, -0.000072, -0.024016
20.186566, 0.256418, -0.942823, -0.514126, 0.000000, -0.000072, 0.016179
20.210549, 0.263103, -0.980009, -0.532598, 0.000000, -0.000072, -0.025670
20.218672, 0.270006, -0.990031, -0.526155, 0.000000, -0.000072, 0.027180
20.242745, 0.267859, -1.022143, -0.548833, 0.000000, -0.000072, -0.016179
20.250734, 0.271668, -1.033162, -0.559941, 0.000000, -0.000072, -0.004482
20.274884, 0.285435, -1.048195, -0.558829, 0.000000, -0.000072, 0.041561
20.282862, 0.285154, -1.053985, -0.568953, 0.000000, -0.000072, -0.042760
20.306885, 0.282022, -1.047019, -0.566806, 0.000000, -0.000072, 0.039500
20.314991, 0.282201, -1.048195, -0.573070, 0.000000, -0.000072, -0.040746
20.339171, 0.285883, -1.049793, -0.566384, 0.000000, -0.000072, 0.021596
20.347139, 0.284758, -1.045638, -0.566589, 0.000000, -0.000072, -0.021596
20.371156, 0.274762, -1.044539, -0.565962, 0.000024, -0.000072, -0.004266
20.379140, 0.277829, -1.037687, -0.563444, 0.000024, -0.000072, 0.003619
20.403327, 0.284451, -1.047568, -0.562562, 0.001246, -0.000048, -0.040075
20.411265, 0.280655, -1.036600, -0.562805, 0.001246, -0.000048, 0.039069
20.435454, 0.277037, -1.048680, -0.561322, 0.000719, -0.000048, -0.039308
20.443428, 0.280872, -1.043133, -0.563444, 0.000719, -0.000048, 0.032381
20.467618, 0.278865, -1.046098, -0.563048, 0.000719, -0.000048, -0.021596
20.475581, 0.274928, -1.046098, -0.573134, 0.001079, -0.000048, 0.016179
20.499747, 0.281818, -1.046405, -0.561450, 0.003811, -0.000048, 0.004194
20.507346, 0.285832, -1.049793, -0.570385, -0.002301, -0.000048, -0.042951
20.531751, 0.283518, -1.039592, -0.568787, 0.002780, -0.000048, 0.038038
20.539733, 0.280169, -1.044321, -0.569273, 0.002780, -0.000048, -0.035162
20.563878, 0.282368, -1.043976, -0.563048, 0.001774, -0.000048, 0.032381
20.571895, 0.285729, -1.046737, -0.563687, 0.001438, -0.000048, -0.032381
20.595885, 0.277829, -1.047568, -0.565259, 0.000935, -0.000048, 0.016179
20.604061, 0.277293, -1.048962, -0.564978, 0.000839, -0.000048, 0.003811
20.628143, 0.286944, -1.045906, -0.557960, 0.000000, -0.000048, -0.029529
20.636157, 0.288133, -1.039055, -0.567803, 0.000000, -0.000048, 0.033148
20.660157, 0.278660, -1.037955, -0.557321, 0.000000, -0.000048, -0.032381
20.668180, 0.276411, -1.046188, -0.569030, 0.000000, -0.000048, 0.024759
20.692279, 0.278660, -1.039592, -0.563418, 0.000815, -0.000048, -0.031495
20.700485, 0.278763, -1.045485, -0.575396, 0.000815, -0.000048, 0.025910
20.724480, 0.277727, -1.044718, -0.565400, 0.000815, -0.000048, 0.003883
20.732636, 0.280169, -1.047300, -0.567522, 0.001390, -0.000048, -0.042017
20.756647, 0.289232, -1.044973, -0.570833, 0.000695, -0.000048, 0.041825
20.764637, 0.287749, -1.047849, -0.567650, 0.000695, -0.000048, -0.041705
20.788602, 0.280284, -1.048680, -0.564978, 0.000695, -0.000048, 0.021476
20.796743, 0.280936, -1.045638, -0.564978, 0.000695, -0.000048, -0.032909
20.820770, 0.284451, -1.051186, -0.561923, 0.001031, -0.000048, 0.010450
20.828883, 0.287033, -1.047568, -0.562869, 0.001031, -0.000048, 0.003475
20.852897, 0.279555, -1.046188, -0.557576, 0.001031, -0.000024, -0.042808
20.860924, 0.279031, -1.039847, -0.572699, 0.001031, -0.000024, 0.036336
20.885054, 0.286024, -1.049371, -0.561680, 0.000863, -0.000024, -0.040531
20.893013, 0.284835, -1.046737, -0.572546, 0.000767, -0.000024, 0.021452
20.917221, 0.272742, -1.042915, -0.567956, 0.000599, -0.000024, -0.018504
20.925206, 0.273598, -1.043976, -0.568787, 0.000575, -0.000024, 0.021332
20.949233, 0.287097, -1.048680, -0.565962, 0.000575, -0.000024, 0.040579
20.957333, 0.287212, -1.045906, -0.565259, 0.000000, -0.000024, -0.042113
20.981353, 0.279338, -1.039592, -0.566346, 0.000000, -0.000024, 0.029265
20.989489, 0.280284, -1.041777, -0.566806, 0.000000, -0.000024, -0.029649
21.013501, 0.286126, -1.041637, -0.559072, 0.001007, -0.000024, 0.027731
21.021487, 0.282802, -1.040141, -0.564978, 0.001007, -0.000024, -0.023345
