0.188812, -0.925868, 5.207726, 1.271107, -0.161654, 0.010675, 0.009150
0.196380, -0.961737, 5.115812, 1.123147, -0.158604, -0.004575, 0.292808
0.204390, -0.975188, 5.348960, 1.497530, -0.172330, 0.000000, 0.006100
0.212378, -0.916901, 5.214452, 0.907933, -0.158604, -0.001525, 0.315684
0.220385, -0.591838, 5.048558, 0.434911, -0.140304, -0.001525, 0.025926
0.228521, -0.585113, 5.266013, 0.907933, -0.157079, 0.001525, 0.305008
0.236547, -0.701687, 5.597801, 0.777908, -0.173855, 0.016775, 0.035076
0.244550, -0.748765, 5.301882, 1.141082, -0.164704, 0.006100, 0.323309
0.252483, -0.771183, 4.784024, 1.159016, -0.166229, -0.001525, 0.012200
0.260668, -0.793601, 4.956643, 1.082795, -0.141829, -0.009150, 0.333984
0.268680, -0.802568, 5.366895, 1.867428, -0.167755, -0.004575, -0.010675
0.276665, -0.780150, 4.974578, 1.132114, -0.155554, 0.006100, 0.341609
0.284676, -0.782392, 4.988029, 0.856372, -0.152504, -0.004575, -0.024401
0.292646, -0.791359, 5.552965, 1.017782, -0.158604, 0.015250, 0.314158
0.300629, -0.795843, 5.615736, 0.571662, -0.167755, 0.000000, -0.013725
0.308810, -0.766699, 5.012689, 0.461813, -0.173855, 0.003050, 0.288233
0.316823, -0.766699, 4.840069, 0.804810, -0.163179, 0.000000, 0.045751
0.324642, -0.768941, 5.308608, 0.854130, -0.170805, -0.001525, 0.280608
0.332950, -0.789117, 5.039590, 0.883273, -0.178430, 0.013725, 0.089977
0.340789, -0.782392, 4.429818, 1.064860, -0.195205, 0.016775, 0.186055
0.348822, -0.782392, 4.732462, 0.614256, -0.164704, 0.004575, 0.163179
0.356939, -0.804810, 5.337751, 0.921384, -0.181480, -0.004575, 0.161654
0.364950, -0.802568, 5.079943, 0.564936, -0.169280, 0.012200, 0.178430
0.372934, -0.786876, 4.875938, -0.085189, -0.170805, 0.007625, 0.131154
0.380957, -0.771183, 5.079943, 0.625465, -0.201305, 0.000000, 0.228756
0.389080, -0.768941, 5.337751, 0.759974, -0.172330, -0.003050, 0.097603
0.397099, -0.768941, 4.806442, 0.564936, -0.172330, 0.004575, 0.262307
0.405094, -0.638916, 4.606921, 0.963979, -0.164704, 0.016775, 0.051851
0.429225, -0.679269, 4.671933, 0.937077, -0.213506, 0.004575, 0.300433
0.437241, -0.688236, 4.595712, 0.302644, -0.204356, 0.004575, 0.019826
0.461385, -0.728588, 4.689868, -0.098640, -0.227231, 0.016775, 0.297383
0.469351, -0.764457, 4.770573, 0.517858, -0.195205, 0.007625, 0.021351
0.493368, -0.737556, 4.284100, 0.820503, -0.224181, 0.007625, 0.324834
0.501359, -0.759974, 4.595712, 0.652367, -0.233331, 0.022876, 0.032026
0.525587, -0.751007, 4.393949, -0.132267, -0.176905, 0.000000, 0.300433
0.533520, -0.715138, 4.974578, 0.195038, -0.176905, 0.015250, 0.064052
0.557500, -0.618740, 4.252715, 0.567178, -0.196730, 0.000000, 0.239431
0.565753, -0.643400, 4.819893, 1.174709, -0.176905, 0.009150, 0.115903
0.589847, -0.670301, 4.488105, 0.170378, -0.201305, 0.018300, 0.269932
0.597832, -0.688236, 5.057525, -0.029144, -0.219606, 0.010675, 0.097603
0.621918, -0.654609, 4.611405, 0.067254, -0.221131, 0.004575, 0.242482
0.629934, -0.652367, 4.860246, 0.710654, -0.219606, 0.015250, 0.149454
0.654073, -0.555969, 4.557601, 0.441637, -0.161654, -0.007625, 0.163179
0.662118, -0.578387, 4.730221, -0.051562, -0.150979, 0.006100, 0.225706
0.686101, -0.576145, 4.636064, -0.170378, -0.157079, 0.015250, 0.091502
0.694098, -0.542518, 4.407400, 0.399042, -0.138779, 0.016775, 0.280608
0.718261, -0.455088, 4.624855, 1.013298, -0.169280, 0.007625, 0.076252
0.726226, -0.432669, 4.165284, 0.327304, -0.175380, 0.012200, 0.321784
0.750218, -0.457329, 4.595712, -0.416977, -0.218081, 0.007625, 0.050326
0.758359, -0.455088, 4.010599, -0.338513, -0.205881, 0.003050, 0.341609
0.782363, -0.432669, 4.407400, 0.248841, -0.199780, 0.001525, 0.042701
0.790530, -0.437153, 3.728131, 0.345239, -0.199780, 0.012200, 0.301958
0.814570, -0.403526, 3.997148, -0.112091, -0.186055, 0.006100, 0.132679
0.822529, -0.430428, 3.508434, -0.858613, -0.158604, 0.010675, 0.256207
0.846709, -0.367657, 3.829013, -0.006725, -0.173855, 0.009150, 0.144879
0.854690, -0.336272, 3.425487, 0.215214, -0.187580, 0.007625, 0.272982
0.878846, -0.358690, 3.452388, 0.237632, -0.173855, 0.013725, 0.103703
0.886840, -0.367657, 3.369441, -0.437153, -0.167755, 0.000000, 0.321784
0.910842, -0.351964, 3.234933, -0.742039, -0.134204, 0.006100, 0.041176
0.918819, -0.360932, 3.376167, -0.309370, -0.132679, 0.001525, 0.390411
0.942964, -0.300403, 3.012994, 0.073980, -0.106753, 0.009150, 0.054901
0.950967, -0.313853, 3.544303, -0.443879, -0.123528, 0.015250, 0.329409
0.975099, -0.295919, 2.988334, -1.085036, -0.157079, 0.015250, 0.050326
0.983146, -0.298161, 3.539819, -0.775666, -0.141829, 0.001525, 0.378210
1.007260, -0.295919, 3.118359, -0.253325, -0.149454, 0.018300, 0.085402
1.015263, -0.277985, 3.681053, 0.293677, -0.158604, 0.001525, 0.320259
1.039256, -0.266775, 3.093699, -0.668060, -0.086927, -0.007625, 0.230281
1.047427, -0.246599, 3.488257, -0.822745, -0.082352, 0.016775, 0.166229
1.071411, -0.289194, 3.335814, -0.701687, -0.074727, 0.010675, 0.282133
1.079529, -0.304886, 3.483774, 0.087431, -0.068627, 0.003050, 0.208931
1.103560, -0.313853, 3.176646, -0.419219, -0.074727, -0.015250, 0.247057
1.111562, -0.336272, 3.120600, -0.594080, -0.083877, 0.001525, 0.225706
1.135720, -0.376624, 3.172162, -0.910175, -0.068627, 0.004575, 0.218081
1.143694, -0.367657, 2.952465, -0.047078, -0.074727, 0.003050, 0.265357
1.167979, -0.358690, 3.021961, 0.452846, -0.065577, -0.013725, 0.106753
1.175836, -0.378866, 2.777603, -0.069496, -0.082352, -0.003050, 0.344659
1.199871, -0.334030, 2.977125, -0.786876, -0.061002, 0.013725, 0.134204
1.207969, -0.369899, 2.490652, -0.603047, -0.076252, -0.016775, 0.346184
1.232139, -0.316095, 2.779845, -0.237632, -0.062527, 0.004575, 0.128103
1.239966, -0.331788, 2.167831, -0.204005, -0.048801, 0.009150, 0.344659
1.264126, -0.331788, 2.499619, -0.540276, -0.045751, -0.010675, 0.137254
1.271895, -0.327304, 1.930199, -1.441484, -0.054901, 0.012200, 0.364485
1.296289, -0.298161, 2.201458, -0.443879, -0.047276, -0.006100, 0.143354
1.304264, -0.302644, 1.972793, -0.372141, -0.053376, -0.015250, 0.369060
1.328454, -0.237632, 1.932441, -0.170378, -0.025926, 0.009150, 0.158604
1.336415, -0.253325, 1.871912, -1.062618, -0.041176, -0.004575, 0.356860
1.360446, -0.143476, 1.723952, -1.194885, -0.032026, -0.003050, 0.135729
1.368561, -0.165894, 1.959343, -0.963979, -0.042701, -0.007625, 0.370585
1.392600, -0.204005, 1.264381, -0.354206, -0.038126, -0.012200, 0.093028
1.400568, -0.172619, 1.842768, -0.963979, -0.048801, 0.003050, 0.423961
1.424726, -0.065013, 1.670149, -1.419066, -0.016775, -0.001525, 0.088452
1.432709, -0.044836, 2.114027, -1.134356, -0.018300, -0.015250, 0.423961
1.456846, -0.035869, 1.598411, -0.638916, -0.003050, 0.013725, 0.161654
1.464869, -0.062771, 1.999695, -0.038111, -0.013725, 0.004575, 0.379735
1.488842, -0.044836, 1.723952, -1.046926, -0.010675, -0.009150, 0.181480
1.496880, -0.056045, 2.031080, -0.869823, -0.001525, -0.019826, 0.376685
1.521007, -0.035869, 1.616345, -1.127631, -0.018300, 0.004575, 0.201305
1.528849, -0.017934, 1.625313, -0.199521, 0.004575, -0.018300, 0.340084
1.552993, -0.038111, 1.627555, -0.710654, 0.003050, -0.009150, 0.259257
1.561135, -0.029144, 1.345086, -0.836195, -0.009150, -0.015250, 0.301958
1.585183, 0.002242, 1.215061, -1.049167, 0.019826, 0.009150, 0.323309
1.593166, -0.024660, 1.096245, -0.414735, -0.007625, 0.010675, 0.228756
1.617300, 0.008967, 1.383197, 0.269017, 0.012200, -0.007625, 0.361435
1.625288, -0.011209, 0.972946, -0.358690, 0.019826, 0.000000, 0.183005
1.649314, 0.008967, 1.150049, -0.860855, 0.033551, -0.009150, 0.381260
1.657561, 0.002242, 0.961737, -0.946044, 0.068627, -0.009150, 0.260782
1.681583, -0.004484, 1.078311, -0.338513, 0.071677, 0.001525, 0.373635
1.689614, -0.004484, 0.818261, -0.316095, 0.077777, -0.006100, 0.292808
1.713593, -0.029144, 0.858613, -0.647883, 0.086927, 0.004575, 0.247057
1.721737, -0.022418, 0.784634, -1.549091, 0.086927, 0.004575, 0.353810
1.745769, -0.008967, 0.755490, -0.715138, 0.086927, 0.003050, 0.247057
1.753880, -0.033627, 0.553727, -0.520100, 0.080827, 0.010675, 0.346184
1.777867, -0.024660, 0.643400, -0.199521, 0.070152, -0.006100, 0.294333
1.785876, -0.038111, 0.616498, -1.067102, 0.074727, 0.000000, 0.288233
1.810061, -0.029144, 0.499924, -1.120905, 0.071677, -0.004575, 0.337034
1.817878, -0.042594, 0.419219, -0.887757, 0.073202, -0.001525, 0.277557
1.842167, -0.069496, 0.493198, -0.434911, 0.074727, -0.010675, 0.413286
1.850002, -0.103123, 0.473022, -0.793601, 0.077777, -0.006100, 0.213506
1.874368, -0.116574, 0.201763, -1.351812, 0.082352, 0.003050, 0.443787
1.882312, -0.103123, 0.210730, -1.172467, 0.083877, -0.010675, 0.149454
1.906423, -0.150201, 0.378866, -0.672543, 0.074727, 0.003050, 0.478863
1.914277, -0.094156, 0.322821, 0.127783, 0.094553, -0.001525, 0.137254
1.938477, -0.089672, 0.132267, -0.849646, 0.088452, -0.012200, 0.474288
1.946463, -0.112091, 0.170378, -1.013298, 0.083877, 0.001525, 0.131154
1.970618, -0.181587, 0.026902, -0.919142, 0.077777, 0.000000, 0.486488
1.978615, -0.181587, 0.195038, -0.181587, 0.085402, 0.001525, 0.150979
2.002807, -0.147960, -0.114332, -0.506649, 0.096078, -0.012200, 0.465138
2.010593, -0.168136, 0.069496, -0.672543, 0.106753, 0.004575, 0.213506
2.034753, -0.266775, -0.112091, -0.744281, 0.123528, -0.004575, 0.445312
2.042753, -0.053803, -0.015693, -0.273501, 0.114378, -0.006100, 0.167755
2.066928, -0.345239, -0.107607, 0.318337, 0.093028, -0.016775, 0.436162
2.074862, -0.273501, -0.042594, 0.038111, 0.103703, 0.001525, 0.225706
2.099056, -0.325063, -0.056045, -0.484231, 0.122003, 0.013725, 0.411761
2.107028, -0.322821, -0.269017, -0.623223, 0.120478, -0.010675, 0.242482
2.131197, -0.351964, -0.125541, -0.275743, 0.122003, 0.003050, 0.459037
2.138785, -0.351964, -0.273501, -0.004484, 0.115903, 0.016775, 0.207406
2.163188, -0.318337, -0.215214, -0.466297, 0.115903, 0.001525, 0.516989
2.171338, -0.363173, -0.499924, -1.174709, 0.112853, -0.028976, 0.155554
2.195325, -0.419219, -0.390075, -0.363173, 0.123528, -0.001525, 0.478863
2.203460, -0.430428, -0.385591, -0.215214, 0.105228, -0.013725, 0.154029
2.227431, -0.322821, -0.587354, 0.152443, 0.105228, -0.012200, 0.506314
2.235586, -0.338513, -0.647883, -0.654609, 0.114378, -0.003050, 0.163179
2.259647, -0.425944, -0.553727, -0.506649, 0.103703, -0.012200, 0.510889
2.267579, -0.443879, -0.661334, -0.513375, 0.111328, -0.007625, 0.144879
2.291586, -0.466297, -0.708412, -0.065013, 0.123528, 0.000000, 0.515464
2.299712, -0.484231, -0.820503, -0.208488, 0.112853, -0.013725, 0.166229
2.323761, -0.481989, -0.674785, -0.423702, 0.183005, 0.000000, 0.526139
2.331762, -0.517858, -0.845163, -0.701687, 0.192155, 0.007625, 0.157079
2.356049, -0.533551, -0.901208, -0.313853, 0.224181, -0.003050, 0.520039
2.363923, -0.529067, -0.955011, 0.522342, 0.225706, -0.013725, 0.129628
2.388061, -0.555969, -0.818261, -0.116574, 0.272982, -0.004575, 0.507839
2.396050, -0.569420, -0.838437, -0.394559, 0.283658, -0.006100, 0.158604
2.420068, -0.508891, -1.111938, -0.378866, 0.300433, -0.030501, 0.523089
2.428203, -0.524584, -0.757732, 0.125541, 0.315684, -0.001525, 0.186055
2.452363, -0.589596, -1.188160, -0.118816, 0.324834, 0.003050, 0.497163
2.460325, -0.603047, -0.789117, -0.152443, 0.317209, 0.010675, 0.190630
2.484365, -0.589596, -1.212820, -0.150201, 0.330934, -0.015250, 0.515464
2.492474, -0.616498, -0.874306, 0.085189, 0.330934, 0.000000, 0.163179
2.516509, -0.627707, -0.883273, 0.486473, 0.337034, -0.010675, 0.477338
2.524475, -0.654609, -0.847404, 0.768941, 0.320259, 0.009150, 0.227231
2.548515, -0.629949, -0.889999, 0.159169, 0.311108, -0.021351, 0.449887
2.556620, -0.650125, -0.916901, 0.015693, 0.330934, 0.000000, 0.233331
2.580803, -0.643400, -0.860855, 0.284710, 0.292808, -0.007625, 0.420911
2.588793, -0.681510, -0.975188, 0.782392, 0.298908, -0.021351, 0.253157
2.612800, -0.739798, -0.912417, 0.264534, 0.269932, -0.009150, 0.390411
2.620780, -0.766699, -0.930351, 0.109849, 0.259257, 0.004575, 0.298908
2.644933, -0.670301, -1.094004, 0.596322, 0.231806, 0.006100, 0.323309
2.652924, -0.762216, -1.067102, 0.495440, 0.225706, -0.010675, 0.352285
2.677073, -0.860855, -1.046926, 0.930351, 0.199780, -0.003050, 0.248582
2.685081, -0.643400, -1.013298, 0.392317, 0.179955, -0.016775, 0.445312
2.709212, -0.849646, -1.170225, 0.585113, 0.158604, -0.019826, 0.222656
2.717223, -0.865339, -1.468386, 0.161410, 0.150979, -0.013725, 0.457512
2.741223, -0.840679, -0.948286, 0.603047, 0.147929, -0.022876, 0.340084
2.749365, -0.800326, -1.618587, 0.520100, 0.150979, -0.012200, 0.291283
2.773329, -0.881032, -1.764305, 0.338513, 0.193680, -0.003050, 0.489538
2.781490, -0.860855, -2.122995, -0.112091, 0.187580, 0.012200, 0.221131
2.805512, -0.887757, -1.564784, 0.486473, 0.164704, -0.004575, 0.507839
2.813506, -0.894482, -2.031080, 0.959495, 0.170805, -0.018300, 0.169280
2.837501, -0.885515, -1.728436, 0.441637, 0.154029, -0.018300, 0.518514
2.845685, -0.751007, -2.196974, 0.125541, 0.163179, 0.000000, 0.172330
2.869838, -0.827228, -1.614104, 0.934835, 0.150979, -0.013725, 0.515464
2.877795, -0.856372, -1.997453, 0.235390, 0.158604, 0.006100, 0.160129
2.901780, -0.910175, -1.584960, 1.461661, 0.149454, -0.016775, 0.506314
2.909830, -0.910175, -1.860703, 0.441637, 0.150979, -0.006100, 0.146404
2.933960, -0.912417, -1.448210, 0.894482, 0.152504, 0.004575, 0.512414
2.941906, -0.782392, -1.611862, 0.161410, 0.147929, -0.018300, 0.173855
2.966085, -0.782392, -2.100577, 0.784634, 0.152504, -0.007625, 0.497163
2.974117, -0.813777, -1.434759, 0.836195, 0.167755, -0.010675, 0.228756
2.998081, -0.865339, -2.622918, 0.376624, 0.149454, -0.013725, 0.440737
3.006201, -0.878790, -2.400979, 1.318185, 0.146404, -0.015250, 0.276032
3.030245, -0.863097, -1.858461, 1.190401, 0.149454, -0.013725, 0.457512
3.038198, -0.889999, -2.465992, 0.300403, 0.146404, -0.022876, 0.222656
3.062345, -0.896724, -1.342845, 0.984155, 0.149454, 0.003050, 0.468188
3.070508, -0.878790, -1.405615, 1.163500, 0.158604, -0.022876, 0.225706
3.094544, -0.874306, -2.434606, 0.522342, 0.167755, -0.013725, 0.430062
3.102512, -0.867581, -2.163347, 0.665818, 0.150979, -0.009150, 0.259257
3.126547, -0.872064, -2.270954, 0.766699, 0.157079, -0.006100, 0.359910
3.134516, -0.874306, -2.645337, 1.165742, 0.152504, -0.007625, 0.353810
3.158652, -0.876548, -1.753096, 1.129873, 0.163179, -0.016775, 0.361435
3.166806, -0.849646, -1.757580, 1.183676, 0.143354, -0.004575, 0.285183
3.190821, -0.854130, -2.116269, 0.697203, 0.140304, -0.007625, 0.390411
3.198797, -0.845163, -2.479443, 0.569420, 0.132679, -0.012200, 0.276032
3.222827, -0.874306, -2.333725, 0.948286, 0.146404, -0.006100, 0.388885
3.230831, -0.849646, -2.389770, 0.894482, 0.140304, 0.004575, 0.312633
3.255079, -0.874306, -2.098335, 0.957253, 0.143354, -0.024401, 0.442262
3.263105, -0.865339, -2.324758, 1.125389, 0.129628, -0.010675, 0.314158
3.287110, -0.883273, -2.196974, 0.508891, 0.129628, 0.006100, 0.445312
3.295103, -0.874306, -2.253020, 0.867581, 0.132679, -0.006100, 0.254682
3.319239, -0.876548, -2.457024, 1.533398, 0.147929, -0.006100, 0.410236
3.327243, -0.881032, -1.856219, 1.378714, 0.134204, -0.003050, 0.311108
3.351245, -0.896724, -2.369594, 0.934835, 0.120478, -0.009150, 0.355335
3.359182, -0.874306, -2.414430, 1.226270, 0.122003, -0.001525, 0.301958
3.383402, -0.914659, -2.575840, 1.927957, 0.134204, 0.012200, 0.356860
3.391536, -0.892241, -1.957101, 1.824834, 0.125053, -0.010675, 0.344659
3.415508, -0.907933, -1.943650, 1.008815, 0.117428, -0.018300, 0.277557
3.423677, -0.901208, -2.696898, 0.715138, 0.120478, -0.010675, 0.423961
3.447696, -0.912417, -2.690173, 0.840679, 0.126578, -0.004575, 0.222656
3.455817, -0.887757, -3.098182, 1.011057, 0.129628, -0.019826, 0.494113
3.479821, -0.907933, -2.687931, 1.159016, 0.134204, -0.009150, 0.247057
3.487819, -0.905692, -2.566873, 1.141082, 0.134204, 0.007625, 0.443787
3.511937, -0.706170, -2.833649, 0.300403, -0.056427, -0.102178, 0.329409
3.519946, -0.612014, -3.252867, -0.000000, -0.018300, -0.193680, 0.355335
3.543937, -0.145718, -3.461356, -0.504407, -0.161654, -0.175380, 0.404136
3.552068, 0.017934, -3.344782, 0.002242, -0.164704, -0.237906, 0.244007
3.576294, 0.188312, -3.427729, -0.493198, -0.420911, -0.099128, 0.420911
3.584300, 0.141234, -3.638459, -0.147960, -0.420911, -0.204356, 0.216556
3.608431, 0.378866, -3.784176, -0.923626, -0.179955, -0.137254, 0.516989
3.616419, 0.481989, -4.163042, -0.439395, -0.059477, -0.135729, 0.215031
3.640434, 0.957253, -4.216846, -0.914659, 0.224181, -0.215031, 0.489538
3.648398, 1.040200, -4.302035, -0.466297, 0.089977, -0.291283, 0.198255
3.672434, 1.002089, -3.867123, -0.795843, -0.337034, -0.353810, 0.507839
3.680542, 0.883273, -3.566721, -0.845163, -0.411761, -0.455987, 0.178430
3.704721, 0.383350, -3.017477, -0.860855, 0.154029, -0.440737, 0.484963
3.712543, 0.351964, -3.134051, -0.580629, 0.230281, -0.375160, 0.239431
3.736700, 0.959495, -3.764000, -0.728588, -0.442262, -0.437687, 0.483438
3.744690, 1.028991, -3.990423, -0.993122, -0.378210, -0.297383, 0.208931
3.768824, 0.737556, -3.656393, -0.661334, 0.167755, -0.359910, 0.481913
3.776820, 0.620982, -3.412036, -0.905692, -0.097603, -0.442262, 0.199780
3.800860, 0.928110, -2.943497, -0.833954, -0.091502, -0.215031, 0.462087
3.808994, 1.033475, -3.232691, -0.685994, 0.176905, -0.211981, 0.227231
3.833127, 0.721863, -4.122690, -0.656851, -0.472763, -0.311108, 0.466663
3.841000, 0.724105, -4.302035, -1.031233, -0.097603, -0.469713, 0.192155
3.865159, 1.289041, -3.452388, -0.972946, -0.411761, -0.337034, 0.516989
3.873103, 1.046926, -3.273044, -1.208336, -0.292808, -0.271457, 0.193680
3.897305, 0.587354, -3.835738, -0.728588, -0.358385, -0.305008, 0.488013
3.905286, 1.125389, -4.059919, -0.986397, -0.347709, -0.393461, 0.183005
3.929426, 1.190401, -3.746066, -1.118664, -0.379735, -0.274507, 0.455987
3.937431, 0.683752, -3.600348, -1.439242, -0.262307, -0.256207, 0.199780
3.961420, 1.165742, -3.898509, -1.347328, -0.413286, -0.413286, 0.427012
3.969564, 1.033475, -3.829013, -1.600653, -0.103703, -0.437687, 0.283658
3.993738, 1.150049, -3.943345, -1.006573, -0.236381, -0.367535, 0.306533
4.001673, 1.320426, -3.923169, -0.979671, 0.083877, -0.317209, 0.394986
4.025545, 0.636674, -4.270649, -1.737403, 0.094553, -0.276032, 0.211981
4.033821, 1.033475, -4.432060, -1.587202, -0.170805, -0.300433, 0.465138
4.057962, 0.867581, -3.517401, -1.248689, -0.320259, -0.405661, 0.179955
4.065841, 1.163500, -3.743824, -1.645489, -0.327884, -0.294333, 0.478863
4.089985, 0.607531, -4.033017, -1.591686, -0.227231, -0.404136, 0.158604
4.097977, 0.878790, -3.205789, -1.387681, -0.061002, -0.385835, 0.452937
4.122166, 0.573904, -4.683142, -1.793449, -0.115903, -0.340084, 0.195205
4.130120, 1.004331, -4.494830, -1.656698, -0.367535, -0.434637, 0.422436
4.154333, 0.616498, -4.465687, -1.185918, -0.033551, -0.425486, 0.253157
4.162159, 1.024507, -4.665208, -1.907781, -0.086927, -0.376685, 0.359910
4.186315, 0.759974, -4.270649, -1.472870, -0.379735, -0.341609, 0.208931
4.194286, 1.136598, -4.653999, -1.831559, 0.025926, -0.390411, 0.434637
4.218475, 0.934835, -4.252715, -1.667907, -0.088452, -0.343134, 0.225706
4.226478, 0.997606, -4.671933, -1.910023, -0.260782, -0.326359, 0.419386
4.250600, 1.197127, -4.501556, -1.779998, 0.013725, -0.301958, 0.343134
4.258557, 0.634432, -4.604679, -1.454935, -0.333984, -0.385835, 0.274507
4.282734, 0.898966, -4.293067, -1.347328, 0.027451, -0.437687, 0.500214
4.290725, 0.457329, -4.151833, -1.513222, -0.247057, -0.394986, 0.181480
4.314749, 0.515616, -4.084579, -1.486320, -0.163179, -0.359910, 0.474288
4.322878, 0.849646, -3.994907, -1.706018, -0.140304, -0.437687, 0.178430
4.346913, 0.762216, -4.026292, -1.571509, -0.225706, -0.369060, 0.433112
4.354854, 1.156774, -4.138382, -1.954859, -0.115903, -0.390411, 0.248582
4.379031, 1.091762, -4.095788, -1.495288, -0.295858, -0.414811, 0.394986
4.386993, 0.717379, -4.223571, -2.223876, -0.141829, -0.436162, 0.253157
4.411163, 0.811535, -4.015083, -1.748612, -0.272982, -0.420911, 0.370585
4.419177, 0.430428, -4.535183, -2.450299, -0.279083, -0.387360, 0.224181
4.443309, 0.497682, -4.064403, -1.975035, -0.179955, -0.370585, 0.399561
4.451185, 0.827228, -4.580019, -2.531004, -0.445312, -0.439212, 0.205881
4.475438, 0.596322, -3.853673, -2.248536, -0.150979, -0.344659, 0.350759
4.483476, 1.197127, -4.548634, -2.261987, -0.475813, -0.393461, 0.234856
4.507458, 1.031233, -3.737098, -2.533246, -0.179955, -0.404136, 0.353810
4.515590, 1.015540, -4.923016, -2.163347, -0.423961, -0.423961, 0.240957
4.539614, 1.143323, -4.212362, -2.499619, -0.370585, -0.398036, 0.282133
4.547566, 0.670301, -5.317575, -2.055740, -0.274507, -0.350759, 0.286708
4.571598, 0.914659, -4.494830, -2.427881, -0.491063, -0.428537, 0.222656
4.579774, 0.542518, -5.447600, -2.210425, -0.091502, -0.352285, 0.369060
4.603926, 0.612014, -4.685384, -2.333725, -0.542915, -0.388885, 0.240957
4.611774, 0.993122, -5.718859, -2.340450, -0.012200, -0.370585, 0.399561
4.635927, 0.746523, -4.967852, -2.295614, -0.465138, -0.431587, 0.199780
4.643904, 1.289041, -5.808531, -2.338209, -0.131154, -0.445312, 0.384310
4.668030, 1.232996, -4.907324, -2.291131, -0.272982, -0.414811, 0.240957
4.676041, 0.894482, -5.474502, -2.087126, -0.327884, -0.315684, 0.314158
4.700190, 0.928110, -4.710044, -2.481684, -0.141829, -0.393461, 0.311108
4.708180, 0.481989, -5.357927, -2.172315, -0.433112, -0.291283, 0.276032
4.732316, 0.439395, -4.940951, -2.315790, -0.085402, -0.373635, 0.352285
4.740317, 0.865339, -5.250321, -2.309065, -0.448362, -0.283658, 0.208931
4.764480, 0.782392, -5.180824, -2.486168, -0.198255, -0.439212, 0.396511
4.772322, 1.069344, -5.221177, -2.654304, -0.407186, -0.436162, 0.140304
4.796618, 1.102971, -5.088910, -2.367352, -0.372110, -0.352285, 0.427012
4.804559, 0.690478, -5.176341, -2.970399, -0.314158, -0.234856, 0.109803
4.828623, 0.907933, -5.070976, -2.416672, -0.466663, -0.320259, 0.440737
4.836595, 0.345239, -5.198759, -3.010752, -0.277557, -0.250107, 0.160129
4.860778, 0.596322, -4.907324, -2.495135, -0.492588, -0.308058, 0.327884
4.868751, 0.661334, -5.118054, -2.898661, -0.333984, -0.291283, 0.283658
4.892934, 0.459571, -4.530699, -2.880727, -0.428537, -0.376685, 0.254682
4.900775, 1.040200, -5.405006, -2.609468, -0.542915, -0.462087, 0.341609
4.924935, 0.889999, -4.768331, -3.053346, -0.330934, -0.198255, 0.183005
4.932878, 1.132114, -5.801806, -2.678964, -0.608491, -0.347709, 0.402611
4.957057, 1.284558, -4.974578, -3.098182, -0.321784, -0.239431, 0.118953
4.965040, 0.762216, -6.008053, -2.766394, -0.637467, -0.346184, 0.452937
4.989223, 0.809294, -5.059767, -2.981608, -0.401086, -0.218081, 0.114378
4.997205, 0.522342, -6.214299, -3.131809, -0.530714, -0.369060, 0.401086
5.021363, 0.466297, -5.209968, -2.678964, -0.564265, -0.428537, 0.215031
5.029218, 1.020024, -6.290521, -3.192338, -0.344659, -0.462087, 0.285183
5.053490, 0.863097, -5.292915, -2.649820, -0.675593, -0.236381, 0.327884
5.061500, 1.114180, -6.223266, -3.192338, -0.256207, -0.417861, 0.181480
5.085470, 1.145565, -5.183066, -2.835890, -0.699994, -0.256207, 0.449887
5.093601, 0.710654, -6.268103, -2.844858, -0.324834, -0.385835, 0.115903
5.117621, 0.764457, -5.243595, -3.172162, -0.550540, -0.231806, 0.411761
5.125645, 0.430428, -6.162738, -2.815714, -0.509364, -0.399561, 0.172330
5.149640, 0.497682, -5.487953, -3.286494, -0.422436, -0.451412, 0.298908
5.157715, 0.831712, -6.241201, -2.918837, -0.591716, -0.431587, 0.259257
5.181750, 0.665818, -5.582109, -3.335814, -0.317209, -0.318734, 0.213506
5.189914, 1.165742, -6.200848, -3.109391, -0.693894, -0.417861, 0.405661
5.213906, 1.026749, -5.658330, -2.896419, -0.384310, -0.344659, 0.129628
5.222036, 1.080553, -5.956491, -3.344782, -0.608491, -0.361435, 0.457512
5.246050, 1.327152, -5.577625, -2.894178, -0.567315, -0.369060, 0.179955
5.254190, 0.820503, -5.593318, -3.335814, -0.518514, -0.369060, 0.356860
5.278223, 0.896724, -5.360169, -3.004026, -0.654243, -0.469713, 0.317209
5.286353, 0.625465, -5.658330, -3.212515, -0.414811, -0.309583, 0.202830
5.310336, 0.450604, -5.586592, -3.239416, -0.699994, -0.369060, 0.414811
5.318316, 0.990880, -5.900446, -3.069039, -0.472763, -0.329409, 0.120478
5.342469, 0.997606, -5.537272, -3.490499, -0.606966, -0.333984, 0.454462
5.350479, 0.986397, -6.113418, -2.961432, -0.614592, -0.329409, 0.073202
5.374520, 1.085036, -5.478985, -3.412036, -0.513939, -0.337034, 0.413286
5.382667, 0.461813, -6.339841, -2.950223, -0.759471, -0.327884, 0.154029
5.406677, 0.580629, -5.398280, -3.151986, -0.471238, -0.314158, 0.268407
5.414661, 0.473022, -6.281553, -3.199064, -0.788446, -0.269932, 0.306533
5.438790, 0.390075, -5.187550, -2.992817, -0.533764, -0.320259, 0.167755
5.446798, 0.955011, -6.086516, -3.277527, -0.684743, -0.251632, 0.419386
5.470800, 0.753248, -5.057525, -2.950223, -0.681693, -0.338559, 0.134204
5.478928, 1.111938, -6.129110, -3.421003, -0.521564, -0.227231, 0.436162
5.503061, 1.098487, -5.185308, -3.066797, -0.808272, -0.301958, 0.179955
5.510923, 0.719621, -6.075307, -3.257351, -0.457512, -0.286708, 0.308058
5.535104, 0.898966, -5.366895, -3.322363, -0.793021, -0.288233, 0.353810
5.543088, 0.517858, -6.167221, -3.205789, -0.541390, -0.166229, 0.161654
5.567220, 0.632191, -5.490194, -3.261835, -0.689319, -0.303483, 0.448362
5.575220, 0.771183, -6.362259, -3.091457, -0.663393, -0.181480, 0.117428
5.599393, 0.576145, -5.474502, -3.194580, -0.515464, -0.291283, 0.396511
5.607392, 1.188160, -6.169463, -3.176646, -0.799122, -0.163179, 0.192155
5.631524, 1.150049, -5.398280, -3.095941, -0.495638, -0.288233, 0.311108
5.639535, 0.984155, -5.967700, -3.367200, -0.811322, -0.355335, 0.315684
5.663501, 1.111938, -5.218935, -3.062313, -0.553590, -0.225706, 0.166229
5.671641, 0.490957, -5.929589, -3.320122, -0.687794, -0.160129, 0.488013
5.695667, 0.520100, -5.490194, -3.151986, -0.675593, -0.259257, 0.189105
5.703815, 0.605289, -6.001327, -3.313396, -0.529189, -0.187580, 0.405661
5.727817, 0.477506, -5.364653, -2.696898, -0.736595, -0.205881, 0.350759
5.735821, 1.035717, -5.445358, -2.569115, -0.457512, -0.131154, 0.222656
5.759961, 0.712896, -5.064250, -2.730525, -0.674068, -0.317209, 0.455987
5.767923, 0.881032, -5.277222, -2.522037, -0.503264, -0.297383, 0.135729
5.792094, 0.955011, -5.176341, -2.690173, -0.372110, -0.245532, 0.466663
5.800088, 0.972946, -5.041832, -2.535488, -0.808272, -0.118953, 0.169280
5.824092, 1.044684, -5.721101, -2.459266, -0.648142, -0.279083, 0.352285
5.832211, 0.896724, -5.008205, -2.699140, -0.401086, -0.254682, 0.340084
5.856244, 1.006573, -5.745761, -2.259745, -0.568840, -0.260782, 0.193680
5.864401, 0.914659, -5.050799, -2.582566, -0.738120, -0.248582, 0.486488
5.888409, 1.033475, -5.543998, -2.524279, -0.658818, -0.176905, 0.147929
5.896385, 1.136598, -5.676265, -1.959343, -0.323309, -0.260782, 0.451412
5.920548, 0.836195, -4.638306, -2.351659, -0.387360, -0.314158, 0.251632
5.928524, 1.197127, -5.297399, -2.519795, -0.753370, -0.272982, 0.300433
5.952549, 0.515616, -4.824377, -2.170073, -0.727445, -0.237906, 0.462087
5.960535, 0.990880, -4.546392, -2.078158, -0.623742, -0.120478, 0.128103
5.984680, 0.239874, -5.922864, -2.463750, -0.739645, -0.221131, 0.460562
5.992664, 0.401284, -5.609010, -2.468234, -0.323309, -0.272982, 0.150979
6.016841, 0.600805, -4.692110, -2.551181, -0.567315, -0.143354, 0.373635
6.024834, 0.280226, -5.196517, -2.257503, -0.312633, -0.154029, 0.306533
6.048837, 1.058135, -5.160648, -1.934683, -0.340084, -0.265357, 0.265357
6.056951, 0.925868, -4.902840, -1.766547, -0.244007, -0.221131, 0.440737
6.080984, 0.286952, -5.032865, -1.878637, -0.504789, -0.134204, 0.141829
6.088964, 0.634432, -5.301882, -2.131962, -0.227231, -0.154029, 0.492588
6.113111, 0.910175, -4.974578, -1.584960, -0.558165, -0.352285, 0.183005
6.121253, 0.381108, -5.032865, -1.860703, -0.251632, -0.370585, 0.385835
6.145264, 0.524584, -4.790749, -1.732920, -0.821997, -0.272982, 0.311108
6.153261, 0.943802, -4.754880, -1.912264, -0.553590, -0.134204, 0.271457
6.177421, 0.585113, -4.597954, -1.726194, -0.442262, -0.186055, 0.477338
6.185412, 0.277985, -4.745913, -1.551333, -0.709144, -0.309583, 0.175380
6.209407, 0.316095, -4.454478, -2.170073, -0.193680, -0.076252, 0.523089
6.217550, 0.600805, -4.156317, -2.022113, -0.248582, -0.123528, 0.120478
6.241537, 1.035717, -4.342387, -1.672391, -0.747270, -0.094553, 0.491063
6.249530, 0.845163, -4.651757, -1.871912, -0.655768, -0.225706, 0.163179
6.273516, 0.181587, -5.413973, -1.822592, -0.112853, -0.207406, 0.385835
6.281847, 0.112091, -5.440874, -1.602895, -0.277557, -0.170805, 0.262307
6.305849, 0.495440, -5.257046, -1.558058, -0.693894, -0.155554, 0.288233
6.313832, 0.623223, -5.144955, -2.105060, -0.713719, -0.292808, 0.384310
6.337968, 0.549244, -5.203243, -2.031080, -0.449887, -0.158604, 0.181480
6.346003, 0.683752, -4.806442, -1.813625, -0.213506, -0.167755, 0.451412
6.369979, 0.845163, -4.337904, -1.035717, -0.138779, -0.114378, 0.149454
6.378152, 0.905692, -4.297551, -1.793449, -0.254682, -0.190630, 0.507839
6.402311, 0.865339, -4.420851, -1.779998, -0.327884, -0.027451, 0.175380
6.410137, 0.824986, -4.221329, -1.513222, -0.416336, -0.010675, 0.480388
6.434312, 0.692719, -4.263924, -1.241963, -0.433112, -0.088452, 0.300433
6.442239, 0.708412, -4.243748, -1.414583, -0.466663, -0.076252, 0.335509
6.466383, 0.784634, -5.434149, -2.405463, -0.398036, -0.003050, 0.410236
6.474406, 0.410251, -5.709892, -1.860703, -0.414811, 0.024401, 0.222656
6.498594, 0.549244, -7.187245, -3.178888, -0.405661, 0.006100, 0.471238
6.506542, 0.553727, -7.250016, -3.264076, -0.410236, 0.003050, 0.138779
6.530587, 0.538035, -7.306061, -2.730525, -0.413286, 0.038126, 0.451412
6.538544, 0.708412, -7.171552, -2.318032, -0.407186, 0.025926, 0.204356
6.562712, 1.069344, -6.301730, -3.048863, -0.417861, 0.007625, 0.277557
6.570880, 1.020024, -6.238959, -2.461508, -0.416336, 0.004575, 0.420911
6.594862, 0.766699, -5.682990, -2.217151, -0.433112, 0.000000, 0.198255
6.602879, 1.053651, -6.243443, -2.051257, -0.436162, 0.007625, 0.544440
6.627027, 1.289041, -6.339841, -2.259745, -0.454462, 0.024401, 0.221131
6.634985, 0.777908, -6.106692, -2.396496, -0.449887, 0.013725, 0.457512
6.659158, 0.885515, -6.017020, -2.194733, -0.460562, 0.016775, 0.408711
6.667101, 0.708412, -6.283795, -2.869518, -0.483438, 0.019826, 0.294333
6.691157, 1.286799, -6.456415, -2.497377, -0.414811, -0.001525, 0.488013
6.699153, 1.033475, -6.631276, -2.752943, -0.457512, 0.007625, 0.169280
6.723300, 1.493046, -6.292763, -2.279921, -0.434637, 0.030501, 0.495638
6.731256, 0.836195, -6.005811, -2.091609, -0.460562, 0.045751, 0.166229
6.755447, 0.717379, -5.617978, -2.244052, -0.436162, 0.006100, 0.425486
6.763454, 0.932593, -5.972184, -2.941256, -0.459037, 0.000000, 0.259257
6.787583, 1.410099, -6.113418, -2.154380, -0.452937, 0.018300, 0.286708
6.795628, 1.215061, -6.433997, -2.450299, -0.451412, 0.025926, 0.475813
6.819548, 0.858613, -6.097725, -2.533246, -0.446837, 0.010675, 0.195205
6.827784, 1.237479, -6.398128, -2.880727, -0.404136, 0.013725, 0.484963
6.851732, 1.008815, -6.413820, -2.291131, -0.413286, 0.021351, 0.154029
6.859755, 0.934835, -6.079791, -2.329241, -0.430062, 0.006100, 0.497163
6.883905, 1.282316, -5.615736, -2.499619, -0.410236, 0.010675, 0.320259
6.891882, 0.755490, -6.279312, -2.282163, -0.399561, 0.033551, 0.364485
6.916035, 1.484079, -5.826466, -2.376319, -0.404136, 0.001525, 0.425486
6.924004, 1.161258, -5.535031, -2.288889, -0.402611, 0.032026, 0.291283
6.948046, 1.219545, -6.680596, -2.344934, -0.382785, 0.004575, 0.486488
6.956161, 1.069344, -6.765785, -2.672238, -0.404136, 0.016775, 0.195205
6.980161, 1.058135, -5.248079, -2.017630, -0.394986, 0.018300, 0.503264
6.988144, 1.333877, -6.043922, -2.001937, -0.420911, 0.019826, 0.164704
7.012169, 1.109696, -5.916138, -2.537730, -0.381260, 0.028976, 0.518514
7.020307, 1.031233, -5.288431, -1.723952, -0.399561, 0.033551, 0.189105
7.044328, 0.838437, -6.021503, -2.566873, -0.361435, -0.001525, 0.477338
7.052447, 0.883273, -5.665056, -2.235085, -0.364485, 0.024401, 0.263832
7.076475, 0.833954, -5.537272, -2.589291, -0.352285, 0.007625, 0.353810
7.084625, 1.071585, -5.839917, -2.264229, -0.361435, -0.007625, 0.350759
7.108632, 1.309217, -5.476743, -2.387528, -0.355335, 0.003050, 0.282133
7.116571, 1.398890, -5.676265, -2.409946, -0.350759, 0.003050, 0.430062
7.140772, 1.134356, -5.528305, -2.587050, -0.333984, 0.010675, 0.227231
7.148685, 1.295767, -5.687474, -2.261987, -0.314158, 0.010675, 0.532239
7.172912, 0.919142, -4.889389, -2.024355, -0.324834, 0.016775, 0.141829
7.180485, 1.105213, -5.091152, -1.995211, -0.333984, 0.035076, 0.483438
7.205039, 1.076069, -4.963369, -2.183524, -0.311108, 0.010675, 0.286708
7.213017, 1.266623, -5.254804, -1.883121, -0.306533, 0.025926, 0.315684
7.237164, 1.076069, -3.683295, -1.387681, -0.262307, 0.007625, 0.440737
7.245020, 1.123147, -4.138382, -1.477353, -0.268407, -0.018300, 0.201305
7.269332, 0.793601, -3.631733, -1.154532, -0.237906, 0.006100, 0.459037
7.277172, 0.856372, -3.524126, -1.336119, -0.227231, 0.006100, 0.175380
7.301324, 0.780150, -3.053346, -1.028991, -0.204356, 0.003050, 0.497163
7.309320, 0.746523, -3.355991, -1.674633, -0.160129, 0.004575, 0.166229
7.333463, 1.053651, -3.454630, -1.266623, -0.175380, 0.012200, 0.376685
7.341432, 1.033475, -3.042137, -1.439242, -0.138779, 0.024401, 0.327884
7.365447, 0.941560, -3.820045, -1.791207, -0.125053, 0.030501, 0.213506
7.373575, 0.999848, -3.465839, -1.333877, -0.137254, 0.003050, 0.492588
7.397603, 0.914659, -2.824681, -1.349570, -0.163179, 0.018300, 0.195205
7.405758, 0.847404, -2.452541, -0.654609, -0.155554, 0.001525, 0.567315
7.429767, 1.055893, -2.625160, -0.977429, -0.109803, 0.009150, 0.230281
7.437757, 1.114180, -2.448057, -0.573904, -0.100653, -0.004575, 0.446837
7.461854, 1.022266, -2.102818, -0.629949, -0.096078, -0.001525, 0.405661
7.470012, 0.941560, -2.315790, -0.878790, -0.083877, 0.007625, 0.332459
7.494042, 0.970704, -2.539971, -0.744281, -0.048801, 0.000000, 0.469713
7.502155, 0.957253, -2.145413, -0.786876, -0.111328, 0.021351, 0.218081
7.526198, 0.860855, -2.145413, -0.807052, -0.141829, 0.019826, 0.445312
7.534150, 0.856372, -2.024355, -0.979671, -0.140304, 0.021351, 0.192155
7.558349, 1.179192, -1.638764, -0.605289, -0.111328, 0.035076, 0.498688
7.566292, 1.120905, -1.185918, -0.399042, -0.106753, -0.001525, 0.224181
7.590448, 0.885515, -1.295767, -0.692719, -0.068627, 0.006100, 0.468188
7.598438, 0.789117, -1.385439, -0.201763, -0.071677, 0.009150, 0.222656
7.622501, 0.869823, -0.972946, -0.002242, -0.025926, -0.012200, 0.523089
7.630493, 0.948286, -1.067102, -0.293677, -0.013725, -0.007625, 0.147929
7.654643, 1.109696, -1.244205, -0.040353, -0.004575, -0.033551, 0.405661
7.662283, 1.159016, -1.484079, -0.374382, 0.021351, 0.016775, 0.327884
7.686771, 1.159016, -0.874306, -0.138992, 0.030501, -0.004575, 0.280608
7.694755, 1.017782, -1.219545, -0.789117, 0.025926, 0.009150, 0.443787
7.718779, 0.941560, -0.721863, -0.107607, 0.013725, -0.009150, 0.192155
7.726761, 0.907933, -0.703929, -0.316095, 0.033551, 0.007625, 0.539865
7.750947, 0.959495, -0.589596, -0.538035, 0.006100, 0.018300, 0.234856
7.758902, 0.943802, -0.567178, -0.239874, -0.003050, 0.018300, 0.417861
7.782903, 1.006573, -0.273501, -0.177103, 0.004575, -0.013725, 0.341609
7.791033, 1.042442, -0.204005, 0.190554, 0.016775, 0.010675, 0.289758
7.815179, 1.058135, -0.363173, -0.029144, 0.051851, -0.032026, 0.550540
7.823168, 1.013298, -0.374382, 0.130025, 0.056427, -0.004575, 0.147929
7.847192, 0.818261, -0.049320, 0.269017, 0.061002, 0.001525, 0.512414
7.855350, 0.836195, -0.076222, -0.060529, 0.064052, 0.022876, 0.216556
7.879370, 1.136598, -0.336272, 0.024660, 0.057952, -0.019826, 0.439212
7.887352, 1.134356, 0.029144, 0.022418, 0.057952, -0.001525, 0.303483
7.911496, 1.046926, 0.313853, -0.015693, 0.062527, 0.016775, 0.335509
7.919510, 1.181434, 0.423702, -0.156927, 0.065577, -0.025926, 0.420911
7.943637, 1.080553, 0.365415, 0.031385, 0.070152, -0.022876, 0.247057
7.951633, 0.889999, 0.876548, 0.703929, 0.099128, 0.006100, 0.472763
7.975622, 0.892241, 0.262292, -0.107607, 0.080827, 0.004575, 0.173855
7.983761, 1.089520, 0.446120, 0.448362, 0.076252, -0.018300, 0.542915
8.007772, 1.138840, 1.100729, 0.672543, 0.080827, -0.007625, 0.292808
8.015774, 1.192643, 1.349570, 0.791359, 0.073202, -0.021351, 0.396511
8.039941, 1.194885, 0.751007, 0.531309, 0.097603, -0.003050, 0.428537
8.047899, 1.206094, 0.798085, 0.338513, 0.083877, -0.007625, 0.301958
8.072075, 0.827228, 1.535640, 0.887757, 0.093028, 0.000000, 0.462087
8.080063, 0.759974, 1.206094, 0.154685, 0.099128, -0.001525, 0.207406
8.104241, 1.179192, 0.937077, 0.508891, 0.117428, -0.025926, 0.542915
8.112188, 1.159016, 1.333877, 0.260050, 0.099128, -0.004575, 0.189105
8.136393, 1.156774, 1.762063, 0.295919, 0.083877, 0.001525, 0.555115
8.144339, 1.206094, 1.320426, 0.195038, 0.097603, -0.006100, 0.221131
8.168383, 1.118664, 1.618587, 0.481989, 0.131154, -0.041176, 0.427012
8.176375, 0.881032, 1.892088, 0.919142, 0.112853, 0.016775, 0.337034
8.200526, 0.798085, 1.369746, 0.484231, 0.118953, -0.028976, 0.274507
8.208489, 0.894482, 0.885515, 0.244357, 0.117428, 0.012200, 0.471238
8.232655, 1.145565, 2.253020, 0.979671, 0.093028, -0.012200, 0.179955
8.240635, 1.105213, 2.181282, 0.721863, 0.114378, -0.009150, 0.593241
8.264778, 1.246447, 1.333877, 0.273501, 0.102178, -0.001525, 0.204356
8.272772, 1.228512, 1.064860, 0.031385, 0.114378, -0.010675, 0.481913
8.296787, 0.802568, 2.407705, 0.647883, 0.089977, -0.021351, 0.323309
8.304895, 0.645641, 2.185765, 0.484231, 0.093028, -0.010675, 0.391936
8.328990, 0.827228, 1.775514, 0.201763, 0.105228, -0.012200, 0.471238
8.336961, 0.878790, 2.403221, 0.948286, 0.115903, -0.022876, 0.303483
8.361118, 0.807052, 3.407552, 0.728588, 0.149454, -0.027451, 0.573415
8.369085, 0.977429, 3.086973, 1.416824, 0.179955, -0.018300, 0.219606
8.393255, 0.766699, 2.723800, 0.701687, 0.143354, -0.033551, 0.552065
8.400872, 0.508891, 3.286494, 1.513222, 0.146404, 0.006100, 0.213506
8.425261, 0.195038, 3.257351, 0.887757, 0.134204, -0.012200, 0.436162
8.433201, 0.430428, 2.784329, 1.022266, 0.152504, -0.030501, 0.330934
8.457406, 0.957253, 2.896419, 0.759974, 0.160129, -0.027451, 0.332459
8.465390, 0.759974, 2.997301, 1.360779, 0.157079, -0.044226, 0.440737
8.489549, 0.986397, 3.526368, 0.600805, 0.161654, -0.019826, 0.208931
8.497520, 0.955011, 3.001784, 0.768941, 0.155554, -0.047276, 0.597816
8.521524, 0.795843, 3.329089, 1.004331, 0.154029, -0.025926, 0.247057
8.529648, 0.674785, 3.584655, 1.174709, 0.157079, -0.022876, 0.524614
8.553634, 0.504407, 3.497225, 0.934835, 0.158604, -0.027451, 0.286708
8.561814, 0.450604, 3.766242, 0.795843, 0.154029, -0.019826, 0.428537
8.585793, 0.748765, 3.015235, 1.040200, 0.138779, -0.035076, 0.379735
8.593987, 0.497682, 3.138535, 0.860855, 0.150979, -0.018300, 0.326359
8.617909, 0.896724, 3.959038, 1.358537, 0.146404, -0.039651, 0.538340
8.625932, 0.502166, 3.611557, 1.333877, 0.143354, -0.042701, 0.199780
8.649933, 1.096245, 3.544303, 0.753248, 0.140304, -0.051851, 0.573415
8.658088, 0.591838, 3.950070, 0.845163, 0.144879, -0.004575, 0.192155
8.682215, 0.979671, 3.311154, 1.017782, 0.155554, -0.027451, 0.523089
8.690229, 0.441637, 3.214756, 0.970704, 0.137254, -0.019826, 0.231806
8.714221, 0.295919, 4.115964, 1.423550, 0.152504, -0.016775, 0.442262
8.722200, 0.358690, 4.257198, 1.685842, 0.152504, -0.024401, 0.346184
8.746506, 0.349722, 3.252867, 0.712896, 0.169280, -0.068627, 0.300433
8.754544, 0.421460, 3.546544, 0.858613, 0.140304, -0.062527, 0.468188
8.778506, 0.486473, 4.214604, 1.120905, 0.157079, -0.016775, 0.199780
8.786532, 0.840679, 4.008357, 1.280074, 0.147929, -0.003050, 0.529189
8.810562, 0.874306, 3.391860, 0.959495, 0.134204, -0.024401, 0.160129
8.818500, 0.425944, 3.544303, 0.863097, 0.140304, -0.036601, 0.556640
8.842688, 0.858613, 4.293067, 1.472870, 0.158604, -0.033551, 0.195205
8.850681, 0.459571, 4.129415, 0.712896, 0.134204, -0.053376, 0.497163
8.874849, 1.246447, 3.622766, 1.481837, 0.129628, -0.027451, 0.320259
8.882843, 0.851888, 3.613799, 1.013298, 0.152504, -0.033551, 0.353810
8.906975, 0.818261, 3.869365, 1.102971, 0.158604, -0.041176, 0.448362
8.914961, 0.887757, 4.228055, 1.661182, 0.149454, 0.013725, 0.265357
8.939145, 0.349722, 4.288584, 1.448210, 0.134204, -0.045751, 0.550540
8.946985, 0.573904, 3.846947, 1.002089, 0.137254, -0.036601, 0.152504
8.971140, 1.067102, 4.526216, 1.383197, 0.154029, 0.010675, 0.488013
8.979118, 0.986397, 3.625008, 0.865339, 0.141829, -0.012200, 0.251632
9.003398, 0.044836, 3.849189, 0.219697, 0.154029, -0.061002, 0.512414
9.011275, 0.047078, 3.887300, 0.892241, 0.147929, -0.010675, 0.272982
9.035428, 0.414735, 3.997148, 1.147807, 0.141829, -0.032026, 0.393461
9.043428, 0.327304, 3.938861, 1.094004, 0.147929, -0.027451, 0.369060
9.067428, 0.195038, 4.494830, 1.085036, 0.134204, -0.015250, 0.320259
9.075376, -0.004484, 3.373925, 1.688083, 0.196730, 0.062527, 0.443787
9.099710, -0.520100, 2.297856, 2.228360, 0.352285, 0.044226, 0.190630
9.107708, -0.739798, 2.593775, 2.526521, 0.338559, 0.218081, 0.544440
9.131685, -1.338361, 3.577930, 1.663424, 0.582566, 0.108278, 0.195205
9.139731, -1.443726, 3.252867, 2.371836, 0.593241, 0.100653, 0.582566
9.163687, -1.203852, 3.113875, 2.806747, 0.802172, 0.150979, 0.219606
9.171885, -0.874306, 3.566721, 2.414430, 0.805222, 0.245532, 0.494113
9.195877, -1.246447, 3.622766, 3.248384, 0.542915, 0.082352, 0.306533
9.203964, -1.412341, 3.398585, 2.726042, 0.373635, 0.202830, 0.399561
9.227932, -0.818261, 2.992817, 2.037806, 0.048801, 0.000000, 0.434637
9.236016, -1.165742, 3.021961, 2.528762, 0.335509, 0.131154, 0.279083
9.260347, -0.775666, 3.111633, 2.708107, 0.715244, 0.154029, 0.521564
9.268112, -1.199369, 2.730525, 2.826923, 0.768621, 0.065577, 0.211981
9.292284, -0.674785, 3.770726, 2.643095, 0.288233, 0.007625, 0.545965
9.300283, -1.313701, 3.490499, 2.663271, 0.057952, 0.117428, 0.178430
9.324426, -1.040200, 2.871759, 2.604984, 0.727445, 0.276032, 0.541390
9.332433, -1.338361, 3.524126, 2.268712, 0.811322, 0.111328, 0.221131
9.356610, -1.580477, 3.526368, 3.131809, 0.085402, 0.129628, 0.449887
9.364438, -0.912417, 2.968157, 2.674480, 0.269932, 0.051851, 0.292808
9.388602, -0.782392, 3.169920, 2.970399, 0.718294, 0.169280, 0.359910
9.396701, -1.369746, 2.907628, 3.277527, 0.384310, 0.269932, 0.408711
9.420719, -1.241963, 3.053346, 2.856067, 0.687794, 0.282133, 0.257732
9.428714, -0.755490, 2.813472, 2.930047, 0.760996, 0.248582, 0.520039
9.452895, -1.356295, 3.344782, 3.055588, 0.321784, 0.061002, 0.193680
9.460864, -1.280074, 3.494983, 3.196822, 0.776246, 0.157079, 0.559690
9.485017, -1.163500, 3.391860, 3.154228, 0.158604, 0.208931, 0.221131
9.493008, -1.298008, 2.961432, 2.638611, 0.532239, 0.201305, 0.503264
9.517015, -1.414583, 3.264076, 2.932288, 0.186055, 0.074727, 0.208931
9.525131, -1.300250, 3.443421, 2.822440, 0.460562, 0.158604, 0.486488
9.549145, -1.347328, 2.885210, 2.638611, 0.187580, 0.164704, 0.245532
9.557300, -0.968462, 2.921079, 3.111633, 0.491063, 0.074727, 0.507839
9.581318, -0.753248, 3.405310, 3.452388, 0.224181, 0.129628, 0.248582
9.589305, -1.161258, 2.941256, 2.797780, 0.742695, 0.163179, 0.462087
9.613476, -1.493046, 3.017477, 2.786571, 0.420911, 0.068627, 0.230281
9.621418, -1.423550, 3.528610, 3.313396, 0.847923, 0.129628, 0.494113
9.645452, -1.255414, 3.557754, 3.306671, 0.823522, 0.382785, 0.234856
9.653590, -0.979671, 3.501708, 3.037653, 0.684743, 0.215031, 0.518514
9.677575, -1.102971, 2.472717, 3.037653, 0.623742, 0.201305, 0.245532
9.685740, -1.365263, 2.867276, 2.822440, 0.216556, 0.204356, 0.494113
9.709558, -1.358537, 3.313396, 3.340298, 0.318734, 0.093028, 0.141829
9.717898, -1.392164, 3.631733, 3.445663, 0.809797, 0.186055, 0.520039
9.741885, -0.874306, 2.853825, 2.712591, 0.789971, 0.111328, 0.253157
9.749865, -0.883273, 2.392012, 3.111633, 0.396511, 0.118953, 0.460562
9.773880, -1.363021, 3.683295, 3.512917, 0.378210, 0.207406, 0.394986
9.781988, -1.410099, 3.808836, 3.764000, 0.710669, 0.077777, 0.282133
9.806157, -1.470628, 2.495135, 2.643095, 0.791496, 0.382785, 0.491063
9.814116, -1.484079, 2.326999, 2.909870, 0.263832, 0.250107, 0.154029
9.838277, -1.143323, 3.887300, 3.389618, 0.492588, 0.190630, 0.539865
9.846313, -0.999848, 4.062161, 2.983850, 0.806747, 0.213506, 0.259257
9.870426, -0.473022, 2.912112, 2.968157, 0.521564, 0.218081, 0.524614
9.878419, -0.636674, 3.230449, 2.654304, 0.387360, 0.237906, 0.181480
9.902598, -1.392164, 3.786418, 3.160953, 0.786921, 0.192155, 0.497163
9.910472, -1.611862, 3.488257, 2.719316, 0.451412, 0.193680, 0.248582
9.934482, -1.376472, 3.243900, 3.046621, 0.288233, 0.179955, 0.425486
9.942622, -1.302492, 3.687779, 3.131809, 0.843348, 0.370585, 0.346184
9.966757, -0.497682, 3.210273, 2.589291, 0.651193, 0.134204, 0.292808
9.974751, -0.455088, 3.418761, 2.923321, 0.330934, 0.244007, 0.446837
9.998926, -1.239721, 3.918685, 3.160953, 0.623742, 0.070152, 0.201305
10.006878, -1.324910, 4.169768, 3.456872, 0.725920, 0.161654, 0.523089
10.030879, -1.540124, 3.091457, 2.665513, 0.338559, 0.025926, 0.189105
10.039045, -1.428033, 3.557754, 2.880727, 0.597816, 0.149454, 0.538340
10.063047, -0.811535, 4.035259, 3.313396, 0.878424, 0.091502, 0.251632
10.071041, -0.567178, 3.712438, 2.943497, 0.283658, 0.118953, 0.462087
10.095209, -0.697203, 4.008357, 3.313396, 0.445312, 0.280608, 0.308058
10.103155, -0.957253, 4.041985, 3.136293, 0.789971, 0.033551, 0.352285
10.127329, -1.365263, 3.432212, 2.954706, 0.420911, 0.198255, 0.428537
10.135301, -1.434759, 3.095941, 2.701382, 0.439212, 0.074727, 0.210456
10.159459, -1.351812, 4.124932, 3.024203, 0.776246, 0.247057, 0.484963
10.167455, -0.986397, 4.033017, 3.403069, 0.465138, 0.086927, 0.195205
10.191481, -0.403526, 3.654151, 2.813472, 0.259257, 0.250107, 0.472763
10.199469, -0.609773, 3.725889, 3.160953, 0.811322, 0.227231, 0.225706
10.223647, -1.244205, 4.136141, 3.028686, 0.689319, 0.375160, 0.452937
10.231633, -1.385439, 3.304429, 2.972641, 0.257732, 0.410236, 0.215031
10.255749, -1.430275, 3.528610, 3.030928, 0.582566, 0.225706, 0.388885
10.263739, -1.331636, 3.557754, 2.961432, 0.587141, 0.239431, 0.283658
10.287769, -0.452846, 3.553270, 3.192338, 0.297383, 0.169280, 0.384310
10.295871, -0.304886, 3.450147, 2.755185, 0.614592, 0.300433, 0.350759
10.320073, -0.957253, 4.077854, 3.436696, 0.809797, 0.083877, 0.242482
10.328035, -1.192643, 4.167526, 3.024203, 0.306533, 0.186055, 0.475813
10.352044, -1.540124, 3.046621, 2.694656, 0.347709, 0.068627, 0.187580
10.360088, -1.439242, 3.201306, 2.986092, 0.719819, 0.204356, 0.518514
10.384218, -0.966220, 3.905234, 2.900903, 0.446837, 0.099128, 0.189105
10.392155, -0.795843, 3.750549, 3.048863, 0.516989, 0.120478, 0.477338
10.416353, -0.782392, 3.837980, 2.905387, 0.739645, 0.122003, 0.276032
10.424345, -0.943802, 4.109239, 3.559995, 0.431587, 0.051851, 0.451412
10.448321, -1.349570, 3.376167, 2.613951, 0.265357, 0.224181, 0.242482
10.456458, -1.425792, 3.492741, 2.694656, 0.733545, 0.047276, 0.448362
10.480544, -1.324910, 3.714680, 3.241658, 0.596291, 0.234856, 0.259257
10.488490, -1.037958, 4.237022, 3.134051, 0.382785, 0.068627, 0.399561
10.512662, -0.425944, 3.678811, 2.903145, 0.617642, 0.471238, 0.265357
10.520495, -0.540276, 3.929894, 2.795538, 0.549015, 0.289758, 0.381260
10.544664, -1.085036, 4.205637, 3.268560, 0.286708, 0.265357, 0.366010
10.552620, -1.273348, 3.781935, 2.773120, 0.616117, 0.230281, 0.256207
10.576791, -1.396648, 3.577930, 2.746218, 0.706094, 0.280608, 0.495638
10.584792, -1.363021, 3.820045, 3.178888, 0.205881, 0.283658, 0.155554
10.609079, -0.690478, 3.741582, 2.865034, 0.440737, 0.204356, 0.495638
10.616961, -0.464055, 3.690020, 3.116117, 0.584091, 0.289758, 0.150979
10.641098, -0.975188, 4.355838, 3.134051, 0.425486, 0.135729, 0.445312
10.649038, -1.109696, 4.252715, 3.331331, 0.428537, 0.440737, 0.179955
10.673239, -1.329394, 3.468081, 2.741734, 0.658818, 0.079302, 0.407186
10.681216, -1.259898, 3.192338, 2.797780, 0.269932, 0.221131, 0.260782
10.705384, -0.867581, 4.405158, 3.421003, 0.242482, 0.061002, 0.332459
10.713223, -0.663576, 3.660877, 2.914354, 0.727445, 0.181480, 0.320259
10.737370, -0.677027, 3.676569, 3.246142, 0.459037, 0.120478, 0.259257
10.745385, -0.930351, 3.759516, 2.952465, 0.341609, 0.102178, 0.370585
10.769371, -1.212820, 3.338056, 2.858309, 0.503264, 0.228756, 0.128103
10.777492, -1.219545, 3.075764, 2.853825, 0.480388, 0.015250, 0.454462
10.801675, -1.203852, 3.710197, 2.997301, 0.218081, 0.394986, 0.146404
10.809680, -1.006573, 3.905234, 3.223724, 0.655768, 0.140304, 0.428537
10.833630, -0.569420, 3.436696, 2.766394, 0.680168, 0.272982, 0.125053
10.841789, -0.753248, 3.629491, 3.178888, 0.192155, 0.140304, 0.428537
10.865763, -1.239721, 4.055435, 3.048863, 0.449887, 0.308058, 0.146404
10.873801, -1.145565, 3.481532, 2.824681, 0.545965, 0.295858, 0.430062
10.897935, -1.091762, 3.095941, 3.102666, 0.289758, 0.295858, 0.167755
10.906098, -1.185918, 3.690020, 2.954706, 0.410236, 0.288233, 0.437687
10.930095, -0.643400, 3.329089, 2.968157, 0.655768, 0.318734, 0.135729
10.938064, -0.538035, 3.535335, 2.737251, 0.271457, 0.443787, 0.423961
10.962247, -1.017782, 4.046468, 3.338056, 0.231806, 0.199780, 0.152504
10.970226, -1.145565, 4.302035, 3.158711, 0.635942, 0.308058, 0.420911
10.994340, -1.089520, 2.907628, 2.504103, 0.433112, 0.137254, 0.146404
11.002334, -1.091762, 3.299945, 2.878485, 0.233331, 0.329409, 0.414811
11.026340, -1.098487, 4.015083, 3.037653, 0.541390, 0.129628, 0.108278
11.034391, -0.939319, 3.692262, 3.248384, 0.393461, 0.201305, 0.455987
11.058519, -0.824986, 3.620524, 2.927805, 0.123528, 0.115903, 0.137254
11.066521, -0.997606, 3.961279, 3.167678, 0.527664, 0.202830, 0.428537
11.090542, -1.044684, 3.335814, 2.896419, 0.516989, 0.279083, 0.141829
11.098658, -1.024507, 3.116117, 2.712591, 0.082352, 0.125053, 0.407186
11.122841, -1.141082, 3.837980, 3.320122, 0.349234, 0.237906, 0.216556
11.130863, -1.017782, 3.799869, 3.084731, 0.431587, 0.086927, 0.358385
11.154986, -0.544760, 3.364958, 3.452388, 0.242482, 0.265357, 0.132679
11.162959, -0.674785, 3.387376, 2.748460, 0.366010, 0.161654, 0.375160
11.186980, -1.118664, 3.934378, 2.894178, 0.431587, 0.340084, 0.143354
11.194965, -0.955011, 2.903145, 3.021961, 0.265357, 0.189105, 0.362960
11.219125, -1.145565, 3.192338, 2.575840, 0.100653, 0.483438, 0.149454
11.227109, -1.298008, 3.412036, 3.160953, 0.603916, 0.425486, 0.349234
11.251254, -0.872064, 3.089215, 2.869518, 0.347709, 0.286708, 0.150979
11.259239, -0.683752, 2.990575, 2.878485, 0.228756, 0.298908, 0.347709
11.283253, -1.152291, 3.553270, 2.885210, 0.474288, 0.291283, 0.152504
11.291390, -1.172467, 3.488257, 2.914354, 0.318734, 0.306533, 0.330934
11.315408, -0.905692, 2.519795, 2.992817, 0.213506, 0.149454, 0.150979
11.323395, -0.941560, 2.808989, 2.311307, 0.428537, 0.349234, 0.312633
11.347540, -1.098487, 3.494983, 3.082490, 0.535289, 0.157079, 0.146404
11.355530, -0.990880, 3.078006, 3.055588, 0.179955, 0.280608, 0.294333
11.379562, -0.833954, 2.983850, 2.840374, 0.283658, 0.164704, 0.167755
11.387656, -1.015540, 3.555512, 2.878485, 0.404136, 0.210456, 0.292808
11.411671, -0.775666, 2.600500, 2.522037, 0.208931, 0.137254, 0.210456
11.419837, -0.768941, 2.889694, 2.562390, 0.269932, 0.207406, 0.222656
11.443816, -1.253172, 3.288736, 2.560148, 0.446837, 0.303483, 0.242482
11.451980, -1.239721, 3.510676, 3.228207, 0.118953, 0.128103, 0.251632
11.476151, -0.898966, 2.835890, 2.609468, 0.179955, 0.294333, 0.225706
11.483971, -0.820503, 3.216998, 2.501861, 0.378210, 0.210456, 0.239431
11.508120, -1.011057, 3.351507, 2.909870, 0.253157, 0.446837, 0.173855
11.516105, -0.921384, 2.965916, 2.295614, 0.105228, 0.376685, 0.224181
11.540285, -1.008815, 2.903145, 2.544455, 0.340084, 0.326359, 0.210456
11.548248, -1.183676, 3.169920, 2.730525, 0.166229, 0.268407, 0.181480
11.572270, -1.011057, 2.862792, 2.869518, 0.105228, 0.318734, 0.251632
11.580395, -0.780150, 2.714833, 2.165589, 0.294333, 0.333984, 0.125053
11.604588, -0.833954, 3.658635, 2.145413, 0.184530, 0.251632, 0.323309
11.612545, -0.836195, 3.255109, 2.755185, -0.007625, 0.285183, 0.083877
11.636549, -0.627707, 2.947981, 1.737403, 0.073202, 0.216556, 0.332459
11.644676, -0.600805, 2.847100, 2.351659, 0.323309, 0.407186, 0.061002
11.668719, -0.948286, 3.625008, 2.279921, 0.161654, 0.140304, 0.349234
11.676718, -1.013298, 2.784329, 2.782087, 0.035076, 0.247057, 0.061002
11.700976, -0.656851, 3.167678, 1.849494, -0.019826, 0.189105, 0.337034
11.708994, -0.753248, 3.185613, 2.084884, 0.358385, 0.135729, 0.050326
11.732990, -0.544760, 3.131809, 2.273196, 0.390411, 0.291283, 0.294333
11.740984, -0.627707, 2.815714, 2.111786, -0.028976, 0.248582, 0.093028
11.765103, -0.986397, 3.259593, 2.398737, -0.050326, 0.236381, 0.262307
11.773111, -1.273348, 3.205789, 1.945892, -0.067102, 0.256207, 0.094553
11.797301, -0.795843, 2.714833, 1.730678, -0.126578, 0.122003, 0.218081
11.805289, -0.531309, 2.878485, 2.302340, 0.321784, 0.176905, 0.163179
11.829301, -0.383350, 2.896419, 2.349418, 0.115903, 0.480388, 0.106753
11.837270, -0.555969, 3.093699, 1.901055, 0.416336, 0.385835, 0.218081
11.861292, -0.889999, 3.270802, 1.757580, 0.295858, 0.187580, 0.024401
11.869298, -0.432669, 3.026444, 2.116269, 0.321784, 0.277557, 0.314158
11.893455, -1.217303, 2.822440, 1.957101, 0.286708, 0.195205, -0.016775
11.901531, -1.102971, 2.950223, 2.158864, 0.349234, 0.131154, 0.349234
11.925584, -0.394559, 2.829165, 2.235085, 0.274507, 0.247057, 0.006100
11.933550, -0.656851, 2.757427, 1.654456, 0.414811, 0.272982, 0.292808
11.957716, -0.334030, 3.122842, 1.858461, 0.019826, 0.208931, 0.091502
11.965677, -0.499924, 2.950223, 1.385439, 0.327884, 0.190630, 0.227231
11.989832, -0.988639, 2.587050, 1.499771, -0.242482, 0.208931, 0.129628
11.997943, -0.560453, 2.844858, 1.540124, 0.001525, 0.183005, 0.199780
12.021829, -0.562694, 3.234933, 1.697051, -0.038126, 0.176905, 0.169280
12.029983, -0.582871, 3.113875, 1.531157, -0.305008, 0.268407, 0.077777
12.054015, -0.634432, 3.091457, 1.889846, 0.356860, 0.195205, 0.231806
12.062199, -0.618740, 3.158711, 1.537882, 0.271457, 0.108278, 0.064052
12.086164, -0.338513, 2.813472, 2.040048, -0.289758, 0.384310, 0.300433
12.094119, -0.858613, 2.732767, 1.663424, -0.028976, 0.364485, -0.009150
12.118259, -1.154532, 2.954706, 1.632038, 0.268407, 0.317209, 0.318734
12.126254, -1.136598, 2.439090, 1.721711, 0.093028, 0.420911, 0.024401
12.150403, -0.652367, 3.156469, 1.410099, -0.298908, 0.138779, 0.297383
12.158434, -0.620982, 3.078006, 1.387681, -0.076252, 0.068627, -0.018300
12.182454, -0.905692, 3.084731, 1.806899, 0.398036, 0.030501, 0.312633
12.190425, -1.062618, 2.425639, 2.008662, 0.289758, 0.199780, -0.006100
12.214585, -0.325063, 2.562390, 1.445968, -0.102178, 0.199780, 0.292808
12.222705, -0.412493, 3.138535, 1.102971, -0.283658, 0.254682, 0.010675
12.246732, -0.524584, 2.412188, 1.836043, -0.272982, 0.123528, 0.309583
12.254852, -0.520100, 3.004026, 1.439242, -0.192155, 0.178430, 0.056427
12.278904, -0.123300, 2.508586, 1.549091, 0.030501, 0.324834, 0.269932
12.286852, -0.293677, 2.728284, 1.658940, 0.115903, 0.259257, 0.033551
12.311035, -0.603047, 3.270802, 1.898814, 0.096078, 0.128103, 0.237906
12.319019, -0.645641, 3.302187, 1.354054, 0.100653, 0.137254, 0.041176
12.343080, -0.647883, 3.089215, 1.363021, 0.099128, 0.115903, 0.301958
12.351015, -0.464055, 3.299945, 1.284558, 0.059477, 0.111328, 0.013725
12.375201, -0.585113, 5.234628, 2.259745, 0.015250, 0.061002, 0.321784
12.383195, -0.598563, 5.492436, 2.394254, 0.036601, 0.045751, -0.042701
12.407470, -0.636674, 4.553117, 2.517553, 0.010675, -0.001525, 0.321784
12.415427, -0.694961, 5.012689, 2.555664, 0.012200, 0.003050, -0.001525
12.439480, -0.694961, 5.097877, 2.443574, 0.003050, 0.004575, 0.259257
12.447314, -0.701687, 5.084427, 2.196974, -0.003050, 0.000000, 0.062527
12.471623, -0.766699, 4.858004, 1.284558, 0.010675, 0.013725, 0.192155
12.479462, -0.748765, 4.927500, 1.649973, -0.004575, 0.004575, 0.111328
12.503595, -0.780150, 5.286190, 1.898814, -0.013725, 0.009150, 0.150979
12.511773, -0.809294, 5.095636, 1.389923, -0.016775, -0.003050, 0.181480
12.535736, -0.802568, 5.097877, 1.571509, -0.053376, 0.004575, 0.132679
12.543769, -0.813777, 4.858004, 1.945892, -0.021351, 0.006100, 0.192155
12.567887, -0.838437, 5.407247, 1.253172, -0.057952, -0.007625, 0.073202
12.575906, -0.847404, 5.290673, 1.327152, -0.042701, -0.001525, 0.198255
12.599885, -0.872064, 5.062008, 2.022113, -0.030501, -0.013725, 0.146404
12.608007, -0.883273, 5.012689, 1.475111, -0.056427, -0.007625, 0.179955
12.631999, -0.919142, 5.030623, 2.374077, -0.047276, -0.003050, 0.118953
12.640187, -0.903450, 4.916291, 1.885363, -0.057952, 0.009150, 0.123528
12.664206, -0.865339, 5.393796, 2.833649, -0.085402, 0.006100, 0.190630
12.672193, -0.923626, 5.709892, 2.275438, -0.074727, 0.016775, 0.077777
12.696349, -0.934835, 5.391555, 2.257503, -0.068627, -0.009150, 0.274507
12.704343, -0.910175, 5.142714, 1.540124, -0.085402, -0.009150, 0.077777
12.728492, -0.939319, 5.519338, 1.188160, -0.082352, -0.006100, 0.146404
12.736334, -0.966220, 5.949766, 1.253172, -0.054901, 0.030501, 0.172330
12.760485, -0.923626, 5.396038, 1.513222, -0.099128, 0.013725, 0.100653
12.768598, -0.928110, 5.160648, 2.051257, -0.103703, 0.007625, 0.193680
12.792609, -0.966220, 6.003569, 2.338209, -0.134204, 0.007625, 0.062527
12.800762, -0.970704, 5.739035, 1.914506, -0.111328, 0.006100, 0.234856
12.824773, -0.932593, 5.259288, 1.811383, -0.103703, 0.001525, 0.057952
12.832730, -0.939319, 5.586592, 2.057982, -0.115903, 0.010675, 0.294333
12.856949, -0.948286, 5.674023, 1.037958, -0.091502, 0.021351, 0.006100
12.864760, -0.977429, 5.333268, 1.508739, -0.082352, 0.019826, 0.303483
12.889068, -0.925868, 6.120143, 1.710502, -0.083877, 0.007625, -0.025926
12.897067, -0.937077, 6.205332, 1.914506, -0.065577, 0.015250, 0.291283
12.921072, -0.972946, 5.364653, 2.302340, -0.122003, 0.019826, -0.019826
12.929067, -0.943802, 5.869060, 1.791207, -0.155554, 0.019826, 0.324834
12.953215, -0.955011, 5.400522, 1.526673, -0.118953, 0.000000, -0.004575
12.961197, -0.957253, 5.626945, 0.981913, -0.120478, 0.009150, 0.279083
12.985376, -0.995364, 5.765937, 1.887605, -0.149454, 0.007625, -0.001525
12.993344, -0.977429, 5.658330, 1.746371, -0.144879, 0.004575, 0.308058
13.017482, -0.984155, 5.792839, 1.867428, -0.163179, 0.000000, -0.033551
13.025467, -0.981913, 5.501403, 1.997453, -0.157079, 0.010675, 0.289758
13.049512, -1.024507, 6.209816, 1.259898, -0.175380, 0.006100, 0.006100
13.057629, -1.017782, 5.745761, 1.118664, -0.132679, 0.016775, 0.250107
13.081640, -0.997606, 5.992360, 1.656698, -0.125053, 0.010675, 0.032026
13.089600, -1.008815, 5.656088, 1.802416, -0.154029, 0.000000, 0.234856
13.113634, -0.946044, 5.582109, 1.125389, -0.134204, -0.003050, 0.079302
13.121740, -0.959495, 5.082185, 0.434911, -0.128103, 0.010675, 0.196730
13.145939, -1.006573, 5.073218, 1.096245, -0.163179, 0.001525, 0.115903
13.153871, -0.997606, 5.102361, 1.470628, -0.137254, 0.022876, 0.128103
13.177893, -0.988639, 5.158406, 1.437001, -0.161654, 0.016775, 0.109803
13.185992, -0.943802, 5.120296, 0.946044, -0.183005, 0.013725, 0.208931
13.210212, -0.854130, 5.021656, 0.529067, -0.161654, 0.001525, 0.056427
13.218164, -0.860855, 5.167374, 1.152291, -0.202830, 0.000000, 0.207406
13.242217, -0.934835, 5.053041, 1.549091, -0.166229, 0.003050, 0.164704
13.250208, -0.934835, 5.073218, 1.118664, -0.172330, 0.009150, 0.125053
13.274342, -0.670301, 5.055283, 0.262292, -0.170805, 0.007625, 0.280608
13.282348, -0.614256, 5.279464, 0.986397, -0.178430, 0.010675, 0.042701
13.306502, -0.804810, 4.824377, 1.327152, -0.175380, 0.009150, 0.160129
13.314458, -0.820503, 5.230144, 1.479595, -0.152504, -0.007625, 0.189105
13.338491, -0.813777, 5.162890, 0.789117, -0.169280, 0.006100, 0.032026
13.346502, -0.838437, 5.696441, 0.647883, -0.150979, 0.007625, 0.301958
13.370650, -0.836195, 5.037349, 0.703929, -0.184530, 0.013725, 0.027451
13.378635, -0.842921, 5.346718, 1.141082, -0.172330, 0.001525, 0.280608
13.402818, -0.809294, 5.207726, 0.986397, -0.184530, 0.009150, 0.056427
13.410797, -0.858613, 5.393796, 0.551485, -0.190630, 0.007625, 0.311108
13.434956, -0.827228, 5.232386, 0.416977, -0.204356, 0.022876, 0.089977
13.442938, -0.786876, 5.174099, 0.921384, -0.202830, 0.003050, 0.221131
13.467096, -0.755490, 5.301882, 1.432517, -0.233331, -0.001525, 0.091502
13.475075, -0.744281, 4.629339, 0.674785, -0.221131, -0.001525, 0.184530
13.499250, -0.795843, 5.333268, 0.011209, -0.210456, 0.009150, 0.166229
13.507213, -0.771183, 4.909565, 0.311612, -0.216556, 0.018300, 0.120478
13.531219, -0.748765, 5.209968, 0.914659, -0.224181, 0.003050, 0.163179
13.539376, -0.733072, 4.577777, 0.735314, -0.242482, 0.010675, 0.137254
13.563392, -0.737556, 4.844553, 0.327304, -0.204356, 0.019826, 0.280608
13.571369, -0.764457, 4.456720, -0.228665, -0.218081, 0.013725, 0.048801
13.595510, -0.672543, 4.902840, 0.614256, -0.222656, 0.004575, 0.303483
13.603501, -0.652367, 4.198911, 0.607531, -0.240957, 0.013725, 0.018300
13.627546, -0.643400, 4.432060, 0.587354, -0.248582, 0.013725, 0.297383
13.635508, -0.654609, 4.178735, 0.163652, -0.228756, 0.024401, 0.000000
13.659683, -0.652367, 4.405158, -0.143476, -0.166229, 0.016775, 0.286708
13.667670, -0.641158, 4.145108, 0.244357, -0.161654, 0.001525, 0.073202
13.691816, -0.562694, 4.019567, 0.569420, -0.152504, 0.007625, 0.245532
13.699796, -0.544760, 4.192186, -0.020176, -0.201305, 0.025926, 0.128103
13.723955, -0.555969, 3.869365, -0.719621, -0.196730, 0.001525, 0.202830
13.731953, -0.576145, 4.295309, -0.163652, -0.190630, -0.004575, 0.166229
13.756094, -0.506649, 3.950070, 0.282468, -0.199780, 0.001525, 0.163179
13.764068, -0.517858, 4.499314, 0.477506, -0.221131, 0.010675, 0.210456
13.788055, -0.488715, 3.757275, -0.221939, -0.251632, 0.021351, 0.102178
13.796233, -0.520100, 4.553117, -0.253325, -0.158604, 0.007625, 0.272982
13.820272, -0.434911, 4.046468, -0.100881, -0.167755, 0.009150, 0.051851
13.828197, -0.376624, 4.521732, 0.486473, -0.186055, -0.007625, 0.303483
13.852407, -0.342997, 3.983698, 0.035869, -0.173855, -0.004575, 0.051851
13.860380, -0.342997, 4.214604, -0.147960, -0.199780, 0.010675, 0.326359
13.884556, -0.349722, 4.254957, -0.425944, -0.167755, 0.009150, 0.057952
13.892525, -0.347481, 4.158559, 0.345239, -0.210456, 0.009150, 0.295858
13.916669, -0.360932, 4.127173, 0.697203, -0.205881, 0.006100, 0.088452
13.924677, -0.354206, 3.840222, 0.264534, -0.219606, 0.010675, 0.349234
13.948695, -0.313853, 4.111481, -0.540276, -0.108278, -0.009150, 0.112853
13.956819, -0.309370, 3.642942, -0.145718, -0.137254, 0.007625, 0.294333
13.980961, -0.253325, 3.896267, 0.080705, -0.152504, 0.012200, 0.152504
13.988961, -0.322821, 3.313396, -0.091914, -0.154029, 0.015250, 0.236381
14.013097, -0.345239, 3.707955, -0.486473, -0.155554, 0.018300, 0.190630
14.021086, -0.338513, 3.042137, -0.990880, -0.129628, 0.003050, 0.196730
14.045093, -0.356448, 3.335814, -0.100881, -0.160129, -0.004575, 0.268407
14.053070, -0.329546, 2.900903, -0.107607, -0.149454, 0.006100, 0.135729
14.077281, -0.354206, 3.118359, -0.002242, -0.128103, -0.007625, 0.335509
14.085265, -0.351964, 2.703624, -0.641158, -0.128103, 0.007625, 0.096078
14.109307, -0.365415, 3.001784, -0.791359, -0.128103, -0.001525, 0.335509
14.117261, -0.322821, 2.786571, -0.531309, -0.131154, 0.009150, 0.102178
14.141403, -0.358690, 2.587050, 0.051562, -0.120478, -0.007625, 0.362960
14.149389, -0.369899, 2.777603, -0.777908, -0.112853, -0.001525, 0.117428
14.173560, -0.347481, 2.557906, -1.194885, -0.076252, 0.006100, 0.303483
14.181540, -0.372141, 3.127326, -0.789117, -0.089977, 0.006100, 0.160129
14.205718, -0.385591, 2.378561, -0.253325, -0.059477, -0.004575, 0.276032
14.213700, -0.360932, 3.010752, -0.289194, -0.070152, -0.003050, 0.192155
14.237834, -0.390075, 2.398737, -0.910175, -0.071677, -0.003050, 0.215031
14.245832, -0.372141, 3.095941, -0.706170, -0.057952, 0.007625, 0.240957
14.269835, -0.387833, 2.228360, -0.840679, -0.071677, -0.013725, 0.224181
14.277935, -0.392317, 2.764153, -0.282468, -0.057952, -0.003050, 0.257732
14.301985, -0.295919, 2.528762, -0.807052, -0.068627, -0.001525, 0.231806
14.310121, -0.304886, 2.609468, -0.811535, -0.062527, -0.021351, 0.279083
14.334145, -0.327304, 2.658787, -1.221787, -0.059477, -0.004575, 0.189105
14.342099, -0.320579, 2.425639, -0.147960, -0.074727, 0.003050, 0.332459
14.366104, -0.320579, 2.927805, 0.089672, -0.047276, -0.010675, 0.132679
14.374243, -0.311612, 2.403221, -0.181587, -0.056427, -0.007625, 0.379735
14.398283, -0.246599, 2.479443, -1.085036, -0.038126, -0.007625, 0.236381
14.406372, -0.206247, 2.188007, -0.513375, -0.013725, 0.007625, 0.221131
14.430522, -0.228665, 2.228360, -0.123300, -0.044226, -0.006100, 0.369060
14.438404, -0.177103, 1.746371, -0.271259, -0.038126, -0.007625, 0.154029
14.462546, -0.114332, 1.623071, -0.737556, -0.039651, 0.000000, 0.306533
14.470552, -0.143476, 1.430275, -1.217303, -0.064052, 0.006100, 0.215031
14.494715, -0.091914, 1.625313, -0.304886, -0.010675, -0.012200, 0.227231
14.502683, -0.047078, 1.356295, -0.526826, -0.009150, 0.018300, 0.346184
14.526713, -0.042594, 1.623071, -0.215214, -0.009150, -0.007625, 0.141829
14.534829, -0.024660, 1.468386, -0.977429, 0.009150, 0.006100, 0.333984
14.558838, 0.006725, 1.230754, -0.916901, 0.000000, -0.003050, 0.236381
14.566804, 0.008967, 1.268865, -1.026749, -0.015250, 0.003050, 0.262307
14.590997, -0.015693, 1.203852, -0.410251, -0.013725, 0.001525, 0.303483
14.598959, -0.017934, 1.497530, -1.190401, -0.001525, 0.015250, 0.222656
14.623145, 0.000000, 1.125389, -1.676874, 0.021351, 0.003050, 0.327884
14.631120, -0.038111, 1.517706, -1.235238, 0.012200, 0.012200, 0.219606
14.655297, -0.051562, 1.194885, -0.710654, 0.016775, 0.007625, 0.335509
14.663121, -0.029144, 1.396648, -0.365415, 0.019826, 0.000000, 0.184530
14.687303, -0.022418, 1.055893, -1.208336, 0.024401, 0.001525, 0.364485
14.695301, -0.035869, 1.253172, -0.955011, 0.015250, 0.003050, 0.173855
14.719442, -0.017934, 0.990880, -1.013298, 0.067102, -0.001525, 0.414811
14.727421, -0.024660, 1.116422, -0.242116, 0.074727, -0.007625, 0.161654
14.751581, -0.022418, 0.910175, -0.833954, 0.064052, 0.000000, 0.440737
14.759558, -0.006725, 0.851888, -0.847404, 0.093028, -0.015250, 0.138779
14.783699, -0.035869, 0.943802, -1.071585, 0.062527, -0.001525, 0.425486
14.791713, -0.035869, 0.739798, -0.230906, 0.057952, 0.001525, 0.134204
14.815831, -0.089672, 0.719621, 0.206247, 0.059477, 0.012200, 0.413286
14.823921, -0.065013, 0.737556, -0.291435, 0.064052, -0.009150, 0.211981
14.847870, -0.053803, 0.798085, -0.925868, 0.051851, 0.010675, 0.256207
14.855995, -0.060529, 0.708412, -0.551485, 0.067102, 0.000000, 0.366010
14.879844, -0.076222, 0.580629, -0.307128, 0.067102, -0.007625, 0.146404
14.888003, -0.091914, 0.553727, -0.408010, 0.074727, 0.001525, 0.404136
14.912121, -0.098640, 0.555969, -0.786876, 0.080827, -0.001525, 0.169280
14.920155, -0.082947, 0.224181, -1.445968, 0.085402, -0.019826, 0.411761
14.944173, -0.091914, 0.378866, -0.560453, 0.074727, 0.003050, 0.147929
14.952167, -0.116574, 0.273501, -0.432669, 0.086927, 0.015250, 0.448362
14.976339, -0.094156, 0.253325, -0.172619, 0.096078, -0.003050, 0.140304
14.984435, -0.121058, -0.015693, -1.011057, 0.085402, -0.006100, 0.452937
15.008616, -0.132267, 0.118816, -1.008815, 0.082352, -0.010675, 0.129628
15.016440, -0.165894, 0.071738, -0.717379, 0.085402, 0.000000, 0.481913
15.040587, -0.199521, 0.008967, -0.121058, 0.097603, -0.004575, 0.193680
15.048553, -0.190554, -0.094156, -0.771183, 0.085402, 0.015250, 0.440737
15.072740, -0.260050, -0.098640, -1.210578, 0.089977, -0.004575, 0.248582
15.080743, -0.233148, -0.047078, -0.887757, 0.085402, -0.009150, 0.355335
15.104920, -0.304886, -0.291435, -0.425944, 0.093028, -0.013725, 0.344659
15.112891, -0.322821, -0.204005, -0.065013, 0.097603, 0.003050, 0.321784
15.136918, -0.150201, -0.094156, -0.699445, 0.109803, 0.012200, 0.373635
15.144895, -0.248841, -0.242116, -0.802568, 0.106753, -0.010675, 0.277557
15.169043, -0.394559, -0.392317, -0.744281, 0.114378, -0.009150, 0.445312
15.177042, -0.381108, -0.381108, -0.123300, 0.111328, -0.010675, 0.215031
15.201184, -0.273501, -0.392317, -0.360932, 0.123528, -0.009150, 0.430062
15.209173, -0.365415, -0.215214, -0.719621, 0.123528, -0.006100, 0.190630
15.233352, -0.416977, -0.629949, -0.952770, 0.126578, -0.015250, 0.486488
15.241309, -0.414735, -0.244357, -0.150201, 0.120478, 0.007625, 0.144879
15.265343, -0.412493, -0.466297, 0.374382, 0.120478, -0.010675, 0.503264
15.273297, -0.452846, -0.293677, 0.071738, 0.112853, -0.012200, 0.179955
15.297477, -0.439395, -0.466297, -0.614256, 0.123528, -0.001525, 0.451412
15.305444, -0.439395, -0.517858, -0.320579, 0.135729, -0.004575, 0.201305
15.329616, -0.481989, -0.522342, 0.011209, 0.129628, -0.021351, 0.452937
15.337593, -0.488715, -0.571662, 0.253325, 0.126578, -0.012200, 0.221131
15.361779, -0.502166, -0.506649, -0.206247, 0.122003, 0.006100, 0.431587
15.369754, -0.513375, -0.679269, -0.791359, 0.115903, -0.010675, 0.240957
15.393753, -0.533551, -0.656851, -0.073980, 0.128103, -0.013725, 0.398036
15.401887, -0.535793, -0.856372, 0.132267, 0.114378, -0.001525, 0.318734
15.425879, -0.544760, -0.730830, 0.538035, 0.199780, -0.013725, 0.298908
15.434049, -0.549244, -0.706170, -0.286952, 0.189105, -0.012200, 0.358385
15.458031, -0.560453, -0.865339, -0.253325, 0.205881, -0.009150, 0.228756
15.466046, -0.580629, -1.028991, -0.168136, 0.221131, -0.006100, 0.451412
15.490032, -0.625465, -0.755490, 0.365415, 0.221131, -0.015250, 0.251632
15.498174, -0.612014, -0.934835, -0.094156, 0.224181, -0.010675, 0.359910
15.522173, -0.576145, -0.981913, -0.455088, 0.219606, 0.012200, 0.410236
15.530301, -0.591838, -1.273348, -0.634432, 0.233331, 0.021351, 0.247057
15.554438, -0.661334, -0.831712, -0.022418, 0.228756, -0.018300, 0.468188
15.562420, -0.672543, -1.105213, 0.551485, 0.224181, -0.003050, 0.231806
15.586615, -0.706170, -1.067102, 0.017934, 0.211981, -0.021351, 0.417861
15.594472, -0.694961, -1.226270, -0.466297, 0.207406, 0.000000, 0.265357
15.618609, -0.614256, -1.145565, -0.109849, 0.186055, -0.003050, 0.439212
15.626763, -0.656851, -1.098487, 0.439395, 0.184530, -0.016775, 0.337034
15.650849, -0.710654, -1.398890, 0.255566, 0.172330, -0.016775, 0.315684
15.658783, -0.748765, -1.006573, 0.035869, 0.169280, -0.024401, 0.381260
15.682937, -0.562694, -1.302492, -0.071738, 0.155554, 0.007625, 0.265357
15.690923, -0.697203, -1.067102, 0.390075, 0.152504, 0.009150, 0.425486
15.715073, -0.856372, -1.351812, 0.816019, 0.154029, 0.010675, 0.207406
15.723060, -0.912417, -0.925868, 0.903450, 0.147929, -0.006100, 0.449887
15.747076, -0.786876, -1.208336, 0.282468, 0.158604, -0.016775, 0.190630
15.755196, -0.847404, -1.150049, 0.394559, 0.147929, -0.024401, 0.472763
15.779217, -0.863097, -1.120905, 0.381108, 0.135729, -0.001525, 0.221131
15.787190, -0.869823, -0.970704, 1.181434, 0.137254, -0.004575, 0.481913
15.811376, -0.878790, -1.638764, 0.325063, 0.150979, -0.003050, 0.183005
15.819301, -0.907933, -1.786723, -0.123300, 0.150979, -0.007625, 0.477338
15.843507, -0.865339, -1.522189, 0.517858, 0.134204, -0.015250, 0.233331
15.851480, -0.901208, -1.513222, 0.961737, 0.144879, -0.006100, 0.449887
15.875537, -0.921384, -1.575993, 0.957253, 0.149454, -0.013725, 0.266882
15.883493, -0.928110, -1.573751, 0.668060, 0.152504, -0.009150, 0.387360
15.907665, -0.784634, -1.670149, 0.733072, 0.147929, -0.006100, 0.324834
15.915652, -0.791359, -1.596169, 0.446120, 0.138779, -0.001525, 0.350759
15.939660, -0.905692, -1.860703, 0.811535, 0.149454, 0.006100, 0.433112
15.947647, -0.903450, -1.522189, 1.031233, 0.146404, 0.006100, 0.288233
15.971940, -0.925868, -2.385287, 0.538035, 0.138779, -0.009150, 0.407186
15.979925, -0.934835, -1.779998, 0.533551, 0.138779, -0.022876, 0.312633
16.004066, -0.701687, -2.136446, 0.493198, 0.150979, -0.013725, 0.343134
16.012069, -0.798085, -2.380803, 0.116574, 0.154029, -0.024401, 0.367535
16.036059, -0.847404, -1.701534, 1.374230, 0.161654, -0.004575, 0.295858
16.044067, -0.836195, -2.293372, 0.544760, 0.143354, -0.001525, 0.466663
16.068215, -0.856372, -1.315943, 1.154532, 0.154029, 0.006100, 0.231806
16.076208, -0.885515, -1.477353, 1.584960, 0.138779, -0.003050, 0.506314
16.100362, -0.910175, -2.439090, 0.571662, 0.152504, -0.027451, 0.204356
16.108366, -0.885515, -1.522189, 0.421460, 0.138779, -0.016775, 0.486488
16.132473, -0.878790, -2.625160, 0.538035, 0.134204, -0.009150, 0.219606
16.140531, -0.865339, -2.618435, 0.883273, 0.147929, 0.000000, 0.417861
16.164539, -0.860855, -1.235238, 1.432517, 0.135729, -0.001525, 0.317209
16.172532, -0.858613, -1.762063, 0.766699, 0.134204, -0.009150, 0.367535
16.196667, -0.860855, -2.517553, 0.842921, 0.131154, -0.001525, 0.393461
16.204691, -0.865339, -1.690325, 0.833954, 0.122003, -0.003050, 0.323309
16.228809, -0.842921, -2.143171, 0.452846, 0.128103, -0.001525, 0.411761
16.236805, -0.831712, -2.183524, 0.495440, 0.120478, -0.001525, 0.285183
16.260822, -0.842921, -2.416672, 0.107607, 0.126578, -0.016775, 0.466663
16.268567, -0.854130, -2.398737, 0.603047, 0.137254, -0.010675, 0.245532
16.292935, -0.854130, -2.031080, 0.416977, 0.120478, 0.000000, 0.455987
16.301064, -0.863097, -1.927957, 0.683752, 0.134204, -0.003050, 0.242482
16.325119, -0.878790, -2.367352, 1.125389, 0.129628, -0.019826, 0.491063
16.333075, -0.867581, -2.362868, 0.645641, 0.115903, -0.001525, 0.218081
16.357251, -0.881032, -2.634128, 1.365263, 0.123528, -0.010675, 0.394986
16.365263, -0.887757, -2.324758, 1.506497, 0.115903, -0.006100, 0.350759
16.389436, -0.910175, -2.035564, 0.616498, 0.115903, -0.013725, 0.292808
16.397417, -0.896724, -2.235085, 0.688236, 0.117428, 0.001525, 0.385835
16.421545, -0.912417, -2.582566, 1.737403, 0.131154, -0.013725, 0.248582
16.429535, -0.916901, -2.174556, 1.869670, 0.111328, -0.006100, 0.448362
16.453542, -0.903450, -2.694656, 1.354054, 0.115903, -0.010675, 0.207406
16.461528, -0.941560, -1.907781, 1.085036, 0.120478, -0.015250, 0.498688
16.485701, -0.892241, -2.127478, 0.737556, 0.112853, 0.001525, 0.213506
16.493693, -0.878790, -2.394254, 0.793601, 0.122003, -0.003050, 0.503264
16.517837, -0.939319, -2.770878, 1.228512, 0.126578, -0.004575, 0.196730
16.525810, -0.907933, -2.672238, 1.154532, 0.118953, -0.004575, 0.526139
16.549832, -0.831712, -3.062313, 0.685994, 0.089977, -0.009150, 0.187580
16.557923, -0.744281, -2.690173, 0.549244, -0.019826, -0.057952, 0.544440
16.581959, -0.369899, -3.304429, -0.571662, -0.172330, -0.210456, 0.157079
16.590074, -0.235390, -3.445663, -0.571662, -0.158604, -0.245532, 0.542915
16.614106, 0.078463, -3.555512, 0.004484, -0.301958, -0.100653, 0.202830
16.622211, 0.109849, -3.524126, -0.578387, -0.391936, -0.086927, 0.492588
16.646400, 0.210730, -3.934378, -0.405768, -0.324834, -0.266882, 0.213506
16.654353, 0.273501, -3.793144, -0.280226, -0.280608, -0.196730, 0.510889
16.678268, 0.710654, -4.089063, -1.040200, 0.128103, -0.277557, 0.190630
16.686360, 0.887757, -4.167526, -0.730830, 0.199780, -0.254682, 0.518514
16.710363, 1.098487, -4.086821, -0.396800, -0.094553, -0.401086, 0.219606
16.718461, 1.073827, -4.035259, -0.520100, -0.254682, -0.257732, 0.561215
16.742657, 0.634432, -3.210273, -1.087278, -0.221131, -0.362960, 0.237906
16.750668, 0.432669, -3.017477, -1.116422, -0.010675, -0.520039, 0.492588
16.774670, 0.643400, -3.492741, -0.596322, -0.039651, -0.341609, 0.276032
16.782648, 0.847404, -3.654151, -0.746523, -0.326359, -0.414811, 0.433112
16.806882, 0.961737, -3.945587, -0.699445, -0.019826, -0.233331, 0.286708
16.814789, 0.829470, -3.822287, -0.428186, 0.216556, -0.425486, 0.385835
16.838978, 0.659092, -2.977125, -1.320426, -0.449887, -0.289758, 0.417861
16.847022, 0.820503, -2.898661, -0.813777, -0.269932, -0.244007, 0.265357
16.871155, 0.858613, -3.732615, -0.961737, -0.109803, -0.262307, 0.520039
16.878971, 0.724105, -4.012841, -0.822745, -0.465138, -0.289758, 0.196730
16.903083, 1.044684, -3.909718, -1.479595, 0.123528, -0.451412, 0.495638
16.911105, 1.255414, -3.584655, -1.257656, -0.222656, -0.311108, 0.213506
16.935242, 0.479747, -3.445663, -1.156774, 0.141829, -0.268407, 0.413286
16.943260, 0.394559, -3.696746, -0.928110, -0.125053, -0.276032, 0.277557
16.967453, 1.562542, -4.082337, -1.351812, 0.122003, -0.390411, 0.317209
16.975402, 1.398890, -3.851431, -1.073827, -0.157079, -0.283658, 0.364485
16.999427, 0.663576, -3.676569, -0.824986, 0.057952, -0.282133, 0.256207
17.007536, 1.085036, -3.797627, -1.228512, -0.338559, -0.394986, 0.422436
17.031557, 0.634432, -3.976972, -1.645489, -0.131154, -0.460562, 0.268407
17.039541, 0.919142, -3.976972, -1.363021, -0.401086, -0.408711, 0.446837
17.063691, 0.739798, -3.929894, -1.336119, -0.445312, -0.375160, 0.225706
17.071693, 0.486473, -4.075612, -1.486320, -0.155554, -0.285183, 0.437687
17.095844, 0.905692, -3.974730, -1.437001, -0.146404, -0.361435, 0.190630
17.103826, 0.701687, -3.575688, -1.493046, -0.015250, -0.428537, 0.474288
17.127966, 0.894482, -4.573294, -1.513222, -0.006100, -0.292808, 0.222656
17.135973, 0.504407, -4.476896, -1.423550, -0.381260, -0.356860, 0.472763
17.159994, 0.759974, -3.477048, -1.706018, -0.335509, -0.260782, 0.253157
17.168093, 0.529067, -4.349113, -1.611862, 0.091502, -0.297383, 0.401086
17.192097, 0.860855, -3.517401, -2.051257, -0.204356, -0.445312, 0.309583
17.200259, 0.540276, -4.008357, -1.459419, -0.338559, -0.472763, 0.384310
17.224460, 0.600805, -4.180977, -2.026597, -0.189105, -0.359910, 0.321784
17.232293, 0.499924, -4.077854, -1.896572, -0.186055, -0.283658, 0.340084
17.256244, 0.553727, -4.293067, -2.017630, -0.469713, -0.410236, 0.388885
17.264439, 0.659092, -4.129415, -1.990728, -0.054901, -0.292808, 0.279083
17.288447, 0.506649, -4.562085, -2.302340, -0.396511, -0.417861, 0.413286
17.296426, 1.118664, -4.548634, -1.755338, -0.216556, -0.300433, 0.253157
17.320731, 0.856372, -4.582261, -2.026597, -0.170805, -0.442262, 0.454462
17.328548, 1.134356, -4.512765, -1.237479, -0.300433, -0.478863, 0.231806
17.352722, 1.201611, -4.535183, -2.001937, -0.065577, -0.367535, 0.457512
17.360664, 0.786876, -4.295309, -1.363021, -0.324834, -0.280608, 0.138779
17.384723, 0.892241, -4.638306, -1.806899, -0.071677, -0.324834, 0.434637
17.392836, 0.549244, -4.328936, -1.510980, -0.244007, -0.320259, 0.183005
17.417024, 0.542518, -5.077701, -1.533398, -0.192155, -0.320259, 0.379735
17.424965, 0.869823, -4.515007, -1.560300, -0.044226, -0.332459, 0.248582
17.449048, 0.719621, -5.187550, -1.475111, -0.341609, -0.497163, 0.327884
17.456995, 1.033475, -4.452236, -1.688083, 0.088452, -0.504789, 0.312633
17.481153, 1.105213, -5.523821, -1.567026, -0.355335, -0.280608, 0.248582
17.489106, 0.759974, -4.568810, -1.553575, 0.080827, -0.364485, 0.410236
17.513299, 0.867581, -5.411731, -1.950375, -0.225706, -0.283658, 0.230281
17.521275, 0.383350, -4.315486, -1.685842, -0.105228, -0.361435, 0.414811
17.545258, 0.479747, -4.967852, -1.856219, -0.062527, -0.283658, 0.178430
17.553449, 0.679269, -3.918685, -1.853977, -0.364485, -0.384310, 0.385835
17.577447, 0.421460, -5.079943, -1.788965, 0.035076, -0.460562, 0.186055
17.585436, 1.024507, -4.118206, -2.116269, -0.570365, -0.425486, 0.427012
17.609557, 0.977429, -5.308608, -1.793449, 0.006100, -0.323309, 0.146404
17.617580, 1.118664, -4.402916, -2.629644, -0.518514, -0.373635, 0.404136
17.641749, 1.226270, -5.281706, -1.871912, -0.215031, -0.350759, 0.152504
17.649703, 0.827228, -4.443269, -2.737251, -0.376685, -0.364485, 0.474288
17.673894, 1.060376, -5.487953, -2.120753, -0.417861, -0.367535, 0.147929
17.681710, 0.643400, -4.710044, -2.569115, -0.231806, -0.376685, 0.446837
17.705915, 0.580629, -5.378104, -2.564631, -0.562740, -0.440737, 0.123528
17.713989, 0.968462, -4.844553, -2.311307, -0.158604, -0.369060, 0.434637
17.738034, 0.735314, -4.920774, -2.667755, -0.527664, -0.382785, 0.169280
17.746011, 1.156774, -4.638306, -2.040048, -0.266882, -0.419386, 0.425486
17.770183, 1.087278, -4.988029, -2.647578, -0.341609, -0.387360, 0.077777
17.778149, 0.636674, -4.878180, -2.044531, -0.379735, -0.405661, 0.462087
17.802178, 0.701687, -5.306366, -2.573599, -0.184530, -0.370585, 0.158604
17.810308, 0.405768, -5.250321, -2.481684, -0.468188, -0.407186, 0.407186
17.834442, 0.385591, -5.362411, -2.400979, -0.205881, -0.463613, 0.186055
17.842414, 0.813777, -5.162890, -2.600500, -0.468188, -0.385835, 0.382785
17.866432, 0.616498, -5.819740, -2.338209, -0.317209, -0.420911, 0.271457
17.874419, 1.064860, -5.371378, -2.690173, -0.268407, -0.390411, 0.338559
17.898616, 1.078311, -6.012536, -2.454783, -0.471238, -0.405661, 0.355335
17.906611, 0.943802, -5.339993, -2.445815, -0.152504, -0.344659, 0.251632
17.930750, 1.141082, -5.624703, -2.665513, -0.571890, -0.422436, 0.381260
17.938761, 0.571662, -4.784024, -2.510828, -0.112853, -0.359910, 0.193680
17.962770, 0.712896, -5.799564, -2.687931, -0.477338, -0.411761, 0.355335
17.970750, 0.614256, -4.988029, -2.537730, -0.260782, -0.279083, 0.164704
17.994917, 0.594080, -5.985634, -2.752943, -0.326359, -0.416336, 0.396511
18.003044, 1.125389, -5.135988, -2.791054, -0.547490, -0.312633, 0.138779
18.027047, 1.006573, -5.936315, -2.752943, -0.218081, -0.356860, 0.402611
18.035042, 1.138840, -5.028381, -3.131809, -0.632892, -0.227231, 0.161654
18.059178, 1.156774, -6.138078, -2.669997, -0.179955, -0.398036, 0.382785
18.067183, 0.614256, -5.093394, -3.012994, -0.669493, -0.350759, 0.115903
18.091336, 0.623223, -6.194123, -2.717075, -0.314158, -0.329409, 0.436162
18.099336, 0.513375, -5.050799, -2.945739, -0.553590, -0.181480, 0.115903
18.123337, 0.419219, -5.703166, -2.921079, -0.547490, -0.303483, 0.394986
18.131324, 0.993122, -4.810926, -2.782087, -0.411761, -0.195205, 0.158604
18.155641, 0.746523, -5.689715, -2.963674, -0.620692, -0.288233, 0.300433
18.163487, 1.004331, -4.907324, -2.773120, -0.341609, -0.167755, 0.288233
18.187637, 1.062618, -5.512612, -2.972641, -0.640517, -0.329409, 0.190630
18.195581, 0.690478, -5.201001, -2.914354, -0.394986, -0.366010, 0.378210
18.219636, 0.912417, -5.519338, -3.048863, -0.555115, -0.215031, 0.135729
18.227775, 0.508891, -5.429665, -3.185613, -0.559690, -0.210456, 0.355335
18.251781, 0.484231, -5.759212, -2.784329, -0.407186, -0.216556, 0.123528
18.259775, 0.643400, -5.555207, -2.999543, -0.669493, -0.251632, 0.419386
18.283893, 0.598563, -5.761453, -2.851583, -0.416336, -0.179955, 0.115903
18.291872, 1.253172, -5.546240, -3.116117, -0.698469, -0.259257, 0.436162
18.316061, 1.082795, -5.398280, -3.017477, -0.500214, -0.320259, 0.111328
18.324189, 1.190401, -5.257046, -2.970399, -0.582566, -0.417861, 0.387360
18.348331, 1.197127, -5.808531, -3.080248, -0.614592, -0.179955, 0.120478
18.356345, 0.612014, -5.474502, -3.051104, -0.471238, -0.295858, 0.378210
18.380237, 0.670301, -6.225508, -3.131809, -0.713719, -0.218081, 0.192155
18.388351, 0.650125, -5.624703, -3.174404, -0.417861, -0.272982, 0.347709
18.412309, 0.524584, -6.360017, -3.111633, -0.710669, -0.193680, 0.314158
18.420458, 1.035717, -5.633670, -3.261835, -0.462087, -0.305008, 0.170805
18.444511, 0.952770, -6.635760, -3.010752, -0.655768, -0.335509, 0.465138
18.452508, 0.892241, -5.700925, -3.237175, -0.608491, -0.428537, 0.094553
18.476631, 1.002089, -6.485558, -3.053346, -0.515464, -0.135729, 0.419386
18.484641, 0.459571, -5.543998, -3.156469, -0.728970, -0.344659, 0.082352
18.508798, 0.699445, -6.034954, -3.160953, -0.428537, -0.227231, 0.318734
18.516782, 0.434911, -5.075459, -2.999543, -0.750320, -0.347709, 0.187580
18.540916, 0.535793, -5.983393, -3.241658, -0.445312, -0.228756, 0.213506
18.548907, 0.948286, -5.079943, -2.880727, -0.764046, -0.294333, 0.333984
18.572920, 0.603047, -5.938556, -3.250625, -0.640517, -0.427012, 0.147929
18.581040, 1.154532, -5.147197, -2.896419, -0.585616, -0.303483, 0.417861
18.605240, 1.197127, -5.846642, -3.008510, -0.684743, -0.291283, 0.140304
18.613053, 0.943802, -5.165132, -3.129568, -0.506314, -0.301958, 0.420911
18.637229, 1.060376, -6.032713, -2.950223, -0.786921, -0.274507, 0.176905
18.645165, 0.504407, -5.438633, -3.494983, -0.494113, -0.309583, 0.373635
18.669387, 0.576145, -5.945282, -2.853825, -0.715244, -0.266882, 0.272982
18.676956, 0.780150, -5.449842, -3.156469, -0.585616, -0.294333, 0.221131
18.701362, 0.672543, -5.438633, -2.941256, -0.559690, -0.332459, 0.430062
18.709474, 1.163500, -5.068734, -2.752943, -0.747270, -0.277557, 0.102178
18.733686, 0.981913, -5.371378, -2.974883, -0.465138, -0.272982, 0.478863
18.741506, 0.744281, -5.180824, -2.952465, -0.812847, -0.298908, 0.154029
18.765687, 0.865339, -5.660572, -2.853825, -0.459037, -0.242482, 0.323309
18.773683, 0.425944, -5.331026, -2.539971, -0.706094, -0.260782, 0.301958
18.797785, 0.535793, -5.487953, -2.696898, -0.605441, -0.234856, 0.242482
18.805757, 0.381108, -5.165132, -2.539971, -0.484963, -0.292808, 0.379735
18.829917, 0.253325, -5.844400, -2.717075, -0.764046, -0.294333, 0.111328
18.837902, 0.576145, -5.449842, -2.376319, -0.434637, -0.242482, 0.463613
18.861928, 0.383350, -5.934073, -2.649820, -0.416336, -0.183005, 0.152504
18.870023, 0.829470, -6.043922, -2.313549, -0.806747, -0.282133, 0.402611
18.894083, 0.396800, -5.322059, -2.533246, -0.690844, -0.173855, 0.326359
18.902191, 0.739798, -5.761453, -2.499619, -0.376685, -0.221131, 0.276032
18.926215, 0.372141, -4.550876, -2.138687, -0.402611, -0.114378, 0.434637
18.934232, 0.733072, -5.205484, -2.479443, -0.774721, -0.170805, 0.164704
18.958212, 0.652367, -4.647274, -2.396496, -0.759471, -0.280608, 0.433112
18.966333, 0.600805, -4.454478, -2.075917, -0.367535, -0.292808, 0.155554
18.990343, 0.755490, -5.678506, -2.273196, -0.312633, -0.221131, 0.370585
18.998437, 0.470780, -5.174099, -2.284405, -0.454462, -0.234856, 0.330934
19.022544, 0.921384, -5.304124, -2.338209, -0.388885, -0.163179, 0.198255
19.030273, 0.421460, -5.808531, -2.170073, -0.793021, -0.158604, 0.402611
19.054639, 1.024507, -4.732462, -1.880879, -0.599341, -0.205881, 0.190630
19.062632, 0.795843, -4.611405, -2.313549, -0.757945, -0.120478, 0.469713
19.086789, 0.652367, -5.748003, -2.138687, -0.713719, -0.181480, 0.248582
19.094759, 1.013298, -5.420698, -2.293372, -0.605441, -0.256207, 0.321784
19.118981, 0.363173, -4.808684, -2.349418, -0.770146, -0.103703, 0.431587
19.126947, 0.183828, -4.916291, -2.288889, -0.692369, -0.088452, 0.125053
19.150952, 1.008815, -5.176341, -2.167831, -0.619167, -0.274507, 0.518514
19.159088, 0.993122, -5.048558, -1.943650, -0.713719, -0.234856, 0.199780
19.183132, -0.049320, -4.925258, -2.385287, -0.445312, -0.279083, 0.312633
19.191101, 0.244357, -4.822135, -2.143171, -0.753370, -0.201305, 0.335509
19.215278, 1.053651, -4.727979, -1.818108, -0.157079, -0.138779, 0.210456
19.223259, 0.807052, -4.647274, -2.055740, -0.306533, -0.320259, 0.463613
19.247405, 0.091914, -4.898356, -1.860703, -0.577991, -0.187580, 0.106753
19.255003, 0.181587, -4.653999, -2.145413, -0.352285, -0.102178, 0.483438
19.279411, 0.981913, -4.095788, -1.459419, -0.498688, -0.173855, 0.271457
19.287131, 1.055893, -4.302035, -1.598411, -0.712194, -0.070152, 0.361435
19.311667, 0.457329, -5.008205, -2.246294, -0.375160, -0.138779, 0.448362
19.319534, 0.304886, -5.301882, -2.080400, -0.114378, -0.314158, 0.134204
19.343700, 0.284710, -5.405006, -1.584960, -0.468188, -0.280608, 0.506314
19.351674, 0.403526, -5.257046, -1.777756, -0.600866, -0.132679, 0.134204
19.375662, 0.697203, -5.445358, -2.342692, -0.588666, -0.057952, 0.405661
19.383829, 0.580629, -5.241353, -1.827076, -0.460562, -0.115903, 0.279083
19.407977, 0.748765, -4.613646, -1.611862, -0.106753, -0.007625, 0.172330
19.416001, 0.863097, -4.311002, -0.921384, -0.112853, -0.022876, 0.478863
19.439980, 0.802568, -4.398433, -0.961737, -0.225706, -0.131154, 0.179955
19.447964, 0.869823, -4.380498, -1.513222, -0.292808, -0.056427, 0.478863
19.472110, 0.869823, -4.349113, -0.865339, -0.439212, -0.027451, 0.291283
19.480124, 0.766699, -4.328936, -1.011057, -0.414811, -0.051851, 0.309583
19.504265, 0.582871, -4.237022, -1.434759, -0.384310, -0.036601, 0.433112
19.512252, 0.374382, -4.169768, -1.526673, -0.358385, -0.018300, 0.150979
19.536369, 0.603047, -6.781477, -2.894178, -0.489538, 0.057952, 0.498688
19.544531, 0.488715, -7.077396, -2.761911, -0.507839, 0.044226, 0.164704
19.568431, 0.616498, -6.794928, -3.225966, -0.539865, 0.018300, 0.423961
19.576403, 0.591838, -6.942888, -2.965916, -0.501739, 0.018300, 0.289758
19.600575, 0.925868, -6.180672, -2.943497, -0.535289, 0.030501, 0.257732
19.608535, 1.008815, -6.709739, -3.290978, -0.533764, 0.021351, 0.439212
19.632702, 0.748765, -5.990118, -2.663271, -0.478863, -0.012200, 0.146404
19.640654, 0.706170, -6.268103, -2.717075, -0.489538, 0.022876, 0.527664
19.664877, 1.582718, -6.111176, -2.082642, -0.466663, -0.004575, 0.196730
19.672818, 1.484079, -6.005811, -1.591686, -0.460562, 0.044226, 0.413286
19.697003, 0.497682, -6.308455, -2.490652, -0.446837, 0.006100, 0.332459
19.705000, 0.905692, -6.032713, -2.331483, -0.459037, 0.010675, 0.254682
19.729153, 0.674785, -6.516944, -2.627402, -0.437687, 0.024401, 0.475813
19.737044, 1.217303, -6.422788, -2.912112, -0.419386, -0.006100, 0.154029
19.761140, 1.132114, -6.525911, -2.414430, -0.405661, -0.006100, 0.489538
19.769143, 1.676874, -6.404853, -1.927957, -0.428537, 0.028976, 0.140304
19.793298, 1.403373, -5.895962, -2.107302, -0.413286, 0.047276, 0.416336
19.801240, 1.154532, -5.566416, -2.616193, -0.410236, 0.012200, 0.244007
19.825428, 0.836195, -6.319664, -2.761911, -0.382785, 0.007625, 0.305008
19.833397, 0.907933, -6.339841, -2.392012, -0.381260, 0.021351, 0.391936
19.857539, 1.336119, -6.364500, -2.459266, -0.366010, 0.028976, 0.184530
19.865528, 1.134356, -6.115659, -2.634128, -0.369060, 0.004575, 0.491063
19.889570, 0.616498, -6.803895, -2.376319, -0.378210, 0.013725, 0.181480
19.897565, 1.170225, -6.649210, -2.035564, -0.359910, 0.012200, 0.475813
19.921758, 1.011057, -5.783872, -2.248536, -0.346184, 0.016775, 0.196730
19.929680, 1.176951, -5.483469, -2.546697, -0.337034, 0.025926, 0.451412
19.953767, 0.968462, -6.404853, -2.306823, -0.353810, 0.030501, 0.234856
19.961804, 1.141082, -6.117901, -2.293372, -0.340084, 0.024401, 0.379735
19.985865, 1.145565, -5.550723, -2.174556, -0.352285, 0.016775, 0.251632
19.993835, 1.262139, -6.398128, -2.149896, -0.338559, 0.024401, 0.384310
20.018009, 0.993122, -5.938556, -2.542213, -0.338559, 0.028976, 0.236381
20.026107, 1.282316, -5.225661, -2.196974, -0.335509, 0.009150, 0.390411
20.050006, 1.154532, -6.541604, -2.728284, -0.338559, 0.007625, 0.216556
20.058110, 0.874306, -6.254652, -2.654304, -0.343134, 0.019826, 0.439212
20.082184, 1.111938, -5.584350, -1.896572, -0.332459, 0.021351, 0.202830
20.090238, 1.015540, -5.983393, -2.329241, -0.347709, 0.019826, 0.427012
20.114241, 0.970704, -5.252562, -1.916748, -0.330934, -0.007625, 0.262307
20.122394, 1.159016, -5.494678, -2.179040, -0.327884, 0.013725, 0.333984
20.146407, 1.194885, -5.418456, -1.744129, -0.320259, 0.028976, 0.301958
20.154428, 1.358537, -5.575383, -2.275438, -0.332459, 0.027451, 0.347709
20.178579, 1.208336, -5.212210, -1.804658, -0.318734, 0.021351, 0.352285
20.186571, 1.210578, -5.434149, -2.261987, -0.306533, 0.000000, 0.321784
20.210554, 1.020024, -5.201001, -1.907781, -0.305008, 0.007625, 0.346184
20.218677, 1.069344, -4.934225, -1.717227, -0.300433, 0.003050, 0.326359
20.242750, 0.939319, -4.882664, -1.809141, -0.295858, 0.012200, 0.439212
20.250738, 0.883273, -4.936467, -2.084884, -0.314158, 0.004575, 0.205881
20.274888, 1.194885, -4.219088, -1.542366, -0.274507, 0.024401, 0.521564
20.282866, 1.082795, -3.804353, -1.638764, -0.233331, 0.021351, 0.135729
20.306890, 0.771183, -3.759516, -1.641005, -0.231806, 0.010675, 0.445312
20.314996, 0.710654, -3.616041, -1.212820, -0.204356, 0.004575, 0.260782
20.339176, 0.860855, -2.701382, -0.883273, -0.167755, 0.012200, 0.292808
20.347143, 0.916901, -2.768636, -0.782392, -0.160129, 0.025926, 0.416336
20.371161, 0.791359, -3.445663, -0.838437, -0.146404, -0.004575, 0.189105
20.379145, 0.999848, -3.299945, -1.208336, -0.157079, 0.024401, 0.483438
20.403332, 1.064860, -3.006268, -0.896724, -0.129628, 0.036601, 0.164704
20.411270, 0.990880, -3.465839, -1.484079, -0.143354, 0.033551, 0.512414
20.435458, 0.923626, -3.048863, -0.903450, -0.128103, 0.000000, 0.295858
20.443433, 0.975188, -2.983850, -1.152291, -0.132679, 0.007625, 0.370585
20.467622, 0.896724, -2.569115, -0.955011, -0.100653, 0.015250, 0.414811
20.475586, 0.939319, -2.851583, -1.208336, -0.105228, 0.012200, 0.239431
20.499752, 1.040200, -1.972793, -0.865339, -0.164704, -0.015250, 0.545965
20.507351, 1.123147, -2.069191, -0.685994, -0.140304, 0.022876, 0.146404
20.531756, 0.946044, -2.703624, -0.966220, -0.064052, 0.021351, 0.509364
20.539738, 0.845163, -2.696898, -0.793601, -0.091502, 0.003050, 0.234856
20.563882, 0.833954, -2.042290, -0.284710, -0.123528, 0.007625, 0.385835
20.571900, 0.916901, -2.100577, -0.762216, -0.086927, 0.018300, 0.352285
20.595890, 0.988639, -2.259745, -0.401284, -0.089977, 0.016775, 0.248582
20.604065, 1.089520, -1.824834, -0.625465, -0.080827, 0.003050, 0.509364
20.628147, 0.988639, -1.670149, -0.614256, -0.053376, 0.021351, 0.202830
20.636161, 0.961737, -1.430275, -0.988639, -0.044226, 0.001525, 0.510889
20.660161, 0.896724, -1.387681, -0.329546, -0.009150, 0.001525, 0.225706
20.668184, 0.842921, -1.266623, -0.277985, -0.003050, -0.013725, 0.393461
20.692284, 1.028991, -1.374230, -0.735314, 0.022876, 0.003050, 0.320259
20.700490, 1.179192, -1.363021, -0.100881, 0.006100, 0.019826, 0.311108
20.724484, 1.073827, -1.116422, -0.430428, 0.012200, -0.028976, 0.506314
20.732641, 1.080553, -0.816019, 0.076222, 0.039651, 0.003050, 0.143354
20.756652, 1.015540, -1.037958, 0.020176, 0.025926, 0.006100, 0.513939
20.764642, 1.013298, -0.784634, 0.031385, 0.025926, 0.003050, 0.183005
20.788606, 0.874306, -0.345239, 0.421460, 0.047276, 0.001525, 0.376685
20.796748, 0.858613, -0.291435, -0.107607, 0.057952, 0.003050, 0.359910
20.820774, 1.116422, -0.582871, 0.165894, 0.025926, 0.003050, 0.179955
20.828888, 1.179192, -0.302644, -0.271259, 0.039651, 0.021351, 0.504789
20.852902, 0.955011, -0.134509, -0.073980, 0.059477, -0.010675, 0.166229
20.860928, 1.028991, -0.349722, -0.484231, 0.045751, -0.009150, 0.501739
20.885059, 1.102971, 0.044836, 0.183828, 0.025926, -0.004575, 0.297383
20.893017, 0.981913, 0.112091, 0.360932, 0.048801, -0.003050, 0.353810
20.917226, 1.033475, -0.015693, -0.031385, 0.032026, -0.022876, 0.472763
20.925211, 1.069344, -0.302644, 0.163652, 0.048801, 0.007625, 0.219606
20.949238, 1.159016, 0.721863, 0.607531, 0.047276, 0.009150, 0.526139
20.957337, 1.100729, 0.502166, 0.257808, 0.068627, -0.015250, 0.172330
20.981357, 1.042442, 0.206247, 0.387833, 0.082352, 0.001525, 0.445312
20.989494, 1.031233, 0.143476, 0.159169, 0.085402, -0.009150, 0.333984
21.013506, 0.889999, 0.616498, 0.385591, 0.091502, -0.001525, 0.346184
21.021491, 0.856372, 0.212972, -0.177103, 0.074727, -0.016775, 0.420911
