0.188825, -0.199083, 0.388273, 0.384615, 0.424176, 0.270362, 2.144685
0.196393, -0.196814, 0.386010, 0.388112, 0.436005, 0.266825, 2.145110
0.204403, -0.194530, 0.383742, 0.391588, 0.447784, 0.263298, 2.145409
0.212391, -0.192180, 0.381419, 0.394996, 0.459711, 0.259703, 2.145729
0.220398, -0.189821, 0.379086, 0.398338, 0.471548, 0.256139, 2.145909
0.228533, -0.187515, 0.376785, 0.401659, 0.483189, 0.252623, 2.146174
0.236560, -0.185162, 0.374437, 0.404964, 0.494932, 0.249082, 2.146304
0.244563, -0.182769, 0.372050, 0.408233, 0.506775, 0.245489, 2.146487
0.252495, -0.180373, 0.369659, 0.411504, 0.518549, 0.241920, 2.146547
0.260680, -0.177990, 0.367281, 0.414724, 0.530212, 0.238373, 2.146596
0.268693, -0.175676, 0.364977, 0.417730, 0.541389, 0.234968, 2.146563
0.276678, -0.173141, 0.362448, 0.421005, 0.553583, 0.231235, 2.146574
0.284689, -0.170688, 0.360004, 0.424070, 0.565248, 0.227674, 2.146408
0.292658, -0.168210, 0.357532, 0.427124, 0.577002, 0.224056, 2.146350
0.300641, -0.165685, 0.355012, 0.430125, 0.588826, 0.220440, 2.146075
0.308823, -0.163107, 0.352445, 0.433114, 0.600850, 0.216706, 2.145978
0.316836, -0.160553, 0.349896, 0.436072, 0.612669, 0.213084, 2.145585
0.324656, -0.157983, 0.347332, 0.439012, 0.624557, 0.209371, 2.145443
0.332963, -0.155243, 0.344597, 0.442048, 0.637061, 0.205523, 2.144925
0.340803, -0.152626, 0.341986, 0.444861, 0.648983, 0.201781, 2.144691
0.348835, -0.150064, 0.339429, 0.447624, 0.660535, 0.198219, 2.144098
0.356953, -0.147459, 0.336829, 0.450349, 0.672283, 0.194509, 2.143799
0.364962, -0.144828, 0.334215, 0.453023, 0.683969, 0.190901, 2.143116
0.372948, -0.142156, 0.331552, 0.455681, 0.695857, 0.187129, 2.142699
0.380970, -0.139509, 0.328911, 0.458328, 0.707530, 0.183493, 2.141961
0.389093, -0.136835, 0.326251, 0.460911, 0.719283, 0.179753, 2.141407
0.397112, -0.134120, 0.323550, 0.463459, 0.731100, 0.176033, 2.140618
0.405106, -0.131468, 0.320903, 0.465967, 0.742660, 0.172356, 2.139960
0.429238, -0.123299, 0.312750, 0.473309, 0.777841, 0.161178, 2.137475
0.437253, -0.120543, 0.310000, 0.475681, 0.789596, 0.157424, 2.136567
0.461398, -0.112155, 0.301633, 0.482485, 0.825031, 0.146048, 2.133569
0.469364, -0.109365, 0.298848, 0.484689, 0.836712, 0.142300, 2.132443
0.493381, -0.100769, 0.290272, 0.491105, 0.872405, 0.130718, 2.128941
0.501372, -0.097914, 0.287422, 0.493153, 0.884117, 0.126943, 2.127586
0.525600, -0.089252, 0.278788, 0.499005, 0.919511, 0.115327, 2.123598
0.533533, -0.086402, 0.275947, 0.500899, 0.931035, 0.111602, 2.122017
0.557513, -0.077648, 0.267218, 0.506382, 0.966366, 0.099888, 2.117521
0.565766, -0.074756, 0.264331, 0.508145, 0.977915, 0.096123, 2.115783
0.589860, -0.066013, 0.255604, 0.513065, 1.012760, 0.084486, 2.110822
0.597845, -0.063048, 0.252651, 0.514624, 1.024454, 0.080639, 2.108850
0.621931, -0.054058, 0.243685, 0.519037, 1.059948, 0.068654, 2.103224
0.629947, -0.051025, 0.240667, 0.520433, 1.071764, 0.064734, 2.101018
0.654086, -0.042041, 0.231697, 0.524314, 1.106861, 0.052782, 2.094934
0.662131, -0.038997, 0.228659, 0.525527, 1.118682, 0.048849, 2.092568
0.686114, -0.029911, 0.219596, 0.528956, 1.153920, 0.036721, 2.085839
0.694111, -0.026870, 0.216567, 0.530017, 1.165635, 0.032750, 2.083322
0.718275, -0.017874, 0.207587, 0.532995, 1.200249, 0.020776, 2.076115
0.726239, -0.014826, 0.204543, 0.533895, 1.211933, 0.016760, 2.073515
0.750231, -0.005855, 0.195587, 0.536274, 1.246326, 0.004797, 2.065718
0.758372, -0.002656, 0.192391, 0.537024, 1.258587, 0.000533, 2.062827
0.782376, 0.006464, 0.183290, 0.538949, 1.293377, -0.011700, 2.054351
0.790543, 0.009535, 0.180224, 0.539483, 1.305075, -0.015801, 2.051371
0.814583, 0.018677, 0.171099, 0.540924, 1.339829, -0.028154, 2.042342
0.822542, 0.021721, 0.168059, 0.541271, 1.351426, -0.032208, 2.039117
0.846722, 0.030815, 0.158980, 0.542257, 1.385996, -0.044651, 2.029621
0.854703, 0.033821, 0.155977, 0.542508, 1.397363, -0.048636, 2.026234
0.878859, 0.042870, 0.146941, 0.543042, 1.431681, -0.061069, 2.016201
0.886853, 0.045845, 0.143971, 0.543121, 1.442947, -0.065090, 2.012681
0.910854, 0.054953, 0.134874, 0.543052, 1.477724, -0.077774, 2.001854
0.918832, 0.057953, 0.131880, 0.542953, 1.489153, -0.081930, 1.998115
0.942977, 0.066981, 0.122864, 0.542372, 1.523701, -0.094568, 1.986613
0.950980, 0.069943, 0.119906, 0.542138, 1.535023, -0.098814, 1.982813
0.975112, 0.078922, 0.110939, 0.541068, 1.569541, -0.111550, 1.970694
0.983159, 0.081881, 0.107984, 0.540693, 1.580871, -0.115829, 1.966667
1.007272, 0.090673, 0.099202, 0.539284, 1.614637, -0.128376, 1.954131
1.015276, 0.093597, 0.096282, 0.538776, 1.625893, -0.132724, 1.950018
1.039268, 0.102352, 0.087537, 0.536900, 1.659530, -0.145280, 1.936851
1.047440, 0.105276, 0.084617, 0.536187, 1.670934, -0.149729, 1.932462
1.071424, 0.113902, 0.075999, 0.533750, 1.704726, -0.162530, 1.918619
1.079541, 0.116776, 0.073129, 0.532890, 1.716015, -0.166942, 1.914012
1.103573, 0.125360, 0.064554, 0.530001, 1.749914, -0.179886, 1.899448
1.111574, 0.128200, 0.061718, 0.529013, 1.761121, -0.184338, 1.894674
1.135734, 0.136586, 0.053340, 0.525711, 1.794575, -0.197206, 1.879597
1.143708, 0.139371, 0.050558, 0.524575, 1.805696, -0.201672, 1.874632
1.167991, 0.147621, 0.042315, 0.521003, 1.838686, -0.214535, 1.859115
1.175849, 0.150353, 0.039586, 0.519703, 1.849769, -0.218961, 1.853873
1.199883, 0.158449, 0.031495, 0.515630, 1.882718, -0.232046, 1.837763
1.207982, 0.161159, 0.028787, 0.514127, 1.893947, -0.236504, 1.832148
1.232151, 0.169135, 0.020815, 0.509594, 1.926948, -0.249744, 1.815297
1.239979, 0.171752, 0.018201, 0.507968, 1.937957, -0.254143, 1.809538
1.264139, 0.179559, 0.010395, 0.503038, 1.970746, -0.267477, 1.792082
1.271908, 0.182132, 0.007822, 0.501237, 1.981823, -0.271960, 1.786030
1.296302, 0.189745, 0.000214, 0.496011, 2.014172, -0.285233, 1.768110
1.304276, 0.192207, -0.002245, 0.494193, 2.024829, -0.289580, 1.762051
1.328468, 0.199661, -0.009693, 0.488622, 2.056990, -0.302912, 1.743494
1.336427, 0.202084, -0.012114, 0.486669, 2.067662, -0.307279, 1.737153
1.360459, 0.209325, -0.019362, 0.480579, 2.099884, -0.320865, 1.717750
1.368574, 0.211675, -0.021713, 0.478528, 2.110415, -0.325215, 1.711217
1.392613, 0.218856, -0.028900, 0.471980, 2.142991, -0.339092, 1.690800
1.400581, 0.221135, -0.031180, 0.469815, 2.153449, -0.343510, 1.684080
1.424739, 0.227840, -0.037893, 0.463103, 2.184718, -0.356850, 1.663600
1.432721, 0.230065, -0.040120, 0.460853, 2.195113, -0.361483, 1.656771
1.456859, 0.236624, -0.046675, 0.453895, 2.226161, -0.374713, 1.635612
1.464882, 0.238792, -0.048845, 0.451588, 2.236371, -0.379337, 1.628645
1.488855, 0.245076, -0.055130, 0.444321, 2.267056, -0.392553, 1.606899
1.496894, 0.247180, -0.057235, 0.441850, 2.277358, -0.397311, 1.599605
1.521020, 0.253300, -0.063353, 0.434120, 2.308336, -0.410799, 1.576804
1.528862, 0.255320, -0.065375, 0.431539, 2.318564, -0.415566, 1.569257
1.553006, 0.261143, -0.071198, 0.423561, 2.349074, -0.429001, 1.545904
1.561148, 0.262968, -0.073023, 0.420984, 2.358793, -0.433605, 1.538467
1.585195, 0.268763, -0.078819, 0.412563, 2.389838, -0.447468, 1.513792
1.593179, 0.270593, -0.080648, 0.409786, 2.399854, -0.452248, 1.505801
1.617313, 0.275967, -0.086028, 0.401506, 2.429320, -0.465576, 1.481455
1.625301, 0.277718, -0.087781, 0.398625, 2.439301, -0.470317, 1.473128
1.649327, 0.282862, -0.092930, 0.390011, 2.468351, -0.483743, 1.448252
1.657574, 0.284481, -0.094545, 0.387057, 2.478185, -0.488512, 1.439767
1.681597, 0.289305, -0.099372, 0.378219, 2.507236, -0.502042, 1.413914
1.689627, 0.290849, -0.100916, 0.375172, 2.517033, -0.506853, 1.405107
1.713606, 0.295411, -0.105483, 0.366074, 2.545886, -0.520425, 1.378402
1.721750, 0.296837, -0.106909, 0.362998, 2.555446, -0.525275, 1.369493
1.745781, 0.301150, -0.111225, 0.353774, 2.583810, -0.538765, 1.342220
1.753893, 0.302527, -0.112602, 0.350689, 2.593161, -0.543583, 1.333156
1.777880, 0.306567, -0.116649, 0.341382, 2.620896, -0.556973, 1.305443
1.785888, 0.307846, -0.117928, 0.338245, 2.630106, -0.561794, 1.296159
1.810073, 0.311583, -0.121672, 0.328629, 2.657836, -0.575402, 1.267373
1.817891, 0.312787, -0.122876, 0.325410, 2.667009, -0.580234, 1.257738
1.842179, 0.316190, -0.126283, 0.315678, 2.694250, -0.593836, 1.228354
1.850015, 0.317300, -0.127393, 0.312421, 2.703269, -0.598620, 1.218485
1.874380, 0.320428, -0.130528, 0.302489, 2.730283, -0.612431, 1.188180
1.882325, 0.321465, -0.131566, 0.299185, 2.739187, -0.617118, 1.178014
1.906435, 0.324318, -0.134432, 0.289397, 2.765159, -0.630698, 1.147697
1.914290, 0.325270, -0.135388, 0.286115, 2.773752, -0.635269, 1.137471
1.938490, 0.327936, -0.138053, 0.276215, 2.799359, -0.648885, 1.106399
1.946476, 0.328708, -0.138828, 0.272779, 2.808115, -0.653565, 1.095549
1.970630, 0.330976, -0.141095, 0.262686, 2.833537, -0.667373, 1.063413
1.978628, 0.331707, -0.141826, 0.259321, 2.841918, -0.671852, 1.052590
2.002820, 0.333706, -0.143825, 0.249100, 2.867031, -0.685770, 1.019491
2.010606, 0.334318, -0.144438, 0.245721, 2.875224, -0.690280, 1.008460
2.034766, 0.336025, -0.146144, 0.235574, 2.899560, -0.703954, 0.974995
2.042766, 0.336559, -0.146678, 0.232150, -2.903073, 0.707509, -0.962095
2.066941, 0.338061, -0.148181, 0.222068, -2.899324, 0.714156, -0.919627
2.074875, 0.338487, -0.148625, 0.218706, -2.897856, 0.716575, -0.905513
2.099069, 0.339660, -0.149812, 0.208552, -2.893326, 0.722982, -0.863021
2.107041, 0.339976, -0.150132, 0.205111, -2.891565, 0.725317, -0.848638
2.131210, 0.340846, -0.151021, 0.194945, -2.886253, 0.731470, -0.806311
2.138799, 0.341073, -0.151258, 0.191579, -2.884283, 0.733661, -0.792295
2.163201, 0.341633, -0.151818, 0.181364, -2.878132, 0.739616, -0.749881
2.171351, 0.341740, -0.151924, 0.177957, -2.875923, 0.741610, -0.735703
2.195338, 0.342065, -0.152269, 0.167884, -2.869087, 0.747297, -0.694054
2.203472, 0.342121, -0.152329, 0.164563, -2.866681, 0.749188, -0.680314
2.227444, 0.342221, -0.152443, 0.154543, -2.859127, 0.754621, -0.639040
2.235599, 0.342182, -0.152404, 0.151216, -2.856497, 0.756353, -0.625307
2.259660, 0.341942, -0.152169, 0.141265, -2.848193, 0.761552, -0.584166
2.267592, 0.341825, -0.152052, 0.137979, -2.845375, 0.763117, -0.570623
2.291599, 0.341302, -0.151538, 0.128057, -2.836307, 0.768132, -0.529555
2.299724, 0.341084, -0.151325, 0.124780, -2.833233, 0.769636, -0.516007
2.323774, 0.340286, -0.150535, 0.114970, -2.823602, 0.774344, -0.475791
2.331776, 0.340000, -0.150249, 0.111729, -2.820326, 0.775700, -0.462366
2.356062, 0.338998, -0.149251, 0.102066, -2.809945, 0.780210, -0.422158
2.363935, 0.338669, -0.148922, 0.098894, -2.806504, 0.781456, -0.409054
2.388075, 0.337415, -0.147677, 0.089445, -2.795586, 0.785640, -0.369532
2.396063, 0.336968, -0.147238, 0.086298, -2.791887, 0.786844, -0.356394
2.420080, 0.335416, -0.145690, 0.076872, -2.780163, 0.790836, -0.316624
2.428216, 0.334890, -0.145164, 0.073797, -2.776285, 0.791919, -0.303687
2.452377, 0.333056, -0.143333, 0.064422, -2.763769, 0.795698, -0.263759
2.460338, 0.332415, -0.142696, 0.061387, -2.759626, 0.796745, -0.250793
2.484378, 0.330366, -0.140659, 0.052363, -2.746707, 0.800250, -0.211945
2.492487, 0.329682, -0.139975, 0.049414, -2.742460, 0.801096, -0.199304
2.516522, 0.327518, -0.137813, 0.040627, -2.729132, 0.804306, -0.161334
2.524488, 0.326755, -0.137054, 0.037695, -2.724613, 0.805142, -0.148640
2.548528, 0.324309, -0.134619, 0.029051, -2.710606, 0.808072, -0.110702
2.556633, 0.323452, -0.133764, 0.026204, -2.705846, 0.808972, -0.098104
2.580816, 0.320798, -0.131107, 0.017740, -2.691294, 0.811494, -0.060478
2.588806, 0.319850, -0.130160, 0.014932, -2.686258, 0.812431, -0.047797
2.612813, 0.316936, -0.127242, 0.006674, -2.671077, 0.814592, -0.010359
2.620793, 0.315906, -0.126213, 0.003975, -2.665869, 0.815507, 0.002123
2.644946, 0.312844, -0.123148, -0.004096, -2.650178, 0.817406, 0.039130
2.652937, 0.311784, -0.122087, -0.006735, -2.644779, 0.818278, 0.051440
2.677086, 0.308596, -0.118913, -0.014507, -2.628756, 0.819966, 0.087549
2.685095, 0.307470, -0.117790, -0.017053, -2.623200, 0.820749, 0.099694
2.709225, 0.304025, -0.114349, -0.024642, -2.606442, 0.822267, 0.135879
2.717236, 0.302825, -0.113152, -0.027130, -2.600710, 0.822805, 0.147969
2.741236, 0.299193, -0.109536, -0.034394, -2.583452, 0.824354, 0.183605
2.749378, 0.297934, -0.108275, -0.036788, -2.577630, 0.824591, 0.195485
2.773343, 0.294150, -0.104495, -0.043659, -2.560049, 0.825887, 0.230406
2.781504, 0.292928, -0.103279, -0.045834, -2.554388, 0.826178, 0.241455
2.805524, 0.289304, -0.099654, -0.052104, -2.537537, 0.827106, 0.273755
2.813519, 0.288108, -0.098457, -0.054111, -2.532013, 0.827338, 0.284173
2.837514, 0.284542, -0.094905, -0.059913, -2.515536, 0.828075, 0.314661
2.845698, 0.283336, -0.093701, -0.061758, -2.510079, 0.828254, 0.324611
2.869851, 0.279829, -0.090189, -0.067028, -2.494113, 0.828740, 0.353288
2.877809, 0.278651, -0.089010, -0.068703, -2.488838, 0.828848, 0.362627
2.901793, 0.275237, -0.085595, -0.073549, -2.473331, 0.829202, 0.389660
2.909843, 0.274077, -0.084436, -0.075107, -2.468162, 0.829209, 0.398552
2.933973, 0.270751, -0.081122, -0.079459, -2.453249, 0.829527, 0.423790
2.941919, 0.269620, -0.079993, -0.080864, -2.448261, 0.829448, 0.432152
2.966098, 0.266405, -0.076774, -0.084824, -2.433888, 0.829650, 0.455913
2.974129, 0.265388, -0.075755, -0.086100, -2.429329, 0.829442, 0.463386
2.998094, 0.262268, -0.072631, -0.089803, -2.415334, 0.829602, 0.485982
3.006213, 0.261328, -0.071690, -0.090921, -2.411135, 0.829367, 0.492708
3.030259, 0.258429, -0.068789, -0.094249, -2.398041, 0.829416, 0.513388
3.038211, 0.257456, -0.067812, -0.095297, -2.393772, 0.829184, 0.520089
3.062359, 0.254795, -0.065156, -0.098149, -2.381875, 0.829077, 0.538491
3.070522, 0.253854, -0.064220, -0.099115, -2.377676, 0.829017, 0.544914
3.094557, 0.251202, -0.061564, -0.101791, -2.365931, 0.828696, 0.562783
3.102525, 0.250432, -0.060793, -0.102574, -2.362448, 0.828730, 0.568033
3.126560, 0.247969, -0.058328, -0.104964, -2.351506, 0.828267, 0.584391
3.134529, 0.247153, -0.057512, -0.105713, -2.347846, 0.828399, 0.589818
3.158665, 0.245014, -0.055369, -0.107709, -2.338349, 0.827884, 0.603805
3.166820, 0.244308, -0.054664, -0.108381, -2.335116, 0.827986, 0.608523
3.190835, 0.242191, -0.052547, -0.110195, -2.325806, 0.827472, 0.622031
3.198811, 0.241549, -0.051904, -0.110789, -2.322859, 0.827561, 0.626287
3.222840, 0.239655, -0.050007, -0.112379, -2.314491, 0.827042, 0.638280
3.230844, 0.239121, -0.049472, -0.112866, -2.312017, 0.827160, 0.641815
3.255093, 0.237495, -0.047844, -0.114211, -2.304809, 0.826645, 0.652030
3.263118, 0.236999, -0.047347, -0.114665, -2.302495, 0.826742, 0.655304
3.287123, 0.235592, -0.045940, -0.115853, -2.296176, 0.826299, 0.664160
3.295116, 0.235155, -0.045502, -0.116240, -2.294143, 0.826364, 0.667012
3.319251, 0.234002, -0.044351, -0.117242, -2.288917, 0.825957, 0.674272
3.327257, 0.233666, -0.044014, -0.117531, -2.287337, 0.826079, 0.676477
3.351258, 0.232636, -0.042982, -0.118289, -2.282808, 0.825667, 0.682733
3.359196, 0.232338, -0.042683, -0.118535, -2.281408, 0.825794, 0.684677
3.383416, 0.231599, -0.041943, -0.119181, -2.278050, 0.825414, 0.689284
3.391549, 0.231376, -0.041720, -0.119360, -2.276988, 0.825596, 0.690759
3.415521, 0.230756, -0.041102, -0.119796, -2.274277, 0.825274, 0.694450
3.423691, 0.230571, -0.040917, -0.119903, -2.273450, 0.825369, 0.695591
3.447710, 0.230142, -0.040487, -0.120159, -2.271609, 0.825197, 0.698101
3.455831, 0.230051, -0.040395, -0.120231, -2.271190, 0.825195, 0.698674
3.479834, 0.229900, -0.040244, -0.120359, -2.270486, 0.825198, 0.699637
3.487832, 0.229896, -0.040243, -0.120364, -2.270483, 0.825095, 0.699615
3.511950, 0.229969, -0.040313, -0.120382, -2.270812, 0.825298, 0.699122
3.519959, 0.230023, -0.040357, -0.120429, -2.271048, 0.825165, 0.698610
3.543950, 0.230314, -0.040608, -0.120715, -2.272277, 0.825533, 0.696300
3.552082, 0.230498, -0.040757, -0.120889, -2.272942, 0.825452, 0.694786
3.576308, 0.231250, -0.041330, -0.121556, -2.275336, 0.825979, 0.689364
3.584313, 0.231560, -0.041569, -0.121856, -2.276527, 0.825936, 0.686967
3.608444, 0.232652, -0.042395, -0.122908, -2.280608, 0.826463, 0.678547
3.616432, 0.233077, -0.042717, -0.123327, -2.282279, 0.826485, 0.675160
3.640446, 0.234497, -0.043799, -0.124695, -2.287767, 0.827094, 0.663922
3.648411, 0.235024, -0.044204, -0.125165, -2.289674, 0.827085, 0.660026
3.672447, 0.236815, -0.045541, -0.126664, -2.295818, 0.827567, 0.647107
3.680555, 0.237449, -0.046011, -0.127185, -2.298123, 0.827478, 0.642356
3.704734, 0.239609, -0.047552, -0.128968, -2.305931, 0.827731, 0.626163
3.712557, 0.240410, -0.048123, -0.129642, -2.308954, 0.827514, 0.620101
3.736714, 0.242944, -0.049988, -0.131727, -2.317237, 0.827874, 0.601741
3.744704, 0.243846, -0.050655, -0.132470, -2.320117, 0.827775, 0.595140
3.768837, 0.246768, -0.052831, -0.134900, -2.329960, 0.828018, 0.573324
3.776833, 0.247766, -0.053574, -0.135671, -2.333264, 0.827781, 0.566071
3.800873, 0.251063, -0.055965, -0.138109, -2.343342, 0.827667, 0.542374
3.809007, 0.252327, -0.056929, -0.139075, -2.347366, 0.827421, 0.533112
3.833140, 0.255989, -0.059669, -0.141814, -2.358128, 0.827116, 0.507105
3.841013, 0.257239, -0.060591, -0.142791, -2.362031, 0.826773, 0.497987
3.865172, 0.261206, -0.063523, -0.145613, -2.373669, 0.825943, 0.469229
3.873116, 0.262682, -0.064615, -0.146599, -2.377907, 0.825436, 0.458842
3.897317, 0.267349, -0.068061, -0.149671, -2.390704, 0.823914, 0.425929
3.905299, 0.268886, -0.069219, -0.150705, -2.394874, 0.823433, 0.415044
3.929439, 0.273750, -0.072814, -0.153818, -2.407620, 0.821428, 0.380402
3.937444, 0.275587, -0.074143, -0.154860, -2.412123, 0.820545, 0.367933
3.961433, 0.281119, -0.078225, -0.158089, -2.425866, 0.817528, 0.329499
3.969577, 0.282984, -0.079599, -0.159175, -2.430442, 0.816547, 0.316542
3.993751, 0.289167, -0.084167, -0.162423, -2.444540, 0.812456, 0.275116
4.001686, 0.291277, -0.085745, -0.163507, -2.449242, 0.811242, 0.260704
4.025558, 0.297728, -0.090372, -0.166779, -2.463085, 0.805923, 0.217222
4.033835, 0.300055, -0.092090, -0.167870, -2.467730, 0.804231, 0.202057
4.057975, 0.307125, -0.097337, -0.170846, -2.481849, 0.798174, 0.155166
4.065855, 0.309575, -0.099099, -0.171895, -2.486343, 0.795928, 0.139231
4.089999, 0.317269, -0.104711, -0.174830, -2.499967, 0.788389, 0.089423
4.097990, 0.319939, -0.106634, -0.175763, -2.504613, 0.785601, 0.072094
4.122179, 0.328234, -0.112625, -0.178664, -2.517995, 0.776418, 0.018522
4.130134, 0.331012, -0.114643, -0.179459, -2.522184, 0.773180, 0.000846
4.154345, 0.339927, -0.121094, -0.182105, -2.535438, 0.762374, -0.055770
4.162173, 0.342911, -0.123209, -0.182800, -2.539310, 0.758322, -0.074347
4.186328, 0.352418, -0.130075, -0.185071, -2.551698, 0.745726, -0.133789
4.194300, 0.355533, -0.132280, -0.185843, -2.555396, 0.741118, -0.153537
4.218489, 0.365744, -0.139578, -0.187509, -2.566716, 0.726185, -0.216272
4.226491, 0.369130, -0.141976, -0.187989, -2.570080, 0.720837, -0.237207
4.250613, 0.379753, -0.149462, -0.189322, -2.579839, 0.703715, -0.302556
4.258569, 0.383439, -0.152059, -0.189561, -2.582841, 0.697453, -0.324468
4.282747, 0.394463, -0.159837, -0.190262, -2.591290, 0.678453, -0.390671
4.290739, 0.397994, -0.162284, -0.190245, -2.593283, 0.672047, -0.411229
4.314763, 0.409136, -0.170015, -0.190284, -2.599768, 0.651141, -0.477407
4.322890, 0.412737, -0.172508, -0.190136, -2.601460, 0.644127, -0.498591
4.346926, 0.423959, -0.180211, -0.189588, -2.606255, 0.621470, -0.564511
4.354867, 0.427647, -0.182718, -0.189262, -2.607359, 0.613893, -0.586000
4.379044, 0.438908, -0.190280, -0.188065, -2.609934, 0.589398, -0.651288
4.387006, 0.442663, -0.192772, -0.187553, -2.610522, 0.581138, -0.673050
4.411176, 0.453961, -0.200320, -0.185714, -2.611605, 0.555142, -0.737959
4.419189, 0.457755, -0.202837, -0.185004, -2.611603, 0.546357, -0.759677
4.443322, 0.469034, -0.210259, -0.182527, -2.610641, 0.518749, -0.824099
4.451198, 0.472851, -0.212767, -0.181588, -2.610054, 0.509559, -0.845407
4.475451, 0.484193, -0.220152, -0.178424, -2.607354, 0.480189, -0.910023
4.483489, 0.488054, -0.222667, -0.177285, -2.606161, 0.470370, -0.931373
4.507471, 0.499339, -0.229897, -0.173445, -2.601418, 0.439435, -0.995312
4.515602, 0.503206, -0.232400, -0.172076, -2.599617, 0.429136, -1.016628
4.539627, 0.514430, -0.239513, -0.167643, -2.593320, 0.396800, -1.079765
4.547579, 0.518313, -0.241974, -0.166082, -2.590853, 0.385765, -1.101332
4.571611, 0.529432, -0.248937, -0.161033, -2.582699, 0.352218, -1.163323
4.579787, 0.533250, -0.251318, -0.159275, -2.579642, 0.340708, -1.184648
4.603939, 0.544337, -0.258122, -0.153579, -2.569549, 0.305509, -1.246035
4.611786, 0.548076, -0.260418, -0.151611, -2.565829, 0.293461, -1.267066
4.635940, 0.559058, -0.267020, -0.145322, -2.553845, 0.256776, -1.327650
4.643917, 0.562705, -0.269206, -0.143170, -2.549583, 0.244416, -1.348068
4.668043, 0.573678, -0.275699, -0.136149, -2.535960, 0.205997, -1.408545
4.676054, 0.577235, -0.277721, -0.133778, -2.530971, 0.193237, -1.428226
4.700202, 0.587966, -0.283842, -0.126295, -2.515553, 0.153422, -1.487613
4.708193, 0.591583, -0.285887, -0.123625, -2.509989, 0.140139, -1.507130
4.732329, 0.602227, -0.291858, -0.115485, -2.492631, 0.098705, -1.566023
4.740330, 0.605617, -0.293692, -0.112727, -2.486390, 0.085224, -1.584491
4.764492, 0.616020, -0.299411, -0.104156, -2.467264, 0.042661, -1.642218
4.772334, 0.619388, -0.301212, -0.101185, -2.460618, 0.028619, -1.660635
4.796631, 0.629532, -0.306622, -0.092043, -2.439699, -0.014940, -1.716916
4.804572, 0.632815, -0.308306, -0.088921, -2.432353, -0.029697, -1.735172
4.828635, 0.642711, -0.313499, -0.079259, -2.409752, -0.074253, -1.790319
4.836608, 0.645940, -0.315157, -0.075945, -2.401915, -0.089501, -1.808515
4.860791, 0.655520, -0.319974, -0.065755, -2.377397, -0.135294, -1.862085
4.868764, 0.658647, -0.321546, -0.062251, -2.368937, -0.150906, -1.879779
4.892948, 0.667989, -0.326098, -0.051454, -2.342593, -0.198134, -1.932578
4.900787, 0.671034, -0.327605, -0.047792, -2.333702, -0.213964, -1.949904
4.924947, 0.679967, -0.331789, -0.036639, -2.305681, -0.262100, -2.000963
4.932891, 0.682941, -0.333192, -0.032825, -2.296132, -0.278317, -2.017778
4.957069, 0.691555, -0.337077, -0.021204, -2.266487, -0.327563, -2.067627
4.965053, 0.694356, -0.338247, -0.017421, -2.256470, -0.343878, -2.083735
4.989236, 0.702673, -0.341753, -0.005260, -2.224841, -0.394581, -2.131972
4.997218, 0.705469, -0.342906, -0.001150, -2.213967, -0.411657, -2.148232
5.021375, 0.713396, -0.346070, 0.011303, -2.181664, -0.461995, -2.195122
5.029231, 0.716028, -0.347027, 0.015506, -2.169586, -0.480116, -2.210435
5.053502, 0.723539, -0.349739, 0.028332, 2.122622, 0.529186, 2.242207
5.061513, 0.726036, -0.350617, 0.032689, 2.102919, 0.545129, 2.249086
5.085483, 0.733192, -0.353066, 0.045956, 2.044552, 0.590996, 2.267484
5.093614, 0.735508, -0.353806, 0.050363, 2.024920, 0.606249, 2.273176
5.117634, 0.742262, -0.355845, 0.063974, 1.965941, 0.652074, 2.288975
5.125669, 0.744409, -0.356427, 0.068492, 1.946373, 0.667392, 2.293724
5.149668, 0.750703, -0.358192, 0.082244, 1.886909, 0.711754, 2.306459
5.157728, 0.752679, -0.358688, 0.086803, 1.867339, 0.726288, 2.310091
5.181763, 0.758571, -0.360078, 0.100900, 1.807234, 0.769833, 2.320042
5.189926, 0.760432, -0.360480, 0.105625, 1.787287, 0.784024, 2.322777
5.213920, 0.765825, -0.361464, 0.119853, 1.727198, 0.826756, 2.329881
5.222048, 0.767523, -0.361730, 0.124633, 1.707307, 0.840593, 2.331799
5.246062, 0.772465, -0.362391, 0.139207, 1.646544, 0.882675, 2.336108
5.254203, 0.774006, -0.362538, 0.144118, 1.626476, 0.896256, 2.337165
5.278235, 0.778469, -0.362775, 0.158903, 1.565802, 0.936764, 2.338695
5.286366, 0.779882, -0.362754, 0.163840, 1.545717, 0.950045, 2.338894
5.310348, 0.783928, -0.362561, 0.178772, 1.484634, 0.989634, 2.337849
5.318329, 0.785164, -0.362431, 0.183763, 1.464681, 1.002440, 2.337106
5.342481, 0.788712, -0.361865, 0.198693, 1.404035, 1.040383, 2.333551
5.350492, 0.789790, -0.361630, 0.203695, 1.384062, 1.052931, 2.331895
5.374534, 0.792848, -0.360685, 0.218863, 1.323231, 1.089934, 2.325825
5.382680, 0.793792, -0.360293, 0.223919, 1.303117, 1.102117, 2.323320
5.406690, 0.796335, -0.358977, 0.239117, 1.243029, 1.137120, 2.314905
5.414673, 0.797130, -0.358487, 0.244214, 1.222611, 1.148881, 2.311504
5.438803, 0.799127, -0.356859, 0.259569, 1.162610, 1.182837, 2.300528
5.446811, 0.799732, -0.356309, 0.264712, 1.142275, 1.193881, 2.296367
5.470813, 0.801194, -0.354333, 0.280059, 1.082939, 1.226170, 2.283033
5.478941, 0.801623, -0.353622, 0.285172, 1.063414, 1.236814, 2.278292
5.503074, 0.802614, -0.351319, 0.300574, 1.003559, 1.267791, 2.262430
5.510936, 0.802888, -0.350495, 0.305447, 0.984374, 1.277832, 2.257066
5.535117, 0.803371, -0.347881, 0.320931, 0.925200, 1.306904, 2.239095
5.543102, 0.803461, -0.346951, 0.325998, 0.905761, 1.316613, 2.232802
5.567233, 0.803446, -0.344008, 0.341234, 0.847677, 1.344135, 2.212890
5.575233, 0.803363, -0.342989, 0.346253, 0.828447, 1.353086, 2.205889
5.599406, 0.802861, -0.339669, 0.361502, 0.770809, 1.379053, 2.184018
5.607405, 0.802612, -0.338541, 0.366464, 0.751799, 1.387560, 2.176250
5.631536, 0.801604, -0.334873, 0.381647, 0.694822, 1.411928, 2.152460
5.639549, 0.801223, -0.333575, 0.386536, 0.676182, 1.419667, 2.144280
5.663514, 0.799685, -0.329595, 0.401725, 0.619609, 1.442319, 2.118468
5.671654, 0.799116, -0.328153, 0.406656, 0.601358, 1.449775, 2.109718
5.695680, 0.797150, -0.323858, 0.421495, 0.545796, 1.470534, 2.082249
5.703828, 0.796401, -0.322379, 0.426386, 0.527963, 1.477266, 2.073060
5.727830, 0.793944, -0.317888, 0.440999, 0.473558, 1.495259, 2.044413
5.735835, 0.793048, -0.316333, 0.445685, 0.456478, 1.502188, 2.034449
5.759974, 0.790274, -0.311826, 0.459288, 0.406128, 1.518527, 2.005552
5.767937, 0.789291, -0.310300, 0.463720, 0.389856, 1.523594, 1.995946
5.792108, 0.786269, -0.305821, 0.476435, 0.342916, 1.537752, 1.967293
5.800101, 0.785189, -0.304344, 0.480589, 0.327743, 1.542248, 1.957561
5.824104, 0.781919, -0.299864, 0.492667, 0.283592, 1.554303, 1.929199
5.832224, 0.780785, -0.298359, 0.496595, 0.269130, 1.558050, 1.919559
5.856257, 0.777302, -0.293891, 0.508037, 0.227769, 1.568340, 1.891574
5.864415, 0.776107, -0.292413, 0.511743, 0.214367, 1.571456, 1.882268
5.888422, 0.772445, -0.288012, 0.522569, 0.175268, 1.580272, 1.854347
5.896398, 0.771251, -0.286594, 0.525967, 0.162912, 1.582856, 1.845438
5.920561, 0.767740, -0.282441, 0.535550, 0.127896, 1.590130, 1.819229
5.928537, 0.766468, -0.281010, 0.538871, 0.116209, 1.592281, 1.810495
5.952562, 0.762903, -0.276896, 0.547923, 0.083160, 1.598247, 1.785002
5.960548, 0.761824, -0.275600, 0.550602, 0.073229, 1.600287, 1.777012
5.984693, 0.758316, -0.271591, 0.558985, 0.042572, 1.605022, 1.752812
5.992677, 0.757139, -0.270284, 0.561695, 0.032533, 1.606371, 1.744733
6.016854, 0.753631, -0.266458, 0.569506, 0.004816, 1.610246, 1.721994
6.024847, 0.752480, -0.265198, 0.572007, -0.004541, 1.611349, 1.714193
6.048850, 0.748995, -0.261596, 0.579286, -0.030456, 1.614181, 1.692339
6.056964, 0.747906, -0.260448, 0.581514, -0.038730, 1.615133, 1.685101
6.080996, 0.744719, -0.257017, 0.587926, -0.061778, 1.617693, 1.664909
6.088977, 0.743609, -0.255897, 0.590085, -0.069588, 1.618192, 1.658193
6.113123, 0.740476, -0.252900, 0.595966, -0.090562, 1.619735, 1.639225
6.121266, 0.739543, -0.251860, 0.597752, -0.097190, 1.620244, 1.633403
6.145277, 0.736667, -0.248881, 0.603053, -0.116221, 1.621454, 1.616112
6.153274, 0.735664, -0.248015, 0.604793, -0.122172, 1.621819, 1.610428
6.177434, 0.732901, -0.245373, 0.609634, -0.139545, 1.622468, 1.594234
6.185425, 0.732130, -0.244560, 0.610988, -0.144213, 1.622762, 1.589847
6.209420, 0.729786, -0.242159, 0.615032, -0.159414, 1.623413, 1.575378
6.217563, 0.728970, -0.241421, 0.616385, -0.164226, 1.623519, 1.570682
6.241550, 0.726784, -0.239510, 0.619935, -0.176353, 1.623846, 1.558611
6.249542, 0.726020, -0.238802, 0.621173, -0.180880, 1.623660, 1.554427
6.273529, 0.724330, -0.237020, 0.623961, -0.191765, 1.623792, 1.544037
6.281860, 0.723799, -0.236477, 0.624819, -0.195195, 1.623720, 1.540750
6.305862, 0.722255, -0.235036, 0.627250, -0.203741, 1.623850, 1.532158
6.313844, 0.721776, -0.234609, 0.627995, -0.206486, 1.623773, 1.529400
6.337982, 0.720503, -0.233382, 0.629991, -0.213666, 1.623884, 1.522095
6.346016, 0.720075, -0.233018, 0.630645, -0.216092, 1.623758, 1.519696
6.369992, 0.718858, -0.232031, 0.632481, -0.222237, 1.623477, 1.513520
6.378165, 0.718534, -0.231791, 0.632962, -0.223700, 1.623396, 1.512033
6.402324, 0.717829, -0.231162, 0.634028, -0.227303, 1.623370, 1.508258
6.410151, 0.717653, -0.231005, 0.634293, -0.228027, 1.623439, 1.507469
6.434325, 0.717327, -0.230669, 0.634800, -0.229883, 1.623310, 1.505713
6.442252, 0.717297, -0.230629, 0.634849, -0.229967, 1.623358, 1.505656
6.466397, 0.717333, -0.230522, 0.634847, -0.230227, 1.623318, 1.505643
6.474419, 0.717357, -0.230447, 0.634847, -0.230226, 1.623367, 1.505807
6.498608, 0.717160, -0.230009, 0.635282, -0.231194, 1.623207, 1.505572
6.506555, 0.716975, -0.229761, 0.635623, -0.231789, 1.623099, 1.505324
6.530600, 0.715875, -0.228536, 0.637518, -0.235081, 1.622423, 1.503631
6.538557, 0.715335, -0.228015, 0.638408, -0.236765, 1.622022, 1.502564
6.562725, 0.713393, -0.226171, 0.641595, -0.241985, 1.620849, 1.499542
6.570894, 0.712625, -0.225415, 0.642855, -0.244224, 1.620323, 1.498217
6.594875, 0.710088, -0.222920, 0.646982, -0.251276, 1.618726, 1.494175
6.602891, 0.709189, -0.222029, 0.648429, -0.253848, 1.618131, 1.492690
6.627039, 0.706091, -0.218934, 0.653387, -0.262595, 1.616099, 1.487700
6.634999, 0.704989, -0.217750, 0.655163, -0.265659, 1.615441, 1.486133
6.659171, 0.701379, -0.213933, 0.660886, -0.276095, 1.613019, 1.480474
6.667114, 0.700068, -0.212619, 0.662917, -0.279541, 1.612241, 1.478584
6.691169, 0.695714, -0.208274, 0.669547, -0.291451, 1.609340, 1.471893
6.699166, 0.694120, -0.206741, 0.671922, -0.295629, 1.608306, 1.469492
6.723313, 0.688857, -0.201690, 0.679614, -0.309362, 1.604859, 1.461599
6.731269, 0.686971, -0.199846, 0.682336, -0.314376, 1.603569, 1.458739
6.755461, 0.680984, -0.194050, 0.690806, -0.329673, 1.599640, 1.450131
6.763467, 0.678932, -0.192038, 0.693663, -0.335048, 1.598209, 1.447093
6.787596, 0.672208, -0.185681, 0.702762, -0.351625, 1.593772, 1.437667
6.795641, 0.669821, -0.183425, 0.705921, -0.357619, 1.592104, 1.434207
6.819561, 0.662352, -0.176402, 0.715584, -0.375710, 1.587060, 1.423950
6.827797, 0.659713, -0.173949, 0.718913, -0.382027, 1.585255, 1.420340
6.851745, 0.651040, -0.166072, 0.729533, -0.402317, 1.579277, 1.408533
6.859768, 0.647888, -0.163328, 0.733265, -0.409314, 1.577167, 1.404357
6.883917, 0.638292, -0.154885, 0.744361, -0.430823, 1.570495, 1.391582
6.891895, 0.634968, -0.151961, 0.748103, -0.437996, 1.568270, 1.387446
6.916048, 0.624082, -0.142844, 0.759908, -0.461088, 1.560667, 1.373242
6.924016, 0.620336, -0.139715, 0.763849, -0.468816, 1.558089, 1.368583
6.948059, 0.608700, -0.130062, 0.775693, -0.492760, 1.549879, 1.353945
6.956174, 0.604492, -0.126661, 0.779829, -0.501135, 1.546925, 1.348739
6.980174, 0.591295, -0.116125, 0.792347, -0.526945, 1.537566, 1.332600
6.988157, 0.586815, -0.112535, 0.796458, -0.535617, 1.534353, 1.327257
7.012181, 0.572394, -0.101254, 0.809164, -0.562753, 1.524016, 1.310257
7.020320, 0.567314, -0.097366, 0.813450, -0.572218, 1.520273, 1.304175
7.044341, 0.551564, -0.085430, 0.826243, -0.600496, 1.508900, 1.286211
7.052460, 0.546048, -0.081350, 0.830535, -0.610308, 1.504782, 1.279773
7.076488, 0.528989, -0.068931, 0.843241, -0.639381, 1.492391, 1.260827
7.084638, 0.523026, -0.064697, 0.847478, -0.649466, 1.487901, 1.254020
7.108645, 0.504397, -0.051747, 0.860074, -0.679736, 1.474166, 1.233487
7.116584, 0.497924, -0.047296, 0.864253, -0.690104, 1.469309, 1.226424
7.140785, 0.477825, -0.033662, 0.876555, -0.721531, 1.454242, 1.205040
7.148698, 0.470790, -0.028977, 0.880628, -0.732342, 1.448893, 1.197582
7.172925, 0.448865, -0.014687, 0.892589, -0.765247, 1.432103, 1.174541
7.180498, 0.441336, -0.009871, 0.896471, -0.776124, 1.426422, 1.166923
7.205052, 0.417993, 0.004688, 0.907747, -0.809390, 1.408356, 1.142904
7.213030, 0.409831, 0.009609, 0.911424, -0.820514, 1.402151, 1.134616
7.237176, 0.385177, 0.024289, 0.921766, -0.854015, 1.382802, 1.109493
7.245033, 0.376894, 0.029145, 0.925001, -0.864944, 1.376332, 1.101325
7.269345, 0.351495, 0.043735, 0.934128, -0.897986, 1.356153, 1.076269
7.277186, 0.342870, 0.048555, 0.936971, -0.908951, 1.349229, 1.067693
7.301337, 0.317316, 0.062629, 0.944712, -0.940718, 1.328681, 1.043059
7.309333, 0.308779, 0.067232, 0.947064, -0.951200, 1.321673, 1.034741
7.333476, 0.282530, 0.080967, 0.953573, -0.982267, 1.300362, 1.009362
7.341446, 0.273802, 0.085436, 0.955505, -0.992520, 1.293078, 1.000780
7.365459, 0.247554, 0.098681, 0.960665, -1.022547, 1.271359, 0.976099
7.373588, 0.238585, 0.103100, 0.962183, -1.032698, 1.263774, 0.967537
7.397617, 0.211275, 0.116230, 0.966137, -1.062834, 1.240664, 0.941621
7.405771, 0.202297, 0.120455, 0.967210, -1.072562, 1.233024, 0.933226
7.429780, 0.175063, 0.132948, 0.969832, -1.101453, 1.209574, 0.907427
7.437770, 0.165772, 0.137099, 0.970482, -1.111018, 1.201636, 0.898647
7.461867, 0.138359, 0.149094, 0.971786, -1.139060, 1.177591, 0.872624
7.470025, 0.129292, 0.152978, 0.972010, -1.148116, 1.169669, 0.864277
7.494054, 0.101520, 0.164575, 0.971984, -1.175691, 1.144765, 0.838171
7.502168, 0.092179, 0.168377, 0.971765, -1.184769, 1.136349, 0.829382
7.526211, 0.064620, 0.179314, 0.970505, -1.211178, 1.111199, 0.803696
7.534163, 0.055384, 0.182885, 0.969877, -1.219839, 1.102721, 0.795073
7.558362, 0.027204, 0.193509, 0.967236, -1.245858, 1.076525, 0.768075
7.566305, 0.017938, 0.196909, 0.966174, -1.254262, 1.067826, 0.759282
7.590462, -0.010081, 0.206893, 0.962319, -1.279358, 1.041173, 0.732917
7.598450, -0.019373, 0.210103, 0.960798, -1.287623, 1.032163, 0.724154
7.622514, -0.047234, 0.219466, 0.955638, -1.311878, 1.004942, 0.697578
7.630506, -0.056347, 0.222427, 0.953759, -1.319730, 0.995870, 0.688907
7.654655, -0.083629, 0.231077, 0.947445, -1.342643, 0.968713, 0.662567
7.662296, -0.092850, 0.233919, 0.945095, -1.350357, 0.959255, 0.653382
7.686784, -0.120193, 0.242087, 0.937512, -1.372565, 0.931427, 0.626570
7.694769, -0.129221, 0.244668, 0.934821, -1.379874, 0.921976, 0.617736
7.718791, -0.156445, 0.252216, 0.925943, -1.401571, 0.893173, 0.590674
7.726774, -0.165193, 0.254531, 0.922881, -1.408481, 0.883743, 0.581998
7.750959, -0.192393, 0.261508, 0.912846, -1.429400, 0.854290, 0.554880
7.758914, -0.201231, 0.263694, 0.909333, -1.436067, 0.844665, 0.546006
7.782916, -0.227700, 0.270051, 0.898101, -1.455943, 0.814926, 0.518340
7.791045, -0.236412, 0.272049, 0.894209, -1.462290, 0.805197, 0.509409
7.815192, -0.262243, 0.277598, 0.882040, -1.481187, 0.775188, 0.482484
7.823180, -0.270829, 0.279368, 0.877724, -1.487412, 0.764990, 0.473288
7.847205, -0.296361, 0.284314, 0.864349, -1.505522, 0.734387, 0.446134
7.855362, -0.304665, 0.285852, 0.859782, -1.511345, 0.724181, 0.437056
7.879383, -0.329393, 0.290223, 0.845437, -1.528256, 0.693715, 0.409920
7.887365, -0.337585, 0.291644, 0.840398, -1.533934, 0.683179, 0.400382
7.911508, -0.361805, 0.295467, 0.824989, -1.549978, 0.652266, 0.372943
7.919523, -0.369716, 0.296588, 0.819736, -1.555221, 0.641751, 0.363791
7.943649, -0.393377, 0.299685, 0.803201, -1.570597, 0.609935, 0.336154
7.951646, -0.401151, 0.300607, 0.797542, -1.575613, 0.599165, 0.326863
7.975634, -0.423792, 0.303024, 0.780439, -1.589776, 0.567565, 0.299828
7.983774, -0.431258, 0.303779, 0.774497, -1.594370, 0.556942, 0.290612
8.007785, -0.453367, 0.305843, 0.756059, -1.607847, 0.524418, 0.262203
8.015787, -0.460518, 0.306405, 0.749887, -1.612056, 0.513894, 0.253147
8.039953, -0.481636, 0.307688, 0.730885, -1.624490, 0.481278, 0.225461
8.047912, -0.488590, 0.308017, 0.724338, -1.628492, 0.470361, 0.216231
8.072088, -0.508972, 0.308665, 0.704415, -1.640081, 0.437175, 0.188412
8.080076, -0.515509, 0.308778, 0.697822, -1.643652, 0.426465, 0.179535
8.104254, -0.534838, 0.309077, 0.677117, -1.654156, 0.393402, 0.151398
8.112201, -0.541237, 0.309115, 0.669985, -1.657542, 0.382185, 0.141826
8.136405, -0.559471, 0.308903, 0.648807, -1.666967, 0.349312, 0.114013
8.144352, -0.565410, 0.308695, 0.641639, -1.669988, 0.338123, 0.104707
8.168396, -0.582974, 0.307808, 0.619350, -1.678676, 0.304151, 0.076429
8.176388, -0.588671, 0.307396, 0.611866, -1.681426, 0.292625, 0.066955
8.200539, -0.604850, 0.305946, 0.589694, -1.688882, 0.259456, 0.039814
8.208501, -0.610088, 0.305471, 0.582065, -1.691255, 0.248137, 0.030318
8.232668, -0.625502, 0.303862, 0.558528, -1.697956, 0.213919, 0.001507
8.240647, -0.630360, 0.303236, 0.550776, -1.699979, 0.202699, -0.007860
8.264790, -0.644396, 0.300969, 0.527447, -1.705550, 0.168880, -0.035569
8.272784, -0.648975, 0.300133, 0.519373, -1.707278, 0.157435, -0.044975
8.296800, -0.662216, 0.297290, 0.495136, -1.711977, 0.122540, -0.073257
8.304907, -0.666309, 0.296319, 0.487208, -1.713315, 0.111469, -0.082243
8.329003, -0.678059, 0.293383, 0.462958, -1.716935, 0.077324, -0.110394
8.336974, -0.681735, 0.292424, 0.454816, -1.717987, 0.066138, -0.119781
8.361131, -0.691981, 0.289356, 0.431250, -1.720549, 0.033452, -0.146799
8.369099, -0.695026, 0.288291, 0.423738, -1.721216, 0.023032, -0.155338
8.393268, -0.703831, 0.284834, 0.400943, -1.722805, -0.008520, -0.180905
8.400885, -0.706554, 0.283642, 0.393442, -1.723193, -0.019093, -0.189458
8.425275, -0.714057, 0.280075, 0.372218, -1.723902, -0.048190, -0.212593
8.433215, -0.716216, 0.278996, 0.365073, -1.724035, -0.058147, -0.220918
8.457418, -0.722357, 0.275718, 0.344200, -1.724064, -0.086332, -0.244236
8.465403, -0.724237, 0.274663, 0.337341, -1.723967, -0.095701, -0.252075
8.489562, -0.729315, 0.271438, 0.317810, -1.723415, -0.122057, -0.273784
8.497533, -0.730885, 0.270283, 0.311449, -1.723118, -0.130695, -0.280719
8.521537, -0.735001, 0.266868, 0.292626, -1.721963, -0.156548, -0.301727
8.529673, -0.736286, 0.265698, 0.286516, -1.721515, -0.164773, -0.308295
8.553646, -0.739708, 0.262356, 0.268807, -1.719913, -0.189052, -0.327886
8.561826, -0.740706, 0.261278, 0.263205, -1.719341, -0.196495, -0.333862
8.585806, -0.743372, 0.258141, 0.246831, -1.717432, -0.218859, -0.351944
8.594000, -0.744075, 0.257194, 0.241391, -1.716761, -0.226023, -0.357973
8.617922, -0.745951, 0.254327, 0.225857, -1.714606, -0.247176, -0.375495
8.625944, -0.746506, 0.253409, 0.220911, -1.713868, -0.253768, -0.380941
8.649946, -0.747941, 0.250776, 0.206614, -1.711573, -0.272931, -0.396852
8.658101, -0.748286, 0.249929, 0.201964, -1.710768, -0.279268, -0.402177
8.682228, -0.749279, 0.247233, 0.188808, -1.708310, -0.297154, -0.416621
8.690242, -0.749549, 0.246339, 0.184469, -1.707436, -0.303230, -0.421537
8.714234, -0.750121, 0.243750, 0.172119, -1.704870, -0.320133, -0.435191
8.722213, -0.750289, 0.242931, 0.168386, -1.704023, -0.325461, -0.439429
8.746518, -0.750651, 0.240632, 0.157522, -1.701560, -0.340229, -0.451312
8.754557, -0.750747, 0.239924, 0.153932, -1.700721, -0.345144, -0.455361
8.778519, -0.750885, 0.237913, 0.144062, -1.698359, -0.358484, -0.466274
8.786545, -0.750880, 0.237300, 0.141093, -1.697607, -0.362585, -0.469631
8.810575, -0.750801, 0.235488, 0.132471, -1.695344, -0.374471, -0.479309
8.818514, -0.750628, 0.235251, 0.129609, -1.694711, -0.377963, -0.482847
8.842701, -0.750458, 0.233410, 0.121571, -1.692453, -0.389325, -0.491858
8.850693, -0.750382, 0.232932, 0.119079, -1.691793, -0.392546, -0.494563
8.874862, -0.750112, 0.231660, 0.112731, -1.689973, -0.401398, -0.501933
8.882855, -0.750003, 0.231263, 0.110771, -1.689428, -0.403937, -0.504044
8.906987, -0.749733, 0.230086, 0.105271, -1.687767, -0.411700, -0.510376
8.914973, -0.749639, 0.229726, 0.103624, -1.687282, -0.413884, -0.512143
8.939158, -0.749406, 0.228794, 0.099166, -1.685926, -0.420031, -0.517182
8.946997, -0.749333, 0.228525, 0.097863, -1.685526, -0.421825, -0.518659
8.971152, -0.749127, 0.227834, 0.094427, -1.684485, -0.426436, -0.522490
8.979131, -0.749058, 0.227641, 0.093465, -1.684169, -0.427865, -0.523685
9.003411, -0.749080, 0.227013, 0.091351, -1.683482, -0.430685, -0.525592
9.011289, -0.748931, 0.226852, 0.090594, -1.683190, -0.432015, -0.526736
9.035441, -0.748830, 0.226522, 0.089353, -1.682788, -0.433659, -0.527968
9.043441, -0.748794, 0.226470, 0.089058, -1.682666, -0.434250, -0.528484
9.067441, -0.748767, 0.226433, 0.088924, -1.682641, -0.434302, -0.528516
9.075389, -0.748791, 0.226448, 0.089050, -1.682674, -0.434267, -0.528463
9.099722, -0.748936, 0.226531, 0.089224, -1.683110, -0.433376, -0.527675
9.107721, -0.749035, 0.226541, 0.089144, -1.683256, -0.433152, -0.527439
9.131698, -0.749451, 0.226787, 0.089011, -1.684485, -0.431593, -0.526285
9.139744, -0.749637, 0.226903, 0.089040, -1.685006, -0.430664, -0.525529
9.163700, -0.750237, 0.227561, 0.088990, -1.687001, -0.427672, -0.523647
9.171898, -0.750477, 0.227851, 0.088976, -1.687712, -0.426241, -0.522722
9.195890, -0.751293, 0.228870, 0.088928, -1.690620, -0.421578, -0.519745
9.203977, -0.751624, 0.229200, 0.088981, -1.691638, -0.419577, -0.518271
9.227939, -0.752752, 0.230456, 0.089220, -1.695397, -0.413174, -0.513819
9.236022, -0.753144, 0.230905, 0.089328, -1.696707, -0.410802, -0.512188
9.260360, -0.754404, 0.232339, 0.089507, -1.700864, -0.404134, -0.507835
9.268125, -0.754822, 0.232877, 0.089490, -1.702382, -0.401627, -0.506225
9.292297, -0.756238, 0.234591, 0.089384, -1.707303, -0.393489, -0.500807
9.300296, -0.756774, 0.235167, 0.089464, -1.708925, -0.390413, -0.498548
9.324438, -0.758470, 0.237075, 0.089703, -1.714284, -0.380965, -0.491984
9.332447, -0.759073, 0.237742, 0.089750, -1.716230, -0.377853, -0.489859
9.356624, -0.760988, 0.239784, 0.090119, -1.722466, -0.366643, -0.481497
9.364451, -0.761610, 0.240572, 0.090248, -1.724604, -0.362959, -0.478917
9.388615, -0.763576, 0.242954, 0.090568, -1.731106, -0.351289, -0.470667
9.396714, -0.764292, 0.243769, 0.090681, -1.733289, -0.347234, -0.467656
9.420731, -0.766542, 0.246385, 0.091103, -1.740465, -0.333822, -0.457695
9.428727, -0.767262, 0.247278, 0.091127, -1.743006, -0.329630, -0.454697
9.452909, -0.769554, 0.250046, 0.091023, -1.751024, -0.315718, -0.444333
9.460877, -0.770361, 0.251018, 0.091024, -1.753672, -0.311058, -0.440915
9.485031, -0.772920, 0.254065, 0.091569, -1.761800, -0.295412, -0.428752
9.493021, -0.773764, 0.255115, 0.091775, -1.764593, -0.290021, -0.424577
9.517028, -0.776332, 0.258463, 0.092055, -1.773394, -0.273653, -0.411977
9.525144, -0.777220, 0.259657, 0.092160, -1.776230, -0.267982, -0.407650
9.549158, -0.779783, 0.263476, 0.092431, -1.784838, -0.250321, -0.394225
9.557312, -0.780648, 0.264834, 0.092522, -1.787991, -0.244259, -0.389675
9.581331, -0.783367, 0.268970, 0.093140, -1.797243, -0.224830, -0.374410
9.589318, -0.784266, 0.270333, 0.093348, -1.800320, -0.218529, -0.369421
9.613489, -0.787096, 0.274483, 0.093686, -1.809731, -0.198646, -0.353168
9.621431, -0.788027, 0.275865, 0.093680, -1.812785, -0.192227, -0.347935
9.645465, -0.790799, 0.280321, 0.093960, -1.822135, -0.171568, -0.330923
9.653604, -0.791786, 0.281874, 0.094257, -1.825415, -0.164142, -0.324607
9.677588, -0.794614, 0.286563, 0.094932, -1.835155, -0.141963, -0.305576
9.685752, -0.795547, 0.288220, 0.095046, -1.838373, -0.134355, -0.299065
9.709572, -0.798225, 0.293366, 0.095272, -1.848122, -0.111554, -0.279653
9.717911, -0.799110, 0.295183, 0.095521, -1.851300, -0.103665, -0.272974
9.741898, -0.801827, 0.300689, 0.096352, -1.860720, -0.079100, -0.251289
9.749878, -0.802729, 0.302500, 0.096463, -1.863860, -0.070715, -0.243727
9.773893, -0.805318, 0.308012, 0.096542, -1.873083, -0.046802, -0.222125
9.782001, -0.806190, 0.309863, 0.096755, -1.876252, -0.038287, -0.214181
9.806169, -0.808791, 0.315734, 0.097848, -1.884774, -0.011597, -0.188831
9.814129, -0.809581, 0.317804, 0.098018, -1.887747, -0.002487, -0.180210
9.838289, -0.811709, 0.324221, 0.098164, -1.896537, 0.023675, -0.155970
9.846326, -0.812420, 0.326345, 0.098440, -1.899237, 0.032471, -0.147553
9.870439, -0.814436, 0.332567, 0.099241, -1.906684, 0.059332, -0.121036
9.878431, -0.815097, 0.334542, 0.099449, -1.909090, 0.067756, -0.112493
9.902610, -0.816928, 0.340378, 0.100066, -1.915982, 0.093188, -0.086167
9.910485, -0.817516, 0.342409, 0.100407, -1.917992, 0.101844, -0.077083
9.934495, -0.818930, 0.348630, 0.101125, -1.923799, 0.127847, -0.050122
9.942635, -0.819329, 0.350801, 0.101345, -1.925606, 0.136071, -0.041701
9.966769, -0.820415, 0.357173, 0.101988, -1.930815, 0.161789, -0.014503
9.974764, -0.820800, 0.359207, 0.102201, -1.932192, 0.170264, -0.005130
9.998938, -0.821791, 0.365041, 0.102702, -1.936857, 0.194304, 0.021929
10.006891, -0.822142, 0.366899, 0.102964, -1.938067, 0.202228, 0.031163
10.030891, -0.822780, 0.373011, 0.103725, -1.941272, 0.227066, 0.059602
10.039057, -0.822903, 0.375116, 0.103977, -1.942195, 0.235239, 0.068761
10.063059, -0.823065, 0.381581, 0.104989, -1.944581, 0.259816, 0.096921
10.071054, -0.823086, 0.383682, 0.104844, -1.945226, 0.267907, 0.106235
10.095221, -0.823178, 0.389675, 0.105397, -1.946608, 0.291318, 0.134622
10.103168, -0.823180, 0.391584, 0.105642, -1.947250, 0.299201, 0.144594
10.127342, -0.823066, 0.397382, 0.106558, -1.947854, 0.322371, 0.174200
10.135313, -0.822932, 0.399369, 0.106721, -1.948024, 0.329995, 0.183833
10.159472, -0.822351, 0.405493, 0.107478, -1.947805, 0.352697, 0.212562
10.167467, -0.822053, 0.407588, 0.107670, -1.947521, 0.360450, 0.222507
10.191493, -0.821189, 0.413611, 0.108248, -1.946326, 0.382896, 0.251946
10.199482, -0.820913, 0.415466, 0.108370, -1.945973, 0.389723, 0.261301
10.223659, -0.820001, 0.420982, 0.109316, -1.943908, 0.411264, 0.291510
10.231645, -0.819598, 0.422869, 0.109641, -1.942920, 0.418507, 0.301782
10.255762, -0.818176, 0.428724, 0.110330, -1.940305, 0.439816, 0.331936
10.263751, -0.817616, 0.430722, 0.110572, -1.939200, 0.446786, 0.341856
10.287781, -0.815787, 0.436698, 0.111312, -1.935106, 0.468143, 0.372482
10.295883, -0.815180, 0.438598, 0.111445, -1.933776, 0.474632, 0.382082
10.320085, -0.813353, 0.443921, 0.111895, -1.929529, 0.494095, 0.412278
10.328047, -0.812699, 0.445692, 0.112512, -1.927396, 0.501077, 0.423500
10.352056, -0.810531, 0.451077, 0.113316, -1.921933, 0.520253, 0.453859
10.360101, -0.809692, 0.452936, 0.113621, -1.919701, 0.526934, 0.464571
10.384230, -0.807007, 0.458562, 0.114354, -1.912886, 0.546190, 0.495445
10.392168, -0.806081, 0.460419, 0.114619, -1.910561, 0.552574, 0.505974
10.416366, -0.803311, 0.465632, 0.115083, -1.903522, 0.570356, 0.536615
10.424357, -0.802375, 0.467267, 0.115349, -1.900786, 0.576441, 0.547450
10.448334, -0.799383, 0.472181, 0.116363, -1.892090, 0.594003, 0.579160
10.456471, -0.798309, 0.473903, 0.116452, -1.889479, 0.599592, 0.589251
10.480556, -0.794786, 0.479149, 0.117338, -1.879933, 0.616779, 0.620337
10.488503, -0.793519, 0.480918, 0.117627, -1.876381, 0.622745, 0.631203
10.512675, -0.789731, 0.486021, 0.118056, -1.866250, 0.638904, 0.661593
10.520508, -0.788487, 0.487564, 0.118432, -1.862545, 0.644404, 0.672616
10.544676, -0.784728, 0.492023, 0.119215, -1.851828, 0.659443, 0.704558
10.552632, -0.783385, 0.493546, 0.119538, -1.847912, 0.664593, 0.715140
10.576804, -0.779141, 0.498171, 0.120374, -1.835902, 0.679368, 0.746684
10.584805, -0.777629, 0.499725, 0.120637, -1.831420, 0.684449, 0.757287
10.609091, -0.772982, 0.504413, 0.121240, -1.818539, 0.698717, 0.788291
10.616973, -0.771448, 0.505880, 0.121373, -1.814332, 0.703075, 0.798528
10.641111, -0.766767, 0.509982, 0.122046, -1.800440, 0.716417, 0.830200
10.649051, -0.765204, 0.511284, 0.122299, -1.795789, 0.720517, 0.840363
10.673252, -0.760184, 0.515345, 0.123125, -1.781110, 0.733174, 0.872281
10.681229, -0.758459, 0.516727, 0.123050, -1.776426, 0.736949, 0.882304
10.705397, -0.752945, 0.520929, 0.123845, -1.760534, 0.749225, 0.913815
10.713236, -0.751107, 0.522324, 0.124019, -1.755647, 0.752741, 0.923622
10.737383, -0.745497, 0.526077, 0.124861, -1.738856, 0.764024, 0.955129
10.745398, -0.743663, 0.527175, 0.125076, -1.733216, 0.767407, 0.965648
10.769383, -0.737970, 0.530556, 0.125806, -1.716151, 0.777424, 0.996655
10.777505, -0.735969, 0.531718, 0.126018, -1.710273, 0.780594, 1.007239
10.801688, -0.729791, 0.535219, 0.126585, -1.692073, 0.790144, 1.037547
10.809693, -0.727691, 0.536362, 0.126795, -1.686025, 0.793111, 1.047744
10.833642, -0.721322, 0.539631, 0.127173, -1.667509, 0.801473, 1.077943
10.841801, -0.719199, 0.540565, 0.127330, -1.660945, 0.804171, 1.088625
10.865776, -0.712824, 0.543284, 0.127703, -1.641706, 0.811460, 1.118818
10.873814, -0.710606, 0.544210, 0.128006, -1.635063, 0.813891, 1.128836
10.897948, -0.703686, 0.547055, 0.128615, -1.614184, 0.820916, 1.159017
10.906111, -0.701320, 0.548016, 0.128804, -1.607287, 0.823118, 1.168809
10.930107, -0.694151, 0.550722, 0.129323, -1.586062, 0.829134, 1.198243
10.938076, -0.691741, 0.551598, 0.129228, -1.578928, 0.831079, 1.207727
10.962260, -0.684633, 0.553727, 0.129639, -1.557350, 0.835778, 1.237401
10.970238, -0.682149, 0.554354, 0.130160, -1.549604, 0.837278, 1.247802
10.994352, -0.674708, 0.556320, 0.130760, -1.526845, 0.841346, 1.277205
11.002346, -0.672122, 0.556985, 0.130875, -1.518788, 0.842770, 1.286948
11.026353, -0.664412, 0.558965, 0.131300, -1.495918, 0.845965, 1.314930
11.034404, -0.661747, 0.559572, 0.131143, -1.487837, 0.847074, 1.324290
11.058531, -0.653889, 0.561198, 0.131124, -1.464231, 0.849347, 1.351998
11.066534, -0.651272, 0.561622, 0.131351, -1.456189, 0.849966, 1.361421
11.090556, -0.643259, 0.562803, 0.131770, -1.431300, 0.851406, 1.389394
11.098671, -0.640545, 0.563201, 0.131856, -1.422918, 0.851733, 1.398811
11.122853, -0.632129, 0.564452, 0.131988, -1.397610, 0.852335, 1.425707
11.130875, -0.629365, 0.564894, 0.131974, -1.389648, 0.852324, 1.434263
11.154999, -0.620767, 0.565900, 0.131830, -1.363553, 0.852211, 1.460489
11.162972, -0.617970, 0.566132, 0.131817, -1.355103, 0.851975, 1.469122
11.186992, -0.609459, 0.566528, 0.132115, -1.328629, 0.850595, 1.495494
11.194979, -0.606536, 0.566647, 0.132225, -1.319321, 0.850151, 1.504498
11.219138, -0.597668, 0.566938, 0.132288, -1.291807, 0.848150, 1.530139
11.227122, -0.594744, 0.567089, 0.132235, -1.283290, 0.847352, 1.538024
11.251267, -0.585662, 0.567269, 0.132238, -1.255597, 0.844199, 1.563003
11.259252, -0.582583, 0.567231, 0.132166, -1.245884, 0.843182, 1.571532
11.283266, -0.573636, 0.566964, 0.132006, -1.218454, 0.839022, 1.595576
11.291403, -0.570572, 0.566780, 0.132362, -1.208304, 0.837689, 1.604183
11.315420, -0.561236, 0.566299, 0.132094, -1.179534, 0.832897, 1.627782
11.323408, -0.558121, 0.566138, 0.131966, -1.170115, 0.831338, 1.635302
11.347552, -0.548910, 0.565597, 0.131399, -1.142190, 0.825614, 1.657324
11.355543, -0.545572, 0.565318, 0.131371, -1.131564, 0.823813, 1.665250
11.379574, -0.536034, 0.564406, 0.130857, -1.102104, 0.817329, 1.687210
11.387669, -0.532845, 0.564109, 0.130753, -1.092736, 0.815002, 1.694227
11.411684, -0.523265, 0.562717, 0.130550, -1.062395, 0.807413, 1.716226
11.419849, -0.519998, 0.562194, 0.130442, -1.051950, 0.804898, 1.723588
11.443829, -0.510424, 0.560742, 0.129818, -1.022635, 0.796709, 1.743617
11.451992, -0.507043, 0.560155, 0.129793, -1.011555, 0.793890, 1.750937
11.476163, -0.497157, 0.558432, 0.129099, -0.981091, 0.785004, 1.770424
11.483983, -0.493953, 0.557823, 0.128840, -0.971342, 0.781885, 1.776773
11.508133, -0.484262, 0.555612, 0.128235, -0.940523, 0.772055, 1.796000
11.516117, -0.480892, 0.554823, 0.128078, -0.929495, 0.768616, 1.802690
11.540298, -0.470882, 0.552526, 0.127344, -0.898343, 0.757685, 1.820988
11.548261, -0.467663, 0.551832, 0.127016, -0.888798, 0.754026, 1.826506
11.572283, -0.457379, 0.549293, 0.126240, -0.856299, 0.742551, 1.844152
11.580407, -0.454077, 0.548491, 0.125876, -0.846447, 0.738837, 1.849286
11.604601, -0.444017, 0.545611, 0.124921, -0.814667, 0.726647, 1.865923
11.612558, -0.440748, 0.544630, 0.124617, -0.804018, 0.722506, 1.871357
11.636562, -0.431013, 0.541599, 0.123743, -0.773254, 0.710047, 1.886539
11.644690, -0.427972, 0.540688, 0.123343, -0.764176, 0.706057, 1.890850
11.668732, -0.418629, 0.537641, 0.122235, -0.734662, 0.693639, 1.904430
11.676731, -0.415604, 0.536617, 0.121908, -0.724924, 0.689338, 1.908871
11.700989, -0.406621, 0.533450, 0.120899, -0.696334, 0.676598, 1.921427
11.709007, -0.403876, 0.532502, 0.120539, -0.688171, 0.672533, 1.924894
11.733003, -0.395451, 0.529292, 0.119696, -0.661023, 0.660248, 1.936148
11.740998, -0.392706, 0.528198, 0.119377, -0.651844, 0.656013, 1.939833
11.765116, -0.384802, 0.525026, 0.118212, -0.626606, 0.643903, 1.949814
11.773124, -0.382480, 0.523873, 0.117905, -0.619354, 0.639926, 1.952877
11.797315, -0.374532, 0.520994, 0.116945, -0.593955, 0.627877, 1.961545
11.805302, -0.372020, 0.519984, 0.116653, -0.586225, 0.623893, 1.964087
11.829314, -0.364866, 0.517054, 0.115495, -0.563631, 0.612881, 1.971580
11.837282, -0.362602, 0.516079, 0.115109, -0.556707, 0.609123, 1.973741
11.861306, -0.355908, 0.512985, 0.114154, -0.534902, 0.597563, 1.981172
11.869310, -0.353835, 0.512019, 0.113882, -0.528315, 0.593848, 1.983315
11.893468, -0.347717, 0.508998, 0.112975, -0.508147, 0.582900, 1.989814
11.901544, -0.345717, 0.508041, 0.112643, -0.501782, 0.579399, 1.991833
11.925597, -0.339893, 0.505396, 0.111608, -0.483109, 0.569346, 1.996871
11.933562, -0.338056, 0.504539, 0.111275, -0.477478, 0.566250, 1.998501
11.957729, -0.332536, 0.501894, 0.110452, -0.459523, 0.556597, 2.003057
11.965690, -0.330832, 0.501073, 0.110227, -0.454247, 0.553566, 2.004562
11.989845, -0.325924, 0.498591, 0.109356, -0.438029, 0.544492, 2.008589
11.997956, -0.324323, 0.497810, 0.109025, -0.433044, 0.541754, 2.009901
12.021842, -0.319809, 0.495543, 0.108233, -0.418865, 0.533581, 2.013025
12.029996, -0.318380, 0.494779, 0.107975, -0.413907, 0.530857, 2.014383
12.054027, -0.314518, 0.492731, 0.107173, -0.401822, 0.523337, 2.017137
12.062212, -0.313269, 0.492031, 0.106943, -0.397690, 0.520838, 2.018212
12.086177, -0.309551, 0.490050, 0.106354, -0.384893, 0.513949, 2.020860
12.094132, -0.308450, 0.489421, 0.106180, -0.381270, 0.511823, 2.021746
12.118272, -0.305376, 0.487680, 0.105712, -0.371412, 0.505893, 2.023872
12.126267, -0.304381, 0.487147, 0.105521, -0.368062, 0.503984, 2.024506
12.150415, -0.301583, 0.485678, 0.104827, -0.358950, 0.498245, 2.026333
12.158447, -0.300748, 0.485233, 0.104654, -0.356538, 0.496566, 2.026751
12.182467, -0.298507, 0.483940, 0.104359, -0.349525, 0.492015, 2.028245
12.190439, -0.297786, 0.483542, 0.104252, -0.347088, 0.490674, 2.028600
12.214599, -0.295834, 0.482480, 0.103793, -0.340680, 0.486893, 2.029805
12.222717, -0.295236, 0.482193, 0.103659, -0.338656, 0.485833, 2.030018
12.246745, -0.293749, 0.481347, 0.103403, -0.333368, 0.482780, 2.031043
12.254865, -0.293330, 0.481118, 0.103336, -0.332062, 0.481998, 2.031250
12.278917, -0.292315, 0.480645, 0.103098, -0.329216, 0.480271, 2.031499
12.286866, -0.292055, 0.480499, 0.103043, -0.328480, 0.479747, 2.031701
12.311048, -0.291534, 0.480173, 0.102890, -0.326935, 0.478448, 2.031944
12.319033, -0.291416, 0.480074, 0.102844, -0.326540, 0.478203, 2.032167
12.343093, -0.291272, 0.479926, 0.102819, -0.325998, 0.477906, 2.032274
12.351028, -0.291279, 0.479933, 0.102864, -0.325932, 0.477904, 2.032336
12.375214, -0.291250, 0.479905, 0.103114, -0.325345, 0.477769, 2.032471
12.383208, -0.291234, 0.479889, 0.103278, -0.324976, 0.477665, 2.032540
12.407483, -0.291163, 0.479821, 0.104254, -0.322786, 0.477150, 2.033192
12.415440, -0.291124, 0.479782, 0.104704, -0.321789, 0.476862, 2.033352
12.439493, -0.290949, 0.479617, 0.106380, -0.317910, 0.475931, 2.034484
12.447327, -0.290877, 0.479545, 0.107035, -0.316422, 0.475504, 2.034728
12.471635, -0.290570, 0.479239, 0.109494, -0.310608, 0.474070, 2.036423
12.479475, -0.290471, 0.479140, 0.110387, -0.308593, 0.473503, 2.036786
12.503608, -0.290163, 0.478833, 0.113296, -0.301885, 0.471837, 2.038698
12.511787, -0.290036, 0.478707, 0.114370, -0.299423, 0.471155, 2.039172
12.535749, -0.289579, 0.478273, 0.117986, -0.290961, 0.469032, 2.041470
12.543782, -0.289446, 0.478140, 0.119173, -0.288260, 0.468298, 2.042025
12.567900, -0.288964, 0.477659, 0.123281, -0.278768, 0.465891, 2.044552
12.575919, -0.288777, 0.477473, 0.124790, -0.275291, 0.464964, 2.045321
12.599898, -0.288196, 0.476894, 0.129661, -0.264093, 0.462111, 2.048248
12.608020, -0.287966, 0.476665, 0.131384, -0.260111, 0.461039, 2.049080
12.632012, -0.287247, 0.475955, 0.136812, -0.247513, 0.457813, 2.052282
12.640200, -0.286961, 0.475677, 0.138789, -0.242919, 0.456584, 2.053245
12.664219, -0.286104, 0.474837, 0.144643, -0.229218, 0.453058, 2.056630
12.672206, -0.285787, 0.474521, 0.146737, -0.224354, 0.451754, 2.057640
12.696363, -0.284719, 0.473456, 0.153361, -0.208691, 0.447680, 2.061356
12.704355, -0.284313, 0.473051, 0.155645, -0.203222, 0.446255, 2.062639
12.728505, -0.283041, 0.471790, 0.162773, -0.186223, 0.441769, 2.066372
12.736347, -0.282569, 0.471327, 0.165302, -0.180127, 0.440197, 2.067851
12.760497, -0.281092, 0.469875, 0.173152, -0.161406, 0.435221, 2.071751
12.768611, -0.280584, 0.469369, 0.175794, -0.155042, 0.433570, 2.073266
12.792621, -0.278964, 0.467754, 0.183960, -0.135453, 0.428336, 2.077227
12.800775, -0.278361, 0.467153, 0.186817, -0.128491, 0.426510, 2.078798
12.824786, -0.276407, 0.465231, 0.195647, -0.107005, 0.420747, 2.082965
12.832743, -0.275725, 0.464552, 0.198656, -0.099621, 0.418789, 2.084526
12.856961, -0.273445, 0.462278, 0.208099, -0.076254, 0.412492, 2.088940
12.864773, -0.272604, 0.461446, 0.211311, -0.068160, 0.410316, 2.090492
12.889082, -0.270051, 0.458922, 0.221023, -0.043780, 0.403713, 2.094891
12.897080, -0.269136, 0.458009, 0.224410, -0.035259, 0.401395, 2.096386
12.921085, -0.266209, 0.455097, 0.234721, -0.008998, 0.394232, 2.100872
12.929080, -0.265189, 0.454086, 0.238219, -0.000059, 0.391791, 2.102396
12.953228, -0.261844, 0.450750, 0.248953, 0.027860, 0.384112, 2.106820
12.961210, -0.260687, 0.449603, 0.252573, 0.037320, 0.381513, 2.108370
12.985389, -0.257030, 0.445956, 0.263601, 0.066329, 0.373467, 2.112584
12.993357, -0.255741, 0.444671, 0.267358, 0.076294, 0.370707, 2.114118
13.017496, -0.251652, 0.440612, 0.278808, 0.106879, 0.362154, 2.118150
13.025480, -0.250218, 0.439189, 0.282628, 0.117286, 0.359245, 2.119639
13.049525, -0.245622, 0.434605, 0.294312, 0.149491, 0.350166, 2.123493
13.057642, -0.243968, 0.432955, 0.298295, 0.160739, 0.346992, 2.124969
13.081667, -0.238830, 0.427856, 0.310300, 0.194686, 0.337334, 2.128494
13.089613, -0.237033, 0.426063, 0.314309, 0.206298, 0.334024, 2.129884
13.113646, -0.231404, 0.420465, 0.326407, 0.241592, 0.323916, 2.133087
13.121753, -0.229443, 0.418509, 0.330443, 0.253626, 0.320448, 2.134332
13.145952, -0.223562, 0.412649, 0.342191, 0.288814, 0.310261, 2.137016
13.153884, -0.221577, 0.410675, 0.346034, 0.300519, 0.306850, 2.138070
13.177906, -0.215490, 0.404626, 0.357351, 0.335357, 0.296669, 2.140231
13.186005, -0.213389, 0.402542, 0.361096, 0.347146, 0.293198, 2.141051
13.210226, -0.206905, 0.396084, 0.372084, 0.382622, 0.282734, 2.142875
13.218177, -0.204740, 0.393924, 0.375662, 0.394286, 0.279281, 2.143381
13.242231, -0.198015, 0.387221, 0.386252, 0.429746, 0.268717, 2.144842
13.250221, -0.195767, 0.384978, 0.389729, 0.441416, 0.265242, 2.145069
13.274355, -0.188855, 0.378125, 0.399705, 0.476430, 0.254696, 2.145943
13.282361, -0.186433, 0.375707, 0.403196, 0.488622, 0.251020, 2.146136
13.306515, -0.179286, 0.368576, 0.412979, 0.523897, 0.240341, 2.146403
13.314471, -0.176908, 0.366203, 0.416164, 0.535509, 0.236785, 2.146574
13.338505, -0.169577, 0.358888, 0.425455, 0.570585, 0.226083, 2.146268
13.346515, -0.167066, 0.356387, 0.428493, 0.582438, 0.222420, 2.146227
13.370663, -0.159383, 0.348725, 0.437409, 0.618143, 0.211414, 2.145463
13.378648, -0.156794, 0.346142, 0.440315, 0.630036, 0.207725, 2.145160
13.402831, -0.148991, 0.338360, 0.448724, 0.665408, 0.196704, 2.143972
13.410810, -0.146341, 0.335716, 0.451438, 0.677265, 0.193008, 2.143432
13.434969, -0.138409, 0.327814, 0.459328, 0.712375, 0.181959, 2.141731
13.442951, -0.135711, 0.325129, 0.461893, 0.724161, 0.178254, 2.140970
13.467109, -0.127399, 0.316834, 0.469725, 0.760279, 0.166780, 2.138767
13.475087, -0.124657, 0.314097, 0.472153, 0.772028, 0.163076, 2.137801
13.499263, -0.116412, 0.305877, 0.479137, 0.807119, 0.151808, 2.135147
13.507226, -0.113614, 0.303092, 0.481357, 0.818852, 0.148081, 2.133958
13.531232, -0.105198, 0.294696, 0.487877, 0.854070, 0.136667, 2.130787
13.539389, -0.102340, 0.291844, 0.489982, 0.865848, 0.132905, 2.129433
13.563405, -0.093747, 0.283278, 0.496071, 0.901178, 0.121347, 2.125679
13.571382, -0.090846, 0.280382, 0.497971, 0.913006, 0.117527, 2.124170
13.595523, -0.082195, 0.271761, 0.503568, 0.948081, 0.105959, 2.119849
13.603514, -0.079267, 0.268838, 0.505385, 0.959849, 0.102097, 2.118243
13.627560, -0.070521, 0.260114, 0.510558, 0.994783, 0.090512, 2.113339
13.635520, -0.067599, 0.257197, 0.512172, 1.006367, 0.086653, 2.111640
13.659696, -0.058690, 0.248314, 0.516760, 1.041608, 0.074904, 2.106079
13.667684, -0.055701, 0.245330, 0.518223, 1.053403, 0.070919, 2.104207
13.691829, -0.046647, 0.236300, 0.522316, 1.088881, 0.058977, 2.098004
13.699809, -0.043671, 0.233329, 0.523603, 1.100523, 0.054991, 2.096001
13.723968, -0.034599, 0.224272, 0.527196, 1.135813, 0.043051, 2.089247
13.731965, -0.031588, 0.221268, 0.528338, 1.147504, 0.038973, 2.087096
13.756107, -0.022537, 0.212242, 0.531469, 1.182335, 0.027071, 2.079791
13.764081, -0.019547, 0.209259, 0.532473, 1.193839, 0.023018, 2.077488
13.788068, -0.010444, 0.200170, 0.535122, 1.228662, 0.011038, 2.069675
13.796246, -0.007398, 0.197132, 0.535927, 1.240344, 0.006885, 2.067119
13.820286, 0.001729, 0.188021, 0.538007, 1.275251, -0.005260, 2.058720
13.828210, 0.004773, 0.184984, 0.538627, 1.286892, -0.009396, 2.055926
13.852420, 0.013944, 0.175825, 0.540240, 1.321860, -0.021685, 2.046982
13.860393, 0.017004, 0.172770, 0.540696, 1.333528, -0.025826, 2.043932
13.884569, 0.026083, 0.163706, 0.541794, 1.368104, -0.038157, 2.034566
13.892538, 0.029140, 0.160654, 0.542108, 1.379683, -0.042245, 2.031253
13.916682, 0.038173, 0.151634, 0.542850, 1.413904, -0.054594, 2.021458
13.924690, 0.041209, 0.148601, 0.542994, 1.425411, -0.058691, 2.017966
13.948708, 0.050225, 0.139598, 0.543164, 1.459645, -0.071140, 2.007538
13.956832, 0.053288, 0.136539, 0.543101, 1.471350, -0.075355, 2.003795
13.980974, 0.062340, 0.127500, 0.542753, 1.505932, -0.088059, 1.992651
13.988974, 0.065344, 0.124499, 0.542523, 1.517427, -0.092202, 1.988724
14.013110, 0.074289, 0.115567, 0.541679, 1.551738, -0.104980, 1.977087
14.021100, 0.077289, 0.112571, 0.541273, 1.563294, -0.109148, 1.972885
14.045105, 0.086185, 0.103686, 0.540035, 1.597463, -0.122008, 1.960672
14.053083, 0.089093, 0.100782, 0.539533, 1.608621, -0.126088, 1.956430
14.077294, 0.097865, 0.092020, 0.537887, 1.642436, -0.138894, 1.943676
14.085279, 0.100764, 0.089125, 0.537239, 1.653639, -0.143052, 1.939234
14.109320, 0.109471, 0.080429, 0.535002, 1.687624, -0.155997, 1.925707
14.117274, 0.112319, 0.077583, 0.534180, 1.698780, -0.160260, 1.921139
14.141416, 0.120959, 0.068953, 0.531511, 1.732520, -0.173173, 1.906981
14.149402, 0.123794, 0.066121, 0.530531, 1.743758, -0.177549, 1.902196
14.173573, 0.132244, 0.057679, 0.527391, 1.777351, -0.190491, 1.887386
14.181553, 0.135032, 0.054894, 0.526306, 1.788478, -0.194909, 1.882461
14.205731, 0.143356, 0.046578, 0.522830, 1.821739, -0.207820, 1.867092
14.213713, 0.146097, 0.043839, 0.521676, 1.832638, -0.212236, 1.862081
14.237847, 0.154244, 0.035699, 0.517764, 1.865631, -0.225164, 1.846130
14.245845, 0.156940, 0.033005, 0.516413, 1.876616, -0.229651, 1.840854
14.269848, 0.165158, 0.024793, 0.511923, 1.910427, -0.242991, 1.823746
14.277948, 0.167803, 0.022147, 0.510415, 1.921387, -0.247553, 1.818233
14.301998, 0.175585, 0.014367, 0.505584, 1.954071, -0.260611, 1.800966
14.310134, 0.178198, 0.011755, 0.503942, 1.965030, -0.265227, 1.795229
14.334158, 0.185843, 0.004116, 0.498733, 1.997610, -0.278340, 1.777316
14.342112, 0.188379, 0.001581, 0.497000, 2.008350, -0.282876, 1.771433
14.366116, 0.195640, -0.005674, 0.491679, 2.039601, -0.295635, 1.753587
14.374256, 0.198166, -0.008198, 0.489774, 2.050533, -0.300203, 1.747276
14.398296, 0.205528, -0.015560, 0.483864, 2.082888, -0.313721, 1.728107
14.406385, 0.207948, -0.017984, 0.481783, 2.093696, -0.318140, 1.721460
14.430536, 0.215068, -0.025108, 0.475532, 2.125694, -0.331735, 1.701753
14.438417, 0.217431, -0.027479, 0.473301, 2.136543, -0.336317, 1.694859
14.462559, 0.224495, -0.034544, 0.466582, 2.168906, -0.350080, 1.674044
14.470565, 0.226702, -0.036752, 0.464296, 2.179366, -0.354668, 1.667244
14.494729, 0.233357, -0.043413, 0.457452, 2.210487, -0.367956, 1.646330
14.502696, 0.235499, -0.045555, 0.455111, 2.220809, -0.372562, 1.639378
14.526727, 0.241922, -0.051978, 0.448047, 2.251518, -0.385840, 1.617987
14.534842, 0.243978, -0.054033, 0.445611, 2.261700, -0.390311, 1.610788
14.558851, 0.250204, -0.060259, 0.438054, 2.292695, -0.404035, 1.588441
14.566818, 0.252210, -0.062265, 0.435494, 2.302889, -0.408399, 1.580862
14.591010, 0.258151, -0.068203, 0.427648, 2.333524, -0.422209, 1.557957
14.598972, 0.260084, -0.070136, 0.424993, 2.343642, -0.426534, 1.550118
14.623158, 0.265813, -0.075865, 0.416798, 2.374230, -0.440547, 1.526350
14.631133, 0.267695, -0.077747, 0.414079, 2.384248, -0.444897, 1.518299
14.655309, 0.273138, -0.083191, 0.405809, 2.414044, -0.458708, 1.494227
14.663133, 0.274950, -0.085002, 0.403081, 2.423768, -0.462978, 1.486113
14.687316, 0.280183, -0.090240, 0.394518, 2.453437, -0.476902, 1.461191
14.695313, 0.281894, -0.091954, 0.391629, 2.463261, -0.481326, 1.452690
14.719455, 0.286815, -0.096877, 0.382832, 2.492193, -0.495057, 1.427439
14.727434, 0.288441, -0.098506, 0.379883, 2.501874, -0.499472, 1.418743
14.751594, 0.293104, -0.103171, 0.370770, 2.531128, -0.513523, 1.392202
14.759571, 0.294626, -0.104693, 0.367746, 2.540688, -0.517989, 1.383311
14.783713, 0.298972, -0.109042, 0.358564, 2.569209, -0.531800, 1.356389
14.791726, 0.300409, -0.110479, 0.355467, 2.578705, -0.536383, 1.347241
14.815844, 0.304558, -0.114634, 0.346215, 2.606625, -0.550049, 1.319824
14.823934, 0.305878, -0.115958, 0.343096, 2.615880, -0.554682, 1.310574
14.847883, 0.309711, -0.119798, 0.333646, 2.643487, -0.568240, 1.282363
14.856009, 0.310865, -0.120952, 0.330516, 2.652448, -0.572892, 1.273088
14.879857, 0.314506, -0.124597, 0.320709, 2.680276, -0.586707, 1.243528
14.888017, 0.315603, -0.125694, 0.317442, 2.689369, -0.591431, 1.233717
14.912134, 0.318802, -0.128901, 0.307757, 2.716024, -0.604971, 1.204277
14.920168, 0.319879, -0.129978, 0.304274, 2.725486, -0.609939, 1.193647
14.944186, 0.322878, -0.132985, 0.294433, 2.751884, -0.623638, 1.163313
14.952180, 0.323806, -0.133913, 0.291162, 2.760539, -0.628172, 1.153176
14.976353, 0.326568, -0.136686, 0.281250, 2.786409, -0.641852, 1.122241
14.984448, 0.327410, -0.137528, 0.277917, 2.795000, -0.646454, 1.111769
15.008629, 0.329817, -0.139935, 0.267878, 2.820540, -0.660109, 1.079982
15.016453, 0.330567, -0.140685, 0.264532, 2.828948, -0.664815, 1.069314
15.040600, 0.332689, -0.142807, 0.254372, 2.854157, -0.678415, 1.036610
15.048565, 0.333350, -0.143469, 0.250955, 2.862518, -0.683292, 1.025519
15.072754, 0.335134, -0.145253, 0.240805, 2.887103, -0.696729, 0.992255
15.080756, 0.335718, -0.145837, 0.237424, 2.895166, -0.701546, 0.981118
15.104933, 0.337284, -0.147404, 0.227243, -2.901412, 0.710570, -0.941333
15.112905, 0.337799, -0.147919, 0.223897, -2.899978, 0.713115, -0.927229
15.136932, 0.339068, -0.149216, 0.213808, -2.895834, 0.719491, -0.884963
15.144908, 0.339551, -0.149703, 0.210527, -2.894218, 0.721838, -0.871291
15.169056, 0.340423, -0.150584, 0.200160, -2.889118, 0.728165, -0.827952
15.177055, 0.340710, -0.150885, 0.196804, -2.887255, 0.730392, -0.814003
15.201197, 0.341351, -0.151536, 0.186619, -2.881433, 0.736416, -0.771644
15.209187, 0.341538, -0.151723, 0.183220, -2.879312, 0.738496, -0.757555
15.233366, 0.341921, -0.152115, 0.173031, -2.872686, 0.744327, -0.715317
15.241322, 0.342020, -0.152223, 0.169697, -2.870386, 0.746225, -0.701530
15.265356, 0.342216, -0.152429, 0.159728, -2.863126, 0.751780, -0.660400
15.273311, 0.342235, -0.152448, 0.156380, -2.860621, 0.753460, -0.646623
15.297491, 0.342112, -0.152334, 0.146544, -2.852698, 0.758743, -0.606002
15.305457, 0.342015, -0.152241, 0.143070, -2.849783, 0.760521, -0.591639
15.329628, 0.341638, -0.151864, 0.133178, -2.841101, 0.765479, -0.550824
15.337606, 0.341428, -0.151659, 0.129864, -2.838025, 0.767171, -0.537052
15.361792, 0.340740, -0.150976, 0.120018, -2.828619, 0.771822, -0.496249
15.369767, 0.340431, -0.150672, 0.116778, -2.825324, 0.773474, -0.482728
15.393766, 0.339525, -0.149779, 0.107051, -2.815300, 0.777783, -0.442386
15.401899, 0.339173, -0.149426, 0.103840, -2.811759, 0.779419, -0.428981
15.425892, 0.338100, -0.148362, 0.094311, -2.801366, 0.783305, -0.389970
15.434062, 0.337659, -0.147921, 0.091170, -2.797632, 0.784868, -0.376766
15.458044, 0.336237, -0.146507, 0.081694, -2.786288, 0.788674, -0.337018
15.466059, 0.335692, -0.145962, 0.078560, -2.782328, 0.790038, -0.323728
15.490046, 0.334009, -0.144287, 0.069316, -2.770364, 0.793739, -0.284560
15.498187, 0.333393, -0.143675, 0.066074, -2.766088, 0.794861, -0.270848
15.522186, 0.331395, -0.141685, 0.056952, -2.753324, 0.798491, -0.231634
15.530314, 0.330726, -0.141015, 0.053959, -2.749104, 0.799401, -0.218824
15.554451, 0.328620, -0.138912, 0.045136, -2.736037, 0.802614, -0.180763
15.562434, 0.327901, -0.138192, 0.042213, -2.731594, 0.803632, -0.168149
15.586628, 0.325648, -0.135950, 0.033506, -2.717986, 0.806518, -0.130475
15.594485, 0.324752, -0.135064, 0.030601, -2.713139, 0.807609, -0.117496
15.618623, 0.322170, -0.132480, 0.022102, -2.698865, 0.810172, -0.079852
15.626776, 0.321295, -0.131604, 0.019280, -2.693959, 0.811147, -0.067331
15.650863, 0.318447, -0.128754, 0.010917, -2.678978, 0.813410, -0.029649
15.658797, 0.317484, -0.127790, 0.008172, -2.673840, 0.814393, -0.017188
15.682950, 0.314435, -0.124739, 0.000059, -2.658347, 0.816366, 0.020017
15.690936, 0.313417, -0.123720, -0.002633, -2.653031, 0.817247, 0.032359
15.715086, 0.310267, -0.120567, -0.010526, -2.637117, 0.819031, 0.068859
15.723074, 0.309212, -0.119519, -0.013096, -2.631749, 0.819739, 0.080823
15.747088, 0.305838, -0.116159, -0.020743, -2.615223, 0.821410, 0.117057
15.755209, 0.304678, -0.115005, -0.023261, -2.609564, 0.822053, 0.129151
15.779230, 0.301105, -0.111441, -0.030672, -2.592461, 0.823485, 0.165124
15.787203, 0.299882, -0.110216, -0.033080, -2.586667, 0.824003, 0.177043
15.811390, 0.296110, -0.106448, -0.040169, -2.569066, 0.825256, 0.212586
15.819314, 0.294838, -0.105178, -0.042439, -2.563201, 0.825641, 0.224194
15.843520, 0.291188, -0.101539, -0.048918, -2.546189, 0.826676, 0.257228
15.851494, 0.289970, -0.100319, -0.050983, -2.540589, 0.826897, 0.267942
15.875550, 0.286418, -0.096767, -0.056961, -2.524053, 0.827768, 0.298958
15.883507, 0.285210, -0.095561, -0.058870, -2.518578, 0.827827, 0.309100
15.907679, 0.281660, -0.092025, -0.064324, -2.502337, 0.828589, 0.338535
15.915665, 0.280491, -0.090854, -0.066077, -2.497072, 0.828532, 0.348003
15.939673, 0.277027, -0.087385, -0.071059, -2.481345, 0.829122, 0.375705
15.947660, 0.275888, -0.086244, -0.072671, -2.476227, 0.828991, 0.384643
15.971952, 0.272445, -0.082800, -0.077260, -2.460785, 0.829464, 0.411077
15.979938, 0.271362, -0.081727, -0.078683, -2.455982, 0.829300, 0.419204
16.004079, 0.267995, -0.078364, -0.082838, -2.440984, 0.829663, 0.444189
16.012083, 0.266968, -0.077336, -0.084134, -2.436418, 0.829448, 0.451746
16.036073, 0.263861, -0.074225, -0.087950, -2.422367, 0.829625, 0.474632
16.044081, 0.262811, -0.073172, -0.089168, -2.417746, 0.829418, 0.482095
16.068228, 0.259984, -0.070345, -0.092526, -2.404925, 0.829481, 0.502511
16.076222, 0.258980, -0.069339, -0.093629, -2.400496, 0.829289, 0.509509
16.100376, 0.256145, -0.066500, -0.096672, -2.387889, 0.829185, 0.529191
16.108379, 0.255290, -0.065647, -0.097618, -2.384051, 0.829069, 0.535118
16.132487, 0.252515, -0.062877, -0.100486, -2.371667, 0.828932, 0.554054
16.140544, 0.251638, -0.061999, -0.101331, -2.367833, 0.828745, 0.559875
16.164551, 0.249270, -0.059629, -0.103710, -2.357169, 0.828647, 0.575911
16.172545, 0.248441, -0.058803, -0.104535, -2.353504, 0.828358, 0.581374
16.196680, 0.246112, -0.056470, -0.106716, -2.343100, 0.828249, 0.596785
16.204705, 0.245405, -0.055762, -0.107350, -2.340018, 0.827952, 0.601316
16.228824, 0.243267, -0.053623, -0.109272, -2.330456, 0.827820, 0.615266
16.236819, 0.242555, -0.052910, -0.109853, -2.327381, 0.827533, 0.619722
16.260835, 0.240589, -0.050941, -0.111558, -2.318572, 0.827403, 0.632417
16.268580, 0.239963, -0.050314, -0.112084, -2.315833, 0.827099, 0.636334
16.292948, 0.238345, -0.048693, -0.113511, -2.308486, 0.827000, 0.646802
16.301078, 0.237797, -0.048145, -0.113963, -2.306081, 0.826722, 0.650203
16.325133, 0.236333, -0.046678, -0.115266, -2.299380, 0.826572, 0.659656
16.333088, 0.235855, -0.046200, -0.115645, -2.297270, 0.826400, 0.662613
16.357265, 0.234558, -0.044903, -0.116741, -2.291397, 0.826106, 0.670805
16.365277, 0.234195, -0.044539, -0.117064, -2.289699, 0.826164, 0.673176
16.389450, 0.233144, -0.043486, -0.117886, -2.285024, 0.825768, 0.679651
16.397431, 0.232812, -0.043154, -0.118145, -2.283494, 0.825890, 0.681780
16.421559, 0.231958, -0.042298, -0.118850, -2.279644, 0.825526, 0.687078
16.429549, 0.231727, -0.042067, -0.119064, -2.278530, 0.825628, 0.688620
16.453556, 0.231061, -0.041403, -0.119585, -2.275549, 0.825353, 0.692690
16.461542, 0.230868, -0.041209, -0.119722, -2.274669, 0.825406, 0.693903
16.485714, 0.230346, -0.040689, -0.120029, -2.272422, 0.825244, 0.696960
16.493707, 0.230206, -0.040549, -0.120105, -2.271819, 0.825252, 0.697788
16.517850, 0.229958, -0.040301, -0.120303, -2.270692, 0.825174, 0.699323
16.525823, 0.229913, -0.040255, -0.120342, -2.270479, 0.825183, 0.699615
16.549845, 0.229927, -0.040278, -0.120342, -2.270526, 0.825182, 0.699509
16.557936, 0.229960, -0.040311, -0.120356, -2.270664, 0.825248, 0.699326
16.581973, 0.230114, -0.040450, -0.120525, -2.271599, 0.825243, 0.697849
16.590087, 0.230247, -0.040560, -0.120646, -2.272060, 0.825448, 0.696847
16.614120, 0.230864, -0.041054, -0.121210, -2.274064, 0.825703, 0.692160
16.622224, 0.231114, -0.041242, -0.121437, -2.274866, 0.825962, 0.690317
16.646413, 0.232068, -0.041967, -0.122358, -2.278479, 0.826173, 0.683118
16.654365, 0.232441, -0.042246, -0.122704, -2.279853, 0.826307, 0.680231
16.678281, 0.233726, -0.043209, -0.123973, -2.284877, 0.826773, 0.669933
16.686373, 0.234213, -0.043593, -0.124438, -2.286793, 0.826934, 0.666071
16.710376, 0.235896, -0.044872, -0.125906, -2.292675, 0.827328, 0.653826
16.718474, 0.236503, -0.045315, -0.126408, -2.294746, 0.827446, 0.649326
16.742670, 0.238438, -0.046710, -0.127984, -2.301580, 0.827649, 0.635033
16.750681, 0.239160, -0.047223, -0.128589, -2.304310, 0.827599, 0.629479
16.774684, 0.241598, -0.048984, -0.130631, -2.312972, 0.827727, 0.611369
16.782661, 0.242477, -0.049644, -0.131338, -2.315773, 0.827668, 0.605134
16.806895, 0.245257, -0.051711, -0.133637, -2.324724, 0.828027, 0.584807
16.814803, 0.246239, -0.052449, -0.134470, -2.328231, 0.827869, 0.577303
16.838991, 0.249312, -0.054674, -0.136801, -2.337885, 0.827789, 0.555153
16.847035, 0.250438, -0.055501, -0.137634, -2.341364, 0.827577, 0.546811
16.871168, 0.254029, -0.058193, -0.140383, -2.352536, 0.827381, 0.520636
16.878985, 0.255262, -0.059103, -0.141288, -2.356116, 0.827104, 0.512074
16.903097, 0.259074, -0.061941, -0.144179, -2.367828, 0.826398, 0.484123
16.911118, 0.260417, -0.062931, -0.145095, -2.371624, 0.826078, 0.474607
16.935255, 0.264919, -0.066254, -0.148104, -2.384265, 0.824667, 0.442760
16.943273, 0.266487, -0.067423, -0.149121, -2.388495, 0.824290, 0.431885
16.967466, 0.271174, -0.070923, -0.152265, -2.401177, 0.822465, 0.398265
16.975416, 0.272872, -0.072176, -0.153300, -2.405322, 0.821968, 0.386628
16.999440, 0.278381, -0.076212, -0.156481, -2.419167, 0.818959, 0.348722
17.007549, 0.280196, -0.077567, -0.157523, -2.423532, 0.818220, 0.336295
17.031570, 0.285892, -0.081757, -0.160796, -2.437392, 0.814526, 0.297119
17.039554, 0.287997, -0.083320, -0.161837, -2.441921, 0.813403, 0.283296
17.063704, 0.294282, -0.087937, -0.165002, -2.455831, 0.808809, 0.240586
17.071706, 0.296445, -0.089457, -0.166149, -2.460329, 0.807147, 0.225960
17.095858, 0.303480, -0.094675, -0.169271, -2.474632, 0.801429, 0.179365
17.103839, 0.305810, -0.096384, -0.170281, -2.479348, 0.799395, 0.163807
17.127980, 0.313259, -0.101775, -0.173455, -2.493121, 0.792362, 0.115107
17.135986, 0.315730, -0.103543, -0.174346, -2.497429, 0.789788, 0.098927
17.160007, 0.323903, -0.109492, -0.177213, -2.511187, 0.781313, 0.046332
17.168106, 0.326676, -0.111514, -0.178195, -2.515765, 0.778105, 0.028228
17.192111, 0.335238, -0.117720, -0.180753, -2.528666, 0.768253, -0.026223
17.200271, 0.338270, -0.119913, -0.181647, -2.533192, 0.764314, -0.045352
17.224474, 0.347399, -0.126444, -0.183910, -2.545235, 0.752577, -0.102691
17.232306, 0.350654, -0.128792, -0.184690, -2.549461, 0.747961, -0.123077
17.256257, 0.360367, -0.135753, -0.186571, -2.560702, 0.734368, -0.183253
17.264452, 0.363837, -0.138239, -0.187218, -2.564725, 0.728974, -0.204828
17.288460, 0.374191, -0.145613, -0.188640, -2.575372, 0.713131, -0.267698
17.296439, 0.377893, -0.148193, -0.189081, -2.578137, 0.706852, -0.290563
17.320744, 0.388702, -0.155808, -0.189946, -2.587129, 0.688735, -0.355841
17.328561, 0.392446, -0.158453, -0.190175, -2.589995, 0.682070, -0.378143
17.352734, 0.403429, -0.166104, -0.190399, -2.596897, 0.662123, -0.443773
17.360678, 0.407159, -0.168661, -0.190372, -2.598851, 0.654897, -0.465690
17.384736, 0.418272, -0.176340, -0.189995, -2.604247, 0.633142, -0.531361
17.392849, 0.421983, -0.178872, -0.189784, -2.605680, 0.625641, -0.553029
17.417037, 0.433228, -0.186492, -0.188836, -2.608999, 0.601847, -0.618600
17.424978, 0.436932, -0.188971, -0.188385, -2.609713, 0.593876, -0.640122
17.449061, 0.448249, -0.196542, -0.186804, -2.611444, 0.568414, -0.705235
17.457007, 0.451961, -0.199014, -0.186144, -2.611652, 0.559965, -0.726750
17.481166, 0.463367, -0.206568, -0.183921, -2.611421, 0.532765, -0.791760
17.489119, 0.467016, -0.208928, -0.183029, -2.610843, 0.523915, -0.812649
17.513312, 0.478442, -0.216432, -0.180191, -2.609112, 0.495192, -0.877335
17.521288, 0.482128, -0.218793, -0.179052, -2.607927, 0.485749, -0.898230
17.545271, 0.493593, -0.226216, -0.175499, -2.604072, 0.455229, -0.962893
17.553463, 0.497260, -0.228542, -0.174163, -2.602303, 0.445331, -0.983418
17.577460, 0.508664, -0.235864, -0.169991, -2.596846, 0.413469, -1.047483
17.585449, 0.512358, -0.238203, -0.168453, -2.594531, 0.403043, -1.067971
17.609571, 0.523635, -0.245298, -0.163706, -2.587002, 0.369600, -1.131190
17.617594, 0.527348, -0.247616, -0.161971, -2.584150, 0.358613, -1.151689
17.641763, 0.538519, -0.254543, -0.156553, -2.574913, 0.323921, -1.213838
17.649716, 0.542257, -0.256837, -0.154630, -2.571448, 0.312221, -1.234508
17.673907, 0.553275, -0.263540, -0.148601, -2.560134, 0.276023, -1.295744
17.681723, 0.557012, -0.265802, -0.146467, -2.556064, 0.263648, -1.316537
17.705929, 0.567913, -0.272295, -0.139826, -2.543261, 0.226269, -1.376698
17.714002, 0.571631, -0.274511, -0.137449, -2.538611, 0.213305, -1.397307
17.738047, 0.582425, -0.280703, -0.130157, -2.523616, 0.174115, -1.456933
17.746024, 0.586089, -0.282817, -0.127611, -2.518424, 0.160700, -1.477043
17.770196, 0.596737, -0.288812, -0.119715, -2.501769, 0.120248, -1.535655
17.778162, 0.600318, -0.290811, -0.116983, -2.495888, 0.106497, -1.555261
17.802204, 0.610692, -0.296482, -0.108670, -2.477301, 0.064598, -1.612656
17.810321, 0.614193, -0.298378, -0.105761, -2.470739, 0.050412, -1.631841
17.834455, 0.624387, -0.303884, -0.096799, -2.450665, 0.007375, -1.688414
17.842427, 0.627767, -0.305677, -0.093732, -2.443532, -0.007116, -1.707111
17.866445, 0.637711, -0.310908, -0.084276, -2.421569, -0.051408, -1.762476
17.874432, 0.640985, -0.312608, -0.081046, -2.413917, -0.066274, -1.780793
17.898629, 0.650680, -0.317622, -0.071041, -2.390205, -0.111743, -1.835068
17.906624, 0.653815, -0.319177, -0.067634, -2.381961, -0.126927, -1.852707
17.930763, 0.663265, -0.323882, -0.057056, -2.356332, -0.173844, -1.905922
17.938775, 0.666239, -0.325277, -0.053455, -2.347669, -0.188987, -1.922277
17.962783, 0.675475, -0.329714, -0.042422, -2.320280, -0.237353, -1.975197
17.970763, 0.678343, -0.331035, -0.038717, -2.310928, -0.253156, -1.991598
17.994930, 0.687184, -0.335121, -0.027269, -2.281949, -0.302115, -2.042286
18.003057, 0.689982, -0.336374, -0.023375, -2.272050, -0.318360, -2.058441
18.027061, 0.698452, -0.340034, -0.011536, -2.241304, -0.368426, -2.107562
18.035055, 0.701147, -0.341151, -0.007527, -2.230811, -0.385027, -2.123127
18.059191, 0.709296, -0.344434, 0.004824, -2.198102, -0.436391, -2.170671
18.067195, 0.711929, -0.345425, 0.008994, -2.187058, -0.453394, -2.186097
18.091349, 0.719627, -0.348312, 0.021582, 2.152673, 0.505136, 2.231412
18.099350, 0.722161, -0.349208, 0.025899, 2.133232, 0.520954, 2.238517
18.123350, 0.729490, -0.351782, 0.039024, 2.075165, 0.567263, 2.258188
18.131337, 0.731874, -0.352614, 0.043503, 2.055389, 0.582482, 2.264103
18.155653, 0.738780, -0.354782, 0.056875, 1.996722, 0.628228, 2.281006
18.163500, 0.741029, -0.355451, 0.061472, 1.976867, 0.643744, 2.286183
18.187650, 0.747470, -0.357314, 0.075096, 1.917767, 0.688806, 2.300115
18.195595, 0.749573, -0.357880, 0.079755, 1.897815, 0.703694, 2.304256
18.219649, 0.755562, -0.359388, 0.093599, 1.838190, 0.747630, 2.315203
18.227789, 0.757515, -0.359828, 0.098308, 1.818214, 0.762158, 2.318398
18.251793, 0.763087, -0.360964, 0.112549, 1.758099, 0.805190, 2.326548
18.259788, 0.764894, -0.361298, 0.117312, 1.737924, 0.819303, 2.328790
18.283906, 0.769974, -0.362049, 0.131718, 1.677702, 0.861474, 2.334186
18.291885, 0.771613, -0.362302, 0.136614, 1.657301, 0.875324, 2.335521
18.316075, 0.776225, -0.362722, 0.151367, 1.596752, 0.916007, 2.338082
18.324202, 0.777712, -0.362805, 0.156285, 1.576277, 0.929413, 2.338509
18.348344, 0.781837, -0.362725, 0.170931, 1.516506, 0.969231, 2.338569
18.356358, 0.783221, -0.362672, 0.176098, 1.495495, 0.982440, 2.338144
18.380250, 0.786952, -0.362217, 0.190993, 1.435132, 1.021038, 2.335567
18.388363, 0.788097, -0.362012, 0.195957, 1.415065, 1.033496, 2.334368
18.412322, 0.791354, -0.361203, 0.211024, 1.354505, 1.071046, 2.329171
18.420471, 0.792327, -0.360863, 0.216041, 1.334503, 1.083264, 2.327113
18.444524, 0.795101, -0.359709, 0.231239, 1.273814, 1.119164, 2.319439
18.452521, 0.795891, -0.359259, 0.236259, 1.254161, 1.130735, 2.316535
18.476644, 0.798158, -0.357763, 0.251618, 1.193411, 1.165518, 2.306405
18.484655, 0.798785, -0.357154, 0.256706, 1.173844, 1.176722, 2.302682
18.508811, 0.800490, -0.355403, 0.272096, 1.113477, 1.209648, 2.290144
18.516795, 0.800946, -0.354708, 0.277214, 1.093899, 1.220260, 2.285608
18.540928, 0.802137, -0.352572, 0.292625, 1.034185, 1.251976, 2.270767
18.548920, 0.802442, -0.351791, 0.297744, 1.014389, 1.262249, 2.265374
18.572932, 0.803095, -0.349402, 0.312999, 0.955674, 1.291944, 2.248389
18.581054, 0.803293, -0.348429, 0.318116, 0.935844, 1.301611, 2.242408
18.605253, 0.803478, -0.345578, 0.333356, 0.877708, 1.330046, 2.223335
18.613066, 0.803562, -0.344639, 0.338084, 0.858689, 1.339034, 2.216811
18.637242, 0.803183, -0.341430, 0.353362, 0.801025, 1.365662, 2.195627
18.645178, 0.803009, -0.340328, 0.358435, 0.781860, 1.374184, 2.188357
18.669400, 0.802205, -0.336781, 0.373656, 0.724301, 1.399493, 2.164952
18.676969, 0.801837, -0.335572, 0.378732, 0.705537, 1.407526, 2.157040
18.701375, 0.800485, -0.331642, 0.394172, 0.647965, 1.430744, 2.131699
18.709487, 0.799954, -0.330290, 0.399206, 0.629375, 1.438352, 2.123068
18.733699, 0.798164, -0.326064, 0.414109, 0.573726, 1.459981, 2.096362
18.741519, 0.797486, -0.324611, 0.419034, 0.555406, 1.466867, 2.087154
18.765700, 0.795269, -0.320219, 0.433424, 0.501575, 1.486567, 2.059166
18.773696, 0.794392, -0.318675, 0.438456, 0.483018, 1.492807, 2.049162
18.797798, 0.791734, -0.314158, 0.452342, 0.431932, 1.510359, 2.020491
18.805770, 0.790821, -0.312626, 0.456843, 0.414887, 1.515642, 2.010735
18.829931, 0.787847, -0.308117, 0.469982, 0.366805, 1.530622, 1.982037
18.837916, 0.786809, -0.306634, 0.474255, 0.350966, 1.535191, 1.972356
18.861942, 0.783666, -0.302190, 0.486400, 0.306078, 1.548266, 1.943747
18.870036, 0.782558, -0.300730, 0.490394, 0.291782, 1.552205, 1.934462
18.894097, 0.779125, -0.296228, 0.502135, 0.248916, 1.563224, 1.905893
18.902205, 0.777949, -0.294750, 0.505945, 0.235170, 1.566580, 1.896574
18.926228, 0.774386, -0.290282, 0.516949, 0.195314, 1.575980, 1.868692
18.934245, 0.773180, -0.288866, 0.520456, 0.182799, 1.578847, 1.859657
18.958225, 0.769554, -0.284591, 0.530645, 0.146037, 1.586543, 1.832834
18.966347, 0.768338, -0.283208, 0.533908, 0.134010, 1.588869, 1.823790
18.990356, 0.764675, -0.278986, 0.543458, 0.099509, 1.595199, 1.797786
18.998450, 0.763490, -0.277599, 0.546451, 0.088540, 1.597124, 1.789288
19.022557, 0.759998, -0.273550, 0.554991, 0.057474, 1.602638, 1.764730
19.030286, 0.758837, -0.272214, 0.557746, 0.047360, 1.604176, 1.756699
19.054652, 0.755343, -0.268372, 0.565703, 0.018543, 1.608337, 1.733274
19.062645, 0.754215, -0.267103, 0.568215, 0.009581, 1.609740, 1.725802
19.086803, 0.750835, -0.263450, 0.575494, -0.017107, 1.612943, 1.703508
19.094772, 0.749679, -0.262266, 0.577892, -0.025554, 1.613889, 1.696362
19.118994, 0.746440, -0.258823, 0.584506, -0.049527, 1.616625, 1.675488
19.126960, 0.745376, -0.257662, 0.586647, -0.057221, 1.617427, 1.668798
19.150966, 0.742086, -0.254436, 0.592970, -0.079808, 1.618953, 1.649066
19.159101, 0.741063, -0.253461, 0.594878, -0.086693, 1.619484, 1.642721
19.183146, 0.738189, -0.250363, 0.600312, -0.106539, 1.620897, 1.625089
19.191115, 0.737237, -0.249416, 0.602037, -0.112696, 1.621337, 1.619307
19.215291, 0.734238, -0.246735, 0.607274, -0.130953, 1.622136, 1.602176
19.223273, 0.733356, -0.245869, 0.608822, -0.136595, 1.622263, 1.597024
19.247419, 0.730990, -0.243374, 0.612972, -0.151759, 1.623083, 1.582721
19.255017, 0.730213, -0.242591, 0.614302, -0.156722, 1.623315, 1.577970
19.279424, 0.727796, -0.240429, 0.618289, -0.170636, 1.623549, 1.564417
19.287145, 0.727053, -0.239775, 0.619489, -0.174578, 1.623715, 1.560476
19.311681, 0.725161, -0.237910, 0.622593, -0.186291, 1.623719, 1.549273
19.319548, 0.724597, -0.237328, 0.623515, -0.189922, 1.623705, 1.545844
19.343714, 0.723011, -0.235770, 0.626052, -0.199487, 1.623741, 1.536486
19.351687, 0.722522, -0.235295, 0.626828, -0.202270, 1.623825, 1.533599
19.375675, 0.721248, -0.234105, 0.628801, -0.209678, 1.624007, 1.525921
19.383843, 0.720892, -0.233684, 0.629381, -0.212195, 1.623943, 1.523522
19.407990, 0.719437, -0.232500, 0.631610, -0.219255, 1.623709, 1.516418
19.416014, 0.719034, -0.232178, 0.632215, -0.221320, 1.623550, 1.514398
19.439994, 0.718129, -0.231435, 0.633575, -0.225746, 1.623303, 1.509996
19.447977, 0.717913, -0.231252, 0.633896, -0.226721, 1.623366, 1.508920
19.472123, 0.717455, -0.230818, 0.634592, -0.229136, 1.623355, 1.506373
19.480137, 0.717374, -0.230716, 0.634725, -0.229485, 1.623357, 1.506142
19.504278, 0.717339, -0.230599, 0.634808, -0.230061, 1.623338, 1.505657
19.512265, 0.717367, -0.230593, 0.634777, -0.229957, 1.623371, 1.505805
19.536382, 0.717331, -0.230301, 0.634940, -0.230464, 1.623345, 1.505856
19.544545, 0.717211, -0.230115, 0.635169, -0.231033, 1.623214, 1.505568
19.568445, 0.716520, -0.229290, 0.636395, -0.233022, 1.622851, 1.504678
19.576416, 0.716116, -0.228855, 0.637084, -0.234373, 1.622532, 1.503891
19.600588, 0.714428, -0.227145, 0.639903, -0.239177, 1.621492, 1.501211
19.608549, 0.713779, -0.226520, 0.640971, -0.241093, 1.621034, 1.500045
19.632716, 0.711487, -0.224257, 0.644726, -0.247531, 1.619582, 1.496353
19.640667, 0.710606, -0.223424, 0.646145, -0.249908, 1.619036, 1.494954
19.664890, 0.707689, -0.220565, 0.650829, -0.258141, 1.617110, 1.490157
19.672832, 0.706635, -0.219515, 0.652506, -0.260962, 1.616488, 1.488609
19.697016, 0.703281, -0.215911, 0.657897, -0.270828, 1.614226, 1.483303
19.705013, 0.702057, -0.214636, 0.659827, -0.274112, 1.613504, 1.481594
19.729166, 0.698026, -0.210547, 0.666056, -0.285317, 1.610827, 1.475349
19.737058, 0.696537, -0.209086, 0.668311, -0.289248, 1.609880, 1.473139
19.761153, 0.691659, -0.204380, 0.675543, -0.302130, 1.606675, 1.465730
19.769156, 0.689864, -0.202670, 0.678152, -0.306852, 1.605466, 1.462973
19.793312, 0.684150, -0.197154, 0.686340, -0.321554, 1.601732, 1.454643
19.801254, 0.682178, -0.195208, 0.689131, -0.326833, 1.600337, 1.451642
19.825442, 0.675843, -0.189056, 0.697895, -0.342768, 1.596184, 1.442796
19.833410, 0.673552, -0.186910, 0.700977, -0.348536, 1.594590, 1.439420
19.857552, 0.666276, -0.180092, 0.710549, -0.366201, 1.589737, 1.429345
19.865541, 0.663751, -0.177716, 0.713800, -0.372356, 1.588005, 1.425843
19.889584, 0.655653, -0.170167, 0.723959, -0.391734, 1.582438, 1.414809
19.897578, 0.652683, -0.167532, 0.727560, -0.398482, 1.580443, 1.410831
19.921771, 0.643223, -0.159250, 0.738708, -0.419840, 1.573898, 1.398027
19.929694, 0.640034, -0.156442, 0.742372, -0.426856, 1.571742, 1.393931
19.953780, 0.629806, -0.147587, 0.753776, -0.449171, 1.564602, 1.380617
19.961817, 0.626115, -0.144528, 0.757748, -0.456776, 1.562113, 1.375956
19.985878, 0.614813, -0.135083, 0.769549, -0.480416, 1.554127, 1.361515
19.993849, 0.610906, -0.131866, 0.773495, -0.488269, 1.551445, 1.356747
20.018022, 0.598097, -0.121574, 0.785972, -0.513768, 1.542341, 1.340752
20.026120, 0.593713, -0.118064, 0.790102, -0.522219, 1.539293, 1.335547
20.050019, 0.580025, -0.107157, 0.802547, -0.548596, 1.529443, 1.319209
20.058123, 0.575393, -0.103494, 0.806585, -0.557348, 1.526126, 1.313834
20.082197, 0.559843, -0.091671, 0.819612, -0.585865, 1.514805, 1.295493
20.090252, 0.554542, -0.087677, 0.823881, -0.595232, 1.511034, 1.289552
20.114254, 0.537915, -0.075421, 0.836689, -0.624351, 1.498818, 1.270560
20.122407, 0.532203, -0.071256, 0.840910, -0.633983, 1.494712, 1.264353
20.146420, 0.514147, -0.058493, 0.853587, -0.664117, 1.481292, 1.244073
20.154442, 0.507908, -0.054167, 0.857762, -0.674121, 1.476752, 1.237328
20.178592, 0.488337, -0.040747, 0.870240, -0.705318, 1.462068, 1.216091
20.186584, 0.481890, -0.036333, 0.874132, -0.715427, 1.457231, 1.209363
20.210567, 0.460230, -0.022032, 0.886516, -0.748437, 1.440755, 1.186376
20.218691, 0.452901, -0.017277, 0.890460, -0.759258, 1.435233, 1.178837
20.242764, 0.430154, -0.002830, 0.902009, -0.792273, 1.417742, 1.155358
20.250752, 0.422329, 0.002036, 0.905736, -0.803281, 1.411757, 1.147461
20.274900, 0.397842, 0.016788, 0.916585, -0.836956, 1.392759, 1.122310
20.282880, 0.389654, 0.021657, 0.919970, -0.848058, 1.386294, 1.114003
20.306904, 0.364752, 0.036194, 0.929510, -0.880833, 1.366767, 1.089463
20.315009, 0.356253, 0.041060, 0.932505, -0.891992, 1.359865, 1.080936
20.339189, 0.330450, 0.055447, 0.940861, -0.924479, 1.339309, 1.055718
20.347156, 0.321990, 0.060096, 0.943367, -0.935083, 1.332372, 1.047461
20.371173, 0.296181, 0.073881, 0.950320, -0.966231, 1.311479, 1.022580
20.379158, 0.287390, 0.078458, 0.952443, -0.976638, 1.304278, 1.014013
20.403345, 0.261180, 0.091855, 0.958108, -1.007092, 1.282639, 0.988845
20.411283, 0.252395, 0.096270, 0.959790, -1.017046, 1.275418, 0.980690
20.435472, 0.225317, 0.109531, 0.964225, -1.047501, 1.252527, 0.954845
20.443446, 0.216198, 0.113889, 0.965499, -1.057370, 1.244955, 0.946364
20.467635, 0.189272, 0.126493, 0.968589, -1.086551, 1.221787, 0.920906
20.475599, 0.180140, 0.130658, 0.969426, -1.096071, 1.214052, 0.912416
20.499764, 0.152416, 0.142992, 0.971236, -1.124765, 1.189967, 0.885915
20.507364, 0.143291, 0.146964, 0.971625, -1.134023, 1.181985, 0.877295
20.531769, 0.116022, 0.158576, 0.972130, -1.161365, 1.157857, 0.851964
20.539751, 0.106848, 0.162388, 0.972107, -1.170458, 1.149572, 0.843365
20.563895, 0.078689, 0.173784, 0.971270, -1.197743, 1.124154, 0.816948
20.571913, 0.069606, 0.177367, 0.970802, -1.206510, 1.115702, 0.808289
20.595903, 0.041756, 0.188073, 0.968724, -1.232493, 1.090137, 0.782137
20.604079, 0.032518, 0.191536, 0.967842, -1.240971, 1.081523, 0.773276
20.628160, 0.004152, 0.201876, 0.964420, -1.266654, 1.054794, 0.746361
20.636174, -0.005013, 0.205118, 0.963097, -1.274831, 1.046078, 0.737769
20.660174, -0.032900, 0.214708, 0.958401, -1.299527, 1.018908, 0.711073
20.668197, -0.042180, 0.217805, 0.956631, -1.307514, 1.009924, 0.702339
20.692298, -0.069491, 0.226642, 0.950848, -1.330866, 0.982779, 0.676203
20.700503, -0.078639, 0.229522, 0.948680, -1.338481, 0.973725, 0.667440
20.724498, -0.106194, 0.237975, 0.941501, -1.361229, 0.945770, 0.640186
20.732654, -0.115268, 0.240659, 0.938944, -1.368609, 0.936445, 0.631273
20.756665, -0.142373, 0.248366, 0.930650, -1.390379, 0.908209, 0.604765
20.764655, -0.151475, 0.250867, 0.927632, -1.397677, 0.898424, 0.595588
20.788620, -0.178529, 0.258130, 0.918027, -1.418626, 0.869635, 0.568261
20.796761, -0.187453, 0.260275, 0.914730, -1.425684, 0.859613, 0.559721
20.820787, -0.213928, 0.266769, 0.904039, -1.445740, 0.830367, 0.532752
20.828901, -0.222751, 0.268878, 0.900258, -1.452296, 0.820500, 0.523549
20.852915, -0.248838, 0.274757, 0.888486, -1.471527, 0.790767, 0.496552
20.860941, -0.257406, 0.276558, 0.884410, -1.477730, 0.780890, 0.487804
20.885072, -0.283213, 0.281836, 0.871335, -1.496344, 0.750161, 0.460101
20.893031, -0.291745, 0.283465, 0.866823, -1.502306, 0.740061, 0.451184
20.917239, -0.316638, 0.288001, 0.852995, -1.519619, 0.709553, 0.424154
20.925224, -0.324902, 0.289446, 0.848132, -1.525268, 0.699334, 0.415049
20.949251, -0.349495, 0.293603, 0.832937, -1.541855, 0.668154, 0.386919
20.957350, -0.357503, 0.294826, 0.827799, -1.547188, 0.657757, 0.377777
20.981370, -0.381243, 0.298135, 0.811828, -1.562734, 0.626479, 0.350568
20.989506, -0.389127, 0.299149, 0.806261, -1.567899, 0.615648, 0.341145
21.013519, -0.412244, 0.301817, 0.789315, -1.582571, 0.583896, 0.313861
21.021504, -0.419739, 0.302598, 0.783607, -1.587272, 0.573275, 0.304777
