0.106762, -0.000000, 2.917731, 1.024883, 0.135695, 0.023340, 0.000000
0.114738, 0.000000, 2.917731, 1.024883, 0.135695, 0.023340, 0.000000
0.122764, 0.000000, 2.917731, 1.024883, 0.135695, 0.023340, 0.000000
0.130689, 0.000000, 2.917731, 1.024883, 0.135695, 0.023340, 0.000000
0.138776, 0.000000, 2.917731, 1.024883, 0.135695, 0.023340, 0.000000
0.146747, 0.000000, 2.917731, 1.024883, 0.135695, 0.023340, 0.000000
0.154825, 0.000000, 2.917731, 1.024883, 0.135695, 0.023340, 0.000000
0.162788, 0.000000, 2.917731, 1.024883, 0.135695, 0.023340, 0.000000
0.170832, 0.000000, 2.917731, 1.024883, 0.135695, 0.023340, 0.000000
0.178917, 0.000000, 2.917731, 1.024883, 0.135695, 0.023340, 0.000000
0.186978, 0.000000, 2.917731, 1.024883, 0.135695, 0.023340, 0.000000
0.194993, 0.000000, 2.917731, 1.024883, 0.135695, 0.023340, 0.000000
0.202990, 0.000000, 2.917731, 1.024883, 0.135695, 0.023340, 0.000000
0.211020, 0.000000, 2.917731, 1.024883, 0.135695, 0.023340, 0.000000
0.219080, 0.000000, 2.917731, 1.024883, 0.135695, 0.023340, 0.000000
0.226987, 0.000000, 2.917731, 1.024883, 0.135695, 0.023340, 0.000000
0.235027, 0.000000, 2.917731, 1.024883, 0.135695, 0.023340, 0.000000
0.243074, 0.000000, 2.917731, 1.024883, 0.135695, 0.023340, 0.000000
0.251086, 0.000000, 2.917731, 1.024883, 0.135695, 0.023340, 0.000000
0.259107, 0.000000, 2.917731, 1.024883, 0.135695, 0.023340, 0.000000
0.267099, 0.000000, 2.917731, 1.024883, 0.135695, 0.023340, 0.000000
0.275202, 0.000000, 2.917731, 1.024883, 0.135695, 0.023340, 0.000000
0.283177, 0.000000, 2.917731, 1.024883, 0.135695, 0.023340, 0.000000
0.291247, 0.000000, 2.917731, 1.024883, 0.135695, 0.023340, 0.000000
0.299269, 0.000000, 2.917731, 1.024883, 0.135695, 0.023340, 0.000000
0.307313, 0.000000, 2.917731, 1.024883, 0.135695, 0.023340, 0.000000
0.315387, 0.000000, 2.917731, 1.024883, 0.135695, 0.023340, 0.000000
0.323336, 0.000000, 2.917731, 1.024883, 0.135695, 0.023340, 0.000000
0.347353, 0.000000, 2.917731, 1.024883, 0.135695, 0.023340, 0.000000
0.355387, 0.000000, 2.917731, 1.024883, 0.135695, 0.023340, 0.000000
0.379507, 0.000000, 2.917731, 1.024883, 0.135695, 0.023340, 0.000000
0.387624, 0.000000, 2.917731, 1.024883, 0.135695, 0.023340, 0.000000
0.411604, 0.000000, 2.917731, 1.024883, 0.135695, 0.023340, 0.000000
0.419690, 0.000000, 2.917731, 1.024883, 0.135695, 0.023340, 0.000000
0.443653, 0.000000, 2.917731, 1.024883, 0.135695, 0.023340, 0.000000
0.451695, 0.000000, 2.917731, 1.024883, 0.135695, 0.023340, 0.000000
0.475819, 0.000000, 2.917731, 1.024883, 0.135695, 0.023340, 0.000000
0.483840, 0.000000, 2.917714, 1.024894, 0.135694, 0.023340, 0.000000
0.507938, 0.000000, 2.917714, 1.024894, 0.135694, 0.023340, 0.000000
0.515914, 0.000000, 2.917714, 1.024894, 0.135694, 0.023340, 0.000000
0.539902, 0.000000, 2.917714, 1.024894, 0.135694, 0.023340, 0.000000
0.547971, 0.000000, 2.917714, 1.024894, 0.135694, 0.023340, 0.000000
0.571989, 0.000000, 2.917714, 1.024894, 0.135694, 0.023340, 0.000000
0.580128, 0.000000, 2.917714, 1.024894, 0.135694, 0.023340, 0.000000
0.604193, 0.000000, 2.917703, 1.024883, 0.135695, 0.023340, 0.000000
0.612224, 0.000000, 2.917703, 1.024883, 0.135695, 0.023340, 0.000000
0.636227, 0.000000, 2.917703, 1.024883, 0.135695, 0.023340, 0.000000
0.644209, 0.000000, 2.917703, 1.024883, 0.135695, 0.023340, 0.000000
0.668289, 0.000000, 2.917703, 1.024883, 0.135695, 0.023340, 0.000000
0.676423, 0.000000, 2.917714, 1.024894, 0.135694, 0.023340, 0.000000
0.700434, 0.000000, 2.917714, 1.024894, 0.135694, 0.023340, 0.000000
0.708505, 0.000000, 2.917714, 1.024894, 0.135694, 0.023340, 0.000000
0.732538, 0.000000, 2.917714, 1.024894, 0.135694, 0.023340, 0.000000
0.740514, 0.000000, 2.917714, 1.024894, 0.135694, 0.023340, 0.000000
0.764584, -0.000000, 2.917697, 1.024905, 0.135694, 0.023340, 0.000000
0.772648, -0.000000, 2.917697, 1.024905, 0.135694, 0.023340, 0.000000
0.796781, -0.000000, 2.917697, 1.024905, 0.135694, 0.023340, 0.000000
0.804731, -0.000000, 2.917697, 1.024905, 0.135694, 0.023340, 0.000000
0.828802, -0.000000, 2.917697, 1.024905, 0.135694, 0.023340, 0.000000
0.836821, -0.000000, 2.917697, 1.024905, 0.135694, 0.023340, 0.000000
0.860862, -0.000000, 2.917697, 1.024905, 0.135694, 0.023340, 0.000000
0.868878, -0.000000, 2.917697, 1.024905, 0.135694, 0.023340, 0.000000
0.893035, -0.000000, 2.917697, 1.024905, 0.135694, 0.023340, 0.000000
0.901049, -0.000000, 2.917697, 1.024905, 0.135694, 0.023340, 0.000000
0.925111, -0.000000, 2.917697, 1.024905, 0.135694, 0.023340, 0.000000
0.933075, -0.000000, 2.917697, 1.024905, 0.135694, 0.023340, 0.000000
0.957199, -0.000000, 2.917680, 1.024916, 0.135693, 0.023340, 0.000000
0.965154, -0.000000, 2.917680, 1.024916, 0.135693, 0.023340, 0.000000
0.989352, -0.000000, 2.917680, 1.024916, 0.135693, 0.023340, 0.000000
0.997370, -0.000000, 2.917680, 1.024916, 0.135693, 0.023340, 0.000000
1.021373, -0.000000, 2.917669, 1.024905, 0.135694, 0.023340, 0.000000
1.029409, -0.000000, 2.917669, 1.024905, 0.135694, 0.023340, 0.000000
1.053456, -0.000000, 2.917669, 1.024905, 0.135694, 0.023340, 0.000000
1.061435, -0.000000, 2.917669, 1.024905, 0.135694, 0.023340, 0.000000
1.085575, -0.000000, 2.917680, 1.024916, 0.135693, 0.023340, 0.000000
1.093674, -0.000000, 2.917680, 1.024916, 0.135693, 0.023340, 0.000000
1.117700, -0.000000, 2.917680, 1.024916, 0.135693, 0.023340, 0.000000
1.125719, -0.000000, 2.917680, 1.024916, 0.135693, 0.023340, 0.000000
1.149710, -0.000000, 2.917680, 1.024916, 0.135693, 0.023340, 0.000000
1.157768, -0.000000, 2.917680, 1.024916, 0.135693, 0.023340, 0.000000
1.181924, -0.000000, 2.917680, 1.024916, 0.135693, 0.023340, 0.000000
1.189971, -0.000000, 2.917680, 1.024916, 0.135693, 0.023340, 0.000000
1.214018, -0.000000, 2.917680, 1.024916, 0.135693, 0.023340, 0.000000
1.221972, 0.000000, 2.917663, 1.024927, 0.135693, 0.023340, 0.000000
1.245974, 0.000000, 2.917663, 1.024927, 0.135693, 0.023340, 0.000000
1.254036, 0.000000, 2.917663, 1.024927, 0.135693, 0.023340, 0.000000
1.278142, 0.000000, 2.917663, 1.024927, 0.135693, 0.023340, 0.000000
1.286077, 0.000000, 2.917663, 1.024927, 0.135693, 0.023340, 0.000000
1.310266, 0.000000, 2.917663, 1.024927, 0.135693, 0.023340, 0.000000
1.318220, 0.000000, 2.917663, 1.024927, 0.135693, 0.023340, 0.000000
1.342272, 0.000000, 2.917663, 1.024927, 0.135693, 0.023340, 0.000000
1.350187, 0.000000, 2.917663, 1.024927, 0.135693, 0.023340, 0.000000
1.374308, 0.000000, 2.917663, 1.024927, 0.135693, 0.023340, 0.000000
1.382436, 0.000000, 2.917663, 1.024927, 0.135693, 0.023340, 0.000000
1.406546, 0.000000, 2.917663, 1.024927, 0.135693, 0.023340, 0.000000
1.414531, 0.000000, 2.917663, 1.024927, 0.135693, 0.023340, 0.000000
1.438569, 0.000000, 2.917663, 1.024927, 0.135693, 0.023340, 0.000000
1.446587, 0.000000, 2.917663, 1.024927, 0.135693, 0.023340, 0.000000
1.470599, 0.000000, 2.917663, 1.024927, 0.135693, 0.023340, 0.000000
1.478749, 0.000000, 2.917651, 1.024916, 0.135693, 0.023340, 0.000000
1.502798, 0.000000, 2.917651, 1.024916, 0.135693, 0.023340, 0.000000
1.510814, 0.000000, 2.917651, 1.024916, 0.135693, 0.023340, 0.000000
1.534787, 0.000000, 2.917651, 1.024916, 0.135693, 0.023340, 0.000000
1.542819, 0.000000, 2.917651, 1.024916, 0.135693, 0.023340, 0.000000
1.566900, 0.000000, 2.917663, 1.024927, 0.135693, 0.023340, 0.000000
1.574952, 0.000000, 2.917663, 1.024927, 0.135693, 0.023340, 0.000000
1.598978, 0.000000, 2.917663, 1.024927, 0.135693, 0.023340, 0.000000
1.607088, 0.000000, 2.917663, 1.024927, 0.135693, 0.023340, 0.000000
1.631135, 0.000000, 2.917663, 1.024927, 0.135693, 0.023340, 0.000000
1.639074, 0.000000, 2.917663, 1.024927, 0.135693, 0.023340, 0.000000
1.663147, 0.000000, 2.917663, 1.024927, 0.135693, 0.023340, 0.000000
1.671198, 0.000000, 2.917662, 1.024927, 0.135693, 0.023340, 0.000000
1.695308, 0.000000, 2.917662, 1.024927, 0.135693, 0.023340, 0.000000
1.703335, 0.000000, 2.917662, 1.024927, 0.135693, 0.023340, 0.000000
1.727417, 0.000000, 2.917662, 1.024927, 0.135693, 0.023340, 0.000000
1.735357, 0.000000, 2.917662, 1.024927, 0.135693, 0.023340, 0.000000
1.759434, 0.000000, 2.917663, 1.024928, 0.135694, 0.023340, 0.000000
1.767410, 0.000000, 2.917663, 1.024928, 0.135694, 0.023340, 0.000000
1.791626, 0.000000, 2.917663, 1.024928, 0.135694, 0.023340, 0.000000
1.799557, 0.000000, 2.917663, 1.024928, 0.135694, 0.023340, 0.000000
1.823682, 0.000000, 2.917663, 1.024928, 0.135694, 0.023340, 0.000000
1.831679, 0.000000, 2.917663, 1.024928, 0.135694, 0.023340, 0.000000
1.855692, 0.000000, 2.917652, 1.024917, 0.135694, 0.023340, 0.000000
1.863708, 0.000000, 2.917652, 1.024917, 0.135694, 0.023340, 0.000000
1.887823, 0.000000, 2.917652, 1.024917, 0.135694, 0.023340, 0.000000
1.895871, 0.000000, 2.917663, 1.024928, 0.135694, 0.023340, 0.000000
1.920032, 0.000000, 2.917663, 1.024928, 0.135694, 0.023340, 0.000000
1.928010, 0.000000, 2.917663, 1.024928, 0.135694, 0.023340, 0.000000
1.952042, 0.000000, 2.917663, 1.024928, 0.135694, 0.023340, 0.000000
1.959982, 0.000000, 2.917663, 1.024928, 0.135694, 0.023340, 0.000000
1.984106, 0.000000, 2.917663, 1.024928, 0.135694, 0.023340, 0.000000
1.992183, 0.000000, 2.917663, 1.024928, 0.135694, 0.023340, 0.000000
2.016218, 0.000000, 2.917662, 1.024927, 0.135693, 0.023340, 0.000000
2.024198, 0.000000, 2.917662, 1.024927, 0.135693, 0.023340, 0.000000
2.048227, 0.000000, 2.917662, 1.024927, 0.135693, 0.023340, 0.000000
2.056273, 0.000000, 2.917662, 1.024927, 0.135693, 0.023340, 0.000000
2.080405, 0.000000, 2.917662, 1.024927, 0.135693, 0.023340, 0.000000
2.088371, 0.000000, 2.917663, 1.024928, 0.135694, 0.023340, 0.000000
2.112600, 0.000000, 2.917663, 1.024928, 0.135694, 0.023340, 0.000000
2.120539, 0.000000, 2.917663, 1.024928, 0.135694, 0.023340, 0.000000
2.144565, 0.000000, 2.917663, 1.024928, 0.135694, 0.023340, 0.000000
2.152563, 0.000000, 2.917652, 1.024917, 0.135694, 0.023340, 0.000000
2.176589, 0.000000, 2.917652, 1.024917, 0.135694, 0.023340, 0.000000
2.184693, 0.000000, 2.917652, 1.024917, 0.135694, 0.023340, 0.000000
2.208808, 0.000000, 2.917663, 1.024927, 0.135693, 0.023340, 0.000000
2.216781, 0.000000, 2.917663, 1.024927, 0.135693, 0.023340, 0.000000
2.240768, 0.000000, 2.917663, 1.024927, 0.135693, 0.023340, 0.000000
2.248819, 0.000000, 2.917663, 1.024927, 0.135693, 0.023340, 0.000000
2.272906, 0.000000, 2.917663, 1.024927, 0.135693, 0.023340, 0.000000
2.280945, 0.000000, 2.917663, 1.024927, 0.135693, 0.023340, 0.000000
2.305008, 0.000000, 2.917663, 1.024927, 0.135693, 0.023340, 0.000000
2.313118, 0.000000, 2.917663, 1.024928, 0.135694, 0.023340, 0.000000
2.337095, 0.000000, 2.917663, 1.024927, 0.135693, 0.023340, 0.000000
2.345053, 0.000000, 2.917663, 1.024927, 0.135693, 0.023340, 0.000000
2.369121, 0.000000, 2.917663, 1.024928, 0.135694, 0.023340, 0.000000
2.377156, 0.000000, 2.917663, 1.024928, 0.135694, 0.023340, 0.000000
2.401326, 0.000000, 2.917663, 1.024928, 0.135694, 0.023340, 0.000000
2.409290, 0.000000, 2.917663, 1.024928, 0.135694, 0.023340, 0.000000
2.433357, 0.000000, 2.917652, 1.024917, 0.135694, 0.023340, 0.000000
2.441378, 0.000000, 2.917663, 1.024928, 0.135694, 0.023340, 0.000000
2.465453, 0.000000, 2.917663, 1.024928, 0.135694, 0.023340, 0.000000
2.473456, 0.000000, 2.917663, 1.024928, 0.135694, 0.023340, 0.000000
2.497576, 0.000000, 2.917663, 1.024927, 0.135693, 0.023340, 0.000000
2.505700, 0.000000, 2.917663, 1.024927, 0.135693, 0.023340, 0.000000
2.529701, -0.095252, 2.300145, 1.544264, 0.128370, 0.025794, 0.006774
2.537699, -0.097010, 2.294996, 1.551806, 0.128032, 0.025988, 0.007327
2.561733, -0.102401, 2.280503, 1.574728, 0.127009, 0.026568, 0.008984
2.569753, -0.104237, 2.275991, 1.582468, 0.126665, 0.026761, 0.009536
2.593968, -0.109862, 2.263406, 1.605984, 0.125626, 0.027338, 0.011193
2.601960, -0.111775, 2.259529, 1.613921, 0.125278, 0.027530, 0.011745
2.626037, -0.117635, 2.248847, 1.638027, 0.124223, 0.028105, 0.013402
2.634011, -0.119628, 2.245602, 1.646160, 0.123868, 0.028296, 0.013954
2.658059, -0.125725, 2.236814, 1.670853, 0.122797, 0.028868, 0.015611
2.666060, -0.127797, 2.234199, 1.679181, 0.122438, 0.029058, 0.016163
2.690169, -0.134133, 2.227295, 1.704454, 0.121351, 0.029627, 0.017820
2.698165, -0.136285, 2.225306, 1.712975, 0.120986, 0.029816, 0.018373
2.722397, -0.142865, 2.220270, 1.738822, 0.119883, 0.030382, 0.020029
2.730368, -0.145098, 2.218901, 1.747533, 0.119513, 0.030570, 0.020582
2.754469, -0.151924, 2.215719, 1.773946, 0.118394, 0.031133, 0.022239
2.762439, -0.154240, 2.214964, 1.782843, 0.118018, 0.031321, 0.022791
2.786622, -0.161316, 2.213614, 1.809812, 0.116883, 0.031881, 0.024448
2.794693, -0.163717, 2.213467, 1.818893, 0.116502, 0.032068, 0.025000
2.818715, -0.171047, 2.213926, 1.846407, 0.115351, 0.032625, 0.026657
2.826710, -0.173533, 2.214377, 1.855668, 0.114964, 0.032811, 0.027209
2.850746, -0.181122, 2.216619, 1.883715, 0.113797, 0.033365, 0.028866
2.858809, -0.183695, 2.217660, 1.893151, 0.113405, 0.033550, 0.029418
2.882927, -0.191547, 2.221655, 1.921717, 0.112222, 0.034101, 0.031075
2.890910, -0.194209, 2.223275, 1.931323, 0.111825, 0.034285, 0.031628
2.915063, -0.202329, 2.228989, 1.960393, 0.110625, 0.034833, 0.033285
2.923051, -0.205080, 2.231176, 1.970165, 0.110223, 0.035016, 0.033837
2.947094, -0.213472, 2.238572, 1.999723, 0.109007, 0.035562, 0.035494
2.955150, -0.216314, 2.241313, 2.009656, 0.108599, 0.035743, 0.036046
2.979201, -0.224980, 2.250350, 2.039685, 0.107367, 0.036286, 0.037703
2.987292, -0.227915, 2.253631, 2.049771, 0.106954, 0.036466, 0.038255
3.011482, -0.236859, 2.264264, 2.080252, 0.105706, 0.037006, 0.039912
3.019434, -0.239887, 2.268069, 2.090486, 0.105288, 0.037185, 0.040464
3.043459, -0.249111, 2.280248, 2.121401, 0.104024, 0.037722, 0.042121
3.051520, -0.252232, 2.284560, 2.131776, 0.103600, 0.037900, 0.042674
3.075557, -0.261737, 2.298232, 2.163104, 0.102320, 0.038434, 0.044331
3.083664, -0.264951, 2.303031, 2.173613, 0.101890, 0.038611, 0.044883
3.107806, -0.274735, 2.318138, 2.205332, 0.100594, 0.039141, 0.046540
3.115802, -0.278043, 2.323405, 2.215968, 0.100160, 0.039318, 0.047092
3.139789, -0.288104, 2.339882, 2.248058, 0.098848, 0.039845, 0.048749
3.147855, -0.291503, 2.345595, 2.258813, 0.098408, 0.040020, 0.049301
3.171902, -0.301838, 2.363375, 2.291249, 0.097081, 0.040544, 0.050958
3.179903, -0.305327, 2.369510, 2.302116, 0.096636, 0.040718, 0.051510
3.204092, -0.315927, 2.388518, 2.334876, 0.095293, 0.041238, 0.053167
3.212133, -0.319504, 2.395050, 2.345847, 0.094843, 0.041411, 0.053720
3.236185, -0.330361, 2.415208, 2.378906, 0.093485, 0.041928, 0.055376
3.244151, -0.334022, 2.422109, 2.389972, 0.093029, 0.042100, 0.055929
3.268228, -0.345124, 2.443331, 2.423306, 0.091656, 0.042613, 0.057586
3.276222, -0.224295, 2.597169, 2.105771, 0.098557, 0.040446, 0.047463
3.300458, -0.224350, 2.634907, 2.119761, 0.098113, 0.040348, 0.047463
3.308531, -0.224361, 2.647375, 2.124384, 0.097964, 0.040315, 0.047463
3.332576, -0.224371, 2.684447, 2.138131, 0.097512, 0.040216, 0.047463
3.340537, -0.224366, 2.696692, 2.142672, 0.097360, 0.040183, 0.047463
3.364595, -0.224330, 2.733088, 2.156174, 0.096899, 0.040082, 0.047463
3.372655, -0.224311, 2.745106, 2.160633, 0.096744, 0.040049, 0.047463
3.396847, -0.224230, 2.780814, 2.173884, 0.096276, 0.039947, 0.047463
3.404809, -0.224195, 2.792601, 2.178260, 0.096118, 0.039913, 0.047463
3.428948, -0.224069, 2.827612, 2.191258, 0.095642, 0.039810, 0.047463
3.436881, -0.224019, 2.839165, 2.195548, 0.095482, 0.039775, 0.047463
3.460919, -0.223848, 2.873469, 2.208290, 0.094997, 0.039671, 0.047463
3.468944, -0.223784, 2.884784, 2.212494, 0.094834, 0.039636, 0.047463
3.493160, -0.223568, 2.918369, 2.224975, 0.094341, 0.039531, 0.047463
3.501070, -0.223489, 2.929444, 2.229091, 0.094176, 0.039496, 0.047463
3.525260, -0.223229, 2.962301, 2.241309, 0.093675, 0.039390, 0.047463
3.533262, -0.223135, 2.973132, 2.245337, 0.093506, 0.039354, 0.047463
3.557314, -0.222831, 3.005252, 2.257286, 0.092997, 0.039247, 0.047463
3.565330, -0.222723, 3.015835, 2.261225, 0.092827, 0.039210, 0.047463
3.589516, -0.222375, 3.047209, 2.272904, 0.092310, 0.039102, 0.047463
3.597532, -0.222252, 3.057541, 2.276751, 0.092136, 0.039066, 0.047463
3.621609, -0.221862, 3.088159, 2.288156, 0.091611, 0.038956, 0.047463
3.629640, -0.221725, 3.098238, 2.291911, 0.091435, 0.038919, 0.047463
3.653704, -0.221292, 3.128091, 2.303038, 0.090902, 0.038808, 0.047463
3.661677, -0.221140, 3.137914, 2.306701, 0.090723, 0.038771, 0.047463
3.685835, -0.220665, 3.166993, 2.317547, 0.090182, 0.038659, 0.047463
3.693892, -0.220500, 3.176556, 2.321116, 0.090000, 0.038622, 0.047463
3.717949, -0.219984, 3.204853, 2.331678, 0.089451, 0.038509, 0.047463
3.726033, -0.219805, 3.214154, 2.335151, 0.089267, 0.038471, 0.047463
3.750010, -0.219248, 3.241661, 2.345427, 0.088710, 0.038357, 0.047463
3.758043, -0.219056, 3.250697, 2.348804, 0.088523, 0.038319, 0.047463
3.782128, -0.218459, 3.277405, 2.358789, 0.087959, 0.038204, 0.047463
3.790219, -0.218253, 3.286173, 2.362068, 0.087769, 0.038166, 0.047463
3.814428, -0.217617, 3.312075, 2.371760, 0.087197, 0.038050, 0.047463
3.822373, -0.217398, 3.320573, 2.374942, 0.087004, 0.038011, 0.047463
3.846378, -0.216723, 3.345661, 2.384337, 0.086424, 0.037894, 0.047463
3.854444, -0.216492, 3.353887, 2.387419, 0.086229, 0.037855, 0.047463
3.878482, -0.215780, 3.378152, 2.396516, 0.085641, 0.037737, 0.047463
3.886588, -0.215536, 3.386103, 2.399498, 0.085444, 0.037697, 0.047463
3.910689, -0.214787, 3.408760, 2.408292, 0.084848, 0.037578, 0.047463
3.918697, -0.214531, 3.416433, 2.411173, 0.084648, 0.037538, 0.047463
3.942718, -0.213746, 3.439035, 2.419663, 0.084044, 0.037419, 0.047463
3.950788, -0.213478, 3.446429, 2.422442, 0.083842, 0.037379, 0.047463
3.974840, -0.212658, 3.468188, 2.430624, 0.083230, 0.037258, 0.047463
3.982858, -0.212378, 3.475300, 2.433300, 0.083025, 0.037217, 0.047463
4.007061, -0.211524, 3.496211, 2.441171, 0.082406, 0.037096, 0.047463
4.015052, -0.211234, 3.503819, 2.443743, 0.082198, 0.037055, 0.047463
4.039119, -0.210346, 3.523875, 2.451303, 0.081571, 0.036932, 0.047463
4.047090, -0.210045, 3.530417, 2.453770, 0.081361, 0.036891, 0.047463
4.071183, -0.209126, 3.549612, 2.461014, 0.080727, 0.036768, 0.047463
4.079208, -0.208814, 3.555866, 2.463375, 0.080514, 0.036727, 0.047463
4.103391, -0.207864, 3.574195, 2.470301, 0.079872, 0.036602, 0.047463
4.111420, -0.207542, 3.580159, 2.472557, 0.079656, 0.036561, 0.047463
4.135506, -0.206563, 3.597615, 2.479163, 0.079007, 0.036436, 0.047463
4.143509, -0.206231, 3.603288, 2.481311, 0.078789, 0.036394, 0.047463
4.167541, -0.205223, 3.619868, 2.487594, 0.078132, 0.036268, 0.047463
4.175552, -0.204882, 3.625247, 2.489634, 0.077912, 0.036226, 0.047463
4.199707, -0.130876, 3.790986, 2.208595, 0.083519, 0.033484, 0.036828
4.207721, -0.127049, 3.801412, 2.203512, 0.083556, 0.033236, 0.036368
4.231910, -0.115716, 3.831942, 2.187886, 0.083681, 0.032494, 0.034987
4.239839, -0.111988, 3.841877, 2.182555, 0.083727, 0.032248, 0.034527
4.263831, -0.100946, 3.870984, 2.166211, 0.083877, 0.031512, 0.033146
4.271854, -0.097313, 3.880462, 2.160649, 0.083931, 0.031268, 0.032686
4.296071, -0.086549, 3.908250, 2.143639, 0.084108, 0.030539, 0.031305
4.304036, -0.083006, 3.917305, 2.137864, 0.084172, 0.030298, 0.030845
4.328158, -0.072505, 3.943874, 2.120240, 0.084378, 0.029575, 0.029464
4.336162, -0.069047, 3.952539, 2.114269, 0.084452, 0.029336, 0.029004
4.360186, -0.058796, 3.977984, 2.096080, 0.084690, 0.028620, 0.027623
4.368198, -0.055419, 3.986290, 2.089928, 0.084774, 0.028383, 0.027163
4.392371, -0.045401, 4.010703, 2.071223, 0.085044, 0.027674, 0.025782
4.400438, -0.042099, 4.018679, 2.064907, 0.085139, 0.027439, 0.025322
4.424546, -0.032301, 4.042146, 2.045732, 0.085443, 0.026737, 0.023941
4.432608, -0.029070, 4.049821, 2.039267, 0.085550, 0.026504, 0.023481
4.456576, -0.019476, 4.072426, 2.019666, 0.085890, 0.025809, 0.022100
4.464533, -0.016311, 4.079827, 2.013066, 0.086009, 0.025579, 0.021640
4.488741, -0.006908, 4.101647, 1.993081, 0.086385, 0.024891, 0.020259
4.496739, -0.003803, 4.108798, 1.986360, 0.086517, 0.024663, 0.019799
4.520849, 0.005423, 4.129907, 1.966031, 0.086931, 0.023982, 0.018418
4.528931, 0.008471, 4.136833, 1.959201, 0.087075, 0.023756, 0.017958
4.552934, 0.017534, 4.157299, 1.938565, 0.087528, 0.023083, 0.016577
4.560894, 0.020530, 4.164021, 1.931640, 0.087686, 0.022859, 0.016117
4.585038, 0.029443, 4.183908, 1.910732, 0.088179, 0.022193, 0.014736
4.593087, 0.032390, 4.190448, 1.903721, 0.088350, 0.021972, 0.014276
4.617139, 0.041164, 4.209814, 1.882574, 0.088885, 0.021312, 0.012895
4.625175, 0.044067, 4.216190, 1.875488, 0.089070, 0.021094, 0.012435
4.649255, 0.052713, 4.235090, 1.854131, 0.089645, 0.020441, 0.011054
4.657279, 0.055575, 4.241319, 1.846980, 0.089844, 0.020225, 0.010594
4.681338, 0.064104, 4.259802, 1.825441, 0.090463, 0.019580, 0.009213
4.689434, 0.066929, 4.265900, 1.818233, 0.090676, 0.019379, 0.008753
4.713512, 0.075349, 4.284010, 1.796535, 0.091338, 0.018739, 0.007372
4.721537, 0.078139, 4.289990, 1.789279, 0.091565, 0.018528, 0.006912
4.745538, 0.086459, 4.307767, 1.767444, 0.092270, 0.017895, 0.005531
4.753631, 0.089216, 4.313641, 1.760145, 0.092513, 0.017686, 0.005071
4.777665, 0.097443, 4.331119, 1.738193, 0.093262, 0.017061, 0.003690
4.785718, 0.100171, 4.336899, 1.730858, 0.093519, 0.016854, 0.003230
4.809834, 0.108312, 4.354106, 1.708803, 0.094313, 0.016236, 0.001849
4.817918, 0.111011, 4.359799, 1.701437, 0.094585, 0.016031, 0.001389
4.841932, 0.119070, 4.376760, 1.679295, 0.095424, 0.015421, 0.000008
4.849934, 0.121743, 4.382375, 1.671901, 0.095711, 0.015218, -0.000452
4.873988, 0.129725, 4.399109, 1.649681, 0.096594, 0.014615, -0.001833
4.882007, 0.132373, 4.404650, 1.642262, 0.096897, 0.014415, -0.002293
4.906155, 0.140279, 4.421171, 1.619972, 0.097826, 0.013819, -0.003674
4.914238, 0.142903, 4.426643, 1.612531, 0.098143, 0.013621, -0.004134
4.938262, 0.150737, 4.442959, 1.590177, 0.099117, 0.013032, -0.005515
4.946265, 0.153337, 4.448364, 1.582715, 0.099450, 0.012837, -0.005975
4.970292, -0.000000, 5.124314, 1.601835, 0.094542, 0.015481, 0.000000
4.978305, 0.000000, 5.124310, 1.601835, 0.094542, 0.015481, 0.000000
5.002547, 0.000000, 5.124315, 1.601841, 0.094547, 0.015482, 0.000000
5.010530, 0.000000, 5.124315, 1.601841, 0.094547, 0.015482, 0.000000
5.034652, 0.210205, 6.157995, 1.131965, 0.100036, 0.012574, -0.006779
5.042571, 0.211922, 6.161552, 1.120758, 0.100446, 0.012412, -0.007332
5.066656, 0.217026, 6.172085, 1.087114, 0.101696, 0.011932, -0.008990
5.074659, 0.218710, 6.175549, 1.075892, 0.102121, 0.011773, -0.009543
5.098721, 0.223716, 6.185797, 1.042201, 0.103417, 0.011300, -0.011201
5.106871, 0.225368, 6.189165, 1.030962, 0.103856, 0.011144, -0.011754
5.130925, 0.230272, 6.199116, 0.997220, 0.105197, 0.010678, -0.013412
5.138933, 0.231890, 6.202459, 0.985963, 0.105652, 0.010524, -0.013965
5.162943, 0.236689, 6.212110, 0.952164, 0.107038, 0.010065, -0.015623
5.170992, 0.238271, 6.215270, 0.940887, 0.107508, 0.009914, -0.016175
5.195119, 0.242960, 6.224576, 0.907022, 0.108939, 0.009462, -0.017834
5.203135, 0.244503, 6.227617, 0.895722, 0.109424, 0.009313, -0.018386
5.227298, 0.249074, 6.236544, 0.861782, 0.110899, 0.008868, -0.020044
5.235337, 0.250578, 6.239452, 0.850455, 0.111399, 0.008721, -0.020597
5.259324, 0.255022, 6.247960, 0.816429, 0.112918, 0.008284, -0.022255
5.267332, 0.256482, 6.250720, 0.805071, 0.113432, 0.008140, -0.022808
5.291496, 0.260790, 6.258760, 0.770944, 0.114995, 0.007710, -0.024466
5.299530, 0.262202, 6.261356, 0.759549, 0.115524, 0.007567, -0.025019
5.323642, 0.266363, 6.268873, 0.725305, 0.117130, 0.007157, -0.026677
5.331674, 0.267724, 6.271284, 0.713869, 0.117673, 0.007017, -0.027230
5.355727, 0.271725, 6.278217, 0.679491, 0.119321, 0.006603, -0.028888
5.363713, 0.273030, 6.280423, 0.668006, 0.119878, 0.006466, -0.029440
5.387824, 0.276858, 6.286702, 0.633473, 0.121568, 0.006058, -0.031099
5.395819, 0.278103, 6.288678, 0.621934, 0.122139, 0.005923, -0.031651
5.420033, 0.281741, 6.294229, 0.587225, 0.123870, 0.005523, -0.033309
5.427991, 0.282920, 6.295948, 0.575623, 0.124454, 0.005390, -0.033862
5.452028, 0.286354, 6.300688, 0.540714, 0.126225, 0.004997, -0.035520
5.460025, 0.287462, 6.302123, 0.529042, 0.126822, 0.004867, -0.036073
5.484115, 0.290673, 6.305963, 0.493908, 0.128632, 0.004481, -0.037731
5.492210, 0.291705, 6.307081, 0.482155, 0.129242, 0.004353, -0.038284
5.516384, 0.294676, 6.309926, 0.446769, 0.131090, 0.003974, -0.039942
5.524396, 0.295624, 6.310696, 0.434928, 0.131712, 0.003849, -0.040495
5.548408, 0.298337, 6.312443, 0.399259, 0.133596, 0.003476, -0.042153
5.556426, 0.299196, 6.312830, 0.387319, 0.134231, 0.003353, -0.042705
5.580502, 0.301631, 6.313371, 0.351339, 0.136150, 0.002988, -0.044364
5.588524, 0.302394, 6.313336, 0.339290, 0.136796, 0.002867, -0.044916
5.612618, 0.304531, 6.312556, 0.302965, 0.138750, 0.002509, -0.046574
5.620661, 0.305191, 6.312061, 0.290795, 0.139407, 0.002391, -0.047127
5.644721, 0.307011, 6.309839, 0.254092, 0.141393, 0.002039, -0.048785
5.652734, 0.307562, 6.308843, 0.241791, 0.142060, 0.001923, -0.049338
5.676767, 0.309044, 6.305051, 0.204675, 0.144077, 0.001578, -0.050996
5.684774, 0.309479, 6.303510, 0.192230, 0.144754, 0.001464, -0.051549
5.709019, 0.310603, 6.298016, 0.154665, 0.146800, 0.001126, -0.053207
5.716985, 0.310916, 6.295885, 0.142064, 0.147487, 0.001014, -0.053760
5.741050, 0.311665, 6.288551, 0.104013, 0.149559, 0.000683, -0.055418
5.749048, 0.311849, 6.285782, 0.091243, 0.150255, 0.000573, -0.055971
5.773114, 0.312203, 6.276464, 0.052667, 0.152353, 0.000248, -0.057629
5.781128, 0.212050, 6.066221, 0.249352, 0.146717, 0.002748, -0.047498
5.805420, 0.211284, 6.044366, 0.245008, 0.147381, 0.002875, -0.047498
5.813343, 0.211031, 6.036877, 0.243520, 0.147601, 0.002917, -0.047498
5.837509, 0.210285, 6.013803, 0.238941, 0.148257, 0.003043, -0.047498
5.845464, 0.210040, 6.005909, 0.237376, 0.148475, 0.003084, -0.047498
5.869472, 0.209315, 5.981623, 0.232563, 0.149124, 0.003209, -0.047498
5.877482, 0.209077, 5.973326, 0.230920, 0.149339, 0.003251, -0.047498
5.901651, 0.208374, 5.947835, 0.225876, 0.149980, 0.003375, -0.047498
5.909669, 0.208143, 5.939139, 0.224156, 0.150192, 0.003416, -0.047498
5.933757, 0.207463, 5.912451, 0.218882, 0.150826, 0.003540, -0.047498
5.941787, 0.207241, 5.903356, 0.217086, 0.151036, 0.003581, -0.047498
5.965785, 0.206585, 5.875479, 0.211584, 0.151661, 0.003703, -0.047498
5.973804, 0.206370, 5.865989, 0.209712, 0.151869, 0.003744, -0.047498
5.997927, 0.205739, 5.836931, 0.203984, 0.152487, 0.003865, -0.047498
6.006044, 0.205533, 5.827049, 0.202037, 0.152692, 0.003906, -0.047498
6.030098, 0.204927, 5.796818, 0.196084, 0.153302, 0.004026, -0.047498
6.038177, 0.204729, 5.786547, 0.194062, 0.153505, 0.004066, -0.047498
6.062135, 0.204149, 5.755153, 0.187887, 0.154107, 0.004186, -0.047498
6.070138, 0.203960, 5.744495, 0.185792, 0.154307, 0.004226, -0.047498
6.094332, 0.203407, 5.711947, 0.179396, 0.154902, 0.004345, -0.047498
6.102380, 0.203227, 5.700907, 0.177228, 0.155099, 0.004384, -0.047498
6.126454, 0.202702, 5.667214, 0.170614, 0.155686, 0.004502, -0.047498
6.134530, 0.202531, 5.655793, 0.168373, 0.155881, 0.004541, -0.047498
6.158510, 0.202033, 5.620966, 0.161542, 0.156460, 0.004658, -0.047498
6.166486, 0.201872, 5.609169, 0.159230, 0.156652, 0.004697, -0.047498
6.190609, 0.201403, 5.573217, 0.152185, 0.157224, 0.004812, -0.047498
6.198637, 0.201252, 5.561047, 0.149802, 0.157413, 0.004851, -0.047498
6.222752, 0.200812, 5.523981, 0.142545, 0.157976, 0.004966, -0.047498
6.230763, 0.200670, 5.511442, 0.140091, 0.158163, 0.005004, -0.047498
6.254839, 0.200261, 5.473273, 0.132624, 0.158719, 0.005118, -0.047498
6.262810, 0.200129, 5.460368, 0.130101, 0.158903, 0.005155, -0.047498
6.286892, 0.199749, 5.421107, 0.122427, 0.159451, 0.005268, -0.047498
6.294988, 0.199628, 5.407840, 0.119834, 0.159632, 0.005306, -0.047498
6.319133, 0.199279, 5.367500, 0.111955, 0.160172, 0.005417, -0.047498
6.327165, 0.199168, 5.353874, 0.109294, 0.160351, 0.005454, -0.047498
6.351182, 0.198850, 5.312466, 0.101212, 0.160883, 0.005565, -0.047498
6.359169, 0.198750, 5.298486, 0.098484, 0.161059, 0.005602, -0.047498
6.383271, 0.198464, 5.256022, 0.090201, 0.161583, 0.005711, -0.047498
6.391273, 0.198374, 5.241692, 0.087407, 0.161756, 0.005748, -0.047498
6.415477, 0.198120, 5.198184, 0.078926, 0.162272, 0.005856, -0.047498
6.423452, 0.198041, 5.183509, 0.076066, 0.162443, 0.005892, -0.047498
6.447536, 0.197819, 5.138970, 0.067389, 0.162951, 0.005999, -0.047498
6.455558, 0.197750, 5.123953, 0.064464, 0.163119, 0.006035, -0.047498
6.479592, 0.197561, 5.078396, 0.055594, 0.163618, 0.006141, -0.047498
6.487591, 0.197504, 5.063042, 0.054358, 0.163784, 0.006177, -0.047498
6.511741, 0.197348, 5.016481, 0.045297, 0.164276, 0.006282, -0.047498
6.519815, 0.197301, 5.000794, 0.042245, 0.164438, 0.006316, -0.047498
6.543870, 0.197178, 4.953242, 0.032995, 0.164922, 0.006420, -0.047498
6.551864, 0.197143, 4.937228, 0.029881, 0.165082, 0.006455, -0.047498
6.575912, 0.197053, 4.888699, 0.020446, 0.165557, 0.006558, -0.047498
6.583927, 0.197029, 4.872362, 0.017270, 0.165715, 0.006592, -0.047498
6.608125, 0.196973, 4.822870, 0.007652, 0.166182, 0.006693, -0.047498
6.616127, 0.196960, 4.806214, 0.004416, 0.166337, 0.006727, -0.047498
6.640207, 0.196937, 4.755774, -0.005382, 0.166796, 0.006827, -0.047498
6.648247, 0.196936, 4.738805, -0.008678, 0.166948, 0.006860, -0.047498
6.672274, 0.196947, 4.687431, -0.018655, 0.167399, 0.006960, -0.047498
6.680272, 0.196956, 4.670153, -0.022009, 0.167548, 0.006992, -0.047498
6.704503, 0.104908, 4.416151, 0.207617, 0.160602, 0.009414, -0.036840
6.712517, 0.103800, 4.395148, 0.216138, 0.160322, 0.009600, -0.036380
6.736572, 0.100388, 4.332839, 0.241794, 0.159473, 0.010154, -0.034998
6.744564, 0.099221, 4.312312, 0.250379, 0.159188, 0.010338, -0.034537
6.768628, 0.095627, 4.251490, 0.276237, 0.158325, 0.010888, -0.033155
6.776651, 0.094397, 4.231478, 0.284892, 0.158034, 0.011071, -0.032695
6.800724, 0.090611, 4.172260, 0.310968, 0.157156, 0.011618, -0.031313
6.808901, 0.089316, 4.152801, 0.319699, 0.156860, 0.011800, -0.030852
6.832900, 0.085331, 4.095295, 0.346011, 0.155966, 0.012344, -0.029471
6.840983, 0.083969, 4.076424, 0.354824, 0.155665, 0.012524, -0.029010
6.864947, 0.079781, 4.020730, 0.381390, 0.154755, 0.013065, -0.027628
6.873000, 0.078351, 4.002479, 0.390289, 0.154449, 0.013244, -0.027168
6.897082, 0.073957, 3.948693, 0.417125, 0.153523, 0.013782, -0.025786
6.905248, 0.072458, 3.931092, 0.426117, 0.153212, 0.013960, -0.025325
6.929326, 0.067856, 3.879299, 0.453238, 0.152270, 0.014494, -0.023944
6.937283, 0.066287, 3.862376, 0.462328, 0.151954, 0.014672, -0.023483
6.961295, 0.061477, 3.812656, 0.489750, 0.150996, 0.015203, -0.022101
6.969322, 0.059839, 3.796437, 0.498942, 0.150674, 0.015379, -0.021641
6.993418, 0.054822, 3.748864, 0.526680, 0.149700, 0.015907, -0.020259
7.001457, 0.053115, 3.733373, 0.535980, 0.149373, 0.016083, -0.019798
7.025642, 0.047891, 3.688014, 0.564047, 0.148383, 0.016607, -0.018417
7.033631, 0.046116, 3.673272, 0.573459, 0.148050, 0.016782, -0.017956
7.057688, 0.040688, 3.630190, 0.601869, 0.147044, 0.017304, -0.016574
7.065643, 0.038845, 3.616215, 0.611397, 0.146706, 0.017477, -0.016114
7.089720, 0.033216, 3.575466, 0.640162, 0.145684, 0.017996, -0.014732
7.097813, 0.031307, 3.562278, 0.649810, 0.145340, 0.018168, -0.014271
7.122012, 0.025480, 3.523912, 0.678941, 0.144302, 0.018684, -0.012889
7.130013, 0.023504, 3.511526, 0.688714, 0.143953, 0.018856, -0.012429
7.154007, 0.017482, 3.475589, 0.718222, 0.142899, 0.019369, -0.011047
7.162011, 0.015443, 3.464019, 0.728122, 0.142544, 0.019539, -0.010586
7.186095, 0.009229, 3.430552, 0.758017, 0.141474, 0.020049, -0.009205
7.194104, 0.007126, 3.419813, 0.768048, 0.141114, 0.020219, -0.008744
7.218290, 0.000723, 3.388851, 0.798338, 0.140027, 0.020726, -0.007362
7.226298, -0.001442, 3.378952, 0.808502, 0.139662, 0.020894, -0.006902
7.250353, -0.008030, 3.350528, 0.839196, 0.138560, 0.021399, -0.005520
7.258369, -0.010257, 3.341480, 0.849495, 0.138189, 0.021566, -0.005059
7.282411, -0.017027, 3.315621, 0.880600, 0.137071, 0.022068, -0.003678
7.290398, -0.019314, 3.307431, 0.891037, 0.136695, 0.022235, -0.003217
7.314590, -0.026265, 3.284159, 0.922558, 0.135560, 0.022733, -0.001835
7.322678, -0.028611, 3.276835, 0.933135, 0.135179, 0.022899, -0.001375
7.346708, -0.035740, 3.256169, 0.965076, 0.134028, 0.023395, 0.000007
7.354698, -0.038145, 3.249717, 0.975794, 0.133642, 0.023560, 0.000468
7.378755, -0.045449, 3.231671, 1.008161, 0.132475, 0.024053, 0.001849
7.386766, -0.047913, 3.226142, 1.019021, 0.132083, 0.024217, 0.002310
7.410984, -0.055391, 3.210711, 1.051816, 0.130901, 0.024707, 0.003692
7.419007, -0.057913, 3.206007, 1.062819, 0.130504, 0.024870, 0.004152
7.443028, -0.065565, 3.193215, 1.096043, 0.129305, 0.025357, 0.005534
7.451054, -0.068145, 3.189391, 1.107190, 0.128903, 0.025519, 0.005995
7.475070, -0.000000, 2.918491, 1.024924, 0.135702, 0.023340, 0.000000
7.483106, -0.000000, 2.918461, 1.024979, 0.135699, 0.023339, 0.000000
7.507296, 0.000000, 2.918461, 1.024922, 0.135700, 0.023339, 0.000000
7.515274, -0.000000, 2.918444, 1.024933, 0.135699, 0.023339, 0.000000
7.539457, -0.095348, 2.300819, 1.544246, 0.128376, 0.025793, 0.006775
7.547381, -0.097107, 2.295662, 1.551775, 0.128038, 0.025986, 0.007328
7.571451, -0.102501, 2.281105, 1.574660, 0.127015, 0.026566, 0.008985
7.579409, -0.104337, 2.276577, 1.582388, 0.126671, 0.026759, 0.009537
7.603583, -0.109965, 2.263944, 1.605866, 0.125633, 0.027336, 0.011194
7.611638, -0.111880, 2.260134, 1.613791, 0.125284, 0.027528, 0.011746
7.635758, -0.117743, 2.249428, 1.637860, 0.124229, 0.028103, 0.013404
7.643697, -0.119737, 2.246175, 1.645981, 0.123875, 0.028294, 0.013956
7.667756, -0.125837, 2.237363, 1.670637, 0.122804, 0.028865, 0.015613
7.675804, -0.127910, 2.234741, 1.678952, 0.122444, 0.029055, 0.016165
7.699896, -0.134250, 2.227812, 1.704189, 0.121358, 0.029624, 0.017822
7.708020, -0.136404, 2.225814, 1.712697, 0.120993, 0.029813, 0.018375
7.732017, -0.142987, 2.220546, 1.738508, 0.119890, 0.030379, 0.020032
7.740049, -0.145222, 2.219160, 1.747206, 0.119520, 0.030567, 0.020584
7.764081, -0.152051, 2.215928, 1.773582, 0.118401, 0.031130, 0.022241
7.772112, -0.154369, 2.215157, 1.782468, 0.118025, 0.031318, 0.022794
7.796122, -0.161448, 2.214032, 1.809400, 0.116890, 0.031878, 0.024451
7.804298, -0.163850, 2.213876, 1.818469, 0.116509, 0.032064, 0.025003
7.828380, -0.171184, 2.214309, 1.845947, 0.115358, 0.032621, 0.026660
7.836470, -0.173672, 2.214752, 1.855195, 0.114972, 0.032807, 0.027213
7.860484, -0.181265, 2.216968, 1.883206, 0.113805, 0.033361, 0.028870
7.868482, -0.183840, 2.218001, 1.892630, 0.113413, 0.033546, 0.029422
7.892571, -0.191696, 2.221969, 1.921159, 0.112230, 0.034097, 0.031079
7.900649, -0.194359, 2.223580, 1.930754, 0.111832, 0.034281, 0.031631
7.924760, -0.202483, 2.229268, 1.959787, 0.110633, 0.034829, 0.033289
7.932833, -0.205236, 2.231446, 1.969548, 0.110231, 0.035012, 0.033841
7.956865, -0.213632, 2.238815, 1.999070, 0.109015, 0.035557, 0.035498
7.964848, -0.216476, 2.241547, 2.008990, 0.108607, 0.035738, 0.036050
7.988887, -0.225147, 2.250557, 2.038983, 0.107375, 0.036281, 0.037707
7.996961, -0.228083, 2.253829, 2.049057, 0.106962, 0.036461, 0.038260
8.021159, -0.237032, 2.264435, 2.079503, 0.105714, 0.037001, 0.039917
8.029218, -0.240062, 2.268230, 2.089725, 0.105296, 0.037180, 0.040469
8.053221, -0.249290, 2.280382, 2.120604, 0.104032, 0.037717, 0.042126
8.061244, -0.252413, 2.284684, 2.130967, 0.103608, 0.037895, 0.042679
8.085290, -0.261922, 2.298328, 2.162259, 0.102328, 0.038428, 0.044336
8.093310, -0.265138, 2.303118, 2.172756, 0.101899, 0.038605, 0.044888
8.117471, -0.274927, 2.318196, 2.204440, 0.100603, 0.039136, 0.046545
8.125503, -0.278236, 2.323453, 2.215064, 0.100169, 0.039312, 0.047098
8.149585, -0.288302, 2.339902, 2.247118, 0.098857, 0.039839, 0.048755
8.157620, -0.291704, 2.345605, 2.257861, 0.098417, 0.040014, 0.049307
8.181628, -0.302043, 2.363355, 2.290262, 0.097090, 0.040537, 0.050964
8.189644, -0.305534, 2.369480, 2.301117, 0.096645, 0.040711, 0.051517
8.213897, -0.316139, 2.388459, 2.333841, 0.095302, 0.041232, 0.053174
8.221919, -0.319717, 2.394981, 2.344801, 0.094852, 0.041404, 0.053726
8.245919, -0.330580, 2.415108, 2.377824, 0.093494, 0.041921, 0.055383
8.253930, -0.334242, 2.421999, 2.388879, 0.093039, 0.042093, 0.055935
8.277952, -0.345349, 2.443191, 2.422177, 0.091665, 0.042607, 0.057593
8.285965, -0.224412, 2.596206, 2.104642, 0.098565, 0.040440, 0.047469
8.310185, -0.224466, 2.633935, 2.118633, 0.098121, 0.040342, 0.047469
8.318187, -0.224477, 2.646401, 2.123257, 0.097972, 0.040309, 0.047469
8.342303, -0.224486, 2.683464, 2.137005, 0.097519, 0.040209, 0.047469
8.350253, -0.224481, 2.695706, 2.141548, 0.097367, 0.040176, 0.047469
8.374282, -0.224445, 2.732092, 2.155050, 0.096907, 0.040076, 0.047469
8.382283, -0.224425, 2.744107, 2.159510, 0.096752, 0.040042, 0.047469
8.406460, -0.224344, 2.779807, 2.172763, 0.096283, 0.039940, 0.047469
8.414517, -0.224309, 2.791591, 2.177139, 0.096126, 0.039906, 0.047469
8.438578, -0.224182, 2.826592, 2.190139, 0.095649, 0.039803, 0.047469
8.446628, -0.224132, 2.838142, 2.194429, 0.095489, 0.039769, 0.047469
8.470624, -0.223961, 2.872436, 2.207172, 0.095004, 0.039665, 0.047469
8.478675, -0.223896, 2.883749, 2.211376, 0.094841, 0.039630, 0.047469
8.502802, -0.223680, 2.917325, 2.223859, 0.094348, 0.039524, 0.047469
8.510887, -0.223600, 2.928396, 2.227976, 0.094182, 0.039489, 0.047469
8.534974, -0.223340, 2.961245, 2.240194, 0.093681, 0.039383, 0.047469
8.542927, -0.223245, 2.972072, 2.244222, 0.093513, 0.039347, 0.047469
8.566923, -0.222941, 3.004183, 2.256173, 0.093004, 0.039240, 0.047469
8.574945, -0.222832, 3.014763, 2.260111, 0.092833, 0.039204, 0.047469
8.599134, -0.222484, 3.046128, 2.271791, 0.092316, 0.039095, 0.047469
8.607161, -0.222361, 3.056457, 2.275639, 0.092142, 0.039059, 0.047469
8.631327, -0.221970, 3.087066, 2.287044, 0.091617, 0.038949, 0.047469
8.639291, -0.221832, 3.097141, 2.290800, 0.091440, 0.038912, 0.047469
8.663331, -0.221399, 3.126985, 2.301928, 0.090907, 0.038801, 0.047469
8.671331, -0.221247, 3.136805, 2.305591, 0.090728, 0.038764, 0.047469
8.695344, -0.220772, 3.165875, 2.316438, 0.090187, 0.038652, 0.047469
8.703521, -0.220606, 3.175435, 2.320006, 0.090005, 0.038615, 0.047469
8.727587, -0.220089, 3.203723, 2.330569, 0.089456, 0.038502, 0.047469
8.735602, -0.219910, 3.213021, 2.334042, 0.089272, 0.038464, 0.047469
8.759698, -0.219352, 3.240518, 2.344318, 0.088715, 0.038350, 0.047469
8.767701, -0.219160, 3.249551, 2.347695, 0.088528, 0.038312, 0.047469
8.791769, -0.218562, 3.276250, 2.357680, 0.087963, 0.038197, 0.047469
8.799851, -0.218356, 3.285015, 2.360960, 0.087774, 0.038159, 0.047469
8.823969, -0.217719, 3.310907, 2.370652, 0.087201, 0.038043, 0.047469
8.831968, -0.217500, 3.319403, 2.373834, 0.087009, 0.038004, 0.047469
8.856016, -0.216825, 3.344481, 2.383229, 0.086428, 0.037887, 0.047469
8.864049, -0.216593, 3.352704, 2.386311, 0.086233, 0.037848, 0.047469
8.888138, -0.215880, 3.376960, 2.395408, 0.085645, 0.037730, 0.047469
8.896111, -0.215636, 3.384908, 2.398390, 0.085447, 0.037690, 0.047469
8.920309, -0.214886, 3.408336, 2.407184, 0.084851, 0.037571, 0.047469
8.928334, -0.214630, 3.416006, 2.410065, 0.084651, 0.037532, 0.047469
8.952414, -0.213844, 3.438599, 2.418554, 0.084047, 0.037412, 0.047469
8.960359, -0.213576, 3.445990, 2.421333, 0.083845, 0.037372, 0.047469
8.984445, -0.212755, 3.467740, 2.429514, 0.083233, 0.037251, 0.047469
8.992478, -0.212475, 3.474849, 2.432190, 0.083028, 0.037210, 0.047469
9.016692, -0.211620, 3.495750, 2.440061, 0.082408, 0.037089, 0.047469
9.024683, -0.211330, 3.502575, 2.442633, 0.082201, 0.037048, 0.047469
9.048787, -0.210442, 3.522622, 2.450192, 0.081574, 0.036925, 0.047469
9.056747, -0.210140, 3.529161, 2.452659, 0.081363, 0.036884, 0.047469
9.080772, -0.209220, 3.548347, 2.459902, 0.080729, 0.036761, 0.047469
9.088803, -0.208908, 3.554598, 2.462263, 0.080516, 0.036720, 0.047469
9.112947, -0.207957, 3.572918, 2.469188, 0.079873, 0.036595, 0.047469
9.120994, -0.207635, 3.578879, 2.471443, 0.079658, 0.036554, 0.047469
9.145176, -0.206655, 3.596327, 2.478048, 0.079008, 0.036429, 0.047469
9.153136, -0.206323, 3.601997, 2.480196, 0.078790, 0.036387, 0.047469
9.177166, -0.205314, 3.618567, 2.486478, 0.078133, 0.036261, 0.047469
9.185183, -0.204973, 3.623944, 2.488518, 0.077912, 0.036219, 0.047469
9.209315, -0.130816, 3.789802, 2.207251, 0.083526, 0.033471, 0.036818
9.217426, -0.126987, 3.800240, 2.202179, 0.083563, 0.033223, 0.036358
9.241475, -0.115651, 3.830804, 2.186585, 0.083688, 0.032481, 0.034977
9.249467, -0.111922, 3.840750, 2.181265, 0.083733, 0.032235, 0.034517
9.273539, -0.100877, 3.869893, 2.164954, 0.083883, 0.031500, 0.033136
9.281504, -0.097242, 3.879382, 2.159403, 0.083938, 0.031256, 0.032676
9.305640, -0.086476, 3.907207, 2.142426, 0.084115, 0.030527, 0.031295
9.313792, -0.082931, 3.916274, 2.136663, 0.084178, 0.030285, 0.030834
9.337823, -0.072428, 3.942880, 2.119072, 0.084385, 0.029563, 0.029454
9.345889, -0.068969, 3.951557, 2.113112, 0.084458, 0.029324, 0.028993
9.369886, -0.058714, 3.977041, 2.094956, 0.084696, 0.028608, 0.027612
9.377882, -0.055336, 3.985359, 2.088816, 0.084780, 0.028371, 0.027152
9.402056, -0.045315, 4.009811, 2.070145, 0.085050, 0.027663, 0.025771
9.410052, -0.042013, 4.017800, 2.063841, 0.085145, 0.027428, 0.025311
9.434170, -0.032211, 4.041307, 2.044700, 0.085449, 0.026726, 0.023930
9.442255, -0.028979, 4.048996, 2.038246, 0.085556, 0.026493, 0.023470
9.466214, -0.019382, 4.071641, 2.018680, 0.085896, 0.025799, 0.022089
9.474242, -0.016216, 4.079055, 2.012091, 0.086015, 0.025568, 0.021628
9.498285, -0.006809, 4.100916, 1.992141, 0.086391, 0.024881, 0.020248
9.506398, -0.003704, 4.108082, 1.985432, 0.086523, 0.024653, 0.019787
9.530469, 0.005526, 4.129232, 1.965138, 0.086937, 0.023972, 0.018406
9.538560, 0.008575, 4.136172, 1.958320, 0.087081, 0.023746, 0.017946
9.562554, 0.017642, 4.156680, 1.937719, 0.087534, 0.023073, 0.016565
9.570614, 0.020638, 4.163417, 1.930805, 0.087692, 0.022850, 0.016105
9.594613, 0.029555, 4.183347, 1.909933, 0.088185, 0.022183, 0.014724
9.602736, 0.032503, 4.189901, 1.902934, 0.088357, 0.021962, 0.014264
9.626872, 0.041281, 4.209311, 1.881823, 0.088891, 0.021303, 0.012883
9.634915, 0.044185, 4.215701, 1.874749, 0.089076, 0.021084, 0.012422
9.658845, 0.052835, 4.234646, 1.853428, 0.089652, 0.020432, 0.011041
9.666864, 0.055698, 4.240889, 1.846289, 0.089851, 0.020216, 0.010581
9.690950, 0.064230, 4.259417, 1.824785, 0.090469, 0.019571, 0.009200
9.698941, 0.067056, 4.265529, 1.817590, 0.090683, 0.019357, 0.008740
9.723180, 0.075479, 4.283684, 1.795928, 0.091344, 0.018719, 0.007359
9.731281, 0.078270, 4.289679, 1.788684, 0.091572, 0.018508, 0.006899
9.755293, 0.086594, 4.307501, 1.766886, 0.092277, 0.017877, 0.005518
9.763252, 0.089353, 4.313391, 1.759599, 0.092520, 0.017668, 0.005058
9.787318, 0.097584, 4.330914, 1.737683, 0.093269, 0.017045, 0.003677
9.795284, 0.100313, 4.336708, 1.730360, 0.093526, 0.016838, 0.003216
9.819498, 0.108457, 4.353961, 1.708343, 0.094320, 0.016222, 0.001835
9.827519, 0.111158, 4.359670, 1.700988, 0.094593, 0.016018, 0.001375
9.851598, 0.119220, 4.376677, 1.678883, 0.095431, 0.015408, -0.000006
9.859556, 0.121895, 4.382307, 1.671501, 0.095718, 0.015207, -0.000466
9.883641, 0.129880, 4.399087, 1.649318, 0.096602, 0.014604, -0.001847
9.891666, 0.132529, 4.404644, 1.641912, 0.096905, 0.014405, -0.002307
9.915932, 0.140440, 4.421210, 1.619659, 0.097834, 0.013810, -0.003688
9.923880, 0.143064, 4.426698, 1.612230, 0.098151, 0.013613, -0.004149
9.948039, 0.150902, 4.443060, 1.589913, 0.099126, 0.013025, -0.005529
9.955974, 0.153503, 4.448480, 1.582463, 0.099458, 0.012831, -0.005990
9.979987, 0.000000, 5.124327, 1.601835, 0.094549, 0.015482, 0.000000
9.987995, -0.000000, 5.124329, 1.601837, 0.094552, 0.015482, 0.000000
10.012217, 0.000000, 5.124330, 1.601838, 0.094555, 0.015483, 0.000000
10.020267, -0.000000, 5.124330, 1.601838, 0.094555, 0.015482, 0.000000
10.044279, 3.789594, 9.785439, -3.413293, 0.200788, -0.040541, -0.131285
10.052374, 3.813990, 9.849166, -3.547788, 0.208954, -0.043894, -0.141182
10.076287, 3.869834, 10.037980, -3.954795, 0.235668, -0.053657, -0.170871
10.084316, 3.882014, 10.099934, -4.092087, 0.245294, -0.056810, -0.180768
10.108478, 3.895341, 10.281660, -4.511547, 0.276233, -0.065966, -0.210458
10.116535, 3.890850, 10.340488, -4.654730, 0.287199, -0.068915, -0.220354
10.140631, 3.844569, 10.509822, -5.098617, 0.321865, -0.077447, -0.250044
10.148639, 3.816570, 10.563343, -5.252533, 0.333955, -0.080186, -0.259940
10.172633, 0.494246, 6.884125, -1.937995, 0.244749, -0.025820, -0.145149
10.180674, 0.486238, 6.866780, -1.945356, 0.245174, -0.025675, -0.145149
10.204818, 0.462957, 6.808927, -1.968282, 0.246386, -0.025250, -0.145149
10.212803, 0.455462, 6.787714, -1.976195, 0.246770, -0.025112, -0.145149
10.236930, 0.433844, 6.718348, -2.000697, 0.247865, -0.024707, -0.145149
10.245068, 0.426942, 6.693329, -2.009108, 0.248211, -0.024576, -0.145149
10.268975, 0.407221, 6.612645, -2.035029, 0.249193, -0.024192, -0.145149
10.277000, 0.400989, 6.583890, -2.043887, 0.249503, -0.024067, -0.145149
10.301145, 0.383380, 6.492116, -2.071073, 0.250380, -0.023703, -0.145149
10.309198, 0.377887, 6.459706, -2.080328, 0.250655, -0.023586, -0.145149
10.333331, 0.362587, 6.357099, -2.108629, 0.251433, -0.023242, -0.145149
10.341341, 0.357892, 6.321124, -2.118232, 0.251676, -0.023131, -0.145149
10.365318, 0.345073, 6.207970, -2.147508, 0.252361, -0.022808, -0.145149
10.373338, 0.341232, 6.168531, -2.157412, 0.252574, -0.022703, -0.145149
10.397370, 0.331040, 6.045145, -2.187526, 0.253173, -0.022399, -0.145149
10.405532, 0.328096, 6.002352, -2.197688, 0.253359, -0.022301, -0.145149
10.429654, 0.320652, 5.869079, -2.228511, 0.253879, -0.022016, -0.145149
10.437604, 0.318640, 5.823049, -2.238890, 0.254040, -0.021925, -0.145149
10.461651, 0.314037, 5.680259, -2.270305, 0.254488, -0.021658, -0.145149
10.469693, 0.312984, 5.631122, -2.280862, 0.254626, -0.021572, -0.145149
10.493778, 0.311284, 5.479209, -2.312759, 0.255008, -0.021323, -0.145149
10.501825, 0.311206, 5.427101, -2.323459, 0.255126, -0.021243, -0.145149
10.526003, 0.312443, 5.266487, -2.355739, 0.255450, -0.021012, -0.145149
10.534076, 0.313346, 5.211551, -2.366552, 0.255550, -0.020937, -0.145149
10.558070, 0.317524, 5.042681, -2.399127, 0.255823, -0.020722, -0.145149
10.566056, 0.319405, 4.985070, -2.410024, 0.255906, -0.020653, -0.145149
10.590122, -1.075015, 1.131663, 2.330087, 0.114284, 0.024333, -0.006557
10.598088, -1.052361, 1.017356, 2.554843, 0.106758, 0.026934, 0.001690
10.622321, -1.017112, 0.694216, 3.217295, 0.084693, 0.034901, 0.026431
10.630442, -1.016013, 0.895907, 3.434273, 0.077457, 0.037606, 0.034678
10.654405, -1.043407, 0.542213, 4.074226, 0.055918, 0.045856, 0.059420
10.662339, -1.062471, 0.429596, 4.284017, 0.048762, 0.048647, 0.067667
10.686446, -1.148399, 0.107951, 4.903294, 0.027261, 0.057133, 0.092408
10.694412, -1.186438, 0.006193, 5.106439, 0.020068, 0.059998, 0.100655
10.718682, 0.000000, 2.910470, 1.022778, 0.135747, 0.023351, 0.000000
10.726621, -0.000000, 2.913592, 1.023828, 0.135704, 0.023345, 0.000000
10.750744, 0.000000, 2.921651, 1.026071, 0.135609, 0.023335, 0.000000
10.758704, 0.000000, 2.922973, 1.026422, 0.135597, 0.023334, 0.000000
10.782685, -0.000000, 2.924662, 1.027410, 0.135556, 0.023329, 0.000000
10.790693, 0.000000, 2.924204, 1.027828, 0.135535, 0.023326, 0.000000
10.814796, 0.000000, 2.923791, 1.027895, 0.135532, 0.023325, 0.000000
10.822881, 0.000000, 2.923713, 1.027788, 0.135541, 0.023326, 0.000000
10.846953, -0.000000, 2.923627, 1.027163, 0.135576, 0.023330, 0.000000
10.854904, -0.000000, 2.923338, 1.027015, 0.135583, 0.023331, 0.000000
10.878981, -0.000000, 2.921713, 1.026672, 0.135599, 0.023332, 0.000000
10.886979, 0.000000, 2.921212, 1.026424, 0.135611, 0.023333, 0.000000
10.911133, -0.000000, 2.920175, 1.025553, 0.135653, 0.023337, 0.000000
10.919210, -0.000000, 2.920309, 1.025093, 0.135679, 0.023339, 0.000000
10.943221, 0.000000, 2.919604, 1.024810, 0.135692, 0.023341, 0.000000
10.951260, 0.000000, 2.918970, 1.025036, 0.135681, 0.023340, 0.000000
10.975194, 0.000000, 2.918430, 1.024976, 0.135684, 0.023340, 0.000000
10.983282, -0.000000, 2.918331, 1.024877, 0.135689, 0.023340, 0.000000
11.007455, 0.000000, 2.918405, 1.024441, 0.135710, 0.023343, 0.000000
11.015405, -0.000000, 2.918254, 1.024375, 0.135713, 0.023343, 0.000000
11.039493, 0.000000, 2.917627, 1.024397, 0.135712, 0.023343, 0.000000
11.047514, 0.000000, 2.917174, 1.024579, 0.135704, 0.023342, 0.000000
11.071506, -0.000000, 2.917194, 1.024485, 0.135708, 0.023343, 0.000000
11.079523, 0.000000, 2.917162, 1.024453, 0.135710, 0.023343, 0.000000
11.103672, 0.000000, 2.917152, 1.024443, 0.135712, 0.023343, 0.000000
11.111695, 0.000000, 2.917152, 1.024443, 0.135712, 0.023343, 0.000000
11.135774, 0.000000, 2.917059, 1.024520, 0.135708, 0.023343, 0.000000
11.143846, 0.000000, 2.917059, 1.024520, 0.135708, 0.023343, 0.000000
11.167798, 0.000000, 2.917071, 1.024532, 0.135708, 0.023343, 0.000000
11.175841, -0.000000, 2.917093, 1.024554, 0.135707, 0.023343, 0.000000
11.199826, 0.000000, 2.917098, 1.024587, 0.135706, 0.023342, 0.000000
11.208060, 0.000000, 2.917098, 1.024587, 0.135706, 0.023342, 0.000000
11.232048, -0.000000, 2.917192, 1.024654, 0.135703, 0.023342, 0.000000
11.240138, 0.000000, 2.917203, 1.024665, 0.135702, 0.023341, 0.000000
11.264088, 0.000000, 2.917325, 1.024787, 0.135696, 0.023341, 0.000000
11.272164, -0.000000, 2.917319, 1.024809, 0.135695, 0.023340, 0.000000
11.296172, -0.000000, 2.917440, 1.024930, 0.135689, 0.023340, 0.000000
11.304248, 0.000000, 2.917468, 1.024930, 0.135689, 0.023340, 0.000000
11.328341, 0.000000, 2.917618, 1.025052, 0.135684, 0.023339, 0.000000
11.336411, 0.000000, 2.917605, 1.025068, 0.135683, 0.023339, 0.000000
11.360422, -0.000000, 2.917649, 1.025112, 0.135681, 0.023339, 0.000000
11.368388, 0.000000, 2.917660, 1.025123, 0.135680, 0.023339, 0.000000
11.392456, 0.000000, 2.917733, 1.025167, 0.135678, 0.023338, 0.000000
11.400536, 0.000000, 2.917733, 1.025167, 0.135678, 0.023338, 0.000000
11.424626, 0.000000, 2.917733, 1.025167, 0.135678, 0.023338, 0.000000
11.432738, 0.000000, 2.917733, 1.025167, 0.135678, 0.023338, 0.000000
11.456721, 0.000000, 2.917733, 1.025167, 0.135678, 0.023338, 0.000000
11.464685, 0.000000, 2.917733, 1.025167, 0.135678, 0.023338, 0.000000
11.488786, 0.000000, 2.917733, 1.025167, 0.135678, 0.023338, 0.000000
11.496732, 0.000000, 2.917733, 1.025167, 0.135678, 0.023338, 0.000000
11.520825, 0.000000, 2.917733, 1.025167, 0.135678, 0.023338, 0.000000
11.529004, 0.000000, 2.917733, 1.025167, 0.135678, 0.023338, 0.000000
11.553058, 0.000000, 2.917767, 1.025145, 0.135679, 0.023338, 0.000000
11.561036, -0.000000, 2.917773, 1.025123, 0.135680, 0.023339, 0.000000
11.585035, 0.000000, 2.917756, 1.025134, 0.135680, 0.023339, 0.000000
11.593038, 0.000000, 2.917756, 1.025134, 0.135680, 0.023339, 0.000000
11.617161, 0.000000, 2.917762, 1.025112, 0.135681, 0.023339, 0.000000
11.625211, 0.000000, 2.917762, 1.025112, 0.135681, 0.023339, 0.000000
11.649278, -0.000000, 2.917740, 1.025090, 0.135682, 0.023339, 0.000000
11.657256, 0.000000, 2.917729, 1.025079, 0.135682, 0.023339, 0.000000
11.681342, -0.000000, 2.917707, 1.025057, 0.135683, 0.023339, 0.000000
11.689313, -0.000000, 2.917707, 1.025057, 0.135683, 0.023339, 0.000000
11.713480, -0.000000, 2.917708, 1.025058, 0.135684, 0.023339, 0.000000
11.721568, -0.000000, 2.917697, 1.025047, 0.135685, 0.023339, 0.000000
11.745540, 0.000000, 2.917674, 1.025024, 0.135685, 0.023339, 0.000000
11.753577, -0.000000, 2.917675, 1.025024, 0.135686, 0.023339, 0.000000
11.777601, 0.000000, 2.917704, 1.024969, 0.135688, 0.023339, 0.000000
11.785581, 0.000000, 2.917704, 1.024969, 0.135688, 0.023339, 0.000000
11.809740, 0.000000, 2.917682, 1.024947, 0.135690, 0.023340, 0.000000
11.817698, 0.000000, 2.917660, 1.024925, 0.135691, 0.023340, 0.000000
11.841897, -0.000000, 2.917656, 1.024892, 0.135692, 0.023340, 0.000000
11.849831, -0.000000, 2.917656, 1.024892, 0.135692, 0.023340, 0.000000
11.873883, -0.000000, 2.917645, 1.024881, 0.135693, 0.023340, 0.000000
11.881862, -0.000000, 2.917645, 1.024881, 0.135693, 0.023340, 0.000000
11.905959, 0.000000, 2.917616, 1.024881, 0.135693, 0.023340, 0.000000
11.914018, -0.000000, 2.917634, 1.024870, 0.135693, 0.023340, 0.000000
11.938090, -0.000000, 2.917634, 1.024870, 0.135693, 0.023340, 0.000000
11.946178, -0.000000, 2.917634, 1.024870, 0.135693, 0.023340, 0.000000
11.970118, -0.000000, 2.917634, 1.024870, 0.135693, 0.023340, 0.000000
11.978123, -0.000000, 2.917634, 1.024870, 0.135693, 0.023340, 0.000000
12.002248, -0.000000, 2.917622, 1.024858, 0.135694, 0.023340, 0.000000
12.010296, -0.000000, 2.917622, 1.024858, 0.135694, 0.023340, 0.000000
12.034446, -0.000000, 2.917622, 1.024858, 0.135694, 0.023340, 0.000000
12.042395, 0.000000, 2.917605, 1.024870, 0.135693, 0.023340, 0.000000
12.066394, -0.000000, 2.917634, 1.024870, 0.135693, 0.023340, 0.000000
12.074404, -0.000000, 2.917634, 1.024870, 0.135693, 0.023340, 0.000000
12.098476, -0.000000, 2.917634, 1.024870, 0.135693, 0.023340, 0.000000
12.106532, -0.000000, 2.917634, 1.024870, 0.135693, 0.023340, 0.000000
12.130646, 0.000000, 2.917616, 1.024881, 0.135693, 0.023340, 0.000000
12.138758, 0.000000, 2.917616, 1.024881, 0.135693, 0.023340, 0.000000
12.162697, -0.000000, 2.917634, 1.024870, 0.135693, 0.023340, 0.000000
12.170728, -0.000000, 2.917634, 1.024870, 0.135693, 0.023340, 0.000000
12.194764, -0.000000, 2.917634, 1.024870, 0.135693, 0.023340, 0.000000
12.202835, 0.000000, 2.917616, 1.024881, 0.135693, 0.023340, 0.000000
12.226984, -0.000000, 2.917634, 1.024870, 0.135693, 0.023340, 0.000000
12.235051, -0.000000, 2.917634, 1.024870, 0.135693, 0.023340, 0.000000
12.259025, -0.000000, 2.917634, 1.024870, 0.135693, 0.023340, 0.000000
12.267017, 0.000000, 2.917616, 1.024881, 0.135693, 0.023340, 0.000000
12.291062, 0.000000, 2.917616, 1.024881, 0.135693, 0.023340, 0.000000
12.299088, -0.000000, 2.917634, 1.024870, 0.135693, 0.023340, 0.000000
12.323331, -0.000000, 2.917634, 1.024870, 0.135693, 0.023340, 0.000000
12.331236, -0.000000, 2.917634, 1.024870, 0.135693, 0.023340, 0.000000
12.355290, 0.000000, 2.917616, 1.024881, 0.135693, 0.023340, 0.000000
12.363247, 0.000000, 2.917616, 1.024881, 0.135693, 0.023340, 0.000000
12.387304, -0.000000, 2.917634, 1.024870, 0.135693, 0.023340, 0.000000
12.395281, -0.000000, 2.917634, 1.024870, 0.135693, 0.023340, 0.000000
12.419452, 0.000000, 2.917616, 1.024881, 0.135693, 0.023340, 0.000000
12.427557, 0.000000, 2.917616, 1.024881, 0.135693, 0.023340, 0.000000
12.451590, 0.000000, 2.917616, 1.024881, 0.135693, 0.023340, 0.000000
12.459541, 0.000000, 2.917616, 1.024881, 0.135693, 0.023340, 0.000000
12.483593, -0.000000, 2.917634, 1.024870, 0.135693, 0.023340, 0.000000
12.491601, 0.000000, 2.917616, 1.024881, 0.135693, 0.023340, 0.000000
12.515733, 0.000000, 2.917616, 1.024881, 0.135693, 0.023340, 0.000000
12.523857, 0.000000, 2.917616, 1.024881, 0.135693, 0.023340, 0.000000
12.547860, -1.748662, -0.291410, 7.680118, -0.001473, 0.070786, 0.131182
12.555876, -1.795245, -0.346432, 7.808250, -0.007540, 0.074307, 0.141071
12.579938, -1.973220, -0.488941, 8.178934, -0.025802, 0.084981, 0.170737
12.587910, -2.045569, -0.529015, 8.297791, -0.031892, 0.088578, 0.180626
12.612181, -2.303228, -0.954924, 8.639531, -0.050051, 0.099494, 0.210292
12.620099, -2.403061, -1.023666, 8.748315, -0.056031, 0.103179, 0.220181
12.644253, -2.746037, -1.215244, 9.058582, -0.073554, 0.114388, 0.249847
12.652216, -2.875155, -1.274419, 9.156531, -0.079197, 0.118181, 0.259736
12.676224, -1.067644, 1.341706, 3.245496, 0.043874, 0.081280, 0.145035
12.684261, -1.069952, 1.383049, 3.260530, 0.043788, 0.081210, 0.145035
12.708384, -1.074901, 1.504179, 3.305459, 0.043506, 0.080992, 0.145035
12.716432, -1.075891, 1.543567, 3.320370, 0.043404, 0.080916, 0.145035
12.740500, -1.076879, 1.658670, 3.364871, 0.043070, 0.080682, 0.145035
12.748531, -1.076549, 1.695995, 3.379619, 0.042949, 0.080601, 0.145035
12.772596, -1.073586, 1.804752, 3.423567, 0.042555, 0.080349, 0.145035
12.780588, -1.071946, 1.839911, 3.438109, 0.042413, 0.080262, 0.145035
12.804747, -1.065086, 1.942020, 3.481366, 0.041953, 0.079992, 0.145035
12.812810, -1.062159, 1.974915, 3.495651, 0.041788, 0.079899, 0.145035
12.836864, -1.051494, 2.070094, 3.538063, 0.041254, 0.079611, 0.145035
12.844973, -1.047319, 2.100634, 3.552040, 0.041063, 0.079512, 0.145035
12.868979, -1.032978, 2.188618, 3.593440, 0.040450, 0.079204, 0.145035
12.876985, -1.027605, 2.216717, 3.607051, 0.040231, 0.079099, 0.145035
12.901085, -1.009757, 2.297262, 3.647261, 0.039530, 0.078772, 0.145035
12.909052, -1.003247, 2.322843, 3.660444, 0.039281, 0.078659, 0.145035
12.933216, -0.982097, 2.395723, 3.699275, 0.038487, 0.078313, 0.145035
12.941242, -0.974524, 2.418714, 3.711966, 0.038205, 0.078194, 0.145035
12.965316, -0.950308, 2.483727, 3.749220, 0.037310, 0.077826, 0.145035
12.973274, -0.941756, 2.504064, 3.761351, 0.036994, 0.077701, 0.145035
12.997330, -0.914743, 2.561026, 3.796821, 0.035992, 0.077313, 0.145035
13.005452, -0.905307, 2.578652, 3.808322, 0.035640, 0.077180, 0.145035
13.029582, -0.875792, 2.627404, 3.841795, 0.034525, 0.076772, 0.145035
13.037564, -0.865574, 2.642269, 3.852594, 0.034134, 0.076633, 0.145035
13.061736, -0.833878, 2.682673, 3.883852, 0.032900, 0.076204, 0.145035
13.069700, -0.822989, 2.694735, 3.893877, 0.032468, 0.076057, 0.145035
13.093713, 1.852695, 5.560794, 0.529918, 0.135944, 0.012954, 0.006658
13.101758, 1.939520, 5.664569, 0.342540, 0.137272, 0.009355, -0.001582
13.126005, 2.173522, 5.970046, -0.231456, 0.142933, -0.001128, -0.026304
13.133935, 2.243863, 6.070293, -0.425930, 0.145429, -0.004518, -0.034545
13.158044, 2.436137, 6.367591, -1.015876, 0.154921, -0.014379, -0.059267
13.166021, 2.494799, 6.465788, -1.214141, 0.158783, -0.017565, -0.067507
13.190021, 2.657118, 6.758438, -1.812017, 0.172558, -0.026824, -0.092229
13.198002, 2.707081, 6.855461, -2.012059, 0.177893, -0.029811, -0.100470
13.222188, -0.000000, 5.125075, 1.601996, 0.094350, 0.015452, 0.000000
13.230256, -0.000000, 5.124685, 1.601980, 0.094411, 0.015461, 0.000000
13.254302, 0.000000, 5.123747, 1.601915, 0.094551, 0.015477, 0.000000
13.262311, 0.000000, 5.123691, 1.601884, 0.094633, 0.015487, 0.000000
13.286330, 0.000000, 5.123660, 1.601808, 0.094825, 0.015510, 0.000000
13.294320, -0.000000, 5.123687, 1.601815, 0.094854, 0.015513, 0.000000
13.318472, -0.000000, 5.123687, 1.601819, 0.094811, 0.015508, 0.000000
13.326600, -0.000000, 5.123688, 1.601816, 0.094766, 0.015503, 0.000000
13.350592, 0.000000, 5.123823, 1.601806, 0.094763, 0.015503, 0.000000
13.358640, 0.000000, 5.123867, 1.601813, 0.094783, 0.015505, 0.000000
13.382568, 0.000000, 5.123933, 1.601828, 0.094703, 0.015496, 0.000000
13.390633, 0.000000, 5.123943, 1.601827, 0.094652, 0.015490, 0.000000
13.414790, -0.000000, 5.124002, 1.601861, 0.094543, 0.015477, 0.000000
13.422705, 0.000000, 5.124053, 1.601878, 0.094543, 0.015477, 0.000000
13.446944, -0.000000, 5.124194, 1.601865, 0.094545, 0.015477, 0.000000
13.454878, 0.000000, 5.124230, 1.601858, 0.094546, 0.015477, 0.000000
13.478834, 0.000000, 5.124369, 1.601851, 0.094579, 0.015481, 0.000000
13.486877, 0.000000, 5.124408, 1.601846, 0.094587, 0.015482, 0.000000
13.510961, 0.000000, 5.124461, 1.601831, 0.094583, 0.015482, 0.000000
13.519051, 0.000000, 5.124480, 1.601839, 0.094592, 0.015483, 0.000000
13.543220, -0.000000, 5.124487, 1.601843, 0.094581, 0.015481, 0.000000
13.551186, -0.000000, 5.124475, 1.601831, 0.094568, 0.015480, 0.000000
13.575237, 0.000000, 5.124481, 1.601833, 0.094561, 0.015479, 0.000000
13.583149, 0.000000, 5.124488, 1.601844, 0.094571, 0.015480, 0.000000
13.607236, 0.000000, 5.124486, 1.601842, 0.094564, 0.015479, 0.000000
13.615325, -0.000000, 5.124479, 1.601834, 0.094552, 0.015478, 0.000000
13.639402, 0.000000, 5.124488, 1.601843, 0.094560, 0.015479, 0.000000
13.647408, 0.000000, 5.124488, 1.601843, 0.094560, 0.015479, 0.000000
13.671308, -0.000000, 5.124478, 1.601837, 0.094551, 0.015478, 0.000000
13.679328, 0.000000, 5.124486, 1.601846, 0.094560, 0.015479, 0.000000
13.703528, -0.000000, 5.124487, 1.601853, 0.094566, 0.015480, 0.000000
13.711424, -0.000000, 5.124473, 1.601839, 0.094551, 0.015478, 0.000000
13.735570, 0.000000, 5.124462, 1.601841, 0.094547, 0.015477, 0.000000
13.743673, 0.000000, 5.124469, 1.601852, 0.094557, 0.015478, 0.000000
13.767623, 0.000000, 5.124453, 1.601846, 0.094546, 0.015477, 0.000000
13.775647, -0.000000, 5.124450, 1.601846, 0.094545, 0.015477, 0.000000
13.799665, 0.000000, 5.124454, 1.601853, 0.094552, 0.015478, 0.000000
13.807731, 0.000000, 5.124442, 1.601841, 0.094540, 0.015476, 0.000000
13.831864, -0.000000, 5.124423, 1.601846, 0.094534, 0.015476, 0.000000
13.840055, 0.000000, 5.124428, 1.601854, 0.094542, 0.015477, 0.000000
13.863976, -0.000000, 5.124410, 1.601847, 0.094531, 0.015476, 0.000000
13.871925, 0.000000, 5.124404, 1.601847, 0.094529, 0.015475, 0.000000
13.895953, -0.000000, 5.124395, 1.601858, 0.094533, 0.015476, 0.000000
13.904039, -0.000000, 5.124388, 1.601851, 0.094525, 0.015475, 0.000000
13.928274, 0.000000, 5.124376, 1.601846, 0.094520, 0.015474, 0.000000
13.936222, -0.000000, 5.124385, 1.601858, 0.094533, 0.015476, 0.000000
13.960289, 0.000000, 5.124363, 1.601856, 0.094524, 0.015475, 0.000000
13.968285, -0.000000, 5.124348, 1.601848, 0.094512, 0.015474, 0.000000
13.992270, -0.000000, 5.124349, 1.601856, 0.094518, 0.015474, 0.000000
14.000239, -0.000000, 5.124349, 1.601856, 0.094518, 0.015474, 0.000000
14.024402, -0.000000, 5.124341, 1.601848, 0.094515, 0.015474, 0.000000
14.032455, -0.000000, 5.124351, 1.601858, 0.094526, 0.015475, 0.000000
14.056527, 0.000000, 5.124352, 1.601859, 0.094529, 0.015476, 0.000000
14.064519, -0.000000, 5.124340, 1.601847, 0.094517, 0.015474, 0.000000
14.088536, 0.000000, 5.124347, 1.601854, 0.094524, 0.015475, 0.000000
14.096492, -0.000000, 5.124349, 1.601856, 0.094526, 0.015475, 0.000000
14.120693, 0.000000, 5.124341, 1.601848, 0.094520, 0.015474, 0.000000
14.128766, 0.000000, 5.124350, 1.601857, 0.094529, 0.015475, 0.000000
14.152774, -0.000000, 5.124351, 1.601858, 0.094532, 0.015476, 0.000000
14.160883, -0.000000, 5.124339, 1.601846, 0.094519, 0.015474, 0.000000
14.184770, 0.000000, 5.124344, 1.601851, 0.094524, 0.015475, 0.000000
14.192805, 0.000000, 5.124350, 1.601857, 0.094530, 0.015476, 0.000000
14.217011, 0.000000, 5.124341, 1.601848, 0.094521, 0.015474, 0.000000
14.224971, 0.000000, 5.124348, 1.601855, 0.094528, 0.015475, 0.000000
14.249131, -0.000000, 5.124351, 1.601858, 0.094532, 0.015476, 0.000000
14.257122, -0.000000, 5.124339, 1.601846, 0.094519, 0.015474, 0.000000
14.281056, 0.000000, 5.124343, 1.601850, 0.094522, 0.015475, 0.000000
14.289077, 0.000000, 5.124350, 1.601857, 0.094530, 0.015476, 0.000000
14.313155, 0.000000, 5.124343, 1.601850, 0.094522, 0.015475, 0.000000
14.321229, 0.000000, 5.124348, 1.601855, 0.094528, 0.015475, 0.000000
14.345365, -0.000000, 5.124357, 1.601864, 0.094537, 0.015476, 0.000000
14.353319, 0.000000, 5.124341, 1.601848, 0.094521, 0.015474, 0.000000
14.377301, 0.000000, 5.124344, 1.601851, 0.094524, 0.015475, 0.000000
14.385339, -0.000000, 5.124355, 1.601862, 0.094535, 0.015476, 0.000000
14.409385, 0.000000, 5.124343, 1.601850, 0.094522, 0.015475, 0.000000
14.417536, 0.000000, 5.124346, 1.601853, 0.094526, 0.015475, 0.000000
14.441597, 0.000000, 5.124353, 1.601860, 0.094533, 0.015476, 0.000000
14.449562, 0.000000, 5.124343, 1.601850, 0.094522, 0.015475, 0.000000
14.473570, 0.000000, 5.124346, 1.601849, 0.094524, 0.015475, 0.000000
14.481587, 0.000000, 5.124356, 1.601860, 0.094534, 0.015476, 0.000000
14.505667, 0.000000, 5.124349, 1.601853, 0.094527, 0.015475, 0.000000
14.513658, 0.000000, 5.124349, 1.601853, 0.094527, 0.015475, 0.000000
14.537933, 0.000000, 5.124349, 1.601853, 0.094527, 0.015475, 0.000000
14.545908, 0.000000, 5.124349, 1.601853, 0.094527, 0.015475, 0.000000
14.569933, 0.000000, 5.124349, 1.601853, 0.094527, 0.015475, 0.000000
14.577932, 0.000000, 5.124349, 1.601853, 0.094527, 0.015475, 0.000000
14.601978, 0.000000, 5.124349, 1.601853, 0.094527, 0.015475, 0.000000
14.609967, 0.000000, 5.124349, 1.601853, 0.094527, 0.015475, 0.000000
14.634083, 0.000000, 5.124349, 1.601853, 0.094527, 0.015475, 0.000000
14.642198, 0.000000, 5.124349, 1.601853, 0.094527, 0.015475, 0.000000
14.666108, -0.000000, 5.124352, 1.601852, 0.094528, 0.015475, 0.000000
14.674115, -0.000000, 5.124352, 1.601852, 0.094528, 0.015475, 0.000000
14.698144, -0.000000, 5.124352, 1.601852, 0.094528, 0.015475, 0.000000
14.706231, -0.000000, 5.124352, 1.601852, 0.094528, 0.015475, 0.000000
14.730439, -0.000000, 5.124352, 1.601852, 0.094528, 0.015475, 0.000000
14.738380, -0.000000, 5.124352, 1.601852, 0.094528, 0.015475, 0.000000
14.762548, -0.000000, 5.124352, 1.601852, 0.094528, 0.015475, 0.000000
14.770368, -0.000000, 5.124352, 1.601852, 0.094528, 0.015475, 0.000000
14.794441, -0.000000, 5.124355, 1.601852, 0.094529, 0.015476, 0.000000
14.802460, -0.000000, 5.124355, 1.601852, 0.094529, 0.015476, 0.000000
14.826572, -0.000000, 5.124355, 1.601852, 0.094529, 0.015476, 0.000000
14.834593, -0.000000, 5.124355, 1.601852, 0.094529, 0.015476, 0.000000
14.858718, -0.000000, 5.124355, 1.601852, 0.094529, 0.015476, 0.000000
14.866682, -0.000000, 5.124355, 1.601852, 0.094529, 0.015476, 0.000000
14.890734, -0.000000, 5.124355, 1.601852, 0.094529, 0.015476, 0.000000
14.898730, -0.000000, 5.124355, 1.601852, 0.094529, 0.015476, 0.000000
14.922932, 0.000000, 5.124358, 1.601852, 0.094530, 0.015476, 0.000000
14.931040, 0.000000, 5.124358, 1.601852, 0.094530, 0.015476, 0.000000
14.955022, 0.000000, 5.124358, 1.601852, 0.094530, 0.015476, 0.000000
14.963056, 0.000000, 5.124358, 1.601852, 0.094530, 0.015476, 0.000000
14.987058, 0.000000, 5.124358, 1.601852, 0.094530, 0.015476, 0.000000
14.995046, 0.000000, 5.124358, 1.601852, 0.094530, 0.015476, 0.000000
15.019227, 0.000000, 5.124358, 1.601852, 0.094530, 0.015476, 0.000000
15.027223, 0.000000, 5.124358, 1.601852, 0.094530, 0.015476, 0.000000
15.051304, 3.788562, 9.784583, -3.413933, 0.200737, -0.040607, -0.131255
15.059384, 3.812953, 9.848305, -3.548648, 0.208904, -0.043965, -0.141149
15.083350, 3.868795, 10.037109, -3.956304, 0.235618, -0.053740, -0.170832
15.091418, 3.880978, 10.099062, -4.093809, 0.245245, -0.056898, -0.180726
15.115477, 3.894328, 10.280792, -4.513899, 0.276186, -0.066066, -0.210409
15.123559, 3.889850, 10.339624, -4.657288, 0.287152, -0.069019, -0.220303
15.147661, 3.843622, 10.508979, -5.101784, 0.321821, -0.077565, -0.249986
15.155793, 3.815646, 10.562509, -5.255899, 0.333912, -0.080308, -0.259880
15.179717, 0.494164, 6.884176, -1.943231, 0.244735, -0.025884, -0.145116
15.187736, 0.486158, 6.866841, -1.950588, 0.245160, -0.025738, -0.145116
15.211822, 0.462883, 6.809019, -1.968146, 0.246373, -0.025313, -0.145116
15.219928, 0.455389, 6.787818, -1.976055, 0.246758, -0.025174, -0.145116
15.244050, 0.433774, 6.718484, -2.000547, 0.247854, -0.024769, -0.145116
15.252027, 0.426874, 6.693476, -2.008955, 0.248200, -0.024638, -0.145116
15.276091, 0.407154, 6.612825, -2.034867, 0.249184, -0.024253, -0.145116
15.284095, 0.400923, 6.584081, -2.043723, 0.249494, -0.024129, -0.145116
15.308169, 0.383316, 6.492340, -2.070901, 0.250372, -0.023765, -0.145116
15.316186, 0.377822, 6.459941, -2.080154, 0.250648, -0.023647, -0.145116
15.340349, 0.362522, 6.357367, -2.108450, 0.251427, -0.023303, -0.145116
15.348435, 0.357827, 6.321403, -2.118052, 0.251671, -0.023192, -0.145116
15.372456, 0.345006, 6.206687, -2.147322, 0.252357, -0.022868, -0.145116
15.380415, 0.341164, 6.167259, -2.157226, 0.252571, -0.022764, -0.145116
15.404533, 0.330969, 6.043906, -2.187336, 0.253171, -0.022459, -0.145116
15.412517, 0.328024, 6.001124, -2.197497, 0.253357, -0.022361, -0.145116
15.436721, 0.320576, 5.867883, -2.228319, 0.253878, -0.022076, -0.145116
15.444715, 0.318562, 5.821865, -2.238697, 0.254040, -0.021984, -0.145116
15.468754, 0.313953, 5.679106, -2.270111, 0.254488, -0.021717, -0.145116
15.476748, 0.312898, 5.629979, -2.280668, 0.254627, -0.021631, -0.145116
15.500848, 0.311191, 5.478098, -2.312565, 0.255010, -0.021382, -0.145116
15.508894, 0.311111, 5.426000, -2.323266, 0.255128, -0.021302, -0.145116
15.533104, 0.312340, 5.265417, -2.355548, 0.255454, -0.021070, -0.145116
15.541104, 0.313240, 5.210491, -2.366362, 0.255553, -0.020995, -0.145116
15.565138, 0.317409, 5.041651, -2.398939, 0.255827, -0.020779, -0.145116
15.573231, 0.319287, 4.984049, -2.409837, 0.255911, -0.020710, -0.145116
15.597153, -1.074886, 1.132011, 2.327720, 0.114383, 0.024301, -0.006647
15.605275, -1.052178, 1.017764, 2.552489, 0.106855, 0.026906, 0.001598
15.629343, -1.016760, 0.694804, 3.214983, 0.084787, 0.034882, 0.026334
15.637447, -1.015602, 0.896153, 3.431975, 0.077549, 0.037591, 0.034579
15.661489, -1.042821, 0.542840, 4.071974, 0.056008, 0.045850, 0.059315
15.669473, -1.061826, 0.430352, 4.281780, 0.048852, 0.048644, 0.067560
15.693520, -1.147571, 0.109092, 4.901104, 0.027351, 0.057141, 0.092296
15.701542, -1.185547, 0.007463, 5.104266, 0.020158, 0.060009, 0.100541
15.725699, 0.000000, 2.910602, 1.022911, 0.135740, 0.023349, 0.000000
15.733826, -0.000000, 2.913693, 1.023929, 0.135700, 0.023345, 0.000000
15.757904, 0.000000, 2.921804, 1.026593, 0.135582, 0.023331, 0.000000
15.765915, -0.000000, 2.923176, 1.027092, 0.135562, 0.023330, 0.000000
15.789836, 0.000000, 2.924708, 1.027342, 0.135558, 0.023329, 0.000000
15.797803, 0.000000, 2.924150, 1.027773, 0.135538, 0.023327, 0.000000
15.822029, 0.000000, 2.923705, 1.027809, 0.135539, 0.023326, 0.000000
15.829994, -0.000000, 2.923634, 1.027681, 0.135550, 0.023327, 0.000000
15.854113, -0.000000, 2.923550, 1.027086, 0.135580, 0.023330, 0.000000
15.862101, -0.000000, 2.923316, 1.026993, 0.135584, 0.023331, 0.000000
15.886088, 0.000000, 2.921599, 1.026529, 0.135606, 0.023333, 0.000000
15.894111, 0.000000, 2.921086, 1.026269, 0.135618, 0.023334, 0.000000
15.918172, -0.000000, 2.920089, 1.025467, 0.135660, 0.023337, 0.000000
15.926281, 0.000000, 2.920186, 1.024969, 0.135688, 0.023341, 0.000000
15.950348, 0.000000, 2.919545, 1.024779, 0.135695, 0.023341, 0.000000
15.958375, 0.000000, 2.918944, 1.025010, 0.135683, 0.023340, 0.000000
15.982324, -0.000000, 2.918420, 1.024966, 0.135685, 0.023340, 0.000000
15.990340, -0.000000, 2.918327, 1.024844, 0.135691, 0.023341, 0.000000
16.014426, -0.000000, 2.918080, 1.024597, 0.135704, 0.023342, 0.000000
16.022565, 0.000000, 2.917975, 1.024519, 0.135707, 0.023343, 0.000000
16.046648, 0.000000, 2.917507, 1.024419, 0.135711, 0.023343, 0.000000
16.054683, -0.000000, 2.917371, 1.024452, 0.135709, 0.023343, 0.000000
16.078687, -0.000000, 2.917277, 1.024415, 0.135712, 0.023343, 0.000000
16.086630, -0.000000, 2.917266, 1.024404, 0.135712, 0.023343, 0.000000
16.110718, -0.000000, 2.917250, 1.024416, 0.135713, 0.023343, 0.000000
16.118747, 0.000000, 2.917215, 1.024438, 0.135712, 0.023343, 0.000000
16.142853, 0.000000, 2.917174, 1.024465, 0.135710, 0.023342, 0.000000
16.150917, -0.000000, 2.917185, 1.024476, 0.135710, 0.023342, 0.000000
16.174911, -0.000000, 2.917185, 1.024476, 0.135711, 0.023342, 0.000000
16.182888, 0.000000, 2.917196, 1.024488, 0.135710, 0.023342, 0.000000
16.206982, 0.000000, 2.917149, 1.024554, 0.135707, 0.023342, 0.000000
16.214979, -0.000000, 2.917132, 1.024565, 0.135706, 0.023341, 0.000000
16.239137, -0.000000, 2.917285, 1.024576, 0.135706, 0.023341, 0.000000
16.247161, -0.000000, 2.917296, 1.024587, 0.135705, 0.023341, 0.000000
16.271064, 0.000000, 2.917400, 1.024720, 0.135699, 0.023341, 0.000000
16.279221, 0.000000, 2.917387, 1.024764, 0.135697, 0.023340, 0.000000
16.303222, 0.000000, 2.917463, 1.024897, 0.135691, 0.023340, 0.000000
16.311260, 0.000000, 2.917518, 1.024952, 0.135688, 0.023339, 0.000000
16.335398, -0.000000, 2.917585, 1.025020, 0.135686, 0.023339, 0.000000
16.343422, 0.000000, 2.917623, 1.025058, 0.135684, 0.023339, 0.000000
16.367574, 0.000000, 2.917645, 1.025080, 0.135683, 0.023339, 0.000000
16.375509, 0.000000, 2.917678, 1.025113, 0.135682, 0.023339, 0.000000
16.399488, 0.000000, 2.917700, 1.025135, 0.135681, 0.023339, 0.000000
16.407566, -0.000000, 2.917711, 1.025146, 0.135680, 0.023339, 0.000000
16.431668, -0.000000, 2.917711, 1.025146, 0.135680, 0.023339, 0.000000
16.439778, -0.000000, 2.917711, 1.025146, 0.135680, 0.023339, 0.000000
16.463735, -0.000000, 2.917711, 1.025146, 0.135680, 0.023339, 0.000000
16.471806, -0.000000, 2.917711, 1.025146, 0.135680, 0.023339, 0.000000
16.495802, -0.000000, 2.917711, 1.025146, 0.135680, 0.023339, 0.000000
16.503828, -0.000000, 2.917711, 1.025146, 0.135680, 0.023339, 0.000000
16.527975, -0.000000, 2.917711, 1.025146, 0.135680, 0.023339, 0.000000
16.536086, -0.000000, 2.917711, 1.025146, 0.135680, 0.023339, 0.000000
16.560050, 0.000000, 2.917700, 1.025135, 0.135681, 0.023339, 0.000000
16.568126, 0.000000, 2.917700, 1.025135, 0.135681, 0.023339, 0.000000
16.592038, 0.000000, 2.917700, 1.025135, 0.135681, 0.023339, 0.000000
16.600096, 0.000000, 2.917700, 1.025135, 0.135681, 0.023339, 0.000000
16.624267, 0.000000, 2.917718, 1.025124, 0.135681, 0.023339, 0.000000
16.632258, 0.000000, 2.917718, 1.025124, 0.135681, 0.023339, 0.000000
16.656238, -0.000000, 2.917707, 1.025113, 0.135682, 0.023339, 0.000000
16.664357, -0.000000, 2.917695, 1.025102, 0.135682, 0.023339, 0.000000
16.688346, 0.000000, 2.917696, 1.025102, 0.135682, 0.023339, 0.000000
16.696321, -0.000000, 2.917685, 1.025091, 0.135683, 0.023339, 0.000000
16.720418, 0.000000, 2.917691, 1.025069, 0.135684, 0.023339, 0.000000
16.728450, 0.000000, 2.917680, 1.025058, 0.135684, 0.023339, 0.000000
16.752611, -0.000000, 2.917669, 1.025047, 0.135685, 0.023339, 0.000000
16.760604, 0.000000, 2.917658, 1.025036, 0.135685, 0.023339, 0.000000
16.784606, 0.000000, 2.917658, 1.025036, 0.135685, 0.023339, 0.000000
16.792589, -0.000000, 2.917675, 1.025025, 0.135686, 0.023339, 0.000000
16.816670, -0.000000, 2.917675, 1.025025, 0.135686, 0.023339, 0.000000
16.824821, -0.000000, 2.917675, 1.025025, 0.135686, 0.023339, 0.000000
16.848931, 0.000000, 2.917631, 1.024980, 0.135688, 0.023340, 0.000000
16.856856, 0.000000, 2.917631, 1.024980, 0.135688, 0.023340, 0.000000
16.880893, -0.000000, 2.917638, 1.024959, 0.135690, 0.023340, 0.000000
16.888858, -0.000000, 2.917638, 1.024959, 0.135690, 0.023340, 0.000000
16.912958, -0.000000, 2.917593, 1.024914, 0.135691, 0.023340, 0.000000
16.920978, -0.000000, 2.917583, 1.024904, 0.135693, 0.023340, 0.000000
16.945140, -0.000000, 2.917572, 1.024893, 0.135693, 0.023340, 0.000000
16.953126, -0.000000, 2.917589, 1.024881, 0.135694, 0.023340, 0.000000
16.977121, -0.000000, 2.917572, 1.024893, 0.135693, 0.023340, 0.000000
16.985130, -0.000000, 2.917572, 1.024893, 0.135693, 0.023340, 0.000000
17.009203, -0.000000, 2.917589, 1.024881, 0.135694, 0.023340, 0.000000
17.017188, -0.000000, 2.917589, 1.024881, 0.135694, 0.023340, 0.000000
17.041408, -0.000000, 2.917589, 1.024881, 0.135694, 0.023340, 0.000000
17.049385, -0.000000, 2.917589, 1.024881, 0.135694, 0.023340, 0.000000
17.073474, -0.000000, 2.917589, 1.024881, 0.135694, 0.023340, 0.000000
17.081407, -0.000000, 2.917589, 1.024881, 0.135694, 0.023340, 0.000000
17.105501, -0.000000, 2.917589, 1.024881, 0.135694, 0.023340, 0.000000
17.113511, -0.000000, 2.917589, 1.024881, 0.135694, 0.023340, 0.000000
17.137876, -0.000000, 2.917589, 1.024881, 0.135694, 0.023340, 0.000000
17.145694, -0.000000, 2.917589, 1.024881, 0.135694, 0.023340, 0.000000
17.169857, -0.000000, 2.917589, 1.024881, 0.135694, 0.023340, 0.000000
17.177749, -0.000000, 2.917589, 1.024881, 0.135694, 0.023340, 0.000000
17.201828, -0.000000, 2.917589, 1.024881, 0.135694, 0.023340, 0.000000
17.209823, -0.000000, 2.917589, 1.024881, 0.135694, 0.023340, 0.000000
17.233984, -0.000000, 2.917589, 1.024881, 0.135694, 0.023340, 0.000000
17.242065, -0.000000, 2.917589, 1.024881, 0.135694, 0.023340, 0.000000
17.266132, -0.000000, 2.917589, 1.024881, 0.135694, 0.023340, 0.000000
17.274058, -0.000000, 2.917589, 1.024881, 0.135694, 0.023340, 0.000000
17.298122, -0.000000, 2.917589, 1.024881, 0.135694, 0.023340, 0.000000
17.306182, -0.000000, 2.917589, 1.024881, 0.135694, 0.023340, 0.000000
17.330217, -0.000000, 2.917589, 1.024881, 0.135694, 0.023340, 0.000000
17.338328, -0.000000, 2.917589, 1.024881, 0.135694, 0.023340, 0.000000
17.362385, 0.000000, 2.917600, 1.024893, 0.135693, 0.023340, 0.000000
17.370399, 0.000000, 2.917600, 1.024893, 0.135693, 0.023340, 0.000000
17.394389, 0.000000, 2.917600, 1.024893, 0.135693, 0.023340, 0.000000
17.402364, -0.000000, 2.917600, 1.024893, 0.135693, 0.023340, 0.000000
17.426510, 0.000000, 2.917617, 1.024881, 0.135694, 0.023340, 0.000000
17.434502, 0.000000, 2.917617, 1.024881, 0.135694, 0.023340, 0.000000
17.458645, 0.000000, 2.917617, 1.024881, 0.135694, 0.023340, 0.000000
17.466605, 0.000000, 2.917617, 1.024881, 0.135694, 0.023340, 0.000000
17.490629, 0.000000, 2.917617, 1.024881, 0.135694, 0.023340, 0.000000
17.498591, 0.000000, 2.917617, 1.024881, 0.135694, 0.023340, 0.000000
17.522809, 0.000000, 2.917617, 1.024881, 0.135694, 0.023340, 0.000000
17.530790, 0.000000, 2.917617, 1.024881, 0.135694, 0.023340, 0.000000
17.554950, -1.748663, -0.291206, 7.679676, -0.001466, 0.070787, 0.131182
17.562880, -1.795246, -0.346128, 7.807585, -0.007532, 0.074308, 0.141071
17.586906, -1.973221, -0.488337, 8.177599, -0.025794, 0.084981, 0.170737
17.594921, -2.045570, -0.528312, 8.296232, -0.031884, 0.088578, 0.180626
17.619050, -2.303229, -0.953425, 8.637302, -0.050043, 0.099495, 0.210292
17.627158, -2.403062, -1.022018, 8.745863, -0.056022, 0.103179, 0.220181
17.651193, -2.746038, -1.213147, 9.055460, -0.073544, 0.114389, 0.249847
17.659210, -2.875156, -1.272173, 9.153186, -0.079188, 0.118182, 0.259736
17.683256, -1.067644, 1.344092, 3.241925, 0.043879, 0.081280, 0.145035
17.691222, -1.069952, 1.385434, 3.256959, 0.043793, 0.081210, 0.145035
17.715395, -1.074902, 1.506564, 3.301887, 0.043511, 0.080992, 0.145035
17.723512, -1.075892, 1.543568, 3.316798, 0.043409, 0.080916, 0.145035
17.747549, -1.076879, 1.658671, 3.361299, 0.043074, 0.080682, 0.145035
17.755615, -1.076549, 1.695996, 3.376047, 0.042953, 0.080601, 0.145035
17.779549, -1.073586, 1.804753, 3.419996, 0.042559, 0.080349, 0.145035
17.787539, -1.071946, 1.839911, 3.434537, 0.042417, 0.080262, 0.145035
17.811640, -1.065086, 1.942021, 3.477794, 0.041957, 0.079992, 0.145035
17.819719, -1.062159, 1.974915, 3.492080, 0.041792, 0.079899, 0.145035
17.843904, -1.051494, 2.072479, 3.534491, 0.041259, 0.079611, 0.145035
17.851917, -1.047319, 2.103019, 3.548468, 0.041068, 0.079512, 0.145035
17.875995, -1.032978, 2.191003, 3.589869, 0.040454, 0.079204, 0.145035
17.883969, -1.027604, 2.219102, 3.603479, 0.040235, 0.079099, 0.145035
17.908032, -1.009757, 2.299647, 3.643689, 0.039535, 0.078772, 0.145035
17.916039, -1.003247, 2.325228, 3.656873, 0.039286, 0.078660, 0.145035
17.940247, -0.982097, 2.398108, 3.695704, 0.038491, 0.078313, 0.145035
17.948256, -0.974524, 2.421099, 3.708395, 0.038210, 0.078194, 0.145035
17.972367, -0.950308, 2.486111, 3.745649, 0.037314, 0.077827, 0.145035
17.980288, -0.941756, 2.506449, 3.757779, 0.036999, 0.077701, 0.145035
18.004347, -0.914743, 2.563411, 3.793249, 0.035996, 0.077313, 0.145035
18.012368, -0.905306, 2.581037, 3.804750, 0.035644, 0.077180, 0.145035
18.036486, -0.875791, 2.629789, 3.838223, 0.034529, 0.076772, 0.145035
18.044549, -0.865574, 2.644654, 3.849022, 0.034138, 0.076633, 0.145035
18.068734, -0.833878, 2.685057, 3.880281, 0.032904, 0.076204, 0.145035
18.076675, -0.822989, 2.697119, 3.890305, 0.032473, 0.076057, 0.145035
18.100715, 1.852695, 5.562928, 0.525119, 0.135943, 0.012954, 0.006658
18.108753, 1.939521, 5.666553, 0.338077, 0.137272, 0.009355, -0.001582
18.132927, 2.173522, 5.970044, -0.234914, 0.142931, -0.001128, -0.026304
18.140983, 2.243864, 6.070291, -0.429054, 0.145428, -0.004518, -0.034545
18.165053, 2.436137, 6.367589, -1.017996, 0.154919, -0.014379, -0.059267
18.173029, 2.494800, 6.465786, -1.215926, 0.158781, -0.017565, -0.067507
18.197048, 2.657118, 6.758436, -1.812797, 0.172554, -0.026824, -0.092229
18.205053, 2.707081, 6.855460, -2.012504, 0.177889, -0.029811, -0.100470
18.229248, -0.000000, 5.125063, 1.602004, 0.094367, 0.015453, 0.000000
18.237181, 0.000000, 5.124668, 1.601973, 0.094405, 0.015457, 0.000000
18.261278, 0.000000, 5.123738, 1.601909, 0.094547, 0.015474, 0.000000
18.269329, 0.000000, 5.123672, 1.601886, 0.094625, 0.015485, 0.000000
18.293283, 0.000000, 5.123655, 1.601814, 0.094816, 0.015506, 0.000000
18.301308, 0.000000, 5.123673, 1.601807, 0.094843, 0.015512, 0.000000
18.325378, 0.000000, 5.123668, 1.601803, 0.094796, 0.015505, 0.000000
18.333474, -0.000000, 5.123690, 1.601822, 0.094770, 0.015505, 0.000000
18.357568, 0.000000, 5.123817, 1.601810, 0.094763, 0.015502, 0.000000
18.365568, 0.000000, 5.123851, 1.601807, 0.094770, 0.015505, 0.000000
18.389635, 0.000000, 5.123925, 1.601830, 0.094699, 0.015496, 0.000000
18.397574, 0.000000, 5.123948, 1.601839, 0.094660, 0.015491, 0.000000
18.421691, 0.000000, 5.123996, 1.601872, 0.094545, 0.015479, 0.000000
18.429827, -0.000000, 5.124035, 1.601874, 0.094531, 0.015475, 0.000000
18.453921, -0.000000, 5.124186, 1.601871, 0.094544, 0.015479, 0.000000
18.461875, 0.000000, 5.124224, 1.601865, 0.094547, 0.015476, 0.000000
18.485891, 0.000000, 5.124360, 1.601858, 0.094580, 0.015483, 0.000000
18.493912, -0.000000, 5.124397, 1.601852, 0.094584, 0.015482, 0.000000
18.517956, -0.000000, 5.124470, 1.601846, 0.094596, 0.015484, 0.000000
18.525963, 0.000000, 5.124483, 1.601846, 0.094594, 0.015483, 0.000000
18.550123, 0.000000, 5.124499, 1.601848, 0.094589, 0.015483, 0.000000
18.558189, -0.000000, 5.124503, 1.601849, 0.094589, 0.015484, 0.000000
18.582190, 0.000000, 5.124503, 1.601849, 0.094583, 0.015481, 0.000000
18.590164, 0.000000, 5.124505, 1.601850, 0.094581, 0.015483, 0.000000
18.614246, -0.000000, 5.124503, 1.601848, 0.094575, 0.015480, 0.000000
18.622249, 0.000000, 5.124507, 1.601853, 0.094576, 0.015483, 0.000000
18.646396, -0.000000, 5.124500, 1.601849, 0.094570, 0.015480, 0.000000
18.654458, 0.000000, 5.124501, 1.601851, 0.094571, 0.015481, 0.000000
18.678478, -0.000000, 5.124501, 1.601850, 0.094570, 0.015480, 0.000000
18.686472, -0.000000, 5.124501, 1.601850, 0.094571, 0.015481, 0.000000
18.710537, 0.000000, 5.124492, 1.601851, 0.094568, 0.015480, 0.000000
18.718537, 0.000000, 5.124486, 1.601852, 0.094565, 0.015480, 0.000000
18.742754, -0.000000, 5.124478, 1.601854, 0.094563, 0.015481, 0.000000
18.750677, 0.000000, 5.124470, 1.601852, 0.094559, 0.015478, 0.000000
18.774843, 0.000000, 5.124460, 1.601856, 0.094557, 0.015480, 0.000000
18.782743, -0.000000, 5.124455, 1.601855, 0.094554, 0.015478, 0.000000
18.806806, -0.000000, 5.124454, 1.601857, 0.094554, 0.015479, 0.000000
18.814756, -0.000000, 5.124452, 1.601855, 0.094554, 0.015478, 0.000000
18.838856, 0.000000, 5.124429, 1.601858, 0.094546, 0.015478, 0.000000
18.846961, -0.000000, 5.124429, 1.601859, 0.094547, 0.015478, 0.000000
18.871036, 0.000000, 5.124413, 1.601859, 0.094540, 0.015476, 0.000000
18.879032, -0.000000, 5.124404, 1.601861, 0.094537, 0.015478, 0.000000
18.903023, 0.000000, 5.124389, 1.601859, 0.094531, 0.015475, 0.000000
18.911041, 0.000000, 5.124389, 1.601862, 0.094533, 0.015477, 0.000000
18.935208, 0.000000, 5.124381, 1.601861, 0.094531, 0.015476, 0.000000
18.943268, 0.000000, 5.124381, 1.601861, 0.094532, 0.015476, 0.000000
18.967290, 0.000000, 5.124361, 1.601864, 0.094526, 0.015476, 0.000000
18.975294, -0.000000, 5.124356, 1.601863, 0.094523, 0.015474, 0.000000
18.999309, 0.000000, 5.124355, 1.601865, 0.094525, 0.015477, 0.000000
19.007333, -0.000000, 5.124352, 1.601862, 0.094523, 0.015474, 0.000000
19.031493, -0.000000, 5.124354, 1.601864, 0.094527, 0.015477, 0.000000
19.039414, -0.000000, 5.124353, 1.601863, 0.094526, 0.015476, 0.000000
19.063626, -0.000000, 5.124352, 1.601862, 0.094528, 0.015476, 0.000000
19.071636, 0.000000, 5.124352, 1.601863, 0.094529, 0.015476, 0.000000
19.095605, -0.000000, 5.124351, 1.601861, 0.094527, 0.015475, 0.000000
19.103635, -0.000000, 5.124353, 1.601864, 0.094530, 0.015477, 0.000000
19.127691, -0.000000, 5.124350, 1.601860, 0.094529, 0.015474, 0.000000
19.135800, -0.000000, 5.124353, 1.601863, 0.094532, 0.015478, 0.000000
19.159950, -0.000000, 5.124350, 1.601860, 0.094531, 0.015475, 0.000000
19.167907, 0.000000, 5.124351, 1.601862, 0.094532, 0.015477, 0.000000
19.191921, -0.000000, 5.124349, 1.601860, 0.094531, 0.015477, 0.000000
19.199928, -0.000000, 5.124348, 1.601858, 0.094530, 0.015475, 0.000000
19.223996, -0.000000, 5.124350, 1.601860, 0.094532, 0.015477, 0.000000
19.232106, 0.000000, 5.124347, 1.601858, 0.094529, 0.015474, 0.000000
19.256187, 0.000000, 5.124350, 1.601860, 0.094532, 0.015477, 0.000000
19.264134, -0.000000, 5.124348, 1.601858, 0.094530, 0.015475, 0.000000
19.288173, 0.000000, 5.124348, 1.601859, 0.094530, 0.015476, 0.000000
19.296154, 0.000000, 5.124350, 1.601860, 0.094532, 0.015477, 0.000000
19.320241, -0.000000, 5.124348, 1.601858, 0.094530, 0.015475, 0.000000
19.328241, -0.000000, 5.124350, 1.601861, 0.094532, 0.015478, 0.000000
19.352435, -0.000000, 5.124348, 1.601858, 0.094530, 0.015475, 0.000000
19.360396, -0.000000, 5.124349, 1.601860, 0.094531, 0.015477, 0.000000
19.384458, 0.000000, 5.124349, 1.601859, 0.094533, 0.015477, 0.000000
19.392427, -0.000000, 5.124347, 1.601858, 0.094531, 0.015475, 0.000000
19.416500, -0.000000, 5.124350, 1.601860, 0.094533, 0.015478, 0.000000
19.424487, 0.000000, 5.124347, 1.601857, 0.094530, 0.015475, 0.000000
19.448693, -0.000000, 5.124352, 1.601859, 0.094534, 0.015477, 0.000000
19.456803, 0.000000, 5.124351, 1.601858, 0.094532, 0.015476, 0.000000
19.480775, 0.000000, 5.124351, 1.601858, 0.094533, 0.015476, 0.000000
19.488725, 0.000000, 5.124352, 1.601859, 0.094534, 0.015477, 0.000000
19.512755, 0.000000, 5.124350, 1.601857, 0.094531, 0.015474, 0.000000
19.520805, 0.000000, 5.124353, 1.601860, 0.094535, 0.015478, 0.000000
19.545023, -0.000000, 5.124350, 1.601857, 0.094532, 0.015475, 0.000000
19.552972, 0.000000, 5.124352, 1.601859, 0.094534, 0.015477, 0.000000
19.577056, 0.000000, 5.124355, 1.601858, 0.094535, 0.015477, 0.000000
19.585024, 0.000000, 5.124354, 1.601857, 0.094533, 0.015476, 0.000000
19.609056, 0.000000, 5.124356, 1.601859, 0.094536, 0.015478, 0.000000
19.617112, -0.000000, 5.124353, 1.601857, 0.094533, 0.015475, 0.000000
19.641200, 0.000000, 5.124355, 1.601859, 0.094535, 0.015477, 0.000000
19.649240, 0.000000, 5.124354, 1.601857, 0.094533, 0.015476, 0.000000
19.673338, -0.000000, 5.124357, 1.601858, 0.094535, 0.015477, 0.000000
19.681337, 0.000000, 5.124358, 1.601858, 0.094536, 0.015477, 0.000000
19.705336, -0.000000, 5.124356, 1.601856, 0.094534, 0.015475, 0.000000
19.713371, -0.000000, 5.124359, 1.601859, 0.094537, 0.015478, 0.000000
19.737498, -0.000000, 5.124360, 1.601856, 0.094534, 0.015475, 0.000000
19.745677, -0.000000, 5.124362, 1.601858, 0.094536, 0.015477, 0.000000
19.769704, -0.000000, 5.124361, 1.601858, 0.094535, 0.015477, 0.000000
19.777704, -0.000000, 5.124360, 1.601857, 0.094534, 0.015476, 0.000000
19.801658, -0.000000, 5.124362, 1.601859, 0.094537, 0.015478, 0.000000
19.809653, 0.000000, 5.124359, 1.601856, 0.094534, 0.015475, 0.000000
19.833839, -0.000000, 5.124365, 1.601858, 0.094537, 0.015477, 0.000000
19.841756, -0.000000, 5.124363, 1.601857, 0.094536, 0.015476, 0.000000
19.865938, 0.000000, 5.124363, 1.601857, 0.094535, 0.015476, 0.000000
19.873929, 0.000000, 5.124365, 1.601858, 0.094537, 0.015478, 0.000000
19.897924, 0.000000, 5.124360, 1.601854, 0.094533, 0.015475, 0.000000
19.905941, 0.000000, 5.124365, 1.601859, 0.094538, 0.015478, 0.000000
19.930015, -0.000000, 5.124362, 1.601855, 0.094534, 0.015476, 0.000000
19.938108, -0.000000, 5.124364, 1.601857, 0.094536, 0.015477, 0.000000
19.962202, -0.000000, 5.124368, 1.601858, 0.094538, 0.015478, 0.000000
19.970196, -0.000000, 5.124364, 1.601854, 0.094534, 0.015475, 0.000000
19.994201, -0.000000, 5.124368, 1.601858, 0.094539, 0.015478, 0.000000
20.002219, -0.000000, 5.124364, 1.601854, 0.094534, 0.015475, 0.000000
20.026373, -0.000000, 5.124367, 1.601857, 0.094537, 0.015477, 0.000000
20.034429, 0.000000, 5.124365, 1.601855, 0.094535, 0.015477, 0.000000
20.058473, 0.213576, 6.165141, 1.109613, 0.100846, 0.012245, -0.007883
20.066465, 0.215277, 6.168657, 1.098417, 0.101263, 0.012085, -0.008436
20.090490, 0.220330, 6.179066, 1.064806, 0.102537, 0.011609, -0.010094
20.098561, 0.221998, 6.182488, 1.053595, 0.102969, 0.011451, -0.010646
20.122627, 0.226952, 6.192607, 1.019935, 0.104288, 0.010982, -0.012304
20.130646, 0.228586, 6.195930, 1.008706, 0.104735, 0.010827, -0.012857
20.154848, 0.233438, 6.205742, 0.974993, 0.106099, 0.010365, -0.014514
20.162920, 0.235037, 6.208960, 0.963745, 0.106561, 0.010213, -0.015067
20.186858, 0.239781, 6.218443, 0.929971, 0.107970, 0.009758, -0.016725
20.194857, 0.241343, 6.221546, 0.918702, 0.108447, 0.009608, -0.017277
20.218969, 0.245973, 6.230669, 0.884858, 0.109901, 0.009160, -0.018935
20.226964, 0.247497, 6.233645, 0.873564, 0.110393, 0.009012, -0.019488
20.251183, 0.252004, 6.242370, 0.839639, 0.111890, 0.008572, -0.021146
20.259146, 0.253486, 6.245207, 0.828316, 0.112397, 0.008426, -0.021698
20.283229, 0.257863, 6.253490, 0.794299, 0.113939, 0.007993, -0.023356
20.291184, 0.259299, 6.256171, 0.782942, 0.114460, 0.007850, -0.023909
20.315283, 0.263534, 6.263960, 0.748816, 0.116045, 0.007424, -0.025566
20.323322, 0.264921, 6.266467, 0.737421, 0.116581, 0.007283, -0.026119
20.347581, 0.269002, 6.273703, 0.703169, 0.118208, 0.006864, -0.027777
20.355502, 0.270336, 6.276016, 0.691729, 0.118758, 0.006726, -0.028329
20.379624, 0.274251, 6.282635, 0.656529, 0.120428, 0.006314, -0.029987
20.387583, 0.275526, 6.284730, 0.645019, 0.120992, 0.006178, -0.030540
20.411652, 0.279260, 6.290659, 0.610402, 0.122703, 0.005774, -0.032198
20.419671, 0.280473, 6.292511, 0.598833, 0.123280, 0.005640, -0.032750
