0.188798, -0.405481, 39.416058, 4.254567, -1.452032, 0.098539, 0.000000
0.196366, -0.404443, 39.355876, 4.100406, -1.451248, 0.098254, 0.000000
0.204377, -0.403375, 39.292807, 3.945904, -1.450310, 0.097958, 0.000000
0.212364, -0.402278, 39.226859, 3.791076, -1.449220, 0.097652, 0.000000
0.220372, -0.401152, 39.158043, 3.635939, -1.447978, 0.097336, 0.000000
0.228507, -0.399997, 39.086367, 3.480507, -1.446583, 0.097009, 0.000000
0.236534, -0.398814, 39.011841, 3.324796, -1.445036, 0.096673, 0.000000
0.244536, -0.397602, 38.934476, 3.168823, -1.443336, 0.096326, 0.000000
0.252469, -0.396362, 38.854282, 3.012603, -1.441485, 0.095970, 0.000000
0.260654, -0.395093, 38.771268, 2.856151, -1.439482, 0.095603, 0.000000
0.268667, -0.393796, 38.685447, 2.699483, -1.437328, 0.095226, 0.000000
0.276652, -0.392472, 38.596828, 2.542616, -1.435022, 0.094840, 0.000000
0.284662, -0.391119, 38.505422, 2.385564, -1.432566, 0.094443, 0.000000
0.292632, -0.389740, 38.411242, 2.228345, -1.429958, 0.094037, 0.000000
0.300616, -0.388332, 38.314297, 2.070973, -1.427200, 0.093620, 0.000000
0.308797, -0.386897, 38.214601, 1.913465, -1.424292, 0.093194, 0.000000
0.316810, -0.385435, 38.112165, 1.755836, -1.421234, 0.092759, 0.000000
0.324628, -0.383947, 38.007000, 1.598102, -1.418027, 0.092313, 0.000000
0.332937, -0.382431, 37.899120, 1.440280, -1.414670, 0.091858, 0.000000
0.340776, -0.380889, 37.788536, 1.282385, -1.411164, 0.091393, 0.000000
0.348809, -0.379320, 37.675261, 1.124433, -1.407510, 0.090919, 0.000000
0.356926, -0.377725, 37.559308, 0.966440, -1.403707, 0.090435, 0.000000
0.364937, -0.376104, 37.440690, 0.808422, -1.399757, 0.089942, 0.000000
0.372921, -0.374457, 37.319420, 0.650395, -1.395659, 0.089439, 0.000000
0.380945, -0.372784, 37.195511, 0.492375, -1.391415, 0.088927, 0.000000
0.389067, -0.371086, 37.068978, 0.334378, -1.387024, 0.088406, 0.000000
0.397087, -0.369362, 36.939833, 0.176419, -1.382487, 0.087875, 0.000000
0.405080, -0.367613, 36.808092, 0.018515, -1.377804, 0.087335, 0.000000
0.429212, -0.362217, 36.397424, -0.454710, -1.362888, 0.085661, 0.000000
0.437227, -0.360369, 36.255436, -0.612236, -1.357628, 0.085085, 0.000000
0.461372, -0.354680, 35.814381, -1.083946, -1.340992, 0.083303, 0.000000
0.469338, -0.352736, 35.662383, -1.240841, -1.335164, 0.082692, 0.000000
0.493355, -0.346765, 35.191668, -1.710275, -1.316836, 0.080806, 0.000000
0.501345, -0.344728, 35.029909, -1.866285, -1.310449, 0.080160, 0.000000
0.525574, -0.338483, 34.530294, -2.332686, -1.290460, 0.078173, 0.000000
0.533507, -0.336357, 34.359032, -2.487559, -1.283523, 0.077494, 0.000000
0.557486, -0.329848, 33.831307, -2.950175, -1.261905, 0.075408, 0.000000
0.565739, -0.327636, 33.650810, -3.103662, -1.254431, 0.074697, 0.000000
0.589833, -0.320874, 33.095795, -3.561746, -1.231219, 0.072516, 0.000000
0.597819, -0.318579, 32.906341, -3.713598, -1.223221, 0.071774, 0.000000
0.621905, -0.311573, 32.324886, -4.166413, -1.198453, 0.069503, 0.000000
0.629920, -0.309199, 32.126763, -4.316386, -1.189943, 0.068731, 0.000000
0.654059, -0.301961, 31.519742, -4.763200, -1.163659, 0.066372, 0.000000
0.662105, -0.299511, 31.313246, -4.911052, -1.154651, 0.065571, 0.000000
0.686088, -0.292052, 30.681561, -5.351145, -1.126895, 0.063128, 0.000000
0.694085, -0.289530, 30.466998, -5.496638, -1.117403, 0.062301, 0.000000
0.718247, -0.281859, 29.811575, -5.929299, -1.088221, 0.059778, 0.000000
0.726213, -0.279269, 29.589255, -6.072199, -1.078261, 0.058925, 0.000000
0.750205, -0.271399, 28.911043, -6.496732, -1.047698, 0.056326, 0.000000
0.758346, -0.268744, 28.681288, -6.636807, -1.037287, 0.055448, 0.000000
0.782349, -0.260686, 27.981257, -7.052526, -1.005394, 0.052779, 0.000000
0.790516, -0.257970, 27.744393, -7.189551, -0.994548, 0.051878, 0.000000
0.814557, -0.249735, 27.023534, -7.595788, -0.961378, 0.049141, 0.000000
0.822515, -0.246962, 26.779895, -7.729542, -0.950115, 0.048218, 0.000000
0.846695, -0.238562, 26.039216, -8.125640, -0.915720, 0.045419, 0.000000
0.854676, -0.235736, 25.789141, -8.255907, -0.904058, 0.044476, 0.000000
0.878832, -0.227183, 25.029671, -8.641229, -0.868496, 0.041619, 0.000000
0.886826, -0.224307, 24.773505, -8.767800, -0.856454, 0.040657, 0.000000
0.910829, -0.215612, 23.996284, -9.141724, -0.819782, 0.037746, 0.000000
0.918805, -0.212692, 23.734377, -9.264394, -0.807380, 0.036768, 0.000000
0.942951, -0.203866, 22.940463, -9.626317, -0.769657, 0.033808, 0.000000
0.950953, -0.200905, 22.673169, -9.744889, -0.756915, 0.032814, 0.000000
0.975086, -0.191962, 21.863632, -10.094229, -0.718202, 0.029811, 0.000000
0.983133, -0.188962, 21.591310, -10.208512, -0.705141, 0.028803, 0.000000
1.007246, -0.179913, 20.767230, -10.544706, -0.665502, 0.025761, 0.000000
1.015249, -0.176881, 20.490242, -10.654515, -0.652143, 0.024741, 0.000000
1.039241, -0.167738, 19.652710, -10.977021, -0.611642, 0.021664, 0.000000
1.047413, -0.164676, 19.371420, -11.082180, -0.598006, 0.020634, 0.000000
1.071398, -0.155451, 18.521536, -11.390479, -0.556710, 0.017528, 0.000000
1.079515, -0.152364, 18.236313, -11.490818, -0.542819, 0.016489, 0.000000
1.103546, -0.143069, 17.375182, -11.784413, -0.500794, 0.013359, 0.000000
1.111548, -0.139960, 17.086395, -11.879771, -0.486672, 0.012312, 0.000000
1.135707, -0.130608, 16.215128, -12.158190, -0.443985, 0.009163, 0.000000
1.143681, -0.127482, 15.923149, -12.248413, -0.429654, 0.008111, 0.000000
1.167965, -0.118083, 15.042862, -12.511207, -0.386376, 0.004949, 0.000000
1.175823, -0.114944, 14.748062, -12.596151, -0.371860, 0.003893, 0.000000
1.199857, -0.105511, 13.859874, -12.842897, -0.328061, 0.000721, 0.000000
1.207956, -0.102363, 13.562626, -12.922424, -0.313382, -0.000337, 0.000000
1.232125, -0.092908, 12.667655, -13.152727, -0.269133, -0.003512, 0.000000
1.239952, -0.089754, 12.368332, -13.226709, -0.254316, -0.004570, 0.000000
1.264113, -0.080288, 11.467695, -13.440197, -0.209689, -0.007744, 0.000000
1.271881, -0.077133, 11.166671, -13.508517, -0.194758, -0.008801, 0.000000
1.296276, -0.067669, 10.261486, -13.704847, -0.149824, -0.011967, 0.000000
1.304250, -0.064516, 9.959130, -13.767393, -0.134804, -0.013021, 0.000000
1.328440, -0.055065, 9.050509, -13.946250, -0.089637, -0.016176, 0.000000
1.336401, -0.051918, 8.747194, -14.002922, -0.074551, -0.017226, 0.000000
1.360432, -0.042491, 7.836246, -14.164020, -0.029225, -0.020364, 0.000000
1.368548, -0.039354, 7.532339, -14.214727, -0.014098, -0.021406, 0.000000
1.392587, -0.029963, 6.620165, -14.357806, 0.031315, -0.024523, 0.000000
1.400555, -0.026840, 6.316033, -14.402468, 0.046458, -0.025557, 0.000000
1.424712, -0.017496, 5.403729, -14.527298, 0.091883, -0.028646, 0.000000
1.432695, -0.014390, 5.099735, -14.565843, 0.107019, -0.029671, 0.000000
1.456832, -0.005104, 4.188386, -14.672226, 0.152383, -0.032728, 0.000000
1.464855, -0.002019, 3.884890, -14.704591, 0.167485, -0.033741, 0.000000
1.488829, 0.007198, 2.975573, -14.792357, 0.212714, -0.036761, 0.000000
1.496867, 0.010258, 2.672932, -14.818492, 0.227760, -0.037761, 0.000000
1.520993, 0.019396, 1.766710, -14.887500, 0.272781, -0.040739, 0.000000
1.528835, 0.022428, 1.465276, -14.907362, 0.287745, -0.041725, 0.000000
1.552979, 0.031476, 0.563202, -14.957503, 0.332484, -0.044656, 0.000000
1.561122, 0.034476, 0.263324, -14.971062, 0.347342, -0.045625, 0.000000
1.585169, 0.043424, -0.633566, -15.002257, 0.391728, -0.048505, 0.000000
1.593153, 0.046389, -0.931544, -15.009492, 0.406456, -0.049456, 0.000000
1.617286, 0.055227, -1.822227, -15.021692, 0.450417, -0.052280, 0.000000
1.625274, 0.058153, -2.117967, -15.022590, 0.464991, -0.053211, 0.000000
1.649300, 0.066871, -3.001437, -15.015779, 0.508454, -0.055974, 0.000000
1.657547, 0.069756, -3.294607, -15.010341, 0.522850, -0.056885, 0.000000
1.681570, 0.078345, -4.169875, -14.984530, 0.565746, -0.059583, 0.000000
1.689601, 0.081185, -4.460148, -14.972765, 0.579941, -0.060471, 0.000000
1.713580, 0.089635, -5.326244, -14.927999, 0.622199, -0.063099, 0.000000
1.721724, 0.092427, -5.613301, -14.909926, 0.636171, -0.063963, 0.000000
1.745755, 0.100729, -6.469273, -14.846279, 0.677723, -0.066517, 0.000000
1.753866, 0.103470, -6.752800, -14.821929, 0.691448, -0.067356, 0.000000
1.777854, 0.111615, -7.597720, -14.739506, 0.732227, -0.069833, 0.000000
1.785863, 0.114303, -7.877410, -14.708918, 0.745684, -0.070645, 0.000000
1.810048, 0.122283, -8.710369, -14.607856, 0.785623, -0.073039, 0.000000
1.817865, 0.124915, -8.985923, -14.571080, 0.798789, -0.073823, 0.000000
1.842153, 0.132721, -9.806036, -14.451542, 0.837824, -0.076132, 0.000000
1.849989, 0.135294, -10.077163, -14.408639, 0.850677, -0.076887, 0.000000
1.874354, 0.142919, -10.883567, -14.270822, 0.888745, -0.079106, 0.000000
1.882299, 0.145430, -11.149984, -14.221862, 0.901266, -0.079830, 0.000000
1.906409, 0.152866, -11.941841, -14.065989, 0.938304, -0.081956, 0.000000
1.914264, 0.155313, -12.203273, -14.011052, 0.950471, -0.082648, 0.000000
1.938463, 0.162553, -12.979772, -13.837379, 0.986419, -0.084678, 0.000000
1.946449, 0.164933, -13.235951, -13.776554, 0.998214, -0.085337, 0.000000
1.970604, 0.171971, -13.996305, -13.585363, 1.033014, -0.087266, 0.000000
1.978602, 0.174282, -14.246975, -13.518749, 1.044416, -0.087892, 0.000000
2.002793, 0.181110, -14.990423, -13.310351, 1.078012, -0.089718, 0.000000
2.010579, 0.183350, -15.235335, -13.238056, 1.089003, -0.090310, 0.000000
2.034740, 0.189962, -15.961146, -13.012791, 1.121340, -0.092030, 0.000000
2.042739, 0.192129, -16.200059, -12.934934, 1.131903, -0.092585, 0.000000
2.066915, 0.198519, -16.907529, -12.693167, 1.162928, -0.094196, 0.000000
2.074848, 0.200612, -17.140214, -12.609873, 1.173045, -0.094714, 0.000000
2.099043, 0.206774, -17.828667, -12.351998, 1.202708, -0.096214, 0.000000
2.107014, 0.208790, -18.054905, -12.263403, 1.212363, -0.096695, 0.000000
2.131184, 0.214720, -18.723694, -11.989838, 1.240615, -0.098080, 0.000000
2.138772, 0.216657, -18.943273, -11.896087, 1.249792, -0.098523, 0.000000
2.163174, 0.222349, -19.591782, -11.607277, 1.276589, -0.099792, 0.000000
2.171325, 0.224206, -19.804502, -11.508520, 1.285273, -0.100196, 0.000000
2.195312, 0.229656, -20.432146, -11.204934, 1.310569, -0.101347, 0.000000
2.203446, 0.231432, -20.637817, -11.101334, 1.318746, -0.101711, 0.000000
2.227418, 0.236635, -21.244040, -10.783465, 1.342502, -0.102742, 0.000000
2.235573, 0.238328, -21.442481, -10.675188, 1.350158, -0.103065, 0.000000
2.259634, 0.243282, -22.026758, -10.343552, 1.372334, -0.103975, 0.000000
2.267566, 0.244891, -22.217801, -10.230775, 1.379458, -0.104257, 0.000000
2.291573, 0.249590, -22.779640, -9.885910, 1.400017, -0.105043, 0.000000
2.299698, 0.251114, -22.963125, -9.768816, 1.406597, -0.105284, 0.000000
2.323748, 0.255557, -23.502064, -9.411282, 1.425507, -0.105946, 0.000000
2.331749, 0.256995, -23.677842, -9.290060, 1.431532, -0.106145, 0.000000
2.356036, 0.261178, -24.193453, -8.920437, 1.448761, -0.106681, 0.000000
2.363909, 0.262529, -24.361387, -8.795285, 1.454221, -0.106838, 0.000000
2.388048, 0.266450, -24.853272, -8.414173, 1.469742, -0.107247, 0.000000
2.396036, 0.267714, -25.013235, -8.285294, 1.474628, -0.107362, 0.000000
2.420055, 0.271371, -25.481029, -7.893311, 1.488415, -0.107644, 0.000000
2.428189, 0.272546, -25.632905, -7.760913, 1.492719, -0.107717, 0.000000
2.452350, 0.275938, -26.076275, -7.358696, 1.504749, -0.107871, 0.000000
2.460312, 0.277024, -26.219959, -7.222995, 1.508464, -0.107901, 0.000000
2.484352, 0.280149, -26.638606, -6.811195, 1.518718, -0.107927, 0.000000
2.492460, 0.281146, -26.774003, -6.672410, 1.521838, -0.107914, 0.000000
2.516496, 0.284003, -27.167660, -6.251697, 1.530298, -0.107812, 0.000000
2.524461, 0.284910, -27.294685, -6.110053, 1.532818, -0.107757, 0.000000
2.548502, 0.287499, -27.663116, -5.681108, 1.539471, -0.107527, 0.000000
2.556606, 0.288317, -27.781698, -5.536836, 1.541387, -0.107429, 0.000000
2.580789, 0.290636, -28.124701, -5.100355, 1.546222, -0.107072, 0.000000
2.588780, 0.291365, -28.234776, -4.953689, 1.547529, -0.106931, 0.000000
2.612787, 0.293416, -28.552181, -4.510380, 1.550538, -0.106447, 0.000000
2.620767, 0.294055, -28.653699, -4.361557, 1.551235, -0.106264, 0.000000
2.644920, 0.295838, -28.945366, -3.912139, 1.552412, -0.105654, 0.000000
2.652910, 0.296387, -29.038286, -3.761401, 1.552499, -0.105429, 0.000000
2.677060, 0.297903, -29.304110, -3.306603, 1.551841, -0.104693, 0.000000
2.685068, 0.298363, -29.388401, -3.154194, 1.551316, -0.104427, 0.000000
2.709199, 0.299613, -29.628308, -2.694754, 1.548826, -0.103567, 0.000000
2.717209, 0.299985, -29.703951, -2.540921, 1.547690, -0.103260, 0.000000
2.741209, 0.436877, -34.068811, -2.982516, 1.614343, -0.107376, 0.000003
2.749351, 0.427616, -34.126642, -2.840714, 1.611795, -0.106984, 0.000003
2.773315, 0.400235, -34.284244, -2.422931, 1.603475, -0.105778, 0.000003
2.781476, 0.391251, -34.331705, -2.286285, 1.600492, -0.105367, 0.000003
2.805498, 0.364759, -34.459784, -1.884477, 1.590980, -0.104111, 0.000003
2.813492, 0.356088, -34.497924, -1.753313, 1.587637, -0.103686, 0.000003
2.837488, 0.330586, -34.599568, -1.368367, 1.577152, -0.102395, 0.000003
2.845671, 0.322260, -34.629395, -1.242951, 1.573520, -0.101960, 0.000003
2.869825, 0.297831, -34.707558, -0.875587, 1.562271, -0.100649, 0.000003
2.877782, 0.289876, -34.730034, -0.756133, 1.558418, -0.100210, 0.000003
2.901766, 0.266587, -34.787530, -0.406918, 1.546603, -0.098892, 0.000003
2.909816, 0.259020, -34.803569, -0.293593, 1.542593, -0.098454, 0.000003
2.933947, 0.236923, -34.843066, 0.037038, 1.530399, -0.097141, 0.000003
2.941892, 0.229761, -34.853533, 0.144111, 1.526292, -0.096706, 0.000003
2.966072, 0.208895, -34.877549, 0.455844, 1.513895, -0.095412, 0.000003
2.974103, 0.202148, -34.883258, 0.556577, 1.509748, -0.094984, 0.000003
2.998068, 0.182541, -34.894161, 0.849198, 1.497309, -0.093718, 0.000003
3.006187, 0.176218, -34.895874, 0.943536, 1.493175, -0.093301, 0.000003
3.030231, 0.157889, -34.895877, 1.216921, 1.480848, -0.092073, 0.000003
3.038185, 0.151993, -34.894309, 1.304836, 1.476774, -0.091671, 0.000003
3.062332, 0.134953, -34.885472, 1.558935, 1.464699, -0.090489, 0.000003
3.070495, 0.129488, -34.881282, 1.640420, 1.460732, -0.090105, 0.000003
3.094531, 0.113740, -34.865513, 1.875242, 1.449038, -0.088979, 0.000003
3.102499, 0.108706, -34.859312, 1.950310, 1.445218, -0.088614, 0.000003
3.126533, 0.094251, -34.838367, 2.165915, 1.434023, -0.087550, 0.000003
3.134503, 0.089647, -34.830715, 2.234592, 1.430387, -0.087207, 0.000003
3.158639, 0.076478, -34.806199, 2.431077, 1.419799, -0.086214, 0.000003
3.166792, 0.072302, -34.797608, 2.493399, 1.416382, -0.085895, 0.000003
3.190808, 0.060413, -34.770980, 2.670886, 1.406497, -0.084977, 0.000003
3.198784, 0.056662, -34.761910, 2.726899, 1.403329, -0.084684, 0.000003
3.222813, 0.046041, -34.734481, 2.885529, 1.394233, -0.083847, 0.000003
3.230817, 0.042711, -34.725347, 2.935281, 1.391342, -0.083582, 0.000003
3.255066, 0.033349, -34.698287, 3.075203, 1.383112, -0.082830, 0.000003
3.263092, 0.030437, -34.689453, 3.118744, 1.380521, -0.082595, 0.000003
3.287096, 0.022321, -34.663790, 3.240108, 1.373224, -0.081932, 0.000003
3.295089, 0.019822, -34.655576, 3.277487, 1.370954, -0.081727, 0.000003
3.319226, 0.012942, -34.632198, 3.380439, 1.364648, -0.081158, 0.000003
3.327230, 0.010853, -34.624879, 3.411703, 1.362716, -0.080984, 0.000003
3.351232, 0.005197, -34.604538, 3.496374, 1.357448, -0.080511, 0.000003
3.359168, 0.003515, -34.598340, 3.521565, 1.355870, -0.080369, 0.000003
3.383388, -0.000926, -34.581654, 3.588072, 1.351681, -0.079994, 0.000003
3.391523, -0.002205, -34.576762, 3.607226, 1.350468, -0.079886, 0.000003
3.415494, -0.005438, -34.564214, 3.655666, 1.347388, -0.079611, 0.000003
3.423664, -0.006315, -34.560766, 3.668811, 1.346549, -0.079536, 0.000003
3.447682, -0.008347, -34.552709, 3.699256, 1.344600, -0.079362, 0.000003
3.455804, -0.008824, -34.550801, 3.706411, 1.344141, -0.079321, 0.000003
3.479808, -0.009658, -34.547456, 3.718909, 1.343339, -0.079250, 0.000003
3.487805, -0.009736, -34.547140, 3.720086, 1.343263, -0.079243, 0.000003
3.511923, 0.225304, -30.942442, 1.134783, 1.083995, -0.185049, 0.000043
3.519933, 0.225302, -30.947320, 1.130148, 1.084478, -0.185129, 0.000043
3.543923, 0.225293, -30.971080, 1.107577, 1.086826, -0.185520, 0.000043
3.552055, 0.225290, -30.982048, 1.097160, 1.087906, -0.185700, 0.000043
3.576280, 0.225286, -31.024130, 1.057210, 1.092027, -0.186392, 0.000043
3.584286, 0.225287, -31.041226, 1.040987, 1.093690, -0.186673, 0.000043
3.608417, 0.225303, -31.101773, 0.983566, 1.099534, -0.187668, 0.000043
3.616405, 0.225314, -31.125055, 0.961500, 1.101761, -0.188051, 0.000043
3.640421, 0.225376, -31.204269, 0.886479, 1.109257, -0.189352, 0.000043
3.648384, 0.225407, -31.233814, 0.858520, 1.112020, -0.189837, 0.000043
3.672421, 0.225547, -31.331956, 0.765734, 1.121073, -0.191446, 0.000043
3.680528, 0.225611, -31.367862, 0.731821, 1.124338, -0.192035, 0.000043
3.704708, 0.225870, -31.485250, 0.621069, 1.134832, -0.193957, 0.000043
3.712530, 0.225982, -31.527630, 0.581130, 1.138554, -0.194650, 0.000043
3.736686, 0.226411, -31.664634, 0.452180, 1.150348, -0.196887, 0.000043
3.744677, 0.226589, -31.713620, 0.406134, 1.154476, -0.197686, 0.000043
3.768811, 0.227247, -31.870659, 0.258728, 1.167403, -0.200241, 0.000043
3.776806, 0.227513, -31.926399, 0.206484, 1.171879, -0.201146, 0.000043
3.800847, 0.228471, -32.103936, 0.040339, 1.185747, -0.204020, 0.000043
3.808981, 0.228850, -32.166590, -0.018200, 1.190501, -0.205032, 0.000043
3.833113, 0.230189, -32.365126, -0.203384, 1.205090, -0.208225, 0.000043
3.840987, 0.230710, -32.434867, -0.268322, 1.210045, -0.209342, 0.000043
3.865145, 0.232523, -32.654935, -0.472858, 1.225110, -0.212851, 0.000043
3.873089, 0.233219, -32.731945, -0.544300, 1.230179, -0.214072, 0.000043
3.897291, 0.235612, -32.974102, -0.768507, 1.245443, -0.217891, 0.000043
3.905272, 0.236520, -33.058569, -0.846559, 1.250529, -0.219214, 0.000043
3.929412, 0.239611, -33.323385, -1.090757, 1.265688, -0.223333, 0.000043
3.937417, 0.240773, -33.415501, -1.175524, 1.270685, -0.224754, 0.000043
3.961408, 0.244696, -33.703550, -1.440019, 1.285406, -0.229157, 0.000043
3.969550, 0.246159, -33.803506, -1.531601, 1.290197, -0.230670, 0.000043
3.993724, 0.251060, -34.115353, -1.816682, 1.304116, -0.235337, 0.000043
4.001644, 0.252876, -34.223333, -1.915171, 1.308576, -0.236934, 0.000043
4.025532, 0.258917, -34.559521, -2.221096, 1.321302, -0.241837, 0.000043
4.033808, 0.261141, -34.675701, -2.326572, 1.325296, -0.243507, 0.000043
4.057948, 0.268499, -35.036732, -2.653558, 1.336408, -0.248611, 0.000043
4.065827, 0.271193, -35.161271, -2.766085, 1.339791, -0.250340, 0.000043
4.089972, 0.280058, -35.547591, -3.114294, 1.348845, -0.255600, 0.000043
4.097963, 0.283288, -35.680626, -3.233913, 1.351464, -0.257372, 0.000043
4.122153, 0.293865, -36.092604, -3.603438, 1.357989, -0.262732, 0.000043
4.130107, 0.297701, -36.234241, -3.730169, 1.359686, -0.264528, 0.000043
4.154319, 0.310205, -36.672145, -4.121017, 1.363193, -0.269923, 0.000043
4.162146, 0.314721, -36.822455, -4.254845, 1.363799, -0.271718, 0.000043
4.186301, 0.329379, -37.286427, -4.666924, 1.363782, -0.277070, 0.000043
4.194272, 0.334652, -37.445432, -4.807800, 1.363128, -0.278836, 0.000043
4.218462, 0.351696, -37.935461, -5.240896, 1.359070, -0.284054, 0.000043
4.226464, 0.357804, -38.103130, -5.388726, 1.356982, -0.285759, 0.000043
4.250587, 0.121012, -37.759466, -2.315214, 1.564618, -0.181535, 0.000000
4.258544, 0.123913, -37.901577, -2.462125, 1.559826, -0.182871, 0.000000
4.282721, 0.132638, -38.327756, -2.903124, 1.543224, -0.186585, 0.000000
4.290712, 0.135551, -38.469717, -3.050169, 1.536952, -0.187722, 0.000000
4.314736, 0.144294, -38.895105, -3.491254, 1.515953, -0.190815, 0.000000
4.322864, 0.147208, -39.036687, -3.638221, 1.508232, -0.191737, 0.000000
4.346899, 0.155936, -39.460592, -4.078747, 1.482935, -0.194165, 0.000000
4.354841, 0.158839, -39.601564, -4.225419, 1.473799, -0.194859, 0.000000
4.379017, 0.167517, -40.023287, -4.664732, 1.444319, -0.196583, 0.000000
4.386980, 0.170397, -40.163415, -4.810889, 1.433810, -0.197036, 0.000000
4.411149, 0.178988, -40.582249, -5.248326, 1.400277, -0.198020, 0.000000
4.419164, 0.181833, -40.721294, -5.393746, 1.388441, -0.198221, 0.000000
4.443296, 0.190302, -41.136526, -5.828636, 1.351003, -0.198433, 0.000000
4.451171, 0.193100, -41.274251, -5.973094, 1.337892, -0.198373, 0.000000
4.475425, 0.201408, -41.685162, -6.404759, 1.296709, -0.197788, 0.000000
4.483462, 0.204146, -41.821328, -6.548030, 1.282378, -0.197458, 0.000000
4.507445, 0.212256, -42.227198, -6.975788, 1.237625, -0.196055, 0.000000
4.515576, 0.214922, -42.361563, -7.117641, 1.222134, -0.195448, 0.000000
4.539600, 0.222796, -42.761670, -7.540807, 1.173999, -0.193210, 0.000000
4.547553, 0.225378, -42.893994, -7.681016, 1.157414, -0.192323, 0.000000
4.571584, 0.232980, -43.287617, -8.098901, 1.106097, -0.189238, 0.000000
4.579760, 0.235464, -43.417658, -8.237235, 1.088486, -0.188068, 0.000000
4.603913, 0.242756, -43.804076, -8.649153, 1.034198, -0.184131, 0.000000
4.611761, 0.245131, -43.931596, -8.785383, 1.015633, -0.182676, 0.000000
4.635913, 0.252078, -44.310092, -9.190645, 0.958596, -0.177887, 0.000000
4.643891, 0.254332, -44.434853, -9.324542, 0.939153, -0.176149, 0.000000
4.668017, 0.260898, -44.804716, -9.722466, 0.879599, -0.170512, 0.000000
4.676028, 0.263020, -44.926481, -9.853803, 0.859356, -0.168493, 0.000000
4.700177, 0.269171, -45.287006, -10.243707, 0.797524, -0.162021, 0.000000
4.708166, 0.271149, -45.405542, -10.372258, 0.776562, -0.159726, 0.000000
4.732303, 0.276854, -45.756032, -10.753468, 0.712700, -0.152434, 0.000000
4.740303, 0.278678, -45.871108, -10.879010, 0.691104, -0.149869, 0.000000
4.764466, 0.283905, -46.210877, -11.250859, 0.625465, -0.141779, 0.000000
4.772308, 0.285564, -46.322267, -11.373171, 0.603320, -0.138953, 0.000000
4.796604, 0.290285, -46.650640, -11.735000, 0.536163, -0.130093, 0.000000
4.804545, 0.291771, -46.758120, -11.853863, 0.513556, -0.127015, 0.000000
4.828609, 0.295959, -47.074435, -12.205026, 0.445146, -0.117419, 0.000000
4.836581, 0.297264, -47.177787, -12.320226, 0.422165, -0.114101, 0.000000
4.860764, 0.300894, -47.481398, -12.660086, 0.352769, -0.103806, 0.000000
4.868738, 0.302009, -47.580409, -12.771415, 0.329505, -0.100262, 0.000000
4.892921, 0.305060, -47.870685, -13.099348, 0.259392, -0.089311, 0.000000
4.900760, 0.305978, -47.965149, -13.206600, 0.235934, -0.085556, 0.000000
4.924921, 0.308430, -48.241477, -13.522001, 0.165375, -0.073996, 0.000000
4.932864, 0.309146, -48.331191, -13.624976, 0.141814, -0.070048, 0.000000
4.957043, 0.310984, -48.592978, -13.927253, 0.071081, -0.057932, 0.000000
4.965026, 0.311492, -48.677749, -14.025756, 0.047506, -0.053807, 0.000000
4.989210, 0.312701, -48.924423, -14.314336, -0.023131, -0.041192, 0.000000
4.997192, 0.312998, -49.004063, -14.408181, -0.046629, -0.036911, 0.000000
5.021350, 0.313568, -49.235073, -14.682510, -0.116901, -0.023857, 0.000000
5.029205, 0.313651, -49.309403, -14.771514, -0.140233, -0.019440, 0.000000
5.053476, 0.313575, -49.524223, -15.031059, -0.209874, -0.006011, 0.000000
5.061485, 0.313442, -49.593071, -15.115050, -0.232952, -0.001480, 0.000000
5.085457, 0.312716, -49.791198, -15.359300, -0.301700, 0.012257, 0.000000
5.093587, 0.312366, -49.854402, -15.438109, -0.324437, 0.016879, 0.000000
5.117607, 0.310989, -50.035361, -15.666576, -0.392034, 0.030853, 0.000000
5.125632, 0.310422, -50.092765, -15.740045, -0.414345, 0.035543, 0.000000
5.149626, 0.308398, -50.256108, -15.952266, -0.480540, 0.049683, 0.000000
5.157702, 0.307615, -50.307569, -16.020246, -0.502342, 0.054415, 0.000000
5.181736, 0.304948, -50.452875, -16.215782, -0.566889, 0.068646, 0.000000
5.189901, 0.303953, -50.498257, -16.278131, -0.588101, 0.073396, 0.000000
5.213893, 0.300652, -50.625135, -16.456572, -0.650761, 0.087642, 0.000000
5.222022, 0.299448, -50.664314, -16.513157, -0.671306, 0.092385, 0.000000
5.246036, 0.295526, -50.772405, -16.674120, -0.731850, 0.106569, 0.000000
5.254176, 0.294117, -50.805265, -16.724819, -0.751652, 0.111278, 0.000000
5.278209, 0.289589, -50.894240, -16.867950, -0.809859, 0.125324, 0.000000
5.286339, 0.287981, -50.920677, -16.912649, -0.828846, 0.129974, 0.000000
5.310322, 0.282866, -50.990240, -17.037623, -0.884503, 0.143803, 0.000000
5.318302, 0.281065, -51.010160, -17.076219, -0.902607, 0.148367, 0.000000
5.342455, 0.275383, -51.060048, -17.182743, -0.955515, 0.161903, 0.000000
5.350465, 0.273398, -51.073370, -17.215144, -0.972670, 0.166356, 0.000000
5.374507, 0.267174, -51.103353, -17.302954, -1.022639, 0.179522, 0.000000
5.382654, 0.265012, -51.110006, -17.329078, -1.038784, 0.183839, 0.000000
5.406663, 0.258272, -51.119889, -17.397945, -1.085635, 0.196559, 0.000000
5.414647, 0.255943, -51.119814, -17.417720, -1.100713, 0.200716, 0.000000
5.438777, 0.248716, -51.109437, -17.467447, -1.144281, 0.212918, 0.000000
5.446785, 0.246230, -51.102586, -17.480812, -1.158239, 0.216890, 0.000000
5.470786, 0.238547, -51.071825, -17.511235, -1.198371, 0.228502, 0.000000
5.478914, 0.235914, -51.058163, -17.518143, -1.211160, 0.232266, 0.000000
5.503047, 0.227810, -51.006928, -17.529132, -1.247717, 0.243220, 0.000000
5.510910, 0.225042, -50.986431, -17.529543, -1.259292, 0.246754, 0.000000
5.535090, 0.216549, -50.914671, -17.521002, -1.292148, 0.256984, 0.000000
5.543075, 0.213658, -50.887328, -17.514892, -1.302470, 0.260267, 0.000000
5.567207, 0.204814, -50.795026, -17.486759, -1.331514, 0.269712, 0.000000
5.575206, 0.201812, -50.760837, -17.474113, -1.340548, 0.272723, 0.000000
5.599379, 0.192655, -50.648015, -17.426363, -1.365682, 0.281326, 0.000000
5.607378, 0.189555, -50.606993, -17.407178, -1.373398, 0.284047, 0.000000
5.631510, 0.180123, -50.473707, -17.339820, -1.394540, 0.291754, 0.000000
5.639522, 0.176938, -50.425878, -17.314104, -1.400914, 0.294168, 0.000000
5.663487, 0.167270, -50.272222, -17.227182, -1.417996, 0.300930, 0.000000
5.671628, 0.164013, -50.217623, -17.194957, -1.423007, 0.303021, 0.000000
5.695653, 0.154150, -50.043728, -17.088551, -1.435977, 0.308794, 0.000000
5.703801, -0.583035, -47.265233, -13.178151, -1.128492, 0.393743, -0.000043
5.727804, -0.606297, -47.036355, -13.048378, -1.138246, 0.398571, -0.000043
5.735807, -0.613566, -46.959683, -13.003125, -1.140745, 0.399972, -0.000043
5.759947, -0.633974, -46.729088, -12.862095, -1.146133, 0.403585, -0.000043
5.767909, -0.640323, -46.652158, -12.813495, -1.147263, 0.404600, -0.000043
5.792081, -0.658073, -46.421690, -12.663607, -1.148803, 0.407110, -0.000043
5.800075, -0.663570, -46.345092, -12.612439, -1.148735, 0.407777, -0.000043
5.824078, -0.678869, -46.116452, -12.455968, -1.146932, 0.409300, -0.000043
5.832198, -0.683585, -46.040732, -12.402971, -1.145832, 0.409657, -0.000043
5.856230, -0.696647, -45.815487, -12.242066, -1.141175, 0.410309, -0.000043
5.864387, -0.700654, -45.741144, -12.187934, -1.139203, 0.410395, -0.000043
5.888395, -0.711693, -45.520730, -12.024616, -1.132160, 0.410293, -0.000043
5.896371, -0.715061, -45.448221, -11.970001, -1.129468, 0.410147, -0.000043
5.920534, -0.724289, -45.233949, -11.806159, -1.120484, 0.409405, -0.000043
5.928511, -0.727088, -45.163692, -11.751668, -1.117215, 0.409063, -0.000043
5.952535, -0.734711, -44.956755, -11.589058, -1.106708, 0.407790, -0.000043
5.960522, -0.737007, -44.889128, -11.535256, -1.102998, 0.407290, -0.000043
5.984666, -0.743220, -44.690606, -11.375505, -1.091359, 0.405592, -0.000043
5.992650, -0.745077, -44.625952, -11.322911, -1.087334, 0.404966, -0.000043
6.016827, -0.750064, -44.436819, -11.167517, -1.074926, 0.402941, -0.000043
6.024820, -0.751543, -44.375446, -11.116610, -1.070703, 0.402223, -0.000043
6.048824, -0.755478, -44.196580, -10.966945, -1.057861, 0.399965, -0.000043
6.056936, -0.756633, -44.138764, -10.918162, -1.053546, 0.399183, -0.000043
6.080970, -0.759675, -43.970949, -10.775475, -1.040577, 0.396777, -0.000043
6.088950, -0.760558, -43.916936, -10.729213, -1.036267, 0.395960, -0.000043
6.113097, -0.762854, -43.760868, -10.594637, -1.023451, 0.393486, -0.000043
6.121239, -0.763510, -43.710878, -10.551253, -1.019234, 0.392658, -0.000043
6.145250, -0.765192, -43.567174, -10.425806, -1.006820, 0.390187, -0.000043
6.153247, -0.765665, -43.521399, -10.385621, -1.002776, 0.389372, -0.000043
6.177407, -0.766852, -43.390601, -10.270211, -0.990989, 0.386969, -0.000043
6.185398, -0.767178, -43.349211, -10.233510, -0.987188, 0.386186, -0.000043
6.209394, -0.767976, -43.231792, -10.128939, -0.976226, 0.383909, -0.000043
6.217536, -0.768189, -43.194932, -10.095973, -0.972730, 0.383177, -0.000043
6.241523, -0.768691, -43.091301, -10.002943, -0.962766, 0.381075, -0.000043
6.249517, -0.768818, -43.059097, -9.973930, -0.959629, 0.380409, -0.000043
6.273501, -0.769104, -42.969599, -9.893045, -0.950813, 0.378527, -0.000043
6.281833, -0.769171, -42.942158, -9.868170, -0.948081, 0.377941, -0.000043
6.305836, -0.769307, -42.867084, -9.799942, -0.940539, 0.376316, -0.000043
6.313818, -0.769335, -42.844493, -9.779360, -0.938250, 0.375821, -0.000043
6.337955, -0.769378, -42.784081, -9.724210, -0.932085, 0.374482, -0.000043
6.345989, -0.769382, -42.766411, -9.708047, -0.930270, 0.374087, -0.000043
6.369965, -0.769376, -42.720847, -9.666307, -0.925565, 0.373060, -0.000043
6.378138, -0.769370, -42.708151, -9.654661, -0.924248, 0.372772, -0.000043
6.402297, -0.769347, -42.677573, -9.626581, -0.921064, 0.372075, -0.000043
6.410123, -0.769340, -42.669890, -9.619519, -0.920262, 0.371899, -0.000043
6.434299, -0.769323, -42.654390, -9.605264, -0.918640, 0.371543, -0.000043
6.442225, -0.769320, -42.651743, -9.602829, -0.918363, 0.371482, -0.000043
6.466370, 2.127985, -54.205557, -17.559431, -1.486187, 0.350168, -0.000013
6.474393, 2.127624, -54.199078, -17.556518, -1.485969, 0.350120, -0.000013
6.498580, 2.125395, -54.159145, -17.538567, -1.484625, 0.349827, -0.000013
6.506529, 2.124266, -54.138980, -17.529503, -1.483946, 0.349678, -0.000013
6.530574, 2.119705, -54.057794, -17.493009, -1.481211, 0.349081, -0.000013
6.538530, 2.117786, -54.023792, -17.477726, -1.480065, 0.348831, -0.000013
6.562698, 2.110804, -53.900740, -17.422420, -1.475915, 0.347925, -0.000013
6.570867, 2.108058, -53.852645, -17.400805, -1.474292, 0.347570, -0.000013
6.594848, 2.098524, -53.686812, -17.326284, -1.468689, 0.346346, -0.000013
6.602865, 2.094901, -53.624268, -17.298181, -1.466573, 0.345883, -0.000013
6.627014, 2.082650, -53.414437, -17.203910, -1.459468, 0.344329, -0.000013
6.634972, 2.078092, -53.336990, -17.169120, -1.456843, 0.343755, -0.000013
6.659143, 2.062933, -53.081653, -17.054442, -1.448175, 0.341858, -0.000013
6.667088, 2.057371, -52.988752, -17.012726, -1.445016, 0.341167, -0.000013
6.691143, 2.039097, -52.686120, -16.876865, -1.434712, 0.338910, -0.000013
6.699139, 2.032462, -52.577123, -16.827946, -1.430996, 0.338095, -0.000013
6.723286, 2.010862, -52.225136, -16.670017, -1.418973, 0.335459, -0.000013
6.731243, 2.003084, -52.099314, -16.613582, -1.414668, 0.334514, -0.000013
6.755433, 1.977959, -51.695658, -16.432600, -1.400834, 0.331478, -0.000013
6.763441, 1.968975, -51.552199, -16.368306, -1.395909, 0.330396, -0.000013
6.787569, 1.940153, -51.094322, -16.163199, -1.380161, 0.326935, -0.000013
6.795614, 1.929914, -50.932339, -16.090675, -1.374580, 0.325707, -0.000013
6.819534, 1.897273, -50.417475, -15.860297, -1.356808, 0.321796, -0.000013
6.827771, 1.885748, -50.236011, -15.779151, -1.350533, 0.320415, -0.000013
6.851718, 1.849233, -49.661199, -15.522299, -1.330620, 0.316026, -0.000013
6.859741, 1.836418, -49.459239, -15.432123, -1.323612, 0.314481, -0.000013
6.883891, 1.796067, -48.821356, -15.147555, -1.301436, 0.309587, -0.000013
6.891868, 1.781992, -48.597835, -15.047930, -1.293652, 0.307868, -0.000013
6.916022, 1.737959, -47.893621, -14.734387, -1.269087, 0.302439, -0.000013
6.923990, 1.722698, -47.647434, -14.624894, -1.260486, 0.300536, -0.000013
6.948031, 1.675278, -46.873536, -14.281122, -1.233404, 0.294541, -0.000013
6.956148, 1.658957, -46.603553, -14.161349, -1.223942, 0.292444, -0.000013
6.980148, 1.608610, -45.756556, -13.786130, -1.194216, 0.285853, -0.000013
6.988131, 1.591411, -45.461636, -13.655678, -1.183851, 0.283553, -0.000013
7.012155, 1.538787, -44.538117, -13.247857, -1.151354, 0.276335, -0.000013
7.020294, 1.520962, -44.217122, -13.106356, -1.140046, 0.273821, -0.000013
7.044314, 1.466919, -43.213693, -12.664876, -1.104660, 0.265947, -0.000013
7.052434, 1.448791, -42.865508, -12.511994, -1.092369, 0.263210, -0.000013
7.076461, 1.394413, -41.778880, -12.035934, -1.053982, 0.254653, -0.000013
7.084611, 1.376381, -41.402429, -11.871390, -1.040674, 0.251683, -0.000013
7.108618, 1.322989, -40.229466, -11.360001, -0.999185, 0.242417, -0.000013
7.116558, 1.305533, -39.823739, -11.183582, -0.984828, 0.239207, -0.000013
7.140759, 1.254682, -38.561531, -10.636337, -0.940154, 0.229210, -0.000013
7.148671, 1.238360, -38.125604, -10.447909, -0.924723, 0.225754, -0.000013
7.172899, 1.191835, -36.771538, -9.864548, -0.876799, 0.215007, -0.000013
7.180471, 1.177278, -36.304599, -9.664074, -0.860276, 0.211298, -0.000013
7.205025, 1.137068, -34.856440, -9.044656, -0.809059, 0.199788, -0.000013
7.213003, -0.644312, -25.687460, -4.804194, -0.543877, 0.138071, 0.000000
7.237151, -0.616207, -24.208507, -4.146562, -0.490736, 0.125968, 0.000000
7.245006, -0.606146, -23.711207, -3.925983, -0.472850, 0.121889, 0.000000
7.269319, -0.574003, -22.207156, -3.260671, -0.418718, 0.109528, 0.000000
7.277159, -0.562666, -21.701947, -3.037835, -0.400527, 0.105369, 0.000000
7.301310, -0.526911, -20.175556, -2.366667, -0.345554, 0.092785, 0.000000
7.309306, -0.514443, -19.663364, -2.142184, -0.327107, 0.088557, 0.000000
7.333450, -0.475528, -18.117426, -1.466999, -0.271444, 0.075784, 0.000000
7.341419, -0.462085, -17.599188, -1.241486, -0.252792, 0.071498, 0.000000
7.365434, -0.420485, -16.036527, -0.564135, -0.196592, 0.058571, 0.000000
7.373561, -0.406229, -15.513188, -0.338209, -0.177787, 0.054241, 0.000000
7.397589, -0.362439, -13.936651, 0.339450, -0.121203, 0.041196, 0.000000
7.405745, -0.347537, -13.409164, 0.565168, -0.102296, 0.036832, 0.000000
7.429754, -0.302065, -11.821615, 1.241276, -0.045485, 0.023704, 0.000000
7.437744, -0.286688, -11.290936, 1.466168, -0.026528, 0.019319, 0.000000
7.461841, -0.240052, -9.695251, 2.138872, 0.030354, 0.006145, 0.000000
7.469999, -0.224374, -9.162340, 2.362321, 0.049308, 0.001751, 0.000000
7.494029, -0.177096, -7.561399, 3.029775, 0.106106, -0.011433, 0.000000
7.502142, -0.161292, -7.027216, 3.251168, 0.125005, -0.015825, 0.000000
7.526184, -0.113895, -5.423896, 3.911542, 0.181561, -0.028982, 0.000000
7.534138, -0.098138, -4.889399, 4.130273, 0.200355, -0.033359, 0.000000
7.558336, -0.051140, -3.286569, 4.781757, 0.256514, -0.046454, 0.000000
7.566279, -0.035601, -2.752712, 4.997225, 0.275149, -0.050805, 0.000000
7.590435, 0.010489, -1.153226, 5.638033, 0.330757, -0.063801, 0.000000
7.598425, 0.025643, -0.620957, 5.849648, 0.349183, -0.068112, 0.000000
7.622488, 0.070331, 0.972351, 6.478025, 0.404087, -0.080974, 0.000000
7.630480, 0.084937, 1.502092, 6.685208, 0.422254, -0.085235, 0.000000
7.654630, 0.127747, 3.086416, 7.299432, 0.476303, -0.097927, 0.000000
7.662270, 0.141650, 3.612699, 7.501614, 0.494160, -0.102126, 0.000000
7.686759, 0.182128, 5.185269, 8.100004, 0.547206, -0.114614, 0.000000
7.694742, 0.195181, 5.707176, 8.296634, 0.564704, -0.118738, 0.000000
7.718766, 0.232900, 7.265258, 8.877552, 0.616603, -0.130988, 0.000000
7.726747, 0.244965, 7.781886, 9.068090, 0.633694, -0.135027, 0.000000
7.750933, 0.279527, 9.322793, 9.629948, 0.684301, -0.147004, 0.000000
7.758889, 0.290477, 9.833254, 9.813874, 0.700939, -0.150947, 0.000000
7.782889, 0.321517, 11.354351, 10.355136, 0.750118, -0.162619, 0.000000
7.791020, 0.331237, 11.857776, 10.531948, 0.766256, -0.166455, 0.000000
7.815166, 0.358427, 13.356483, 11.051135, 0.813871, -0.177790, 0.000000
7.823155, 0.366813, 13.852022, 11.220350, 0.829466, -0.181508, 0.000000
7.847179, 0.389864, 15.325822, 11.716047, 0.875387, -0.192475, 0.000000
7.855337, 0.396827, 15.812647, 11.877203, 0.890397, -0.196066, 0.000000
7.879357, 0.415491, 17.259091, 12.348057, 0.934498, -0.206635, 0.000000
7.887338, 0.420955, 17.736397, 12.500715, 0.948881, -0.210088, 0.000000
7.911483, 0.435026, 19.153106, 12.945444, 0.991042, -0.220230, 0.000000
7.919497, 0.438931, 19.620114, 13.089188, 1.004759, -0.223536, 0.000000
7.943623, 0.448249, 21.004789, 13.506582, 1.044866, -0.233224, 0.000000
7.951620, 0.450548, 21.460745, 13.641021, 1.057880, -0.236374, 0.000000
7.975609, 0.454998, 22.811167, 14.029945, 1.095823, -0.245581, 0.000000
7.983748, 0.455660, 23.255345, 14.154715, 1.108098, -0.248567, 0.000000
8.007759, 0.455172, 24.569382, 14.514114, 1.143774, -0.257267, 0.000000
8.015760, 0.454183, 25.001087, 14.628875, 1.155276, -0.260081, 0.000000
8.039928, 0.448735, 26.276695, 14.957773, 1.188589, -0.268252, 0.000000
8.047885, 0.446094, 26.695261, 15.062216, 1.199288, -0.270885, 0.000000
8.072062, 0.435709, 27.930493, 15.359724, 1.230147, -0.278505, 0.000000
8.080049, 0.431432, 28.335286, 15.453564, 1.240014, -0.280950, 0.000000
8.104227, 0.416179, 29.528289, 15.718878, 1.268335, -0.287998, 0.000000
8.112175, 0.410296, 29.918710, 15.801863, 1.277343, -0.290250, 0.000000
8.136380, 0.390288, 31.067734, 16.034267, 1.303050, -0.296706, 0.000000
8.144325, 0.382843, 31.443215, 16.106174, 1.311175, -0.298758, 0.000000
8.168370, 0.358235, 32.546614, 16.305042, 1.334198, -0.304605, 0.000000
8.176362, 0.349289, 32.906624, 16.365677, 1.341418, -0.306451, 0.000000
8.200512, 0.320278, 33.962856, 16.530476, 1.361697, -0.311675, 0.000000
8.208476, 0.309902, 34.306900, 16.579677, 1.367992, -0.313310, 0.000000
8.232642, 0.276724, 35.314533, 16.709966, 1.385472, -0.317896, 0.000000
8.240622, 0.265002, 35.642153, 16.747601, 1.390826, -0.319316, 0.000000
8.264764, 0.227930, 36.599866, 16.843034, 1.405459, -0.323251, 0.000000
8.272759, 0.214959, 36.910639, 16.869004, 1.409858, -0.324453, 0.000000
8.296774, 0.174297, 37.817225, 16.929328, 1.421606, -0.327727, 0.000000
8.304881, 0.160183, 38.110768, 16.943564, 1.425037, -0.328707, 0.000000
8.328976, -1.807194, 46.488776, 20.565894, 1.648604, -0.383769, 0.000013
8.336948, -1.824306, 46.722950, 20.578294, 1.651281, -0.384551, 0.000013
8.361104, -1.871221, 47.385295, 20.599436, 1.657873, -0.386546, 0.000013
8.369072, -1.885382, 47.593107, 20.601416, 1.659614, -0.387099, 0.000013
8.393241, -1.923454, 48.179398, 20.593336, 1.663558, -0.388445, 0.000013
8.400859, -1.934691, 48.362863, 20.586246, 1.664469, -0.388794, 0.000013
8.425248, -1.964142, 48.879090, 20.552926, 1.666086, -0.389566, 0.000013
8.433187, -1.972570, 49.040184, 20.538068, 1.666273, -0.389736, 0.000013
8.457392, -1.993851, 49.492203, 20.483328, 1.665871, -0.390007, 0.000013
8.465376, -1.999654, 49.632851, 20.461946, 1.665435, -0.390023, 0.000013
8.489536, -2.013394, 50.026348, 20.389426, 1.663311, -0.389863, 0.000013
8.497506, -2.016803, 50.148411, 20.362701, 1.662350, -0.389746, 0.000013
8.521511, -2.023756, 50.488861, 20.275847, 1.658789, -0.389223, 0.000013
8.529634, -2.025039, 50.594127, 20.244895, 1.657394, -0.388995, 0.000013
8.553620, -2.026038, 50.886770, 20.146948, 1.652664, -0.388173, 0.000013
8.561800, -2.025482, 50.976945, 20.112814, 1.650923, -0.387856, 0.000013
8.585779, -2.021403, 51.226765, 20.006806, 1.645277, -0.386794, 0.000013
8.593973, -2.019303, 51.303464, 19.970464, 1.643270, -0.386407, 0.000013
8.617895, -2.011034, 51.515168, 19.859212, 1.636946, -0.385162, 0.000013
8.625919, -2.007683, 51.579913, 19.821566, 1.634751, -0.384723, 0.000013
8.649919, -1.996099, 51.757920, 19.707672, 1.627967, -0.383348, 0.000013
8.658075, -1.991785, 51.812134, 19.669554, 1.625654, -0.382874, 0.000013
8.682202, -1.977726, 51.960563, 19.555408, 1.618615, -0.381418, 0.000013
8.690215, -1.972723, 52.005568, 19.517579, 1.616248, -0.380925, 0.000013
8.714208, -1.956983, 52.128231, 19.405357, 1.609140, -0.379432, 0.000013
8.722186, -1.951545, 52.165245, 19.368509, 1.606780, -0.378933, 0.000013
8.746492, -1.934862, 52.265642, 19.260185, 1.599772, -0.377445, 0.000013
8.754531, -1.929224, 52.295780, 19.224941, 1.597471, -0.376954, 0.000013
8.778492, -1.912268, 52.377095, 19.122285, 1.590717, -0.375507, 0.000013
8.786518, -1.906644, 52.401366, 19.089201, 1.588525, -0.375035, 0.000013
8.810548, -1.890020, 52.466468, 18.993787, 1.582161, -0.373662, 0.000013
8.818486, -1.884598, 52.485775, 18.963357, 1.580120, -0.373221, 0.000013
8.842674, -1.868839, 52.537214, 18.876569, 1.574267, -0.371951, 0.000013
8.850667, -1.863786, 52.552355, 18.849224, 1.572414, -0.371548, 0.000013
8.874835, -1.849354, 52.592367, 18.772261, 1.567178, -0.370407, 0.000013
8.882830, -1.844813, 52.604035, 18.748369, 1.565546, -0.370051, 0.000013
8.906961, -1.832103, 52.634540, 18.682252, 1.561015, -0.369060, 0.000013
8.914947, -1.828194, 52.643321, 18.662125, 1.559631, -0.368757, 0.000013
8.939131, -1.817531, 52.665926, 18.607700, 1.555881, -0.367935, 0.000013
8.946971, -1.814350, 52.672304, 18.591591, 1.554768, -0.367691, 0.000013
8.971126, -1.805994, 52.688302, 18.549536, 1.551858, -0.367051, 0.000013
8.979104, -1.803617, 52.692658, 18.537644, 1.551033, -0.366870, 0.000013
9.003384, -1.797764, 52.703033, 18.508470, 1.549008, -0.366424, 0.000013
9.011262, -1.796247, 52.705641, 18.500937, 1.548485, -0.366309, 0.000013
9.035415, -1.793029, 52.711068, 18.484994, 1.547376, -0.366065, 0.000013
9.043414, -1.792405, 52.712103, 18.481911, 1.547161, -0.366018, 0.000013
9.067414, -1.504013, 43.711210, 18.049536, 1.548521, -0.231790, -0.000024
9.075362, -1.504300, 43.713104, 18.049879, 1.548582, -0.231803, -0.000024
9.099696, -1.506534, 43.727869, 18.052551, 1.549060, -0.231902, -0.000024
9.107695, -1.507736, 43.735814, 18.053988, 1.549316, -0.231955, -0.000024
9.131672, -1.512715, 43.768698, 18.059935, 1.550377, -0.232174, -0.000024
9.139717, -1.514831, 43.782667, 18.062460, 1.550826, -0.232267, -0.000024
9.163673, -1.522544, 43.833552, 18.071653, 1.552458, -0.232603, -0.000024
9.171871, -1.525569, 43.853493, 18.075253, 1.553095, -0.232734, -0.000024
9.195863, -1.535999, 43.922193, 18.087646, 1.555280, -0.233180, -0.000024
9.203951, -1.539926, 43.948034, 18.092303, 1.556098, -0.233347, -0.000024
9.227926, -1.553050, 44.034298, 18.107834, 1.558813, -0.233896, -0.000024
9.236010, -1.557870, 44.065944, 18.113526, 1.559803, -0.234095, -0.000024
9.260334, -1.573656, 44.169451, 18.132117, 1.563017, -0.234737, -0.000024
9.268098, -1.579357, 44.206784, 18.138814, 1.564167, -0.234965, -0.000024
9.292271, -1.597764, 44.327149, 18.160374, 1.567843, -0.235688, -0.000024
9.300269, -1.604332, 44.370027, 18.168042, 1.569141, -0.235941, -0.000024
9.324412, -1.625311, 44.506791, 18.192461, 1.573236, -0.236729, -0.000024
9.332420, -1.632725, 44.555052, 18.201063, 1.574665, -0.237002, -0.000024
9.356596, -1.656215, 44.707688, 18.228219, 1.579130, -0.237840, -0.000024
9.364424, -1.664455, 44.761142, 18.237711, 1.580674, -0.238126, -0.000024
9.388588, -1.690381, 44.929049, 18.267465, 1.585452, -0.238996, -0.000024
9.396687, -1.699418, 44.987486, 18.277799, 1.587090, -0.239289, -0.000024
9.420705, -1.727692, 45.169990, 18.310001, 1.592120, -0.240170, -0.000024
9.428700, -1.737496, 45.233171, 18.321124, 1.593831, -0.240463, -0.000024
9.452882, -1.768013, 45.429522, 18.355609, 1.599043, -0.241331, -0.000024
9.460851, -1.778545, 45.497185, 18.367464, 1.600802, -0.241616, -0.000024
9.485003, -1.811183, 45.706557, 18.404055, 1.606121, -0.242448, -0.000024
9.492994, -1.822399, 45.778413, 18.416581, 1.607903, -0.242717, -0.000024
9.517002, -1.857014, 45.999899, 18.455089, 1.613248, -0.243485, -0.000024
9.525117, -1.868862, 46.075632, 18.468220, 1.615023, -0.243727, -0.000024
9.549132, -1.905289, 46.308246, 18.508443, 1.620306, -0.244404, -0.000024
9.557286, -1.917711, 46.387514, 18.522112, 1.622045, -0.244610, -0.000024
9.581305, -1.955759, 46.630184, 18.563839, 1.627170, -0.245163, -0.000024
9.589291, -1.968687, 46.712616, 18.577972, 1.628841, -0.245323, -0.000024
9.613463, -2.008141, 46.964188, 18.620981, 1.633709, -0.245721, -0.000024
9.621404, -2.021498, 47.049385, 18.635504, 1.635276, -0.245823, -0.000024
9.645439, -2.062111, 47.308618, 18.679565, 1.639779, -0.246030, -0.000024
9.653577, -2.075810, 47.396151, 18.694399, 1.641206, -0.246064, -0.000024
9.677562, -2.117307, 47.661715, 18.739271, 1.645231, -0.246045, -0.000024
9.685726, -2.131251, 47.751126, 18.754335, 1.646479, -0.245997, -0.000024
9.709546, -2.173324, 48.021602, 18.799772, 1.649906, -0.245716, -0.000024
9.717884, -2.187404, 48.112403, 18.814982, 1.650935, -0.245573, -0.000024
9.741871, -2.229709, 48.386281, 18.860730, 1.653639, -0.244990, -0.000024
9.749852, -2.243805, 48.477954, 18.876000, 1.654405, -0.244741, -0.000024
9.773866, -2.285965, 48.753633, 18.921797, 1.656256, -0.243816, -0.000024
9.781974, -2.299945, 48.845628, 18.937040, 1.656715, -0.243446, -0.000024
9.806143, -2.341544, 49.121414, 18.982620, 1.657575, -0.242141, -0.000024
9.814103, -0.543508, 51.215700, 16.285357, 1.482379, -0.330818, 0.000000
9.838264, -0.532200, 51.491167, 16.355432, 1.483027, -0.329033, 0.000000
9.846299, -0.528359, 51.580783, 16.378163, 1.482995, -0.328365, 0.000000
9.870412, -0.516625, 51.842990, 16.444465, 1.482153, -0.326144, 0.000000
9.878406, -0.512645, 51.928172, 16.465934, 1.481623, -0.325332, 0.000000
9.902585, -0.500504, 52.177037, 16.528440, 1.479287, -0.322683, 0.000000
9.910459, -0.496392, 52.257760, 16.548640, 1.478260, -0.321730, 0.000000
9.934468, -0.483863, 52.493209, 16.607330, 1.474428, -0.318663, 0.000000
9.942610, -0.479625, 52.569448, 16.626255, 1.472902, -0.317571, 0.000000
9.966743, -0.466729, 52.791413, 16.681110, 1.467575, -0.314095, 0.000000
9.974737, -0.462372, 52.863146, 16.698754, 1.465551, -0.312869, 0.000000
9.998912, -0.449129, 53.071564, 16.749757, 1.458730, -0.308994, 0.000000
10.006864, -0.444659, 53.138772, 16.766115, 1.456208, -0.307637, 0.000000
10.030865, -0.431090, 53.333586, 16.813253, 1.447898, -0.303375, 0.000000
10.039031, -0.426515, 53.396250, 16.828320, 1.444881, -0.301892, 0.000000
10.063034, -0.412641, 53.577409, 16.871580, 1.435087, -0.297257, 0.000000
10.071028, -0.407969, 53.635514, 16.885353, 1.431576, -0.295651, 0.000000
10.095196, -0.393811, 53.802974, 16.924727, 1.420306, -0.290655, 0.000000
10.103142, -0.389048, 53.856506, 16.937203, 1.416305, -0.288932, 0.000000
10.127316, -0.374629, 54.010229, 16.972683, 1.403568, -0.283591, 0.000000
10.135287, -0.369782, 54.059176, 16.983860, 1.399080, -0.281754, 0.000000
10.159446, -0.355125, 54.199127, 17.015442, 1.384888, -0.276083, 0.000000
10.167441, -0.350202, 54.243480, 17.025320, 1.379917, -0.274140, 0.000000
10.191468, -0.335328, 54.369634, 17.053001, 1.364284, -0.268154, 0.000000
10.199456, -0.330336, 54.409384, 17.061578, 1.358835, -0.266109, 0.000000
10.223634, -0.315269, 54.521721, 17.085358, 1.341776, -0.259826, 0.000000
10.231620, -0.310216, 54.556862, 17.092635, 1.335854, -0.257684, 0.000000
10.255737, -0.294978, 54.655368, 17.112518, 1.317386, -0.251122, 0.000000
10.263725, -0.289872, 54.685896, 17.118496, 1.310998, -0.248890, 0.000000
10.287755, -0.274486, 54.770561, 17.134486, 1.291141, -0.242066, 0.000000
10.295858, -0.269335, 54.796476, 17.139168, 1.284293, -0.239750, 0.000000
10.320060, -0.253823, 54.867298, 17.151272, 1.263069, -0.232683, 0.000000
10.328022, -0.248635, 54.888599, 17.154660, 1.255768, -0.230289, 0.000000
10.352030, -0.233021, 54.945582, 17.162888, 1.233199, -0.222999, 0.000000
10.360075, -0.227803, 54.962270, 17.164987, 1.225455, -0.220534, 0.000000
10.384204, -0.212110, 55.005423, 17.169352, 1.201566, -0.213040, 0.000000
10.392141, -0.206869, 55.017504, 17.170165, 1.193387, -0.210511, 0.000000
10.416340, -0.191122, 55.046843, 17.170681, 1.168206, -0.202833, 0.000000
10.424331, -0.185866, 55.054322, 17.170214, 1.159600, -0.200246, 0.000000
10.448308, -0.170085, 55.069867, 17.166900, 1.133156, -0.192406, 0.000000
10.456445, -0.164822, 55.072753, 17.165159, 1.124135, -0.189768, 0.000000
10.480530, -0.149032, 55.074532, 17.158033, 1.096459, -0.181786, 0.000000
10.488477, -0.143769, 55.072834, 17.155025, 1.087032, -0.179104, 0.000000
10.512649, -0.127991, 55.060880, 17.144110, 1.058157, -0.171001, 0.000000
10.520482, -0.122737, 55.054611, 17.139843, 1.048336, -0.168282, 0.000000
10.544650, -0.106994, 55.028962, 17.125163, 1.018297, -0.160080, 0.000000
10.552606, -0.101755, 55.018135, 17.119646, 1.008094, -0.157332, 0.000000
10.576778, -0.086070, 54.978835, 17.101229, 0.976926, -0.149051, 0.000000
10.584779, -0.080854, 54.963466, 17.094470, 0.966354, -0.146281, 0.000000
10.609065, -0.065248, 54.910566, 17.072345, 0.934098, -0.137944, 0.000000
10.616948, -0.060062, 54.890672, 17.064356, 0.923169, -0.135158, 0.000000
10.641085, -0.044557, 54.824228, 17.038555, 0.889863, -0.126786, 0.000000
10.649024, -0.039408, 54.799829, 17.029346, 0.878592, -0.123992, 0.000000
10.673225, -0.024025, 54.719900, 16.999903, 0.844279, -0.115606, 0.000000
10.681203, -0.018920, 54.691017, 16.989486, 0.832679, -0.112811, 0.000000
10.705371, -0.003680, 54.597671, 16.956438, 0.797404, -0.104433, 0.000000
10.713209, 0.001373, 54.564328, 16.944825, 0.785490, -0.101644, 0.000000
10.737356, 0.016450, 54.457636, 16.908210, 0.749297, -0.093295, 0.000000
10.745372, 0.021446, 54.419856, 16.895416, 0.737086, -0.090520, 0.000000
10.769357, 0.036339, 54.299896, 16.855276, 0.700022, -0.082220, 0.000000
10.777478, 0.041271, 54.257707, 16.841313, 0.687528, -0.079465, 0.000000
10.801647, 0.055961, 54.124560, 16.797691, 0.649643, -0.071236, 0.000000
10.809648, 0.060822, 54.077990, 16.782576, 0.636883, -0.068507, 0.000000
10.833617, 0.075291, 53.931744, 16.735517, 0.598226, -0.060370, 0.000000
10.841775, 0.080074, 53.880823, 16.719264, 0.585218, -0.057674, 0.000000
10.865749, 0.094303, 53.721570, 16.668817, 0.545842, -0.049647, 0.000000
10.873788, 0.099004, 53.666330, 16.651443, 0.532602, -0.046992, 0.000000
10.897921, 0.112975, 53.494168, 16.597657, 0.492559, -0.039095, 0.000000
10.906084, 0.117587, 53.434641, 16.579179, 0.479107, -0.036486, 0.000000
10.930081, 0.131283, 53.249672, 16.522106, 0.438451, -0.028738, 0.000000
10.938050, 0.135800, 53.185894, 16.502541, 0.424804, -0.026182, 0.000000
10.962234, 0.149205, 52.988225, 16.442235, 0.383593, -0.018600, 0.000000
10.970212, 0.153622, 52.920232, 16.421601, 0.369770, -0.016103, 0.000000
10.994326, 0.166719, 52.709974, 16.358119, 0.328060, -0.008706, 0.000000
11.002320, 0.171032, 52.637804, 16.336435, 0.314080, -0.006273, 0.000000
11.026326, 0.183806, 52.415074, 16.269834, 0.271929, 0.000922, 0.000000
11.034378, 0.188008, 52.338766, 16.247120, 0.257813, 0.003285, 0.000000
11.058505, 0.200445, 52.103684, 16.177459, 0.215281, 0.010262, 0.000000
11.066508, 0.204533, 52.023279, 16.153735, 0.201048, 0.012550, 0.000000
11.090529, 0.216619, 51.775969, 16.081075, 0.158196, 0.019294, 0.000000
11.098644, 0.220588, 51.691510, 16.056363, 0.143865, 0.021502, 0.000000
11.122828, 0.232310, 51.432102, 15.980767, 0.100754, 0.027998, 0.000000
11.130850, 0.236155, 51.343632, 15.955086, 0.086348, 0.030120, 0.000000
11.154972, 0.247500, 51.072258, 15.876619, 0.043040, 0.036355, 0.000000
11.162945, 0.251218, 50.979822, 15.849992, 0.028579, 0.038388, 0.000000
11.186967, 0.262176, 50.696620, 15.768720, -0.014862, 0.044349, 0.000000
11.194952, 0.265762, 50.600265, 15.741170, -0.029357, 0.046288, 0.000000
11.219111, 0.276321, 50.305375, 15.657159, -0.072868, 0.051963, 0.000000
11.227096, 0.279773, 50.205148, 15.628708, -0.087375, 0.053805, 0.000000
11.251241, 0.289923, 49.898715, 15.542028, -0.130891, 0.059182, 0.000000
11.259226, 0.293237, 49.794664, 15.512699, -0.145389, 0.060923, 0.000000
11.283240, 0.302969, 49.476837, 15.423421, -0.188845, 0.065993, 0.000000
11.291377, 0.306142, 49.369013, 15.393236, -0.203313, 0.067631, 0.000000
11.315394, 0.315448, 49.039942, 15.301430, -0.246643, 0.072385, 0.000000
11.323382, 0.318478, 48.928395, 15.270416, -0.261058, 0.073916, 0.000000
11.347526, 0.327349, 48.588236, 15.176154, -0.304197, 0.078346, 0.000000
11.355517, 0.330233, 48.473020, 15.144333, -0.318537, 0.079768, 0.000000
11.379549, 0.338663, 48.121929, 15.047689, -0.361419, 0.083867, 0.000000
11.387642, 0.341399, 48.003097, 15.015086, -0.375662, 0.085178, 0.000000
11.411657, 0.349382, 47.641237, 14.916134, -0.418221, 0.088941, 0.000000
11.419824, 0.351968, 47.518842, 14.882774, -0.432345, 0.090139, 0.000000
11.443803, 0.359499, 47.146377, 14.781589, -0.474514, 0.093561, 0.000000
11.451967, 0.361934, 47.020475, 14.747497, -0.488498, 0.094645, 0.000000
11.476137, 0.369008, 46.637572, 14.644153, -0.530211, 0.097723, 0.000000
11.483957, 0.371289, 46.508218, 14.609355, -0.544032, 0.098691, 0.000000
11.508106, 0.377902, 46.115048, 14.503929, -0.585224, 0.101423, 0.000000
11.516091, 0.380030, 45.982300, 14.468450, -0.598860, 0.102275, 0.000000
11.540271, 0.386180, 45.579033, 14.361019, -0.639465, 0.104659, 0.000000
11.548234, 0.388152, 45.442948, 14.324884, -0.652894, 0.105396, 0.000000
11.572256, 0.393836, 45.029760, 14.215525, -0.692847, 0.107432, 0.000000
11.580381, 0.395653, 44.890398, 14.178759, -0.706048, 0.108052, 0.000000
11.604574, 2.262080, 46.759028, 11.213512, -0.986659, 0.030077, 0.000024
11.612532, 2.251066, 46.621464, 11.169378, -0.999962, 0.030416, 0.000024
11.636535, 2.218067, 46.213053, 11.038862, -1.038482, 0.031224, 0.000024
11.644663, 2.207103, 46.078439, 10.996013, -1.050866, 0.031427, 0.000024
11.668706, 2.174399, 45.679558, 10.869538, -1.086670, 0.031853, 0.000024
11.676704, 2.163578, 45.548342, 10.828096, -1.098161, 0.031937, 0.000024
11.700963, 2.131428, 45.160293, 10.706010, -1.131335, 0.032033, 0.000024
11.708980, 2.120831, 45.032895, 10.666083, -1.141965, 0.032016, 0.000024
11.732977, 2.089461, 44.656897, 10.548692, -1.172603, 0.031833, 0.000024
11.740971, 2.079158, 44.533708, 10.510377, -1.182405, 0.031731, 0.000024
11.765089, 2.048762, 44.170896, 10.397950, -1.210609, 0.031315, 0.000024
11.773097, 2.038812, 44.052283, 10.361330, -1.219618, 0.031143, 0.000024
11.797288, 2.009554, 43.703714, 10.254102, -1.245496, 0.030538, 0.000024
11.805275, 2.000008, 43.590015, 10.219251, -1.253748, 0.030310, 0.000024
11.829288, 1.972026, 43.256669, 10.117428, -1.277410, 0.029557, 0.000024
11.837256, 1.962925, 43.148200, 10.084409, -1.284941, 0.029285, 0.000024
11.861278, 1.936335, 42.830982, 9.988166, -1.306497, 0.028419, 0.000024
11.869284, 1.927715, 42.728032, 9.957034, -1.313345, 0.028116, 0.000024
11.893441, 1.902610, 42.427778, 9.866526, -1.332906, 0.027172, 0.000024
11.901517, 1.894498, 42.330612, 9.837329, -1.339107, 0.026847, 0.000024
11.925571, 1.870956, 42.048088, 9.752686, -1.356782, 0.025854, 0.000024
11.933536, 1.863376, 41.956952, 9.725463, -1.362371, 0.025519, 0.000024
11.957702, 1.841458, 41.692856, 9.646797, -1.378265, 0.024504, 0.000024
11.965662, 1.834428, 41.607972, 9.621583, -1.383278, 0.024165, 0.000024
11.989819, 1.814182, 41.362941, 9.548989, -1.397491, 0.023154, 0.000024
11.997929, 1.807717, 41.284511, 9.525813, -1.401960, 0.022820, 0.000024
12.021814, 1.789179, 41.059119, 9.459370, -1.414588, 0.021833, 0.000024
12.029969, 1.783289, 40.987324, 9.438256, -1.418544, 0.021510, 0.000024
12.054001, 1.766488, 40.782088, 9.378032, -1.429678, 0.020566, 0.000024
12.062186, 1.761180, 40.717090, 9.359001, -1.433150, 0.020261, 0.000024
12.086150, 1.746137, 40.532468, 9.305051, -1.442872, 0.019377, 0.000024
12.094106, 1.741417, 40.474412, 9.288119, -1.445886, 0.019094, 0.000024
12.118245, 1.728145, 40.310808, 9.240489, -1.454271, 0.018284, 0.000024
12.126241, 1.724018, 40.259820, 9.225670, -1.456852, 0.018028, 0.000024
12.150389, 1.712526, 40.117587, 9.184397, -1.463968, 0.017304, 0.000024
12.158421, 1.708993, 40.073775, 9.171702, -1.466136, 0.017079, 0.000024
12.182440, 1.699288, 39.953214, 9.136816, -1.472043, 0.016452, 0.000024
12.190412, 1.696352, 39.916670, 9.126255, -1.473817, 0.016260, 0.000024
12.214572, 1.688436, 39.818033, 9.097779, -1.478565, 0.015737, 0.000024
12.222691, 1.686097, 39.788832, 9.089358, -1.479960, 0.015582, 0.000024
12.246719, 1.679973, 39.712322, 9.067312, -1.483590, 0.015171, 0.000024
12.254838, 1.678230, 39.690525, 9.061037, -1.484619, 0.015053, 0.000024
12.278891, 1.673899, 39.636297, 9.045433, -1.487164, 0.014760, 0.000024
12.286839, 1.672754, 39.621949, 9.041307, -1.487835, 0.014681, 0.000024
12.311021, 1.670214, 39.590113, 9.032155, -1.489319, 0.014508, 0.000024
12.319005, 1.669666, 39.583242, 9.030180, -1.489639, 0.014470, 0.000024
12.343066, 1.668918, 39.573864, 9.027485, -1.490074, 0.014419, 0.000024
12.351002, 0.221825, 42.682224, 13.514010, -1.360823, 0.106620, -0.000003
12.375188, 0.220855, 42.691604, 13.507513, -1.361342, 0.106642, -0.000003
12.383181, 0.220255, 42.697406, 13.503485, -1.361663, 0.106656, -0.000003
12.407456, 0.217620, 42.722771, 13.485792, -1.363069, 0.106716, -0.000003
12.415413, 0.216464, 42.733859, 13.478016, -1.363684, 0.106742, -0.000003
12.439466, 0.212159, 42.774900, 13.449002, -1.365964, 0.106839, -0.000003
12.447300, 0.210444, 42.791137, 13.437421, -1.366867, 0.106877, -0.000003
12.471609, 0.204458, 42.847346, 13.396883, -1.370000, 0.107009, -0.000003
12.479448, 0.202182, 42.868532, 13.381418, -1.371183, 0.107059, -0.000003
12.503582, 0.194504, 42.939205, 13.329074, -1.375140, 0.107224, -0.000003
12.511759, 0.191661, 42.965072, 13.309618, -1.376592, 0.107284, -0.000003
12.535723, 0.182277, 43.049306, 13.245114, -1.381335, 0.107479, -0.000003
12.543755, 0.178863, 43.079519, 13.221537, -1.383042, 0.107548, -0.000003
12.567873, 0.167756, 43.176212, 13.144444, -1.388526, 0.107770, -0.000003
12.575892, 0.163764, 43.210370, 13.116592, -1.390471, 0.107847, -0.000003
12.599871, 0.150917, 43.318217, 13.026416, -1.396640, 0.108091, -0.000003
12.607994, 0.146342, 43.355852, 12.994112, -1.398803, 0.108175, -0.000003
12.631986, 0.131737, 43.473346, 12.890292, -1.405594, 0.108435, -0.000003
12.640174, 0.126574, 43.513922, 12.853340, -1.407953, 0.108524, -0.000003
12.664192, 0.110194, 43.639351, 12.735257, -1.415291, 0.108797, -0.000003
12.672179, 0.104436, 43.682262, 12.693440, -1.417819, 0.108889, -0.000003
12.696335, 0.086267, 43.813710, 12.560419, -1.425623, 0.109166, -0.000003
12.704329, 0.079910, 43.858283, 12.513505, -1.428291, 0.109258, -0.000003
12.728478, 0.059940, 43.993624, 12.364826, -1.436466, 0.109534, -0.000003
12.736321, 0.052983, 44.039116, 12.312567, -1.439240, 0.109625, -0.000003
12.760471, 0.031206, 44.176019, 12.147468, -1.447683, 0.109891, -0.000003
12.768584, 0.023646, 44.221619, 12.089606, -1.450529, 0.109977, -0.000003
12.792595, 0.000062, 44.357546, 11.907295, -1.459125, 0.110225, -0.000003
12.800747, -0.008100, 44.402373, 11.843560, -1.462001, 0.110303, -0.000003
12.824759, -0.033482, 44.534579, 11.643223, -1.470625, 0.110524, -0.000003
12.832716, -0.042241, 44.577685, 11.573342, -1.473488, 0.110592, -0.000003
12.856935, -0.069403, 44.703222, 11.354153, -1.482003, 0.110775, -0.000003
12.864746, -0.078751, 44.743589, 11.277851, -1.484806, 0.110829, -0.000003
12.889054, -0.107663, 44.859307, 11.038986, -1.493064, 0.110964, -0.000003
12.897055, -0.117588, 44.895854, 10.955988, -1.495755, 0.111000, -0.000003
12.921058, -0.148206, 44.998409, 10.696635, -1.503595, 0.111076, -0.000003
12.929054, -0.158690, 45.029988, 10.606677, -1.506119, 0.111090, -0.000003
12.953202, -0.190955, 45.115846, 10.326054, -1.513371, 0.111094, -0.000003
12.961183, -0.201975, 45.141248, 10.228879, -1.515669, 0.111082, -0.000003
12.985363, -0.235807, 45.206694, 9.926246, -1.522148, 0.111002, -0.000003
12.993330, -0.247335, 45.224653, 9.821619, -1.524157, 0.110960, -0.000003
13.017468, -0.282636, 45.265802, 9.496298, -1.529669, 0.110782, -0.000003
13.025454, -0.294634, 45.274995, 9.384004, -1.531321, 0.110705, -0.000003
13.049498, -0.331283, 45.287805, 9.035396, -1.535660, 0.110415, -0.000003
13.057616, -0.343708, 45.286862, 8.915250, -1.536885, 0.110298, -0.000003
13.081626, -0.381560, 45.267151, 8.542854, -1.539833, 0.109882, -0.000003
13.089586, -0.394358, 45.254654, 8.414709, -1.540557, 0.109720, -0.000003
13.113620, -0.417768, 39.974134, 6.595853, -1.444553, 0.101637, 0.000000
13.121726, -0.417201, 39.959862, 6.448970, -1.446145, 0.101515, 0.000000
13.145925, -0.415312, 39.899059, 6.004914, -1.450008, 0.101083, 0.000000
13.153858, -0.414620, 39.872814, 5.855808, -1.450990, 0.100918, 0.000000
13.177879, -0.412362, 39.776240, 5.405444, -1.453019, 0.100360, 0.000000
13.185978, -0.411549, 39.738125, 5.254356, -1.453389, 0.100152, 0.000000
13.210199, -0.408927, 39.606111, 4.798410, -1.453582, 0.099468, 0.000000
13.218150, -0.407993, 39.556242, 4.645584, -1.453340, 0.099220, 0.000000
13.242204, -0.405014, 39.389161, 4.184792, -1.451696, 0.098411, 0.000000
13.250195, -0.403963, 39.327670, 4.030475, -1.450842, 0.098121, 0.000000
13.274329, -0.400633, 39.125935, 3.565580, -1.447365, 0.097189, 0.000000
13.282334, -0.399465, 39.052967, 3.410020, -1.445901, 0.096858, 0.000000
13.306489, -0.395791, 38.817034, 2.941774, -1.440597, 0.095805, 0.000000
13.314445, -0.394509, 38.732747, 2.785223, -1.438525, 0.095434, 0.000000
13.338478, -0.390498, 38.463112, 2.314381, -1.431403, 0.094260, 0.000000
13.346488, -0.389105, 38.367678, 2.157090, -1.428728, 0.093849, 0.000000
13.370636, -0.384765, 38.064874, 1.684412, -1.419800, 0.092558, 0.000000
13.378622, -0.383264, 37.958478, 1.526636, -1.416525, 0.092108, 0.000000
13.402805, -0.378601, 37.623078, 1.052884, -1.405806, 0.090701, 0.000000
13.410784, -0.376994, 37.505916, 0.894877, -1.401936, 0.090213, 0.000000
13.434943, -0.372018, 37.138530, 0.420816, -1.389444, 0.088692, 0.000000
13.442925, -0.370308, 37.010812, 0.262834, -1.384987, 0.088166, 0.000000
13.467082, -0.365028, 36.612086, -0.210772, -1.370742, 0.086534, 0.000000
13.475061, -0.363218, 36.474033, -0.368475, -1.365705, 0.085972, 0.000000
13.499236, -0.357641, 36.044647, -0.840861, -1.349731, 0.084232, 0.000000
13.507199, -0.355734, 35.896492, -0.998030, -1.344121, 0.083634, 0.000000
13.531206, -0.349870, 35.437160, -1.468435, -1.326445, 0.081788, 0.000000
13.539363, -0.347869, 35.279147, -1.624817, -1.320272, 0.081155, 0.000000
13.563378, -0.341729, 34.790617, -2.092481, -1.300922, 0.079207, 0.000000
13.571355, -0.339637, 34.622999, -2.247823, -1.294197, 0.078541, 0.000000
13.595496, -0.333229, 34.106051, -2.711992, -1.273205, 0.076493, 0.000000
13.603488, -0.331049, 33.929093, -2.866044, -1.265937, 0.075794, 0.000000
13.627533, -0.324384, 33.384534, -3.325970, -1.243338, 0.073650, 0.000000
13.635494, -0.322121, 33.198511, -3.478483, -1.235541, 0.072919, 0.000000
13.659670, -0.315208, 32.627180, -3.933423, -1.211370, 0.070683, 0.000000
13.667657, -0.312864, 32.432376, -4.084152, -1.203056, 0.069922, 0.000000
13.691802, -0.305715, 31.835137, -4.533372, -1.177354, 0.067596, 0.000000
13.699783, -0.303294, 31.631844, -4.682074, -1.168536, 0.066807, 0.000000
13.723941, -0.295919, 31.009590, -5.124851, -1.141345, 0.064396, 0.000000
13.731939, -0.293424, 30.798111, -5.271284, -1.132038, 0.063578, 0.000000
13.756081, -0.285834, 30.151758, -5.706903, -1.103402, 0.061086, 0.000000
13.764055, -0.283270, 29.932400, -5.850833, -1.093621, 0.060243, 0.000000
13.788043, -0.275476, 29.262888, -6.278592, -1.063586, 0.057673, 0.000000
13.796219, -0.272845, 29.035971, -6.419787, -1.053347, 0.056804, 0.000000
13.820259, -0.264859, 28.344263, -6.838996, -1.021964, 0.054162, 0.000000
13.828184, -0.262166, 28.110109, -6.977227, -1.011283, 0.053269, 0.000000
13.852394, -0.253998, 27.397187, -7.387210, -0.978601, 0.050558, 0.000000
13.860366, -0.251247, 27.156128, -7.522255, -0.967497, 0.049644, 0.000000
13.884542, -0.242909, 26.422995, -7.922351, -0.933570, 0.046868, 0.000000
13.892512, -0.240103, 26.175368, -8.053992, -0.922059, 0.045933, 0.000000
13.916656, -0.231608, 25.423044, -8.443556, -0.886942, 0.043097, 0.000000
13.924663, -0.228751, 25.169192, -8.571581, -0.875045, 0.042143, 0.000000
13.948681, -0.220109, 24.398712, -8.949986, -0.838795, 0.039252, 0.000000
13.956806, -0.217205, 24.138984, -9.074188, -0.826530, 0.038280, 0.000000
13.980947, -0.208429, 23.351401, -9.440824, -0.789206, 0.035339, 0.000000
13.988947, -0.205483, 23.086148, -9.561004, -0.776593, 0.034351, 0.000000
14.013084, -0.196584, 22.282526, -9.915279, -0.738256, 0.031364, 0.000000
14.021073, -0.193599, 22.012105, -10.031243, -0.725316, 0.030361, 0.000000
14.045080, -0.184589, 21.193522, -10.372587, -0.686028, 0.027333, 0.000000
14.053056, -0.181569, 20.918295, -10.484147, -0.672781, 0.026318, 0.000000
14.077268, -0.172461, 20.085836, -10.812010, -0.632606, 0.023254, 0.000000
14.085251, -0.169410, 19.806167, -10.918988, -0.619074, 0.022227, 0.000000
14.109294, -0.160215, 18.960929, -11.232842, -0.578078, 0.019132, 0.000000
14.117247, -0.157138, 18.677184, -11.335065, -0.564283, 0.018096, 0.000000
14.141390, -0.147868, 17.820271, -11.634405, -0.522532, 0.014975, 0.000000
14.149375, -0.144768, 17.532818, -11.731708, -0.508496, 0.013931, 0.000000
14.173546, -0.135436, 16.665340, -12.016051, -0.466057, 0.010789, 0.000000
14.181527, -0.132316, 16.374551, -12.108278, -0.451805, 0.009739, 0.000000
14.205704, -0.122934, 15.497621, -12.377167, -0.408747, 0.006581, 0.000000
14.213686, -0.119799, 15.203868, -12.464169, -0.394300, 0.005526, 0.000000
14.237820, -0.110378, 14.318603, -12.717171, -0.350694, 0.002357, 0.000000
14.245818, -0.107233, 14.022258, -12.798809, -0.336075, 0.001300, 0.000000
14.269821, -0.097785, 13.129777, -13.035517, -0.291991, -0.001874, 0.000000
14.277922, -0.094633, 12.831213, -13.111659, -0.277225, -0.002933, 0.000000
14.301970, -0.085170, 11.932635, -13.331692, -0.232735, -0.006107, 0.000000
14.310107, -0.082015, 11.632224, -13.402215, -0.217846, -0.007165, 0.000000
14.334131, -0.072549, 10.728666, -13.605221, -0.173022, -0.010335, 0.000000
14.342085, -0.069394, 10.426782, -13.670012, -0.158034, -0.011390, 0.000000
14.366090, -0.059937, 9.519358, -13.855663, -0.112948, -0.014551, 0.000000
14.374229, -0.056787, 9.216370, -13.914619, -0.097885, -0.015602, 0.000000
14.398269, -0.047350, 8.306191, -14.082617, -0.052611, -0.018747, 0.000000
14.406358, -0.044209, 8.002469, -14.135642, -0.037497, -0.019793, 0.000000
14.430509, -0.034802, 7.090639, -14.285719, 0.007891, -0.022918, 0.000000
14.438390, -0.031673, 6.786551, -14.332728, 0.023031, -0.023956, 0.000000
14.462532, -0.022310, 5.874168, -14.464642, 0.068460, -0.027056, 0.000000
14.470537, -0.019197, 5.570077, -14.505560, 0.083601, -0.028085, 0.000000
14.494701, -0.009887, 4.658231, -14.619100, 0.128998, -0.031155, 0.000000
14.502669, -0.006794, 4.354500, -14.653862, 0.144116, -0.032172, 0.000000
14.526699, 0.002452, 3.444270, -14.748847, 0.189406, -0.035207, 0.000000
14.534816, 0.005521, 3.141256, -14.777397, 0.204476, -0.036213, 0.000000
14.558824, 0.014692, 2.233712, -14.853675, 0.249586, -0.039208, 0.000000
14.566791, 0.017735, 1.931770, -14.875967, 0.264584, -0.040199, 0.000000
14.590983, 0.026819, 1.027967, -14.933417, 0.309442, -0.043149, 0.000000
14.598945, 0.029831, 0.727447, -14.949417, 0.324343, -0.044124, 0.000000
14.623131, 0.038819, -0.171571, -14.987947, 0.368875, -0.047025, 0.000000
14.631106, 0.041798, -0.470324, -14.997630, 0.383656, -0.047983, 0.000000
14.655283, 0.050680, -1.363528, -15.017181, 0.427789, -0.050829, 0.000000
14.663107, 0.053622, -1.660173, -15.020530, 0.442426, -0.051768, 0.000000
14.687289, 0.062387, -2.546551, -15.021072, 0.486089, -0.054555, 0.000000
14.695287, 0.065289, -2.840755, -15.018084, 0.500557, -0.055474, 0.000000
14.719428, 0.073928, -3.719311, -14.999618, 0.543681, -0.058198, 0.000000
14.727407, 0.076786, -4.010743, -14.990298, 0.557957, -0.059094, 0.000000
14.751567, 0.085290, -4.880500, -14.952857, 0.600470, -0.061750, 0.000000
14.759545, 0.088102, -5.168838, -14.937221, 0.614531, -0.062624, 0.000000
14.783686, 0.096462, -6.028838, -14.880866, 0.656364, -0.065207, 0.000000
14.791699, 0.099223, -6.313766, -14.858939, 0.670187, -0.066056, 0.000000
14.815817, 0.107430, -7.163070, -14.783765, 0.711273, -0.068563, 0.000000
14.823908, 0.110139, -7.444280, -14.755584, 0.724836, -0.069386, 0.000000
14.847856, 0.118184, -8.281971, -14.661713, 0.765108, -0.071812, 0.000000
14.855982, 0.120837, -8.559160, -14.627324, 0.778388, -0.072607, 0.000000
14.879830, 0.128712, -9.384345, -14.514910, 0.817781, -0.074950, 0.000000
14.887990, 0.131307, -9.657219, -14.474369, 0.830758, -0.075716, 0.000000
14.912107, 0.139004, -10.469026, -14.343597, 0.869207, -0.077970, 0.000000
14.920141, 0.141539, -10.737298, -14.296971, 0.881859, -0.078706, 0.000000
14.944159, 0.149049, -11.534879, -14.148053, 0.919302, -0.080868, 0.000000
14.952153, 0.151521, -11.798271, -14.095417, 0.931609, -0.081573, 0.000000
14.976325, 0.158838, -12.580805, -13.928597, 0.967985, -0.083640, 0.000000
14.984421, 0.161244, -12.839047, -13.870038, 0.979926, -0.084313, 0.000000
15.008602, 0.168361, -13.605737, -13.685587, 1.015178, -0.086281, 0.000000
15.016426, 0.170699, -13.858567, -13.621200, 1.026734, -0.086920, 0.000000
15.040574, 0.177609, -14.608643, -13.419418, 1.060802, -0.088787, 0.000000
15.048539, 0.179876, -14.855810, -13.349308, 1.071954, -0.089391, 0.000000
15.072727, 0.186573, -15.588528, -13.130524, 1.104784, -0.091153, 0.000000
15.080729, 0.188768, -15.829789, -13.054804, 1.115515, -0.091722, 0.000000
15.104905, 0.195245, -16.544435, -12.819374, 1.147053, -0.093375, 0.000000
15.112877, 0.197366, -16.779556, -12.738168, 1.157345, -0.093908, 0.000000
15.136905, 0.203618, -17.475442, -12.486474, 1.187541, -0.095451, 0.000000
15.144881, 0.205663, -17.704199, -12.399913, 1.197376, -0.095947, 0.000000
15.169029, 0.211684, -18.380668, -12.132365, 1.226180, -0.097377, 0.000000
15.177028, 0.213651, -18.602847, -12.040591, 1.235543, -0.097834, 0.000000
15.201171, 0.219436, -19.259271, -11.757623, 1.262908, -0.099149, 0.000000
15.209159, 0.221324, -19.474667, -11.660784, 1.271785, -0.099568, 0.000000
15.233338, 0.226868, -20.110449, -11.362856, 1.297666, -0.100765, 0.000000
15.241295, 0.228676, -20.318868, -11.261110, 1.306041, -0.101144, 0.000000
15.265329, 0.233975, -20.933440, -10.948705, 1.330397, -0.102222, 0.000000
15.273284, 0.235700, -21.134698, -10.842216, 1.338257, -0.102561, 0.000000
15.297463, 0.240751, -21.727524, -10.515842, 1.361048, -0.103517, 0.000000
15.305430, 0.242393, -21.921448, -10.404785, 1.368379, -0.103816, 0.000000
15.329602, 0.247191, -22.492022, -10.064971, 1.389568, -0.104649, 0.000000
15.337579, 0.248748, -22.678448, -9.949524, 1.396360, -0.104907, 0.000000
15.361766, 0.253290, -23.226297, -9.596823, 1.415911, -0.105616, 0.000000
15.369740, 0.254761, -23.405073, -9.477175, 1.422152, -0.105832, 0.000000
15.393740, 0.259045, -23.929755, -9.112157, 1.440035, -0.106416, 0.000000
15.401873, 0.260430, -24.100739, -8.988502, 1.445714, -0.106590, 0.000000
15.425865, 0.264453, -24.601845, -8.611761, 1.461899, -0.107048, 0.000000
15.434036, 0.265750, -24.764906, -8.484299, 1.467008, -0.107180, 0.000000
15.458018, 0.269510, -25.242058, -8.096447, 1.481468, -0.107511, 0.000000
15.466033, 0.270719, -25.397076, -7.965384, 1.485998, -0.107600, 0.000000
15.490018, 0.274214, -25.849930, -7.567049, 1.498710, -0.107803, 0.000000
15.498161, 0.275334, -25.996794, -7.432600, 1.502654, -0.107850, 0.000000
15.522160, 0.278562, -26.425037, -7.024428, 1.513597, -0.107925, 0.000000
15.530288, 0.279594, -26.563649, -6.886809, 1.516948, -0.107929, 0.000000
15.554424, 0.282554, -26.967002, -6.469463, 1.526104, -0.107877, 0.000000
15.562407, 0.283497, -27.097274, -6.328898, 1.528856, -0.107838, 0.000000
15.586601, 0.286189, -27.475488, -5.903055, 1.536210, -0.107658, 0.000000
15.594458, 0.287042, -27.597343, -5.759772, 1.538360, -0.107576, 0.000000
15.618596, 0.289465, -27.950203, -5.326123, 1.543899, -0.107268, 0.000000
15.626749, 0.290228, -28.063575, -5.180354, 1.545442, -0.107144, 0.000000
15.650835, 0.292383, -28.390899, -4.739602, 1.549158, -0.106709, 0.000000
15.658770, 0.293057, -28.495732, -4.591584, 1.550091, -0.106542, 0.000000
15.682923, 0.294943, -28.797368, -4.144443, 1.551977, -0.105980, 0.000000
15.690909, 0.295527, -28.893618, -3.994417, 1.552300, -0.105772, 0.000000
15.715059, 0.297146, -29.169448, -3.541613, 1.552352, -0.105084, 0.000000
15.723047, 0.297641, -29.257080, -3.389821, 1.552064, -0.104834, 0.000000
15.747063, 0.298993, -29.507018, -2.932089, 1.550282, -0.104022, 0.000000
15.755182, 0.299400, -29.586007, -2.778777, 1.549382, -0.103731, 0.000000
15.779203, 0.300486, -29.809997, -2.316859, 1.545769, -0.102795, 0.000000
15.787176, 0.300804, -29.880332, -2.162277, 1.544260, -0.102463, 0.000000
15.811362, 0.414278, -34.205883, -2.636934, 1.607888, -0.106406, 0.000003
15.819288, 0.405182, -34.257228, -2.498252, 1.605064, -0.106001, 0.000003
15.843493, 0.378333, -34.396353, -2.090150, 1.595987, -0.104763, 0.000003
15.851468, 0.369537, -34.437976, -1.956831, 1.592774, -0.104342, 0.000003
15.875523, 0.343641, -34.549486, -1.565269, 1.582640, -0.103063, 0.000003
15.883480, 0.335178, -34.582412, -1.437602, 1.579111, -0.102632, 0.000003
15.907651, 0.310326, -34.669315, -1.063362, 1.568134, -0.101327, 0.000003
15.915637, 0.302224, -34.694524, -0.941580, 1.564359, -0.100889, 0.000003
15.939646, 0.278487, -34.759688, -0.585287, 1.552740, -0.099572, 0.000003
15.947633, 0.270768, -34.778112, -0.469574, 1.548783, -0.099133, 0.000003
15.971926, 0.248205, -34.824263, -0.131712, 1.536715, -0.097817, 0.000003
15.979911, 0.240885, -34.836786, -0.022208, 1.532638, -0.097380, 0.000003
16.004053, 0.219539, -34.866501, 0.296864, 1.520299, -0.096077, 0.000003
16.012055, 0.212630, -34.873957, 0.400058, 1.516162, -0.095646, 0.000003
16.036046, 0.192534, -34.889661, 0.700090, 1.503720, -0.094368, 0.000003
16.044053, 0.186046, -34.892832, 0.796906, 1.499575, -0.093947, 0.000003
16.068202, 0.167221, -34.896798, 1.077741, 1.487188, -0.092702, 0.000003
16.076194, 0.161159, -34.896418, 1.168142, 1.483085, -0.092294, 0.000003
16.100348, 0.143620, -34.890766, 1.429702, 1.470897, -0.091094, 0.000003
16.108353, 0.137988, -34.887514, 1.513673, 1.466883, -0.090702, 0.000003
16.132459, 0.121740, -34.874210, 1.755947, 1.455027, -0.089554, 0.000003
16.140518, 0.116540, -34.868718, 1.833494, 1.451145, -0.089181, 0.000003
16.164525, 0.101585, -34.849576, 2.056523, 1.439744, -0.088092, 0.000003
16.172518, 0.096815, -34.842422, 2.127667, 1.436033, -0.087741, 0.000003
16.196654, 0.083149, -34.819106, 2.331534, 1.425198, -0.086719, 0.000003
16.204677, 0.078808, -34.810821, 2.396309, 1.421693, -0.086391, 0.000003
16.228796, 0.066425, -34.784846, 2.581129, 1.411525, -0.085443, 0.000003
16.236792, 0.062510, -34.775910, 2.639576, 1.408257, -0.085140, 0.000003
16.260808, 0.051400, -34.748645, 2.805482, 1.398847, -0.084271, 0.000003
16.268553, 0.047907, -34.739489, 2.857650, 1.395846, -0.083995, 0.000003
16.292921, 0.038060, -34.712157, 3.004790, 1.387272, -0.083210, 0.000003
16.301050, 0.034986, -34.703166, 3.050727, 1.384562, -0.082963, 0.000003
16.325106, 0.026390, -34.676850, 3.179251, 1.376897, -0.082265, 0.000003
16.333060, 0.023732, -34.668362, 3.219008, 1.374501, -0.082048, 0.000003
16.357238, 0.016375, -34.644003, 3.329064, 1.367805, -0.081442, 0.000003
16.365250, 0.014128, -34.636308, 3.362689, 1.365741, -0.081256, 0.000003
16.389422, 0.007999, -34.614712, 3.454415, 1.360066, -0.080746, 0.000003
16.397403, 0.006160, -34.608056, 3.481951, 1.358350, -0.080592, 0.000003
16.421531, 0.001251, -34.589892, 3.555471, 1.353739, -0.080178, 0.000003
16.429521, -0.000184, -34.584476, 3.576956, 1.352384, -0.080057, 0.000003
16.453528, -0.003883, -34.570279, 3.632374, 1.348871, -0.079743, 0.000003
16.461514, -0.004915, -34.566259, 3.647840, 1.347887, -0.079655, 0.000003
16.485688, -0.007411, -34.556431, 3.685238, 1.345498, -0.079442, 0.000003
16.493679, -0.008043, -34.553919, 3.694708, 1.344892, -0.079388, 0.000003
16.517823, -0.009340, -34.548734, 3.714143, 1.343645, -0.079277, 0.000003
16.525796, -0.009573, -34.547798, 3.717632, 1.343421, -0.079257, 0.000003
16.549818, 0.225306, -30.937889, 1.139109, 1.083543, -0.184974, 0.000043
16.557909, 0.225305, -30.940417, 1.136708, 1.083794, -0.185016, 0.000043
16.581946, 0.225298, -30.957115, 1.120842, 1.085448, -0.185290, 0.000043
16.590060, 0.225295, -30.965725, 1.112663, 1.086298, -0.185432, 0.000043
16.614093, 0.225287, -31.000707, 1.079443, 1.089738, -0.186007, 0.000043
16.622197, 0.225286, -31.015427, 1.065470, 1.091178, -0.186249, 0.000043
16.646387, 0.225291, -31.068811, 1.014820, 1.096362, -0.187127, 0.000043
16.654339, 0.225298, -31.089693, 0.995019, 1.098374, -0.187470, 0.000043
16.678254, 0.225338, -31.161658, 0.926823, 1.105241, -0.188652, 0.000043
16.686346, 0.225361, -31.188771, 0.901150, 1.107800, -0.189097, 0.000043
16.710349, 0.225466, -31.279557, 0.815257, 1.116264, -0.190587, 0.000043
16.718447, 0.225516, -31.312990, 0.783655, 1.119339, -0.191135, 0.000043
16.742644, 0.225723, -31.422894, 0.679877, 1.129291, -0.192936, 0.000043
16.750654, 0.225815, -31.462754, 0.642278, 1.132842, -0.193589, 0.000043
16.774657, 0.226171, -31.592125, 0.520396, 1.144151, -0.195704, 0.000043
16.782635, 0.226321, -31.638539, 0.476723, 1.148129, -0.196462, 0.000043
16.806868, 0.226883, -31.787776, 0.336487, 1.160639, -0.198894, 0.000043
16.814776, 0.227112, -31.840885, 0.286651, 1.164988, -0.199757, 0.000043
16.838964, 0.227945, -32.010437, 0.127789, 1.178517, -0.202508, 0.000043
16.847008, 0.228277, -32.070396, 0.071696, 1.183172, -0.203478, 0.000043
16.871142, 0.229459, -32.260749, -0.106087, 1.197510, -0.206548, 0.000043
16.878958, 0.229921, -32.327728, -0.168538, 1.202397, -0.207625, 0.000043
16.903070, 0.231539, -32.539403, -0.365551, 1.217309, -0.211012, 0.000043
16.911090, 0.232162, -32.613580, -0.434464, 1.222345, -0.212193, 0.000043
16.935229, 0.234318, -32.847126, -0.651026, 1.237566, -0.215893, 0.000043
16.943247, 0.235139, -32.928686, -0.726508, 1.242657, -0.217178, 0.000043
16.967439, 0.237945, -33.184670, -0.962937, 1.257895, -0.221181, 0.000043
16.975389, 0.239004, -33.273805, -1.045095, 1.262940, -0.222565, 0.000043
16.999413, 0.242589, -33.552800, -1.301703, 1.277872, -0.226861, 0.000043
17.007522, 0.243930, -33.649701, -1.390638, 1.282757, -0.228339, 0.000043
17.031543, 0.248434, -33.952278, -1.667724, 1.297031, -0.232907, 0.000043
17.039527, 0.250107, -34.057133, -1.763532, 1.301635, -0.234472, 0.000043
17.063678, 0.255687, -34.383844, -2.061367, 1.314870, -0.239288, 0.000043
17.071680, 0.257746, -34.496833, -2.164132, 1.319061, -0.240931, 0.000043
17.095830, 0.264572, -34.848198, -2.482950, 1.330849, -0.245962, 0.000043
17.103812, 0.267077, -34.969487, -2.592743, 1.334486, -0.247670, 0.000043
17.127953, 0.275336, -35.345978, -2.932728, 1.344390, -0.252875, 0.000043
17.135959, 0.278351, -35.475712, -3.049600, 1.347324, -0.254633, 0.000043
17.159980, 0.288240, -35.877729, -3.410875, 1.354884, -0.259962, 0.000043
17.168079, 0.291833, -36.016028, -3.534855, 1.356957, -0.261751, 0.000043
17.192083, 0.303566, -36.443880, -3.917461, 1.361690, -0.267141, 0.000043
17.200245, 0.307810, -36.590829, -4.048548, 1.362738, -0.268940, 0.000043
17.224446, 0.321608, -37.044711, -4.452433, 1.364145, -0.274318, 0.000043
17.232280, 0.326578, -37.200354, -4.590592, 1.363999, -0.276099, 0.000043
17.256230, 0.342672, -37.680317, -5.015593, 1.361566, -0.281380, 0.000043
17.264426, 0.348447, -37.844642, -5.160747, 1.360053, -0.283113, 0.000043
17.288433, 0.367071, -38.350568, -5.606568, 1.353257, -0.288198, 0.000043
17.296412, 0.119427, -37.681714, -2.234865, 1.567081, -0.180784, 0.000000
17.320718, 0.128135, -38.108016, -2.675662, 1.552202, -0.184726, 0.000000
17.328535, 0.131045, -38.250062, -2.822680, 1.546499, -0.185942, 0.000000
17.352708, 0.139785, -38.675837, -3.263807, 1.527190, -0.189280, 0.000000
17.360651, 0.142699, -38.817594, -3.410830, 1.520026, -0.190287, 0.000000
17.384709, 0.151438, -39.242155, -3.851649, 1.496378, -0.192977, 0.000000
17.392823, 0.154346, -39.383391, -3.998461, 1.487785, -0.193761, 0.000000
17.417011, 0.163048, -39.806041, -4.438321, 1.459908, -0.195762, 0.000000
17.424952, 0.165938, -39.946523, -4.584704, 1.449925, -0.196309, 0.000000
17.449035, 0.174567, -40.366559, -5.022946, 1.417943, -0.197583, 0.000000
17.456981, 0.177427, -40.506051, -5.168678, 1.406615, -0.197883, 0.000000
17.481139, 0.185948, -40.922760, -5.604632, 1.370669, -0.198397, 0.000000
17.489092, 0.188766, -41.061025, -5.749490, 1.358044, -0.198439, 0.000000
17.513286, 0.197140, -41.473692, -6.182482, 1.318290, -0.198166, 0.000000
17.521261, 0.199903, -41.610490, -6.326239, 1.304423, -0.197940, 0.000000
17.545245, 0.208094, -42.018395, -6.755589, 1.261030, -0.196856, 0.000000
17.553435, 0.210789, -42.153485, -6.898018, 1.245980, -0.196357, 0.000000
17.577433, 0.218759, -42.555907, -7.323041, 1.199130, -0.194443, 0.000000
17.585422, 0.221375, -42.689049, -7.463914, 1.182960, -0.193665, 0.000000
17.609544, 0.229086, -43.085265, -7.883923, 1.132850, -0.190909, 0.000000
17.617566, 0.231610, -43.216218, -8.023009, 1.115627, -0.189848, 0.000000
17.641736, 0.239026, -43.605507, -8.437317, 1.062462, -0.186241, 0.000000
17.649689, 0.241445, -43.734031, -8.574387, 1.044257, -0.184897, 0.000000
17.673880, 0.248529, -44.115676, -8.982305, 0.988257, -0.180436, 0.000000
17.681696, 0.250832, -44.241532, -9.117132, 0.969144, -0.178808, 0.000000
17.705901, 0.257549, -44.614818, -9.517975, 0.910536, -0.173498, 0.000000
17.713975, 0.259723, -44.737770, -9.650329, 0.890593, -0.171587, 0.000000
17.738020, 0.266039, -45.101989, -10.043415, 0.829613, -0.165436, 0.000000
17.745997, 0.268074, -45.221802, -10.173071, 0.808919, -0.163247, 0.000000
17.770169, 0.273955, -45.576255, -10.557723, 0.745813, -0.156270, 0.000000
17.778135, 0.275840, -45.692697, -10.684455, 0.724452, -0.153809, 0.000000
17.802164, 0.281255, -46.036693, -11.060003, 0.659469, -0.146024, 0.000000
17.810294, 0.282979, -46.149535, -11.183590, 0.637526, -0.143298, 0.000000
17.834429, 0.287899, -46.482395, -11.549372, 0.570926, -0.134733, 0.000000
17.842400, 0.289454, -46.591413, -11.669595, 0.548487, -0.131751, 0.000000
17.866418, 0.293851, -46.912470, -12.024959, 0.480530, -0.122435, 0.000000
17.874405, 0.295226, -47.017444, -12.141602, 0.457683, -0.119209, 0.000000
17.898603, 0.299075, -47.326044, -12.485907, 0.388637, -0.109179, 0.000000
17.906597, 0.300264, -47.426760, -12.598758, 0.365472, -0.105721, 0.000000
17.930736, 0.303541, -47.722267, -12.931378, 0.295604, -0.095018, 0.000000
17.938747, 0.304536, -47.818514, -13.040230, 0.272210, -0.091343, 0.000000
17.962756, 0.307222, -48.100308, -13.360550, 0.201792, -0.080012, 0.000000
17.970737, 0.308017, -48.191882, -13.465202, 0.178259, -0.076137, 0.000000
17.994903, 0.310094, -48.459363, -13.772624, 0.107562, -0.064230, 0.000000
18.003030, 0.310683, -48.546068, -13.872879, 0.083981, -0.060171, 0.000000
18.027034, 0.312137, -48.798654, -14.166824, 0.013275, -0.047742, 0.000000
18.035028, 0.312516, -48.880301, -14.262492, -0.010263, -0.043519, 0.000000
18.059164, 0.313334, -49.117433, -14.542398, -0.080708, -0.030627, 0.000000
18.067169, 0.313500, -49.193837, -14.633295, -0.104114, -0.026260, 0.000000
18.091322, 0.313675, -49.414980, -14.898620, -0.174031, -0.012968, 0.000000
18.099322, 0.313626, -49.485968, -14.984570, -0.197217, -0.008479, 0.000000
18.123323, 0.313152, -49.690609, -15.234795, -0.266342, 0.005147, 0.000000
18.131310, 0.312885, -49.756015, -15.315627, -0.289221, 0.009737, 0.000000
18.155627, 0.311760, -49.943669, -15.550255, -0.357293, 0.023628, 0.000000
18.163473, 0.311277, -50.003334, -15.625808, -0.379779, 0.028294, 0.000000
18.187624, 0.309502, -50.173542, -15.844366, -0.446546, 0.042379, 0.000000
18.195567, 0.308803, -50.227318, -15.914486, -0.468554, 0.047097, 0.000000
18.219623, 0.306383, -50.379648, -16.116526, -0.533767, 0.061302, 0.000000
18.227762, 0.305470, -50.427397, -16.181069, -0.555217, 0.066048, 0.000000
18.251767, 0.302413, -50.561447, -16.366169, -0.618635, 0.080297, 0.000000
18.259761, 0.301289, -50.603039, -16.424998, -0.639447, 0.085046, 0.000000
18.283879, 0.297606, -50.718437, -16.592765, -0.700836, 0.099264, 0.000000
18.291859, 0.296275, -50.753754, -16.645755, -0.720934, 0.103988, 0.000000
18.316047, 0.291980, -50.850160, -16.795823, -0.780070, 0.118097, 0.000000
18.324175, 0.290448, -50.879092, -16.842855, -0.799381, 0.122773, 0.000000
18.348317, 0.285558, -50.956197, -16.974888, -0.856049, 0.136695, 0.000000
18.356331, 0.283831, -50.978648, -17.015857, -0.874502, 0.141295, 0.000000
18.380222, 0.278365, -51.036175, -17.129549, -0.928497, 0.154954, 0.000000
18.388337, 0.276450, -51.052058, -17.164357, -0.946026, 0.159453, 0.000000
18.412296, 0.270433, -51.089765, -17.259434, -0.997154, 0.172770, 0.000000
18.420444, 0.268338, -51.099005, -17.287994, -1.013696, 0.177144, 0.000000
18.444497, 0.261795, -51.116683, -17.364214, -1.061774, 0.190045, 0.000000
18.452494, 0.259529, -51.119217, -17.386452, -1.077271, 0.194267, 0.000000
18.476617, 0.252487, -51.116693, -17.443603, -1.122128, 0.206677, 0.000000
18.484627, 0.250060, -51.112467, -17.459454, -1.136525, 0.210724, 0.000000
18.508784, 0.242550, -51.089603, -17.497361, -1.178003, 0.222572, 0.000000
18.516768, 0.239973, -51.078578, -17.506771, -1.191249, 0.226419, 0.000000
18.540902, 0.232027, -51.035270, -17.525290, -1.229205, 0.237635, 0.000000
18.548894, 0.229310, -51.017419, -17.528218, -1.241254, 0.241261, 0.000000
18.572907, 0.220963, -50.953602, -17.527239, -1.275556, 0.251779, 0.000000
18.581026, 0.218118, -50.928907, -17.523654, -1.286367, 0.255161, 0.000000
18.605227, 0.209406, -50.844550, -17.503104, -1.316898, 0.264917, 0.000000
18.613039, 0.206446, -50.813007, -17.492987, -1.326434, 0.268035, 0.000000
18.637215, 0.197405, -50.708117, -17.452825, -1.353090, 0.276971, 0.000000
18.645151, 0.194341, -50.669736, -17.436168, -1.361320, 0.279806, 0.000000
18.669373, 0.185011, -50.544356, -17.376391, -1.384014, 0.287866, 0.000000
18.676942, 0.181857, -50.499156, -17.353199, -1.390910, 0.290400, 0.000000
18.701349, 0.172276, -50.353365, -17.273837, -1.409569, 0.297533, 0.000000
18.709459, 0.169045, -50.301379, -17.244126, -1.415109, 0.299751, 0.000000
18.733646, 0.159253, -50.135294, -17.145245, -1.429675, 0.305912, 0.000000
18.741491, 0.155958, -50.076567, -17.109042, -1.433843, 0.307798, 0.000000
18.765672, -0.594577, -47.154640, -13.116473, -1.133650, 0.396200, -0.000043
18.773646, -0.602219, -47.078237, -13.072732, -1.136724, 0.397761, -0.000043
18.797771, -0.623708, -46.848079, -12.935766, -1.143739, 0.401831, -0.000043
18.805743, -0.630405, -46.771177, -12.888365, -1.145378, 0.402991, -0.000043
18.829904, -0.649159, -46.540450, -12.741627, -1.148345, 0.405914, -0.000043
18.837888, -0.654978, -46.463656, -12.691362, -1.148721, 0.406711, -0.000043
18.861915, -0.671199, -46.234116, -12.537175, -1.148152, 0.408601, -0.000043
18.870009, -0.676209, -46.157995, -12.484801, -1.147432, 0.409073, -0.000043
18.894070, -0.690111, -45.931259, -12.325364, -1.143822, 0.410049, -0.000043
18.902177, -0.694383, -45.856327, -12.271591, -1.142169, 0.410235, -0.000043
18.926201, -0.706179, -45.633882, -12.108976, -1.135995, 0.410411, -0.000043
18.934218, -0.709786, -45.560613, -12.054473, -1.133563, 0.410350, -0.000043
18.958198, -0.719690, -45.343817, -11.890618, -1.125279, 0.409842, -0.000043
18.966319, -0.722701, -45.272643, -11.836010, -1.122217, 0.409572, -0.000043
18.990329, -0.730921, -45.062734, -11.672723, -1.112250, 0.408492, -0.000043
18.998423, -0.733404, -44.994048, -11.618590, -1.108696, 0.408049, -0.000043
19.022530, -0.740139, -44.792149, -11.457549, -1.097450, 0.406503, -0.000043
19.030259, -0.742159, -44.726307, -11.404429, -1.093533, 0.405922, -0.000043
19.054625, -0.747599, -44.533434, -11.247180, -1.081381, 0.404012, -0.000043
19.062619, -0.749218, -44.470757, -11.195567, -1.077221, 0.403326, -0.000043
19.086775, -0.753540, -44.287823, -11.043531, -1.064509, 0.401147, -0.000043
19.094745, -0.754814, -44.228600, -10.993877, -1.060217, 0.400387, -0.000043
19.118967, -0.758183, -44.056423, -10.848351, -1.047264, 0.398028, -0.000043
19.126933, -0.759165, -44.000912, -10.801069, -1.042940, 0.397222, -0.000043
19.150939, -0.761733, -43.840222, -10.663229, -1.030034, 0.394765, -0.000043
19.159074, -0.762472, -43.788652, -10.618692, -1.025771, 0.393939, -0.000043
19.183119, -0.764377, -43.640098, -10.489600, -1.013173, 0.391458, -0.000043
19.191087, -0.764916, -43.592671, -10.448143, -1.009054, 0.390636, -0.000043
19.215264, -0.766281, -43.456822, -10.328749, -0.996999, 0.388199, -0.000043
19.223245, -0.766660, -43.413717, -10.290670, -0.993096, 0.387402, -0.000043
19.247392, -0.767597, -43.291072, -10.181817, -0.981793, 0.385069, -0.000043
19.254990, -0.767850, -43.252444, -10.147380, -0.978173, 0.384315, -0.000043
19.279397, -0.768456, -43.143435, -10.049808, -0.967804, 0.382140, -0.000043
19.287117, -0.768613, -43.109417, -10.019243, -0.964522, 0.381447, -0.000043
19.311654, -0.768973, -43.014415, -9.933595, -0.955246, 0.379475, -0.000043
19.319520, -0.769061, -42.985121, -9.907099, -0.952352, 0.378857, -0.000043
19.343686, -0.769248, -42.904437, -9.833921, -0.944304, 0.377128, -0.000043
19.351661, -0.769289, -42.879961, -9.811662, -0.941839, 0.376597, -0.000043
19.375648, -0.769362, -42.813853, -9.751409, -0.935131, 0.375144, -0.000043
19.383815, -0.769374, -42.794272, -9.733524, -0.933129, 0.374709, -0.000043
19.407964, -0.769382, -42.742946, -9.686564, -0.927852, 0.373560, -0.000043
19.415987, -0.769379, -42.728321, -9.673161, -0.926339, 0.373229, -0.000043
19.439967, -0.769359, -42.691934, -9.639773, -0.922562, 0.372403, -0.000043
19.447950, -0.769351, -42.682308, -9.630932, -0.921559, 0.372183, -0.000043
19.472097, -0.769330, -42.660969, -9.611316, -0.919329, 0.371694, -0.000043
19.480111, -0.769325, -42.656372, -9.607087, -0.918848, 0.371588, -0.000043
19.504251, -0.769318, -42.650144, -9.601357, -0.918195, 0.371445, -0.000043
19.512238, 2.128103, -54.207659, -17.560375, -1.486257, 0.350183, -0.000013
19.536355, 2.126760, -54.183583, -17.549553, -1.485447, 0.350006, -0.000013
19.544518, 2.125930, -54.168724, -17.542873, -1.484947, 0.349897, -0.000013
19.568418, 2.122279, -54.103549, -17.513576, -1.482753, 0.349418, -0.000013
19.576389, 2.120670, -54.074923, -17.500709, -1.481788, 0.349207, -0.000013
19.600561, 2.114637, -53.968157, -17.452720, -1.478189, 0.348421, -0.000013
19.608521, 2.112216, -53.925549, -17.433570, -1.476752, 0.348107, -0.000013
19.632688, 2.103687, -53.776391, -17.366537, -1.471716, 0.347007, -0.000013
19.640641, 2.100410, -53.719484, -17.340965, -1.469793, 0.346587, -0.000013
19.664863, 2.089231, -53.526834, -17.254404, -1.463276, 0.345162, -0.000013
19.672804, 2.085043, -53.455210, -17.222226, -1.460850, 0.344632, -0.000013
19.696989, 2.071032, -53.217671, -17.115527, -1.452794, 0.342869, -0.000013
19.704985, 2.065867, -53.130819, -17.076521, -1.449845, 0.342224, -0.000013
19.729140, 2.048823, -52.846709, -16.948952, -1.440183, 0.340108, -0.000013
19.737030, 2.042611, -52.744020, -16.902854, -1.436686, 0.339342, -0.000013
19.761126, 2.022322, -52.411383, -16.753572, -1.425338, 0.336855, -0.000013
19.769129, 2.014994, -52.292160, -16.700083, -1.421265, 0.335961, -0.000013
19.793284, 1.991255, -51.908778, -16.528140, -1.408143, 0.333082, -0.000013
19.801227, 1.982744, -51.772242, -16.466928, -1.403462, 0.332055, -0.000013
19.825415, 1.955370, -51.335654, -16.271285, -1.388466, 0.328760, -0.000013
19.833383, 1.945621, -51.180944, -16.201989, -1.383143, 0.327590, -0.000013
19.857525, 1.914468, -50.688463, -15.981525, -1.366168, 0.323857, -0.000013
19.865515, 1.903442, -50.514651, -15.903762, -1.360166, 0.322536, -0.000013
19.889556, 1.868427, -49.963388, -15.657295, -1.341095, 0.318335, -0.000013
19.897551, 1.856109, -49.769479, -15.570661, -1.334375, 0.316854, -0.000013
19.921743, 1.817230, -49.156371, -15.296962, -1.313090, 0.312160, -0.000013
19.929666, 1.803636, -48.941318, -15.201042, -1.305611, 0.310509, -0.000013
19.953753, 1.761001, -48.263153, -14.898854, -1.281985, 0.305290, -0.000013
19.961790, 1.746187, -48.025865, -14.793228, -1.273705, 0.303460, -0.000013
19.985851, 1.700032, -47.279322, -14.461295, -1.247612, 0.297687, -0.000013
19.993821, 1.684102, -47.018678, -14.345546, -1.238488, 0.295667, -0.000013
20.017995, 1.634821, -46.200360, -13.982631, -1.209799, 0.289310, -0.000013
20.026093, 1.617936, -45.915221, -13.856355, -1.199789, 0.287089, -0.000013
20.049991, 1.566103, -45.021703, -13.461276, -1.168378, 0.280117, -0.000013
20.058095, 1.548486, -44.710927, -13.324089, -1.157440, 0.277687, -0.000013
20.082170, 1.494876, -43.738803, -12.895746, -1.123185, 0.270070, -0.000013
20.090224, 1.476821, -43.401264, -12.747302, -1.111279, 0.267421, -0.000013
20.114226, 1.422430, -42.347197, -12.284716, -1.074064, 0.259131, -0.000013
20.122380, 1.404308, -41.981803, -12.124712, -1.061154, 0.256252, -0.000013
20.146393, 1.350363, -40.842591, -11.627063, -1.020875, 0.247263, -0.000013
20.154414, 1.332623, -40.448303, -11.455258, -1.006927, 0.244147, -0.000013
20.178565, 1.280589, -39.220941, -10.921928, -0.963494, 0.234435, -0.000013
20.186557, 1.263758, -38.796798, -10.738154, -0.948482, 0.231075, -0.000013
20.210540, 1.215334, -37.478548, -10.168774, -0.901820, 0.220620, -0.000013
20.218663, 1.200015, -37.023691, -9.972956, -0.885722, 0.217009, -0.000013
20.242736, 1.157115, -35.612163, -9.367455, -0.835782, 0.205796, -0.000013
20.250725, 1.143980, -35.125863, -9.159625, -0.818585, 0.201930, -0.000013
20.274874, -0.631098, -24.973687, -4.486509, -0.518240, 0.132235, 0.000000
20.282852, -0.621568, -24.479690, -4.266966, -0.500486, 0.128190, 0.000000
20.306876, -0.590938, -22.985022, -3.604409, -0.446720, 0.115925, 0.000000
20.314983, -0.580077, -22.482763, -3.382374, -0.428641, 0.111796, 0.000000
20.339162, -0.545667, -20.964683, -2.713253, -0.373976, 0.099294, 0.000000
20.347130, -0.533619, -20.455082, -2.489335, -0.355622, 0.095091, 0.000000
20.371146, -0.495871, -18.916370, -1.815484, -0.300207, 0.082387, 0.000000
20.379132, -0.482786, -18.400359, -1.590297, -0.281629, 0.078122, 0.000000
20.403318, -0.442167, -16.843830, -0.913563, -0.225618, 0.065251, 0.000000
20.411255, -0.428206, -16.322351, -0.687724, -0.206866, 0.060936, 0.000000
20.435444, -0.385203, -14.750842, -0.009963, -0.150412, 0.047933, 0.000000
20.443419, -0.370531, -14.224846, 0.215909, -0.131538, 0.043580, 0.000000
20.467609, -0.325648, -12.641216, 0.892837, -0.074796, 0.030480, 0.000000
20.475572, -0.310435, -12.111657, 1.118122, -0.055853, 0.026102, 0.000000
20.499738, -0.264187, -10.518778, 1.792362, 0.001020, 0.012942, 0.000000
20.507337, -0.248605, -9.986617, 2.016442, 0.019982, 0.008549, 0.000000
20.531742, -0.201513, -8.387367, 2.686144, 0.076830, -0.004635, 0.000000
20.539724, -0.185737, -7.853562, 2.908405, 0.095757, -0.009029, 0.000000
20.563869, -0.138325, -6.250822, 3.571733, 0.152425, -0.022201, 0.000000
20.571886, -0.122529, -5.716332, 3.791565, 0.171266, -0.026586, 0.000000
20.595877, -0.075316, -4.112974, 4.446701, 0.227597, -0.039709, 0.000000
20.604052, -0.059672, -3.578756, 4.663501, 0.246299, -0.044071, 0.000000
20.628133, -0.013172, -1.977640, 5.308649, 0.302139, -0.057109, 0.000000
20.636148, 0.002151, -1.444644, 5.521823, 0.320652, -0.061437, 0.000000
20.660148, 0.047439, 0.151387, 6.155214, 0.375846, -0.074355, 0.000000
20.668171, 0.062275, 0.682217, 6.364180, 0.394119, -0.078637, 0.000000
20.692271, 0.105867, 2.270347, 6.984079, 0.448517, -0.091399, 0.000000
20.700476, 0.120060, 2.798077, 7.188262, 0.466499, -0.095623, 0.000000
20.724471, 0.161492, 4.375519, 7.792973, 0.519951, -0.108194, 0.000000
20.732627, 0.174891, 4.899227, 7.991815, 0.537593, -0.112349, 0.000000
20.756638, 0.213726, 6.463234, 8.579682, 0.589953, -0.124695, 0.000000
20.764628, 0.226189, 6.982010, 8.772639, 0.607207, -0.128768, 0.000000
20.788592, 0.262017, 8.529875, 9.342054, 0.658330, -0.140854, 0.000000
20.796734, 0.273413, 9.042826, 9.528598, 0.675149, -0.144836, 0.000000
20.820761, 0.305855, 10.571894, 10.078005, 0.724896, -0.156630, 0.000000
20.828874, 0.316064, 11.078142, 10.257627, 0.741233, -0.160508, 0.000000
20.852888, 0.344780, 12.585811, 10.785523, 0.789468, -0.171977, 0.000000
20.860914, 0.353693, 13.084499, 10.957732, 0.805279, -0.175743, 0.000000
20.885045, 0.378377, 14.568227, 11.462679, 0.851870, -0.186855, 0.000000
20.893004, 0.385900, 15.058519, 11.627005, 0.867111, -0.190497, 0.000000
20.917212, 0.406287, 16.515830, 12.107624, 0.911931, -0.201223, 0.000000
20.925197, 0.412339, 16.996911, 12.263619, 0.926561, -0.204730, 0.000000
20.949224, 0.428208, 18.425398, 12.718600, 0.969487, -0.215041, 0.000000
20.957324, 0.432723, 18.896480, 12.865840, 0.983466, -0.218405, 0.000000
20.981344, 0.443895, 20.293813, 13.293945, 1.024380, -0.228272, 0.000000
20.989480, 0.446820, 20.754131, 13.432028, 1.037670, -0.231483, 0.000000
21.013493, 0.453163, 22.118059, 13.832093, 1.076463, -0.240879, 0.000000
21.021478, 0.454461, 22.566877, 13.960645, 1.089028, -0.243929, 0.000000
