0.106785, -0.237632, 3.400827, 0.748765, 0.359910, -0.170805, -0.289758
0.114758, -0.242116, 3.387376, 0.746523, 0.355335, -0.173855, -0.297383
0.122784, -0.237632, 3.396343, 0.755490, 0.364485, -0.195205, -0.308058
0.130709, -0.248841, 3.412036, 0.751007, 0.361435, -0.178430, -0.298908
0.138797, -0.239874, 3.429970, 0.726347, 0.347709, -0.173855, -0.294333
0.146767, -0.228665, 3.454630, 0.746523, 0.361435, -0.192155, -0.305008
0.154845, -0.233148, 3.427729, 0.733072, 0.359910, -0.175380, -0.271457
0.162809, -0.228665, 3.454630, 0.735314, 0.352285, -0.175380, -0.301958
0.170852, -0.235390, 3.454630, 0.735314, 0.359910, -0.173855, -0.295858
0.178937, -0.251083, 3.454630, 0.728588, 0.356860, -0.157079, -0.285183
0.186998, -0.233148, 3.477048, 0.744281, 0.372110, -0.173855, -0.277557
0.195013, -0.244357, 3.479290, 0.733072, 0.366010, -0.179955, -0.289758
0.203010, -0.244357, 3.490499, 0.751007, 0.375160, -0.164704, -0.291283
0.211040, -0.233148, 3.488257, 0.748765, 0.355335, -0.179955, -0.283658
0.219100, -0.239874, 3.510676, 0.737556, 0.366010, -0.166229, -0.283658
0.227007, -0.242116, 3.506192, 0.739798, 0.359910, -0.160129, -0.288233
0.235048, -0.228665, 3.490499, 0.739798, 0.358385, -0.173855, -0.279083
0.243094, -0.226423, 3.497225, 0.744281, 0.367535, -0.178430, -0.279083
0.251106, -0.233148, 3.499466, 0.759974, 0.355335, -0.164704, -0.280608
0.259127, -0.262292, 3.521885, 0.733072, 0.347709, -0.178430, -0.271457
0.267120, -0.237632, 3.521885, 0.759974, 0.349234, -0.173855, -0.265357
0.275222, -0.239874, 3.521885, 0.748765, 0.359910, -0.166229, -0.282133
0.283198, -0.248841, 3.553270, 0.735314, 0.358385, -0.166229, -0.268407
0.291267, -0.235390, 3.564479, 0.730830, 0.343134, -0.172330, -0.260782
0.299289, -0.210730, 3.577930, 0.744281, 0.346184, -0.157079, -0.262307
0.307333, -0.255566, 3.573446, 0.728588, 0.361435, -0.157079, -0.276032
0.315407, -0.248841, 3.575688, 0.708412, 0.344659, -0.166229, -0.269932
0.323355, -0.242116, 3.564479, 0.733072, 0.337034, -0.152504, -0.260782
0.347373, -0.244357, 3.618282, 0.737556, 0.350759, -0.149454, -0.253157
0.355407, -0.235390, 3.609315, 0.755490, 0.356860, -0.160129, -0.265357
0.379527, -0.228665, 3.640701, 0.737556, 0.343134, -0.161654, -0.271457
0.387644, -0.244357, 3.642942, 0.748765, 0.337034, -0.155554, -0.251632
0.411625, -0.248841, 3.672086, 0.733072, 0.340084, -0.169280, -0.254682
0.419710, -0.242116, 3.676569, 0.730830, 0.344659, -0.167755, -0.247057
0.443673, -0.255566, 3.683295, 0.724105, 0.340084, -0.146404, -0.268407
0.451715, -0.264534, 3.678811, 0.735314, 0.338559, -0.167755, -0.259257
0.475839, -0.266775, 3.712438, 0.692719, 0.337034, -0.161654, -0.253157
0.483861, -0.244357, 3.739340, 0.715138, 0.335509, -0.150979, -0.245532
0.507959, -0.248841, 3.712438, 0.726347, 0.329409, -0.158604, -0.260782
0.515934, -0.237632, 3.714680, 0.726347, 0.330934, -0.160129, -0.240957
0.539922, -0.239874, 3.764000, 0.726347, 0.326359, -0.152504, -0.244007
0.547991, -0.253325, 3.748307, 0.737556, 0.343134, -0.161654, -0.259257
0.572010, -0.224181, 3.784176, 0.735314, 0.329409, -0.144879, -0.251632
0.580148, -0.248841, 3.766242, 0.721863, 0.335509, -0.147929, -0.259257
0.604215, -0.255566, 3.768484, 0.748765, 0.333984, -0.146404, -0.247057
0.612244, -0.269017, 3.781935, 0.724105, 0.335509, -0.149454, -0.237906
0.636248, -0.257808, 3.799869, 0.737556, 0.315684, -0.146404, -0.251632
0.644228, -0.239874, 3.784176, 0.748765, 0.324834, -0.138779, -0.244007
0.668309, -0.233148, 3.860398, 0.739798, 0.323309, -0.129628, -0.242482
0.676443, -0.228665, 3.826771, 0.748765, 0.332459, -0.149454, -0.242482
0.700454, -0.257808, 3.820045, 0.728588, 0.327884, -0.154029, -0.239431
0.708525, -0.251083, 3.855914, 0.726347, 0.315684, -0.146404, -0.228756
0.732558, -0.253325, 3.896267, 0.739798, 0.315684, -0.137254, -0.244007
0.740535, -0.253325, 3.878332, 0.759974, 0.327884, -0.143354, -0.225706
0.764605, -0.253325, 3.878332, 0.733072, 0.332459, -0.134204, -0.253157
0.772670, -0.257808, 3.869365, 0.737556, 0.321784, -0.134204, -0.237906
0.796802, -0.233148, 3.905234, 0.744281, 0.318734, -0.123528, -0.237906
0.804751, -0.246599, 3.911960, 0.737556, 0.323309, -0.134204, -0.257732
0.828822, -0.226423, 3.894025, 0.744281, 0.321784, -0.131154, -0.240957
0.836842, -0.242116, 3.896267, 0.728588, 0.309583, -0.143354, -0.242482
0.860883, -0.260050, 3.929894, 0.728588, 0.312633, -0.146404, -0.244007
0.868898, -0.273501, 3.934378, 0.753248, 0.315684, -0.120478, -0.230281
0.893055, -0.262292, 3.936620, 0.737556, 0.317209, -0.128103, -0.234856
0.901070, -0.251083, 3.925410, 0.746523, 0.309583, -0.128103, -0.248582
0.925131, -0.251083, 3.950070, 0.733072, 0.308058, -0.123528, -0.237906
0.933096, -0.253325, 3.941103, 0.719621, 0.308058, -0.126578, -0.244007
0.957221, -0.253325, 3.936620, 0.733072, 0.321784, -0.131154, -0.269932
0.965176, -0.260050, 3.929894, 0.742039, 0.300433, -0.115903, -0.240957
0.989374, -0.235390, 3.954554, 0.755490, 0.305008, -0.123528, -0.245532
0.997392, -0.257808, 3.929894, 0.721863, 0.323309, -0.131154, -0.251632
1.021394, -0.266775, 3.947829, 0.719621, 0.298908, -0.134204, -0.244007
1.029430, -0.266775, 3.934378, 0.744281, 0.303483, -0.126578, -0.248582
1.053477, -0.239874, 3.959038, 0.759974, 0.295858, -0.120478, -0.248582
1.061456, -0.246599, 3.981456, 0.746523, 0.303483, -0.129628, -0.263832
1.085596, -0.257808, 3.970247, 0.737556, 0.300433, -0.128103, -0.242482
1.093696, -0.266775, 3.963521, 0.748765, 0.297383, -0.126578, -0.257732
1.117721, -0.248841, 3.968005, 0.751007, 0.292808, -0.125053, -0.257732
1.125741, -0.237632, 3.970247, 0.737556, 0.295858, -0.128103, -0.247057
1.149733, -0.246599, 3.992665, 0.746523, 0.294333, -0.111328, -0.234856
1.157790, -0.237632, 3.972488, 0.753248, 0.295858, -0.117428, -0.244007
1.181946, -0.277985, 3.963521, 0.733072, 0.286708, -0.108278, -0.250107
1.189992, -0.273501, 4.026292, 0.755490, 0.295858, -0.115903, -0.250107
1.214039, -0.257808, 3.988181, 0.748765, 0.300433, -0.109803, -0.253157
1.221993, -0.253325, 4.015083, 0.724105, 0.301958, -0.120478, -0.257732
1.245995, -0.262292, 3.965763, 0.726347, 0.303483, -0.099128, -0.262307
1.254057, -0.269017, 3.976972, 0.710654, 0.295858, -0.115903, -0.247057
1.278162, -0.257808, 3.990423, 0.717379, 0.289758, -0.111328, -0.254682
1.286097, -0.244357, 3.997148, 0.719621, 0.288233, -0.106753, -0.256207
1.310287, -0.228665, 3.970247, 0.748765, 0.292808, -0.112853, -0.259257
1.318241, -0.228665, 3.997148, 0.744281, 0.286708, -0.118953, -0.256207
1.342293, -0.248841, 4.003874, 0.737556, 0.280608, -0.108278, -0.259257
1.350208, -0.233148, 4.015083, 0.751007, 0.282133, -0.109803, -0.263832
1.374328, -0.237632, 3.988181, 0.717379, 0.286708, -0.102178, -0.247057
1.382457, -0.237632, 3.972488, 0.706170, 0.283658, -0.097603, -0.239431
1.406567, -0.221939, 4.017325, 0.753248, 0.279083, -0.097603, -0.237906
1.414552, -0.208488, 4.006116, 0.726347, 0.292808, -0.112853, -0.236381
1.438589, -0.226423, 3.997148, 0.712896, 0.288233, -0.109803, -0.248582
1.446607, -0.206247, 3.990423, 0.742039, 0.291283, -0.100653, -0.254682
1.470619, -0.224181, 3.990423, 0.717379, 0.277557, -0.086927, -0.254682
1.478770, -0.212972, 3.992665, 0.726347, 0.283658, -0.099128, -0.245532
1.502820, -0.208488, 3.979214, 0.755490, 0.285183, -0.080827, -0.251632
1.510833, -0.204005, 4.019567, 0.755490, 0.282133, -0.091502, -0.257732
1.534808, -0.186070, 3.988181, 0.742039, 0.280608, -0.086927, -0.245532
1.542839, -0.188312, 3.992665, 0.753248, 0.276032, -0.094553, -0.242482
1.566920, -0.206247, 3.990423, 0.742039, 0.277557, -0.086927, -0.257732
1.574972, -0.199521, 4.021808, 0.717379, 0.274507, -0.091502, -0.248582
1.598999, -0.201763, 4.035259, 0.708412, 0.266882, -0.091502, -0.250107
1.607109, -0.201763, 4.028534, 0.735314, 0.274507, -0.088452, -0.260782
1.631156, -0.204005, 4.015083, 0.755490, 0.274507, -0.094553, -0.274507
1.639094, -0.199521, 4.026292, 0.726347, 0.269932, -0.086927, -0.259257
1.663168, -0.210730, 4.028534, 0.726347, 0.276032, -0.079302, -0.244007
1.671219, -0.192796, 3.990423, 0.728588, 0.268407, -0.096078, -0.239431
1.695329, -0.233148, 3.999390, 0.719621, 0.263832, -0.094553, -0.245532
1.703356, -0.215214, 4.008357, 0.757732, 0.260782, -0.077777, -0.254682
1.727440, -0.188312, 4.006116, 0.721863, 0.266882, -0.103703, -0.247057
1.735375, -0.212972, 4.015083, 0.739798, 0.269932, -0.073202, -0.257732
1.759455, -0.206247, 3.997148, 0.764457, 0.266882, -0.094553, -0.245532
1.767431, -0.212972, 4.015083, 0.739798, 0.272982, -0.094553, -0.245532
1.791647, -0.208488, 4.008357, 0.733072, 0.256207, -0.089977, -0.247057
1.799577, -0.199521, 4.006116, 0.733072, 0.272982, -0.080827, -0.247057
1.823703, -0.208488, 4.035259, 0.742039, 0.268407, -0.105228, -0.250107
1.831700, -0.217456, 4.037501, 0.733072, 0.276032, -0.106753, -0.259257
1.855713, -0.226423, 4.015083, 0.744281, 0.283658, -0.085402, -0.263832
1.863729, -0.190554, 3.985939, 0.733072, 0.272982, -0.100653, -0.250107
1.887843, -0.215214, 4.017325, 0.748765, 0.279083, -0.103703, -0.254682
1.895891, -0.210730, 4.003874, 0.724105, 0.280608, -0.086927, -0.256207
1.920053, -0.195038, 3.992665, 0.733072, 0.272982, -0.097603, -0.254682
1.928032, -0.201763, 4.017325, 0.739798, 0.280608, -0.114378, -0.259257
1.952064, -0.215214, 4.010599, 0.735314, 0.272982, -0.115903, -0.257732
1.960005, -0.221939, 4.030776, 0.721863, 0.274507, -0.118953, -0.260782
1.984127, -0.192796, 4.019567, 0.739798, 0.276032, -0.114378, -0.254682
1.992203, -0.215214, 4.033017, 0.744281, 0.283658, -0.109803, -0.245532
2.016239, -0.221939, 4.015083, 0.712896, 0.263832, -0.111328, -0.248582
2.024219, -0.242116, 4.015083, 0.748765, 0.268407, -0.112853, -0.245532
2.048248, -0.199521, 4.030776, 0.721863, 0.276032, -0.103703, -0.257732
2.056293, -0.237632, 4.017325, 0.726347, 0.276032, -0.108278, -0.256207
2.080426, -0.210730, 4.006116, 0.746523, 0.262307, -0.120478, -0.257732
2.088392, -0.206247, 4.044226, 0.728588, 0.274507, -0.118953, -0.253157
2.112621, -0.215214, 4.017325, 0.730830, 0.272982, -0.120478, -0.247057
2.120560, -0.224181, 4.008357, 0.715138, 0.276032, -0.123528, -0.242482
2.144585, -0.219697, 4.003874, 0.733072, 0.272982, -0.115903, -0.262307
2.152583, -0.201763, 4.010599, 0.744281, 0.288233, -0.122003, -0.268407
2.176610, -0.226423, 3.992665, 0.762216, 0.282133, -0.117428, -0.253157
2.184714, -0.244357, 4.001632, 0.748765, 0.279083, -0.122003, -0.254682
2.208828, -0.219697, 4.017325, 0.737556, 0.274507, -0.126578, -0.257732
2.216802, -0.201763, 4.044226, 0.739798, 0.280608, -0.128103, -0.253157
2.240789, -0.228665, 4.015083, 0.719621, 0.277557, -0.106753, -0.254682
2.248839, -0.224181, 4.012841, 0.717379, 0.276032, -0.109803, -0.259257
2.272926, -0.239874, 4.006116, 0.735314, 0.286708, -0.108278, -0.253157
2.280966, -0.228665, 4.001632, 0.733072, 0.282133, -0.120478, -0.262307
2.305029, -0.215214, 3.983698, 0.735314, 0.289758, -0.118953, -0.248582
2.313139, -0.208488, 4.012841, 0.724105, 0.269932, -0.108278, -0.274507
2.337115, -0.215214, 4.030776, 0.717379, 0.289758, -0.100653, -0.266882
2.345074, -0.221939, 3.990423, 0.737556, 0.269932, -0.132679, -0.247057
2.369141, -0.204005, 4.026292, 0.728588, 0.279083, -0.106753, -0.245532
2.377176, -0.226423, 3.992665, 0.739798, 0.274507, -0.115903, -0.250107
2.401346, -0.228665, 4.033017, 0.721863, 0.272982, -0.118953, -0.257732
2.409311, -0.201763, 4.041985, 0.746523, 0.276032, -0.102178, -0.245532
2.433377, -0.230906, 4.026292, 0.753248, 0.285183, -0.117428, -0.242482
2.441398, -0.206247, 4.026292, 0.730830, 0.285183, -0.115903, -0.250107
2.465474, -0.221939, 4.010599, 0.735314, 0.282133, -0.114378, -0.248582
2.473477, -0.215214, 4.015083, 0.715138, 0.288233, -0.114378, -0.257732
2.497597, -0.221939, 4.024050, 0.755490, 0.280608, -0.109803, -0.247057
2.505721, -0.230906, 4.021808, 0.728588, 0.280608, -0.111328, -0.257732
2.529720, -0.228665, 4.046468, 0.724105, 0.277557, -0.103703, -0.253157
2.537719, -0.511133, 3.080248, 1.853977, 0.237906, -0.080827, -0.187580
2.561753, -1.313701, 2.636369, 1.401132, 0.042701, 0.001525, -0.176905
2.569772, -1.248689, 2.546697, 1.692567, 0.076252, -0.067102, -0.109803
2.593987, -1.046926, 1.726194, 2.118511, 0.035076, -0.015250, -0.048801
2.601979, -0.907933, 1.499771, 2.093851, -0.054901, 0.041176, 0.001525
2.626056, -0.526826, 1.903297, 2.165589, -0.167755, 0.112853, -0.259257
2.634030, -0.728588, 1.764305, 2.551181, -0.155554, 0.134204, -0.256207
2.658078, -1.042442, 1.990728, 2.017630, -0.237906, 0.134204, -0.071677
2.666079, -0.939319, 1.502013, 1.401132, -0.312633, 0.227231, -0.126578
2.690188, -0.712896, 1.553575, 2.098335, -0.483438, 0.186055, 0.201305
2.698184, -1.071585, 1.901055, 2.674480, -0.425486, 0.138779, 0.257732
2.722416, -0.529067, 1.972793, 2.228360, -0.416336, 0.018300, 0.422436
2.730388, -0.699445, 1.827076, 1.905539, -0.375160, 0.094553, 0.555115
2.754488, -0.764457, 2.300098, 2.526521, -0.097603, 0.251632, 0.515464
2.762459, -0.759974, 1.741887, 2.472717, -0.086927, 0.219606, 0.385835
2.786642, -0.549244, 2.087126, 2.248536, 0.224181, 0.088452, -0.028976
2.794712, -0.791359, 2.046773, 2.403221, 0.260782, 0.109803, -0.024401
2.818734, -0.685994, 1.898814, 1.945892, 0.134204, 0.318734, -0.096078
2.826729, -1.241963, 1.930199, 1.968310, 0.079302, 0.323309, -0.048801
2.850765, -0.975188, 1.723952, 2.340450, -0.131154, 0.170805, 0.434637
2.858828, -1.345086, 1.941408, 2.120753, -0.169280, 0.288233, 0.471238
2.882947, -1.192643, 1.842768, 2.264229, -0.491063, 0.257732, 0.242482
2.890930, -0.674785, 1.981761, 2.239569, -0.451412, 0.155554, 0.193680
2.915083, -1.040200, 2.114027, 2.461508, -0.149454, 0.272982, -0.091502
2.923071, -1.580477, 2.031080, 2.333725, -0.070152, 0.208931, -0.125053
2.947113, -1.387681, 1.851736, 2.062466, 0.204356, 0.265357, 0.555115
2.955169, -1.069344, 1.499771, 2.190249, 0.198255, 0.266882, 0.433112
2.979210, -1.271107, 2.149896, 2.598259, -0.071677, 0.129628, -0.047276
2.987300, -0.685994, 2.284405, 2.880727, -0.181480, 0.215031, -0.082352
3.011501, -1.407857, 1.717227, 2.638611, -0.431587, 0.054901, 0.248582
3.019453, -0.901208, 1.927957, 2.432365, -0.356860, 0.201305, 0.527664
3.043478, -1.201611, 2.194733, 2.490652, 0.129628, 0.120478, 0.231806
3.051540, -0.919142, 1.607378, 2.434606, 0.196730, 0.295858, -0.032026
3.075578, -1.273348, 2.454783, 3.060072, 0.056427, 0.207406, 0.283658
3.083683, -0.937077, 2.497377, 2.804505, -0.147929, 0.362960, 0.471238
3.107825, -1.345086, 1.726194, 2.259745, -0.440737, 0.210456, 0.154029
3.115821, -1.782239, 2.571357, 2.882969, -0.291283, 0.312633, -0.096078
3.139808, -1.268865, 1.786723, 2.622918, 0.150979, 0.265357, 0.370585
3.147875, -1.199369, 1.672391, 2.362868, 0.237906, 0.181480, 0.427012
3.171921, -0.508891, 2.096093, 3.048863, -0.265357, 0.146404, -0.143354
3.179922, -0.717379, 2.026597, 2.649820, -0.494113, 0.067102, -0.089977
3.204111, -1.331636, 1.957101, 2.914354, -0.097603, 0.082352, 0.422436
3.212152, -1.327152, 1.997453, 2.439090, 0.073202, 0.230281, 0.234856
3.236205, -1.067102, 2.293372, 3.129568, -0.001525, 0.306533, 0.164704
3.244171, -0.946044, 1.945892, 2.941256, -0.210456, 0.370585, 0.449887
3.268248, -1.510980, 2.223876, 3.069039, -0.262307, 0.240957, -0.094553
3.276240, -1.531157, 2.053499, 2.495135, -0.094553, 0.129628, -0.089977
3.300476, -1.022266, 2.445815, 2.746218, 0.042701, 0.091502, 0.388885
3.308550, -0.737556, 2.425639, 2.759669, -0.138779, 0.233331, 0.077777
3.332595, -1.035717, 2.196974, 2.474959, -0.353810, 0.364485, 0.385835
3.340556, -1.226270, 2.114027, 2.349418, -0.137254, 0.283658, 0.471238
3.364615, -0.645641, 2.703624, 2.622918, 0.108278, 0.401086, -0.100653
3.372674, -0.706170, 2.728284, 3.004026, -0.018300, 0.533764, 0.181480
3.396866, -1.248689, 2.147655, 2.239569, -0.385835, 0.251632, 0.147929
3.404828, -1.385439, 2.284405, 2.546697, -0.210456, 0.129628, -0.100653
3.428967, -0.795843, 2.584808, 2.858309, 0.161654, 0.097603, 0.494113
3.436900, -0.892241, 2.918837, 2.647578, 0.025926, 0.170805, 0.298908
3.460939, -1.217303, 2.170073, 2.560148, -0.451412, 0.173855, 0.088452
3.468962, -0.950528, 2.652062, 2.333725, -0.309583, 0.086927, 0.478863
3.493180, -0.468538, 2.945739, 3.008510, 0.250107, 0.195205, -0.085402
3.501089, -0.659092, 2.932288, 2.822440, 0.083877, 0.391936, -0.114378
3.525280, -1.277832, 2.566873, 2.465992, -0.443787, 0.240957, 0.366010
3.533281, -0.975188, 3.004026, 2.672238, -0.335509, 0.111328, 0.070152
3.557333, -1.154532, 3.080248, 2.833649, 0.237906, 0.057952, 0.405661
3.565349, -1.250930, 3.165437, 2.833649, 0.093028, 0.233331, 0.448362
3.589536, -1.064860, 2.896419, 2.398737, -0.448362, 0.218081, -0.103703
3.597552, -0.746523, 3.073522, 2.912112, -0.358385, 0.083877, 0.152504
3.621627, -0.856372, 3.284253, 2.842616, 0.239431, 0.199780, 0.082352
3.629659, -1.172467, 2.860550, 2.542213, 0.103703, 0.366010, -0.126578
3.653723, -0.950528, 3.369441, 2.941256, -0.401086, 0.291283, 0.484963
3.661696, -0.898966, 3.100424, 2.840374, -0.408711, 0.172330, 0.335509
3.685878, -1.636522, 3.129568, 2.658787, 0.140304, 0.050326, 0.076252
3.693912, -1.685842, 2.273196, 2.405463, 0.179955, 0.187580, 0.434637
3.717968, -0.573904, 3.196822, 3.091457, -0.359910, 0.208931, -0.111328
3.726053, -0.425944, 2.963674, 3.060072, -0.494113, 0.117428, -0.103703
3.750030, -0.892241, 2.764153, 2.468234, 0.099128, 0.184530, 0.411761
3.758062, -0.950528, 2.687931, 2.690173, 0.244007, 0.301958, 0.099128
3.782147, -0.656851, 3.326847, 3.178888, -0.315684, 0.250107, 0.404136
3.790239, -0.851888, 3.234933, 3.183371, -0.466663, 0.205881, 0.448362
3.814448, -1.519948, 2.371836, 2.582566, -0.010675, 0.068627, -0.103703
3.822393, -1.215061, 2.741734, 2.528762, 0.152504, 0.125053, 0.163179
3.846397, -0.665818, 3.143019, 3.127326, -0.221131, 0.359910, 0.155554
3.854462, -0.789117, 3.651910, 2.950223, -0.417861, 0.323309, -0.115903
3.878501, -0.932593, 3.046621, 2.741734, -0.076252, 0.376685, 0.460562
3.886607, -0.721863, 3.158711, 2.865034, 0.181480, 0.408711, 0.335509
3.910709, -1.076069, 3.542061, 3.019719, -0.149454, 0.266882, 0.091502
3.918716, -1.452693, 3.181129, 2.629644, -0.401086, 0.210456, 0.422436
3.942737, -1.443726, 2.943497, 2.737251, -0.132679, 0.065577, -0.071677
3.950807, -1.109696, 3.526368, 2.912112, 0.125053, 0.131154, -0.096078
3.974859, -0.816019, 3.394101, 2.656546, -0.122003, 0.213506, 0.387360
3.982877, -1.064860, 3.344782, 2.643095, -0.353810, 0.123528, 0.067102
4.007080, -0.396800, 3.598106, 2.934530, -0.167755, 0.219606, 0.394986
4.015072, -0.638916, 3.737098, 3.391860, 0.050326, 0.224181, 0.452937
4.039138, -1.226270, 3.030928, 2.553422, -0.056427, 0.190630, -0.106753
4.047110, -1.578235, 3.053346, 2.587050, -0.289758, 0.201305, 0.125053
4.071202, -1.011057, 3.651910, 3.071281, -0.256207, 0.128103, 0.163179
4.079227, -1.060376, 3.604832, 3.185613, -0.033551, 0.100653, -0.111328
4.103410, -1.105213, 3.331331, 2.779845, -0.004575, 0.160129, 0.481913
4.111440, -0.916901, 3.187855, 2.654304, -0.208931, 0.190630, 0.379735
4.135526, -0.437153, 3.869365, 3.311154, -0.311108, 0.291283, 0.050326
4.143527, -0.661334, 3.959038, 3.140777, -0.085402, 0.201305, 0.417861
4.167560, -1.468386, 3.290978, 2.690173, 0.027451, 0.190630, -0.103703
4.175571, -1.306976, 3.127326, 2.856067, -0.128103, 0.282133, -0.097603
4.199726, -1.349570, 4.111481, 3.113875, -0.370585, 0.216556, 0.422436
4.207740, -1.275590, 3.539819, 2.768636, -0.208931, 0.041176, 0.131154
4.231930, -0.618740, 3.434454, 2.367352, 0.105228, 0.056427, 0.327884
4.239858, -0.105365, 3.593622, 2.817956, -0.051851, 0.210456, 0.483438
4.263850, -0.425944, 4.367047, 2.761911, -0.446837, 0.306533, -0.150979
4.271873, -0.529067, 3.508434, 2.616193, -0.343134, 0.210456, -0.007625
4.296091, -0.889999, 3.759516, 2.322516, 0.222656, 0.227231, 0.379735
4.304055, -0.780150, 3.618282, 2.856067, 0.112853, 0.150979, 0.129628
4.328177, -1.120905, 4.156317, 2.730525, -0.355335, 0.128103, 0.199780
4.336181, -1.425792, 3.690020, 2.551181, -0.501739, 0.283658, 0.478863
4.360205, -0.477506, 4.286342, 2.542213, -0.102178, 0.176905, -0.027451
4.368217, 0.069496, 3.983698, 2.490652, 0.158604, 0.190630, -0.140304
4.392390, -0.381108, 4.295309, 2.815714, 0.047276, 0.393461, 0.460562
4.400458, -0.620982, 4.254957, 2.840374, -0.109803, 0.355335, 0.420911
4.424566, -0.881032, 3.387376, 2.129720, -0.480388, 0.483438, -0.079302
4.432628, -1.273348, 3.898509, 2.492893, -0.384310, 0.417861, -0.158604
4.456596, -0.721863, 3.842463, 2.741734, -0.009150, 0.483438, 0.491063
4.464552, -1.174709, 3.622766, 2.495135, 0.129628, 0.362960, 0.381260
4.488759, -0.547002, 4.315486, 2.535488, 0.061002, 0.248582, -0.111328
4.496759, -0.784634, 4.138382, 2.235085, -0.035076, 0.112853, -0.178430
4.520868, 0.008967, 4.145108, 2.192491, -0.402611, 0.245532, 0.207406
4.528950, -0.475264, 4.456720, 2.618435, -0.428537, 0.134204, 0.488013
4.552952, -0.524584, 3.703471, 2.407705, -0.193680, 0.167755, 0.251632
4.560913, -0.733072, 3.820045, 2.580324, -0.112853, 0.164704, 0.224181
4.585057, -0.807052, 4.568810, 2.708107, 0.254682, 0.042701, -0.099128
4.593107, -0.488715, 4.306518, 2.708107, 0.186055, 0.170805, -0.155554
4.617158, -0.645641, 3.929894, 2.167831, 0.001525, 0.147929, 0.488013
4.625195, -0.520100, 3.559995, 2.533246, -0.135729, 0.064052, 0.420911
4.649274, -0.354206, 4.752639, 2.566873, -0.346184, 0.248582, 0.228756
4.657299, -1.064860, 4.219088, 2.548939, -0.466663, 0.301958, 0.251632
4.681357, -0.961737, 3.853673, 2.163347, -0.405661, 0.157079, -0.260782
4.689454, -1.102971, 4.228055, 2.439090, -0.393461, 0.143354, -0.118953
4.713531, -0.647883, 4.089063, 2.013146, -0.140304, 0.298908, 0.218081
4.721557, -0.708412, 4.476896, 2.004179, -0.080827, 0.381260, 0.193680
4.745557, -0.845163, 4.024050, 2.578082, 0.189105, 0.129628, 0.532239
4.753650, -0.959495, 4.409642, 2.333725, 0.201305, 0.091502, 0.422436
4.777685, -0.060529, 3.925410, 1.950375, 0.225706, 0.193680, 0.460562
4.785738, -0.437153, 4.564327, 2.232843, 0.163179, 0.228756, 0.280608
4.809876, -0.208488, 4.512765, 2.439090, 0.108278, 0.205881, 0.210456
4.817937, -0.076222, 4.172010, 2.315790, 0.117428, 0.150979, -0.041176
4.841951, -0.564936, 4.837827, 1.378714, 0.025926, 0.091502, -0.062527
4.849954, -0.659092, 4.346871, 2.134204, -0.010675, 0.051851, -0.155554
4.874007, -0.257808, 4.927500, 1.840527, -0.099128, 0.050326, -0.233331
4.882026, -0.087431, 4.420851, 1.795690, -0.105228, 0.038126, -0.163179
4.906173, -0.096398, 4.216846, 1.952617, -0.096078, 0.067102, -0.085402
4.914257, -0.109849, 4.376014, 2.064708, -0.129628, 0.088452, -0.056427
4.938282, 0.049320, 4.131657, 2.593775, -0.131154, 0.024401, -0.109803
4.946285, 0.056045, 4.306518, 2.616193, -0.147929, 0.050326, -0.170805
4.970315, 0.056045, 5.248079, 2.824681, -0.106753, 0.054901, -0.181480
4.978326, -0.035869, 5.171857, 2.571357, -0.111328, 0.047276, -0.170805
5.002568, -0.251083, 5.035107, 2.584808, -0.106753, 0.050326, -0.172330
5.010551, -0.219697, 4.963369, 2.627402, -0.099128, 0.050326, -0.178430
5.034671, 0.237632, 4.923016, 2.770878, -0.096078, 0.041176, -0.195205
5.042590, 0.520100, 6.160496, 1.710502, -0.048801, 0.010675, -0.218081
5.066675, 0.524584, 5.969942, 1.049167, 0.080827, -0.051851, -0.268407
5.074678, 0.692719, 6.008053, 0.634432, 0.068627, -0.067102, -0.404136
5.098740, 1.037958, 6.277070, 1.268865, 0.160129, -0.088452, -0.350759
5.106890, 1.120905, 6.427271, 0.627707, 0.170805, -0.143354, -0.439212
5.130944, 0.930351, 5.871302, 0.204005, 0.237906, -0.259257, -0.574941
5.138952, 0.764457, 6.339841, 0.560453, 0.318734, -0.150979, -0.541390
5.162961, 0.739798, 5.878028, 0.246599, 0.430062, -0.205881, -0.449887
5.171012, 0.802568, 6.389160, 0.771183, 0.478863, -0.141829, -0.431587
5.195139, 0.724105, 6.283795, 0.842921, 0.530714, -0.021351, -0.106753
5.203154, 0.997606, 6.595407, 0.544760, 0.529189, -0.099128, -0.068627
5.227317, 1.150049, 5.671781, 0.280226, 0.574941, -0.176905, -0.007625
5.235355, 0.771183, 5.981151, 0.629949, 0.544440, -0.205881, 0.102178
5.259344, 1.244205, 6.505735, 0.679269, 0.477338, -0.088452, -0.219606
5.267351, 0.847404, 6.555054, 0.515616, 0.350759, 0.010675, -0.144879
5.291516, 1.454935, 6.102209, 0.733072, 0.169280, -0.149454, -0.483438
5.299549, 0.851888, 6.472107, 0.551485, -0.007625, -0.193680, -0.448362
5.323661, 1.221787, 6.057372, 0.470780, -0.120478, -0.079302, -0.434637
5.331694, 0.961737, 5.804048, 0.654609, -0.001525, -0.036601, -0.250107
5.355746, 0.668060, 6.400369, 0.044836, 0.266882, -0.257732, 0.117428
5.363733, 1.291283, 6.382435, 0.549244, 0.398036, -0.269932, 0.134204
5.387844, 1.282316, 6.070823, 0.177103, 0.516989, -0.120478, -0.344659
5.395838, 0.739798, 5.954249, 0.439395, 0.581041, -0.231806, -0.571890
5.420053, 1.035717, 6.272586, -0.049320, 0.536814, -0.218081, -0.407186
5.428010, 1.567026, 6.445206, 0.710654, 0.378210, -0.166229, -0.359910
5.452047, 1.024507, 6.200848, 0.381108, -0.027451, -0.349234, 0.062527
5.460044, 0.412493, 6.205332, 0.578387, -0.039651, -0.195205, 0.003050
5.484134, 1.502013, 6.761301, 0.591838, 0.301958, -0.291283, -0.449887
5.492229, 1.212820, 6.696288, 0.284710, 0.433112, -0.211981, -0.588666
5.516403, 1.100729, 5.651605, 0.051562, 0.605441, -0.337034, -0.079302
5.524415, 0.975188, 5.992360, -0.035869, 0.562740, -0.355335, 0.091502
5.548428, 1.336119, 6.837523, 0.524584, 0.282133, -0.390411, -0.567315
5.556446, 1.049167, 6.429513, 0.470780, 0.076252, -0.372110, -0.515464
5.580521, 1.380955, 6.581956, 0.096398, 0.222656, -0.497163, -0.061002
5.588543, 1.398890, 6.301730, 0.125541, 0.369060, -0.462087, 0.102178
5.612637, 0.867581, 6.436238, 0.318337, 0.678643, -0.384310, -0.533764
5.620681, 0.932593, 6.720948, 0.130025, 0.610016, -0.240957, -0.535289
5.644740, 0.939319, 6.046163, -0.017934, 0.094553, -0.247057, 0.070152
5.652754, 0.571662, 6.429513, 0.208488, -0.045751, -0.112853, 0.044226
5.676787, 1.060376, 5.938556, -0.033627, 0.481913, -0.106753, -0.574941
5.684793, 1.546849, 6.102209, 0.096398, 0.564265, -0.157079, -0.387360
5.709038, 1.244205, 6.256894, 0.174861, 0.449887, -0.143354, -0.125053
5.717004, 1.159016, 6.438480, 0.085189, 0.262307, -0.179955, -0.462087
5.741069, 1.423550, 5.830950, 0.047078, 0.242482, -0.283658, -0.077777
5.749068, 1.298008, 6.099967, 0.026902, 0.475813, -0.158604, 0.073202
5.773133, 1.289041, 5.992360, 0.096398, 0.625267, -0.158604, -0.562740
5.781148, 0.943802, 6.310697, -0.031385, 0.393461, -0.330934, -0.396511
5.805440, 0.685994, 5.808531, 0.255566, 0.173855, -0.295858, -0.211981
5.813363, 0.842921, 6.138078, 0.421460, 0.367535, -0.147929, -0.530714
5.837529, 1.089520, 5.958733, 0.235390, 0.622217, -0.033551, 0.035076
5.845483, 0.860855, 5.992360, 0.188312, 0.434637, -0.205881, -0.033551
5.869491, 1.080553, 5.830950, 0.338513, 0.048801, -0.286708, -0.439212
5.877501, 1.304734, 6.779235, 0.219697, 0.318734, -0.202830, -0.067102
5.901671, 0.887757, 6.342082, 0.351964, 0.643567, -0.166229, -0.494113
5.909689, 0.728588, 5.934073, 0.006725, 0.564265, -0.282133, -0.515464
5.933776, 0.609773, 6.205332, 0.374382, -0.010675, -0.269932, 0.013725
5.941807, 0.867581, 6.629034, 0.313853, 0.251632, -0.158604, -0.335509
5.965804, 0.638916, 5.685232, 0.011209, 0.680168, -0.022876, -0.140304
5.973824, 0.668060, 5.658330, 0.029144, 0.559690, -0.115903, 0.088452
5.997946, 1.367505, 6.644727, 0.226423, 0.035076, -0.298908, -0.512414
6.006063, 1.273348, 6.611100, 0.551485, 0.161654, -0.189105, -0.349234
6.030117, 0.712896, 5.629187, -0.103123, 0.666443, -0.166229, -0.237906
6.038196, 0.526826, 5.593318, 0.320579, 0.605441, -0.282133, -0.545965
6.062155, 0.784634, 6.382435, 0.338513, 0.038126, -0.233331, 0.028976
6.070157, 0.659092, 5.875786, 0.298161, 0.061002, -0.208931, -0.016775
6.094351, 0.807052, 5.624703, 0.058287, 0.600866, -0.268407, -0.414811
6.102399, 0.972946, 5.512612, 0.199521, 0.614592, -0.257732, -0.071677
6.126473, 1.443726, 6.467624, 0.421460, 0.108278, -0.399561, -0.509364
6.134549, 1.172467, 5.687474, 0.242116, 0.024401, -0.457512, -0.561215
6.158529, 0.824986, 5.604527, 0.163652, 0.584091, -0.230281, 0.050326
6.166505, 0.914659, 5.781630, 0.484231, 0.712194, -0.193680, -0.295858
6.190628, 0.531309, 5.651605, 0.147960, 0.128103, -0.216556, -0.172330
6.198656, 0.580629, 5.149439, 0.156927, -0.033551, -0.215031, 0.032026
6.222771, 1.069344, 5.698683, 0.313853, 0.558165, -0.083877, -0.565790
6.230783, 1.457177, 5.842159, 0.372141, 0.678643, -0.103703, -0.373635
6.254859, 1.134356, 5.326542, 0.329546, 0.218081, -0.224181, -0.215031
6.262829, 1.076069, 5.324300, -0.179345, -0.018300, -0.298908, -0.541390
6.286912, 0.919142, 5.629187, 0.632191, 0.550540, -0.259257, 0.050326
6.295007, 0.703929, 5.987876, -0.071738, 0.663393, -0.183005, -0.012200
6.319153, 0.432669, 4.588986, 0.103123, 0.271457, -0.158604, -0.459037
6.327185, 0.600805, 4.907324, -0.430428, 0.044226, -0.254682, -0.118953
6.351202, 1.190401, 5.566416, 0.470780, 0.510889, -0.105228, -0.489538
6.359188, 1.172467, 5.808531, -0.004484, 0.620692, 0.004575, -0.523089
6.383290, 1.076069, 5.041832, -0.161410, 0.366010, -0.172330, 0.064052
6.391293, 0.993122, 5.801806, 0.181587, 0.190630, -0.300433, -0.324834
6.415496, 0.762216, 5.461051, -0.174861, 0.425486, -0.301958, -0.164704
6.423472, 0.304886, 5.420698, 0.172619, 0.579516, -0.160129, 0.085402
6.447556, 0.818261, 5.120296, -0.147960, 0.443787, -0.115903, -0.523089
6.455577, 1.033475, 5.830950, 0.293677, 0.266882, -0.251632, -0.387360
6.479611, 1.069344, 5.543998, 0.212972, 0.367535, -0.166229, -0.221131
6.487610, 1.129873, 5.398280, -0.002242, 0.542915, -0.041176, -0.552065
6.511761, 1.468386, 5.931831, 0.186070, 0.542915, -0.088452, -0.016775
6.519835, 1.329394, 5.546240, 0.204005, 0.308058, -0.301958, 0.030501
6.543890, 0.334030, 5.216693, -0.011209, 0.280608, -0.295858, -0.431587
6.551883, 0.443879, 4.613646, -0.112091, 0.480388, -0.187580, -0.111328
6.575932, 0.916901, 5.593318, 0.163652, 0.614592, -0.118953, -0.544440
6.583947, 1.185918, 5.216693, 0.342997, 0.376685, -0.247057, -0.539865
6.608145, 1.033475, 4.889389, -0.217456, 0.233331, -0.378210, 0.080827
6.616147, 1.342845, 4.584503, 0.125541, 0.419386, -0.272982, -0.289758
6.640227, 0.979671, 5.274980, 0.141234, 0.608491, -0.231806, -0.169280
6.648267, 0.800326, 4.499314, 0.295919, 0.410236, -0.440737, 0.068627
6.672293, 0.493198, 4.564327, -0.002242, 0.134204, -0.376685, -0.533764
6.680292, 0.589596, 4.631581, 0.047078, 0.347709, -0.228756, -0.393461
6.704523, 0.988639, 4.799717, 0.390075, 0.629842, -0.112853, -0.196730
6.712537, 0.854130, 4.425334, -0.163652, 0.488013, -0.227231, -0.518514
6.736591, 1.315943, 4.311002, 0.661334, 0.012200, -0.186055, 0.065577
6.744583, 1.197127, 4.613646, 0.356448, 0.301958, -0.018300, 0.077777
6.768647, 0.547002, 4.102514, 0.439395, 0.642042, -0.059477, -0.501739
6.776670, 0.264534, 3.907476, -0.040353, 0.567315, -0.179955, -0.240957
6.800743, 0.522342, 4.409642, 0.665818, 0.015250, -0.199780, -0.245532
6.808920, 0.751007, 4.098030, 0.300403, -0.015250, -0.359910, -0.539865
6.832919, 0.963979, 4.205637, 0.372141, 0.545965, -0.324834, -0.033551
6.841003, 1.107454, 4.059919, 0.179345, 0.605441, -0.256207, 0.115903
6.864966, 1.040200, 4.207879, 0.298161, 0.385835, -0.247057, -0.518514
6.873019, 1.100729, 3.959038, 0.573904, 0.242482, -0.083877, -0.545965
6.897102, 0.596322, 4.597954, 0.506649, 0.240957, -0.035076, 0.118953
6.905268, 0.520100, 4.089063, 0.244357, 0.324834, -0.028976, 0.039651
6.929346, 0.360932, 3.911960, 0.289194, 0.645092, -0.065577, -0.515464
6.937303, 0.876548, 4.210120, 0.603047, 0.623742, -0.085402, -0.405661
6.961315, 0.562694, 3.746066, 0.215214, 0.272982, -0.183005, 0.109803
6.969341, 0.887757, 4.104755, 0.230906, 0.129628, -0.118953, 0.051851
6.993438, 0.865339, 3.808836, 0.179345, 0.189105, -0.204356, -0.455987
7.001477, 1.179192, 3.438938, 0.432669, 0.213506, -0.161654, -0.530714
7.025661, 0.919142, 4.228055, 0.878790, 0.573415, -0.245532, -0.050326
7.033651, 1.078311, 3.907476, 0.571662, 0.628317, -0.117428, 0.080827
7.057707, 0.569420, 3.593622, 0.399042, 0.538340, -0.285183, -0.295858
7.065662, 0.293677, 4.008357, 0.627707, 0.405661, -0.160129, -0.518514
7.089741, 0.739798, 3.494983, 0.334030, -0.021351, -0.167755, -0.381260
7.097833, 0.934835, 2.968157, -0.186070, -0.048801, -0.202830, -0.295858
7.122031, 0.816019, 4.010599, 0.914659, 0.266882, -0.012200, 0.080827
7.130032, 0.237632, 4.261682, 0.567178, 0.317209, -0.089977, 0.195205
7.154027, 0.100881, 3.335814, 0.349722, 0.488013, -0.164704, -0.347709
7.162030, 0.688236, 3.320122, 0.257808, 0.504789, -0.089977, -0.530714
7.186116, 0.598563, 3.351507, 0.970704, 0.669493, -0.154029, -0.541390
7.194124, 1.071585, 3.573446, 0.820503, 0.617642, -0.236381, -0.401086
7.218309, 0.650125, 3.979214, 0.513375, 0.457512, -0.242482, -0.059477
7.226318, 0.977429, 3.297703, 0.733072, 0.317209, -0.157079, -0.007625
7.250372, 0.428186, 3.723648, 0.441637, 0.143354, -0.132679, 0.128103
7.258389, 0.838437, 3.441179, 0.219697, 0.012200, -0.204356, 0.167755
7.282432, 0.560453, 3.270802, 1.031233, 0.015250, -0.327884, -0.108278
7.290417, 0.515616, 3.820045, 1.154532, -0.071677, -0.277557, -0.128103
7.314610, 1.087278, 3.894025, 0.742039, 0.064052, -0.166229, -0.536814
7.322697, 1.078311, 3.109391, -0.244357, 0.093028, -0.138779, -0.469713
7.346728, 0.170378, 3.266318, 0.795843, 0.205881, -0.187580, -0.471238
7.354717, 0.450604, 2.755185, 0.728588, 0.204356, -0.204356, -0.585616
7.378774, 1.055893, 3.533094, 0.759974, 0.250107, -0.274507, -0.419386
7.386785, 1.042442, 3.118359, 0.914659, 0.288233, -0.256207, -0.320259
7.411003, 0.894482, 3.273044, 1.064860, 0.295858, -0.315684, -0.419386
7.419026, 0.690478, 3.387376, 0.627707, 0.286708, -0.260782, -0.428537
7.443048, 0.405768, 3.963521, 0.266775, 0.312633, -0.327884, -0.431587
7.451074, 0.262292, 3.817804, 0.295919, 0.317209, -0.262307, -0.440737
7.475093, 0.246599, 4.086821, 0.087431, 0.326359, -0.260782, -0.353810
7.483128, 0.221939, 3.355991, 0.121058, 0.323309, -0.274507, -0.364485
7.507318, 0.251083, 3.651910, 0.109849, 0.350759, -0.283658, -0.358385
7.515296, 0.248841, 3.712438, 0.062771, 0.343134, -0.276032, -0.370585
7.539476, 0.163652, 3.860398, -0.035869, 0.353810, -0.277557, -0.355335
7.547401, 0.091914, 2.800022, 1.094004, 0.300433, -0.237906, -0.303483
7.571470, -0.726347, 2.342692, 1.596169, 0.128103, -0.114378, -0.204356
7.579427, -0.916901, 2.136446, 1.972793, 0.097603, -0.067102, -0.135729
7.603602, -1.022266, 1.293525, 1.970552, -0.004575, 0.000000, -0.076252
7.611657, -1.163500, 1.448210, 2.096093, -0.042701, 0.018300, 0.000000
7.635777, -0.497682, 1.986244, 2.270954, -0.117428, 0.028976, -0.227231
7.643716, -0.399042, 1.466144, 2.629644, -0.147929, 0.086927, -0.248582
7.667775, -1.132114, 1.728436, 1.959343, -0.250107, 0.225706, -0.036601
7.675823, -1.185918, 1.354054, 1.452693, -0.271457, 0.141829, -0.141829
7.699915, -0.504407, 1.479595, 2.069191, -0.454462, 0.176905, 0.198255
7.708040, -0.845163, 2.172315, 2.513070, -0.448362, 0.051851, 0.256207
7.732036, -0.692719, 2.008662, 2.091609, -0.359910, 0.079302, 0.440737
7.740068, -0.582871, 2.024355, 1.865186, -0.349234, 0.126578, 0.574941
7.764101, -0.885515, 2.109544, 2.439090, -0.086927, 0.247057, 0.484963
7.772130, -0.764457, 1.845010, 2.526521, -0.050326, 0.245532, 0.372110
7.796141, -0.668060, 1.876396, 2.161105, 0.218081, 0.085402, -0.016775
7.804316, -0.706170, 2.134204, 2.425639, 0.248582, 0.157079, -0.024401
7.828398, -0.659092, 1.932441, 1.932441, 0.123528, 0.329409, -0.073202
7.836489, -0.977429, 1.730678, 2.084884, 0.077777, 0.338559, -0.028976
7.860503, -0.827228, 1.683600, 2.385287, -0.138779, 0.198255, 0.463613
7.868501, -1.369746, 1.880879, 2.203700, -0.158604, 0.324834, 0.475813
7.892590, -1.286799, 1.818108, 2.221634, -0.492588, 0.254682, 0.257732
7.900668, -0.771183, 1.824834, 2.210425, -0.416336, 0.134204, 0.172330
7.924779, -1.017782, 2.125237, 2.459266, -0.141829, 0.262307, -0.079302
7.932853, -1.493046, 2.060224, 2.237327, -0.082352, 0.175380, -0.108278
7.956884, -1.571509, 1.757580, 2.004179, 0.225706, 0.262307, 0.585616
7.964868, -1.118664, 1.468386, 2.255262, 0.215031, 0.248582, 0.449887
7.988906, -1.257656, 2.152138, 2.643095, -0.086927, 0.157079, -0.024401
7.996979, -0.762216, 2.217151, 2.918837, -0.172330, 0.221131, -0.102178
8.021178, -1.365263, 1.665665, 2.656546, -0.428537, 0.099128, 0.245532
8.029237, -0.919142, 1.910023, 2.385287, -0.347709, 0.224181, 0.570365
8.053240, -1.161258, 2.080400, 2.320274, 0.114378, 0.138779, 0.228756
8.061263, -0.833954, 1.484079, 2.383045, 0.193680, 0.320259, -0.064052
8.085309, -1.194885, 2.506344, 3.039895, 0.051851, 0.222656, 0.294333
8.093329, -0.782392, 2.380803, 2.730525, -0.179955, 0.379735, 0.507839
8.117489, -1.300250, 1.788965, 2.394254, -0.385835, 0.207406, 0.144879
8.125523, -1.735161, 2.548939, 2.950223, -0.263832, 0.312633, -0.105228
8.149604, -1.289041, 1.676874, 2.560148, 0.179955, 0.289758, 0.396511
8.157639, -1.237479, 1.656698, 2.344934, 0.187580, 0.166229, 0.443787
8.181648, -0.497682, 2.028839, 2.979366, -0.277557, 0.126578, -0.096078
8.189662, -0.793601, 1.930199, 2.672238, -0.536814, 0.041176, -0.077777
8.213916, -1.419066, 2.015388, 2.979366, -0.082352, 0.106753, 0.451412
8.221939, -1.336119, 1.970552, 2.396496, 0.059477, 0.262307, 0.207406
8.245938, -1.094004, 2.087126, 3.004026, -0.022876, 0.317209, 0.187580
8.253950, -0.860855, 1.820350, 2.759669, -0.247057, 0.355335, 0.492588
8.277972, -1.515464, 2.210425, 3.053346, -0.268407, 0.230281, -0.129628
8.285984, -1.522189, 2.100577, 2.497377, -0.096078, 0.144879, -0.094553
8.310204, -1.102971, 2.517553, 2.788812, 0.042701, 0.157079, 0.382785
8.318206, -0.789117, 2.392012, 2.625160, -0.144879, 0.222656, 0.083877
8.342322, -1.152291, 2.071433, 2.318032, -0.353810, 0.343134, 0.398036
8.350272, -1.257656, 1.959343, 2.407705, -0.144879, 0.291283, 0.475813
8.374301, -0.654609, 2.667755, 2.750702, 0.102178, 0.396511, -0.123528
8.382301, -0.809294, 2.761911, 3.035412, -0.036601, 0.553590, 0.186055
8.406479, -1.315943, 2.259745, 2.219393, -0.390411, 0.224181, 0.138779
8.414536, -1.425792, 2.405463, 2.463750, -0.179955, 0.105228, -0.103703
8.438597, -0.833954, 2.465992, 2.907628, 0.166229, 0.123528, 0.475813
8.446647, -1.042442, 2.773120, 2.692415, 0.015250, 0.201305, 0.288233
8.470642, -1.239721, 2.174556, 2.524279, -0.481913, 0.164704, 0.105228
8.478694, -1.053651, 2.726042, 2.320274, -0.268407, 0.108278, 0.495638
8.502821, -0.582871, 2.939014, 2.930047, 0.250107, 0.198255, -0.077777
8.510906, -0.764457, 2.977125, 2.813472, 0.086927, 0.408711, -0.085402
8.534993, -1.277832, 2.560148, 2.492893, -0.459037, 0.250107, 0.355335
8.542946, -1.013298, 2.995059, 2.674480, -0.330934, 0.105228, 0.053376
8.566942, -1.239721, 3.039895, 2.730525, 0.234856, 0.061002, 0.443787
8.574964, -1.320426, 3.214756, 2.768636, 0.080827, 0.242482, 0.468188
8.599153, -1.058135, 2.860550, 2.448057, -0.494113, 0.187580, -0.115903
8.607180, -0.712896, 3.021961, 2.986092, -0.359910, 0.085402, 0.176905
8.631346, -0.742039, 3.326847, 2.770878, 0.222656, 0.187580, 0.118953
8.639310, -1.221787, 2.802263, 2.450299, 0.093028, 0.398036, -0.122003
8.663350, -1.004331, 3.342540, 2.934530, -0.420911, 0.285183, 0.457512
8.671350, -0.923626, 3.107150, 2.930047, -0.394986, 0.120478, 0.347709
8.695363, -1.623071, 3.086973, 2.625160, 0.183005, 0.042701, 0.088452
8.703540, -1.641005, 2.302340, 2.371836, 0.183005, 0.187580, 0.445312
8.727606, -0.580629, 3.268560, 2.959190, -0.391936, 0.190630, -0.108278
8.735620, -0.446120, 2.961432, 3.089215, -0.474288, 0.097603, -0.117428
8.759717, -0.881032, 2.737251, 2.539971, 0.123528, 0.198255, 0.402611
8.767720, -0.939319, 2.746218, 2.652062, 0.242482, 0.335509, 0.082352
8.791788, -0.605289, 3.212515, 2.997301, -0.340084, 0.294333, 0.431587
8.799870, -0.896724, 3.290978, 3.001784, -0.468188, 0.224181, 0.431587
8.823989, -1.587202, 2.434606, 2.634128, 0.003050, 0.096078, -0.115903
8.831987, -1.268865, 2.761911, 2.555664, 0.169280, 0.155554, 0.175380
8.856035, -0.596322, 3.131809, 3.057830, -0.215031, 0.390411, 0.144879
8.864068, -0.654609, 3.584655, 2.755185, -0.419386, 0.343134, -0.132679
8.888158, -0.903450, 3.100424, 2.690173, -0.096078, 0.390411, 0.474288
8.896130, -0.703929, 3.295462, 2.813472, 0.170805, 0.434637, 0.332459
8.920329, -1.085036, 3.618282, 3.066797, -0.150979, 0.282133, 0.086927
8.928354, -1.401132, 3.194580, 2.620677, -0.367535, 0.196730, 0.446837
8.952434, -1.412341, 2.912112, 2.645337, -0.105228, 0.067102, -0.082352
8.960378, -1.116422, 3.497225, 2.822440, 0.125053, 0.158604, -0.103703
8.984464, -0.773425, 3.481532, 2.732767, -0.137254, 0.208931, 0.372110
8.992498, -0.977429, 3.342540, 2.746218, -0.366010, 0.129628, 0.070152
9.016712, -0.385591, 3.445663, 2.750702, -0.158604, 0.218081, 0.385835
9.024703, -0.614256, 3.622766, 3.201306, 0.033551, 0.256207, 0.448362
9.048807, -1.201611, 3.048863, 2.575840, -0.051851, 0.207406, -0.070152
9.056766, -1.582718, 3.060072, 2.654304, -0.297383, 0.198255, 0.132679
9.080791, -0.993122, 3.672086, 3.053346, -0.237906, 0.122003, 0.147929
9.088823, -1.026749, 3.739340, 3.062313, -0.030501, 0.114378, -0.134204
9.112967, -1.067102, 3.234933, 2.692415, -0.042701, 0.179955, 0.491063
9.121013, -0.856372, 3.127326, 2.535488, -0.213506, 0.211981, 0.361435
9.145195, -0.399042, 3.846947, 3.416519, -0.280608, 0.262307, 0.074727
9.153155, -0.616498, 3.968005, 3.064555, -0.079302, 0.196730, 0.442262
9.177185, -1.463902, 3.248384, 2.587050, 0.021351, 0.202830, -0.115903
9.185203, -1.280074, 3.340298, 2.867276, -0.152504, 0.274507, -0.099128
9.209335, -1.291283, 4.089063, 3.151986, -0.355335, 0.196730, 0.402611
9.217445, -1.277832, 3.416519, 2.921079, -0.169280, 0.038126, 0.108278
9.241494, -0.564936, 3.456872, 2.291131, 0.094553, 0.065577, 0.347709
9.249486, -0.103123, 3.557754, 2.770878, -0.048801, 0.201305, 0.469713
9.273558, -0.555969, 4.302035, 2.692415, -0.463613, 0.327884, -0.131154
9.281524, -0.620982, 3.429970, 2.604984, -0.340084, 0.213506, 0.004575
9.305659, -0.838437, 3.764000, 2.349418, 0.219606, 0.242482, 0.372110
9.313810, -0.656851, 3.544303, 2.802263, 0.099128, 0.181480, 0.132679
9.337862, -1.114180, 4.120448, 2.531004, -0.344659, 0.152504, 0.202830
9.345907, -1.398890, 3.651910, 2.508586, -0.507839, 0.263832, 0.481913
9.369905, -0.533551, 4.203395, 2.598259, -0.109803, 0.198255, -0.010675
9.377901, 0.044836, 3.909718, 2.454783, 0.132679, 0.150979, -0.160129
9.402076, -0.358690, 4.362564, 2.824681, 0.048801, 0.388885, 0.492588
9.410071, -0.609773, 4.219088, 2.797780, -0.123528, 0.358385, 0.398036
9.434189, -0.894482, 3.432212, 1.981761, -0.462087, 0.486488, -0.083877
9.442274, -1.212820, 3.970247, 2.441332, -0.402611, 0.411761, -0.166229
9.466233, -0.600805, 3.862640, 2.717075, 0.003050, 0.468188, 0.512414
9.474261, -1.082795, 3.625008, 2.531004, 0.131154, 0.369060, 0.369060
9.498305, -0.517858, 4.317727, 2.616193, 0.048801, 0.274507, -0.103703
9.506417, -0.824986, 4.122690, 2.306823, -0.059477, 0.105228, -0.169280
9.530488, -0.024660, 4.252715, 2.138687, -0.411761, 0.248582, 0.210456
9.538579, -0.522342, 4.481380, 2.582566, -0.425486, 0.131154, 0.498688
9.562572, -0.544760, 3.770726, 2.223876, -0.205881, 0.149454, 0.262307
9.570633, -0.755490, 3.732615, 2.448057, -0.102178, 0.172330, 0.201305
9.594632, -0.816019, 4.575536, 2.631886, 0.227231, 0.054901, -0.102178
9.602755, -0.591838, 4.225813, 2.788812, 0.204356, 0.155554, -0.135729
9.626891, -0.706170, 3.867123, 2.300098, 0.010675, 0.111328, 0.515464
9.634934, -0.486473, 3.633975, 2.560148, -0.123528, 0.085402, 0.440737
9.658864, -0.399042, 4.766089, 2.560148, -0.321784, 0.268407, 0.215031
9.666883, -1.111938, 4.228055, 2.560148, -0.466663, 0.330934, 0.234856
9.690970, -0.961737, 3.911960, 2.120753, -0.408711, 0.163179, -0.279083
9.698960, -1.089520, 4.223571, 2.472717, -0.370585, 0.163179, -0.115903
9.723199, -0.701687, 4.127173, 1.894330, -0.131154, 0.341609, 0.236381
9.731300, -0.715138, 4.382740, 2.017630, -0.077777, 0.393461, 0.189105
9.755312, -0.889999, 3.965763, 2.531004, 0.179955, 0.114378, 0.536814
9.763272, -0.977429, 4.317727, 2.232843, 0.184530, 0.122003, 0.407186
9.787338, -0.114332, 3.956796, 1.948133, 0.215031, 0.227231, 0.454462
9.795303, -0.493198, 4.550876, 2.212667, 0.169280, 0.228756, 0.282133
9.819517, -0.257808, 4.463445, 2.432365, 0.086927, 0.234856, 0.204356
9.827539, -0.147960, 4.207879, 2.344934, 0.102178, 0.155554, -0.025926
9.851617, -0.598563, 4.851278, 1.439242, 0.018300, 0.079302, -0.077777
9.859575, -0.699445, 4.333420, 2.145413, -0.016775, 0.070152, -0.166229
9.883660, -0.320579, 4.849036, 1.845010, -0.115903, 0.083877, -0.216556
9.891686, -0.150201, 4.396191, 1.858461, -0.111328, 0.064052, -0.135729
9.915952, -0.136750, 4.221329, 1.954859, -0.126578, 0.140304, -0.056427
9.923899, -0.152443, 4.364805, 2.057982, -0.129628, 0.077777, -0.048801
9.948058, -0.049320, 4.194428, 2.580324, -0.157079, 0.115903, -0.085402
9.955993, 0.067254, 4.328936, 2.604984, -0.155554, 0.128103, -0.129628
9.980009, -0.015693, 5.259288, 2.992817, -0.141829, 0.123528, -0.172330
9.988016, -0.013451, 5.257046, 2.636369, -0.147929, 0.128103, -0.146404
10.012239, -0.372141, 5.104603, 2.625160, -0.129628, 0.137254, -0.154029
10.020289, -0.280226, 5.068734, 2.643095, -0.102178, 0.122003, -0.155554
10.044299, 3.669844, 10.106082, -4.337904, 0.292808, -0.126578, -0.520039
10.052394, 3.367200, 10.361649, -5.676265, 0.198255, -0.204356, -0.594766
10.076308, 6.333115, 10.897442, -4.382740, 0.783871, -0.161654, -0.305008
10.084336, 5.931831, 10.841396, -5.396038, 0.701519, -0.288233, -0.111328
10.108498, 5.355686, 10.292153, -5.712134, 0.248582, -0.222656, -0.388885
10.116555, 5.194275, 11.330111, -4.472412, 0.773196, -0.343134, -0.288233
10.140651, 5.178583, 10.962454, -5.781630, 0.375160, -0.308058, -0.520039
10.148659, 4.645032, 11.507214, -5.476743, 0.594766, -0.401086, -0.437687
10.172653, 1.022266, 4.849036, 0.708412, 0.503264, -0.375160, -0.340084
10.180694, 1.143323, 6.039438, 1.995211, 0.751845, -0.193680, -0.254682
10.204837, -0.950528, 6.427271, 0.118816, 0.254682, -0.201305, -0.481913
10.212823, 0.130025, 7.104298, -0.372141, 0.466663, -0.301958, -0.169280
10.236950, 0.459571, 6.980998, -0.251083, 0.730495, -0.125053, -0.315684
10.245088, 0.425944, 6.207574, -0.437153, 0.309583, -0.172330, -0.416336
10.268995, 2.423397, 6.539362, -0.605289, 0.260782, -0.260782, -0.160129
10.277019, 1.587202, 7.543693, -0.161410, 0.631367, -0.163179, -0.547490
10.301165, 1.517706, 6.922711, -0.663576, 0.660343, -0.282133, -0.198255
10.309217, 1.638764, 6.395886, -0.793601, 0.510889, -0.271457, -0.411761
10.333350, -0.302644, 6.418304, -0.470780, 0.303483, -0.402611, -0.455987
10.341361, 0.751007, 6.182914, -0.854130, 0.431587, -0.349234, -0.207406
10.365338, 0.558211, 6.418304, -0.712896, 0.635942, -0.111328, -0.545965
10.373358, 0.470780, 6.763543, -0.544760, 0.573415, -0.181480, -0.134204
10.397390, 1.831559, 6.550571, -0.876548, 0.436162, -0.234856, -0.425486
10.405551, 1.123147, 6.629034, -0.625465, 0.428537, -0.176905, -0.317209
10.429674, 1.342845, 6.171705, -0.594080, 0.564265, -0.277557, -0.211981
10.437625, 0.968462, 5.604527, -1.141082, 0.593241, -0.237906, -0.478863
10.461671, 0.607531, 5.855609, -0.881032, 0.455987, -0.259257, -0.187580
10.469713, 1.197127, 6.012536, -0.681510, 0.367535, -0.280608, -0.475813
10.493798, 0.468538, 5.707650, -0.970704, 0.469713, -0.344659, -0.301958
10.501867, 1.311459, 5.916138, -0.656851, 0.658818, -0.404136, -0.297383
10.526022, 0.665818, 5.606768, -0.654609, 0.619167, -0.189105, -0.495638
10.534097, 0.188312, 5.339993, -1.165742, 0.308058, -0.155554, -0.176905
10.558090, 1.026749, 5.508129, -1.114180, 0.378210, -0.274507, -0.446837
10.566076, 0.015693, 5.266013, -0.504407, 0.762521, -0.231806, -0.244007
10.590142, 0.390075, 0.869823, 3.553270, 0.463613, -0.218081, -0.131154
10.598108, -0.544760, 0.930351, 5.445358, 0.000000, -0.193680, -0.201305
10.622340, 0.316095, 0.629949, 5.949766, 0.041176, -0.114378, -0.262307
10.630462, 0.867581, 0.618740, 5.687474, 0.004575, -0.054901, 0.158604
10.654425, -2.342692, 0.446120, 5.205484, 0.274507, -0.088452, 0.129628
10.662359, -1.354054, 1.360779, 6.277070, -0.022876, -0.186055, 0.117428
10.686466, -1.188160, 0.165894, 5.355686, 0.167755, -0.213506, -0.218081
10.694432, -1.167983, 0.114332, 6.317422, 0.257732, -0.230281, -0.225706
10.718705, -0.544760, 0.141234, 4.624855, 0.237906, -0.082352, -0.018300
10.726643, 0.089672, 3.571204, -0.562694, 0.263832, -0.175380, 0.135729
10.750767, -0.712896, 3.313396, 0.775666, 0.230281, -0.143354, 0.219606
10.758726, -1.313701, 2.936772, 0.968462, 0.263832, -0.125053, 0.173855
10.782707, 0.103123, 1.901055, 1.454935, 0.215031, -0.083877, 0.068627
10.790715, -0.172619, 1.665665, 1.376472, 0.189105, -0.083877, 0.088452
10.814818, -0.082947, 2.349418, 0.800326, 0.135729, -0.105228, -0.009150
10.822901, -0.087431, 2.829165, 0.538035, 0.201305, -0.108278, -0.100653
10.846976, -0.515616, 3.582413, -0.091914, 0.228756, -0.079302, -0.140304
10.854926, -0.369899, 3.033170, -0.065013, 0.210456, -0.070152, -0.192155
10.879005, 0.226423, 2.988334, 0.789117, 0.178430, -0.070152, -0.187580
10.887002, 0.181587, 2.833649, 0.827228, 0.169280, -0.050326, -0.175380
10.911156, -0.408010, 3.968005, 0.381108, 0.160129, -0.129628, -0.178430
10.919232, -0.302644, 4.230297, 0.190554, 0.210456, -0.112853, -0.167755
10.943243, -0.118816, 3.786418, -0.201763, 0.201305, -0.123528, -0.160129
10.951282, -0.049320, 3.311154, -0.260050, 0.198255, -0.105228, -0.181480
10.975216, 0.056045, 3.703471, -0.125541, 0.199780, -0.105228, -0.160129
10.983304, 0.073980, 3.894025, -0.105365, 0.176905, -0.125053, -0.170805
11.007478, -0.121058, 4.445511, 0.235390, 0.189105, -0.100653, -0.163179
11.015427, -0.127783, 4.176493, 0.251083, 0.175380, -0.088452, -0.178430
11.039516, -0.013451, 3.221482, 0.542518, 0.164704, -0.102178, -0.163179
11.047536, 0.013451, 3.687779, 0.672543, 0.150979, -0.091502, -0.158604
11.071528, 0.049320, 3.907476, 0.634432, 0.146404, -0.080827, -0.150979
11.079546, 0.069496, 3.927652, 0.721863, 0.146404, -0.077777, -0.147929
11.103694, 0.076222, 3.927652, 0.874306, 0.129628, -0.070152, -0.149454
11.111717, 0.073980, 3.878332, 0.963979, 0.135729, -0.080827, -0.150979
11.135798, 0.069496, 3.755033, 1.141082, 0.131154, -0.065577, -0.161654
11.143868, 0.091914, 3.761758, 1.210578, 0.125053, -0.076252, -0.161654
11.167820, -0.242116, 3.750549, 1.401132, 0.138779, -0.077777, -0.160129
11.175863, -0.215214, 3.750549, 1.389923, 0.140304, -0.056427, -0.146404
11.199848, -0.107607, 3.696746, 1.441484, 0.131154, -0.051851, -0.173855
11.208082, -0.076222, 3.719164, 1.540124, 0.137254, -0.054901, -0.131154
11.232070, -0.112091, 3.685537, 1.306976, 0.144879, -0.050326, -0.152504
11.240160, -0.109849, 3.665360, 1.504255, 0.146404, -0.045751, -0.141829
11.264110, -0.094156, 3.667602, 1.318185, 0.140304, -0.044226, -0.167755
11.272187, -0.130025, 3.600348, 1.468386, 0.138779, -0.057952, -0.184530
11.296195, -0.127783, 3.595864, 1.318185, 0.129628, -0.048801, -0.170805
11.304270, -0.136750, 3.591381, 1.358537, 0.143354, -0.035076, -0.161654
11.328363, -0.134509, 3.564479, 1.105213, 0.138779, -0.047276, -0.134204
11.336433, -0.143476, 3.530852, 1.170225, 0.141829, -0.054901, -0.164704
11.360444, -0.168136, 3.506192, 1.015540, 0.137254, -0.047276, -0.152504
11.368410, -0.181587, 3.512917, 1.035717, 0.131154, -0.042701, -0.144879
11.392477, -0.165894, 3.497225, 0.809294, 0.155554, -0.056427, -0.154029
11.400558, -0.199521, 3.474807, 0.842921, 0.143354, -0.067102, -0.154029
11.424647, -0.179345, 3.474807, 0.798085, 0.140304, -0.062527, -0.164704
11.432760, -0.195038, 3.438938, 0.784634, 0.137254, -0.065577, -0.163179
11.456742, -0.237632, 3.418761, 0.739798, 0.143354, -0.056427, -0.175380
11.464707, -0.230906, 3.423245, 0.712896, 0.132679, -0.062527, -0.167755
11.488808, -0.248841, 3.378409, 0.647883, 0.144879, -0.064052, -0.166229
11.496743, -0.273501, 3.367200, 0.603047, 0.135729, -0.065577, -0.149454
11.520836, -0.260050, 3.367200, 0.531309, 0.137254, -0.067102, -0.172330
11.529026, -0.273501, 3.340298, 0.499924, 0.131154, -0.068627, -0.167755
11.553080, -0.298161, 3.331331, 0.432669, 0.140304, -0.074727, -0.144879
11.561058, -0.289194, 3.338056, 0.399042, 0.122003, -0.068627, -0.172330
11.585056, -0.307128, 3.308913, 0.360932, 0.144879, -0.088452, -0.176905
11.593060, -0.311612, 3.317880, 0.311612, 0.152504, -0.091502, -0.186055
11.617183, -0.331788, 3.308913, 0.266775, 0.140304, -0.083877, -0.166229
11.625232, -0.318337, 3.315638, 0.226423, 0.131154, -0.070152, -0.187580
11.649300, -0.349722, 3.279769, 0.226423, 0.152504, -0.097603, -0.179955
11.657278, -0.329546, 3.293220, 0.212972, 0.118953, -0.083877, -0.158604
11.681364, -0.376624, 3.284253, 0.230906, 0.132679, -0.093028, -0.158604
11.689335, -0.374382, 3.243900, 0.248841, 0.144879, -0.080827, -0.167755
11.713502, -0.381108, 3.257351, 0.186070, 0.152504, -0.094553, -0.176905
11.721590, -0.372141, 3.248384, 0.201763, 0.149454, -0.096078, -0.179955
11.745562, -0.369899, 3.223724, 0.179345, 0.129628, -0.102178, -0.169280
11.753600, -0.390075, 3.223724, 0.138992, 0.150979, -0.085402, -0.173855
11.777623, -0.394559, 3.268560, 0.262292, 0.125053, -0.099128, -0.196730
11.785604, -0.405768, 3.259593, 0.215214, 0.131154, -0.105228, -0.175380
11.809763, -0.421460, 3.259593, 0.192796, 0.140304, -0.100653, -0.186055
11.817721, -0.421460, 3.268560, 0.262292, 0.129628, -0.097603, -0.186055
11.841920, -0.432669, 3.304429, 0.309370, 0.135729, -0.103703, -0.176905
11.849868, -0.448362, 3.299945, 0.291435, 0.150979, -0.109803, -0.195205
11.873904, -0.443879, 3.279769, 0.293677, 0.137254, -0.109803, -0.183005
11.881885, -0.432669, 3.293220, 0.280226, 0.138779, -0.112853, -0.189105
11.905981, -0.464055, 3.295462, 0.300403, 0.146404, -0.103703, -0.192155
11.914041, -0.450604, 3.293220, 0.329546, 0.138779, -0.097603, -0.192155
11.938112, -0.488715, 3.315638, 0.334030, 0.140304, -0.100653, -0.183005
11.946200, -0.475264, 3.322363, 0.327304, 0.141829, -0.093028, -0.192155
11.970140, -0.490957, 3.335814, 0.349722, 0.137254, -0.125053, -0.176905
11.978146, -0.481989, 3.333572, 0.356448, 0.135729, -0.114378, -0.192155
12.002270, -0.513375, 3.353749, 0.374382, 0.143354, -0.102178, -0.190630
12.010318, -0.506649, 3.358232, 0.374382, 0.141829, -0.120478, -0.187580
12.034468, -0.515616, 3.322363, 0.421460, 0.131154, -0.108278, -0.178430
12.042417, -0.508891, 3.322363, 0.408010, 0.140304, -0.102178, -0.196730
12.066417, -0.513375, 3.344782, 0.428186, 0.135729, -0.105228, -0.183005
12.074427, -0.517858, 3.362716, 0.446120, 0.137254, -0.096078, -0.179955
12.098499, -0.511133, 3.364958, 0.446120, 0.134204, -0.088452, -0.184530
12.106555, -0.517858, 3.331331, 0.461813, 0.158604, -0.108278, -0.175380
12.130668, -0.538035, 3.347023, 0.466297, 0.135729, -0.091502, -0.193680
12.138780, -0.517858, 3.376167, 0.506649, 0.125053, -0.099128, -0.189105
12.162719, -0.515616, 3.340298, 0.506649, 0.144879, -0.111328, -0.163179
12.170751, -0.535793, 3.340298, 0.526826, 0.149454, -0.089977, -0.179955
12.194787, -0.531309, 3.342540, 0.524584, 0.131154, -0.106753, -0.173855
12.202857, -0.547002, 3.362716, 0.535793, 0.137254, -0.102178, -0.189105
12.227006, -0.547002, 3.367200, 0.542518, 0.138779, -0.091502, -0.179955
12.235073, -0.542518, 3.353749, 0.567178, 0.135729, -0.115903, -0.176905
12.259048, -0.549244, 3.349265, 0.576145, 0.138779, -0.111328, -0.163179
12.267040, -0.535793, 3.362716, 0.573904, 0.158604, -0.099128, -0.164704
12.291084, -0.567178, 3.376167, 0.616498, 0.143354, -0.094553, -0.186055
12.299110, -0.555969, 3.382892, 0.596322, 0.135729, -0.100653, -0.169280
12.323353, -0.573904, 3.382892, 0.632191, 0.152504, -0.099128, -0.186055
12.331258, -0.585113, 3.353749, 0.661334, 0.137254, -0.099128, -0.167755
12.355311, -0.562694, 3.353749, 0.654609, 0.125053, -0.094553, -0.170805
12.363268, -0.560453, 3.360474, 0.641158, 0.149454, -0.096078, -0.157079
12.387327, -0.573904, 3.362716, 0.681510, 0.144879, -0.091502, -0.183005
12.395303, -0.560453, 3.373925, 0.688236, 0.155554, -0.096078, -0.190630
12.419473, -0.569420, 3.369441, 0.699445, 0.149454, -0.085402, -0.184530
12.427578, -0.573904, 3.373925, 0.715138, 0.141829, -0.088452, -0.193680
12.451612, -0.551485, 3.364958, 0.737556, 0.150979, -0.083877, -0.184530
12.459563, -0.580629, 3.376167, 0.721863, 0.147929, -0.080827, -0.172330
12.483616, -0.573904, 3.391860, 0.744281, 0.138779, -0.080827, -0.189105
12.491622, -0.587354, 3.360474, 0.762216, 0.141829, -0.093028, -0.184530
12.515755, -0.558211, 3.385134, 0.753248, 0.143354, -0.091502, -0.195205
12.523878, -0.576145, 3.367200, 0.780150, 0.141829, -0.085402, -0.175380
12.547880, -2.912112, -0.914659, 8.157949, -0.236381, 0.108278, 0.161654
12.555896, -2.513070, -1.674633, 9.579257, -0.190630, 0.053376, 0.175380
12.579958, -2.136446, -2.737251, 9.527695, -0.722870, 0.218081, 0.358385
12.587929, -2.672238, -2.874001, 8.063793, -0.635942, 0.160129, 0.625267
12.612201, -3.851431, -1.914506, 8.727369, -0.100653, 0.394986, 0.268407
12.620120, -3.808836, -1.992970, 8.624246, -0.430062, 0.445312, 0.611542
12.644273, -4.050952, -2.587050, 7.850821, -0.236381, 0.288233, 0.552065
12.652236, -3.710197, -1.549091, 8.727369, -0.574941, 0.295858, 0.279083
12.676244, -1.176951, 1.537882, 4.167526, -0.431587, 0.256207, 0.225706
12.684281, -1.120905, 1.990728, -0.836195, 0.028976, 0.233331, 0.266882
12.708404, -3.707955, 1.941408, 2.490652, 0.074727, 0.311108, 0.103703
12.716451, -2.844858, 2.517553, 2.728284, -0.286708, 0.335509, 0.379735
12.740520, -1.445968, 1.995211, 3.331331, -0.408711, 0.344659, 0.134204
12.748551, -2.015388, 0.966220, 3.196822, -0.129628, 0.442262, 0.306533
12.772616, -1.441484, 1.945892, 2.824681, 0.061002, 0.187580, 0.349234
12.780608, -2.351659, 2.791054, 3.914201, -0.257732, 0.227231, 0.125053
12.804766, -2.042290, 2.196974, 2.921079, -0.411761, 0.251632, 0.425486
12.812830, -1.405615, 1.975035, 2.907628, -0.108278, 0.216556, 0.120478
12.836884, -1.806899, 2.134204, 3.535335, 0.013725, 0.324834, 0.265357
12.844993, -1.064860, 1.889846, 2.909870, -0.242482, 0.292808, 0.298908
12.868999, -2.907628, 2.275438, 3.582413, -0.362960, 0.210456, 0.115903
12.877004, -3.219240, 2.862792, 3.694504, -0.187580, 0.289758, 0.465138
12.901105, -1.380955, 2.324758, 3.347023, -0.025926, 0.219606, 0.103703
12.909072, -2.192491, 2.071433, 3.425487, -0.211981, 0.333984, 0.391936
12.933236, -1.049167, 2.259745, 3.156469, -0.239431, 0.276032, 0.294333
12.941262, -1.085036, 2.306823, 3.362716, -0.308058, 0.189105, 0.244007
12.965335, -2.297856, 2.571357, 3.732615, -0.155554, 0.341609, 0.443787
12.973294, -1.329394, 2.770878, 3.378409, -0.039651, 0.265357, 0.109803
12.997350, -2.286647, 2.613951, 3.508434, -0.245532, 0.201305, 0.439212
13.005472, -2.098335, 2.488410, 3.703471, -0.396511, 0.288233, 0.184530
13.029601, -1.795690, 2.950223, 3.517401, -0.196730, 0.208931, 0.228756
13.037584, -2.591533, 2.699140, 3.562237, -0.009150, 0.221131, 0.375160
13.061756, -0.972946, 2.748460, 3.660877, -0.167755, 0.219606, 0.102178
13.069720, -1.266623, 2.990575, 3.290978, -0.381260, 0.236381, 0.443787
13.093733, 0.587354, 5.983393, -1.363021, -0.247057, 0.427012, 0.001525
13.101778, 1.484079, 6.281553, -1.241963, 0.085402, 0.262307, 0.167755
13.126025, 2.537730, 7.122232, -1.553575, 0.146404, 0.076252, -0.149454
13.133955, 2.963674, 7.281401, -1.685842, -0.117428, 0.073202, 0.274507
13.158064, 3.690020, 7.375557, -1.845010, 0.073202, 0.242482, 0.135729
13.166041, 3.158711, 7.682685, -2.313549, 0.492588, 0.082352, 0.329409
13.190042, 2.517553, 7.696136, -1.632038, -0.001525, 0.044226, -0.318734
13.198022, 3.066797, 8.034649, -2.685689, -0.134204, 0.091502, -0.276032
13.222211, 2.851583, 8.193818, -1.439242, -0.169280, 0.033551, -0.227231
13.230279, 0.094156, 4.017325, 3.799869, -0.044226, 0.117428, -0.330934
13.254325, -1.398890, 4.198911, 0.934835, 0.001525, 0.025926, -0.442262
13.262333, -1.479595, 5.032865, 2.129720, -0.163179, 0.025926, -0.462087
13.286352, 0.026902, 5.978909, 1.811383, -0.045751, 0.016775, -0.484963
13.294342, -0.065013, 5.521580, 1.741887, 0.106753, -0.001525, -0.460562
13.318495, 0.768941, 4.252715, 1.587202, 0.059477, 0.016775, -0.439212
13.326622, 0.721863, 4.055435, 2.075917, -0.059477, 0.010675, -0.510889
13.350614, 0.477506, 4.784024, 3.163195, -0.030501, -0.010675, -0.486488
13.358662, 0.410251, 4.387223, 3.178888, 0.178430, 0.003050, -0.330934
13.382591, -0.434911, 3.486016, 2.351659, 0.033551, 0.000000, -0.347709
13.390655, -0.318337, 3.369441, 1.867428, -0.076252, -0.010675, -0.350759
13.414813, 0.002242, 3.555512, 2.028839, -0.010675, 0.003050, -0.384310
13.422727, 0.221939, 3.642942, 2.452541, 0.115903, -0.010675, -0.372110
13.446967, 0.526826, 4.127173, 3.037653, -0.041176, 0.000000, -0.361435
13.454900, 0.403526, 4.252715, 3.028686, 0.050326, -0.004575, -0.356860
13.478856, 0.134509, 4.779540, 3.201306, 0.164704, 0.007625, -0.375160
13.486899, 0.017934, 4.840069, 3.203547, -0.038126, 0.006100, -0.372110
13.510983, -0.015693, 4.656241, 3.078006, -0.068627, 0.015250, -0.364485
13.519073, -0.011209, 4.676417, 3.154228, 0.152504, 0.003050, -0.396511
13.543242, -0.015693, 4.770573, 3.024203, 0.103703, 0.018300, -0.333984
13.551207, 0.161410, 4.808684, 3.140777, -0.089977, 0.001525, -0.308058
13.575259, 0.233148, 5.001480, 2.894178, 0.027451, 0.004575, -0.308058
13.583171, 0.206247, 5.053041, 2.990575, 0.108278, 0.004575, -0.314158
13.607258, 0.147960, 5.216693, 3.010752, -0.003050, 0.009150, -0.295858
13.615347, -0.011209, 5.261530, 2.876243, 0.001525, 0.001525, -0.311108
13.639425, -0.031385, 5.461051, 2.844858, 0.117428, 0.009150, -0.283658
13.647431, -0.011209, 5.521580, 2.826923, 0.004575, 0.001525, -0.303483
13.671319, 0.098640, 5.703166, 2.786571, -0.093028, -0.022876, -0.280608
13.679338, 0.165894, 5.770421, 2.764153, 0.096078, 0.015250, -0.277557
13.703538, 0.159169, 5.880269, 2.726042, 0.160129, -0.006100, -0.291283
13.711435, 0.143476, 5.936315, 2.692415, -0.132679, -0.004575, -0.276032
13.735581, 0.159169, 5.954249, 2.627402, 0.051851, 0.013725, -0.306533
13.743695, 0.143476, 6.021503, 2.634128, 0.045751, 0.007625, -0.288233
13.767634, 0.181587, 6.070823, 2.560148, -0.096078, -0.004575, -0.292808
13.775658, 0.163652, 6.095483, 2.522037, 0.108278, -0.004575, -0.298908
13.799676, 0.174861, 6.247926, 2.479443, 0.111328, -0.007625, -0.286708
13.807742, 0.168136, 6.268103, 2.452541, -0.073202, 0.003050, -0.300433
13.831875, 0.170378, 6.138078, 2.398737, 0.028976, -0.003050, -0.292808
13.840067, 0.165894, 6.207574, 2.380803, 0.083877, 0.001525, -0.291283
13.863987, 0.206247, 6.191881, 2.347176, -0.079302, -0.001525, -0.274507
13.871947, 0.174861, 6.216541, 2.300098, 0.038126, 0.015250, -0.297383
13.895976, 0.199521, 6.156012, 2.286647, 0.146404, 0.004575, -0.266882
13.904061, 0.192796, 6.178430, 2.270954, -0.050326, 0.001525, -0.289758
13.928297, 0.206247, 6.216541, 2.219393, -0.021351, 0.010675, -0.283658
13.936244, 0.221939, 6.207574, 2.223876, 0.131154, 0.010675, -0.285183
13.960311, 0.219697, 6.014778, 2.228360, 0.028976, 0.021351, -0.289758
13.968307, 0.206247, 6.010294, 2.221634, -0.045751, 0.000000, -0.285183
13.992293, 0.221939, 5.990118, 2.212667, 0.114378, 0.007625, -0.297383
14.000261, 0.208488, 5.994602, 2.190249, -0.015250, -0.010675, -0.295858
14.024425, 0.235390, 5.943040, 2.221634, -0.079302, 0.007625, -0.308058
14.032477, 0.212972, 5.963216, 2.219393, 0.123528, -0.006100, -0.298908
14.056549, 0.230906, 5.920622, 2.232843, 0.050326, 0.006100, -0.298908
14.064541, 0.244357, 5.916138, 2.241811, -0.044226, -0.004575, -0.308058
14.088559, 0.237632, 5.904929, 2.217151, 0.093028, 0.003050, -0.298908
14.096515, 0.242116, 5.878028, 2.230602, 0.013725, 0.015250, -0.294333
14.120716, 0.233148, 5.835433, 2.239569, -0.079302, -0.003050, -0.317209
14.128788, 0.264534, 5.839917, 2.232843, 0.123528, 0.022876, -0.297383
14.152795, 0.244357, 5.777146, 2.250778, 0.076252, 0.000000, -0.312633
14.160905, 0.266775, 5.801806, 2.235085, -0.056427, 0.003050, -0.309583
14.184792, 0.269017, 5.756970, 2.237327, 0.076252, -0.004575, -0.308058
14.192828, 0.248841, 5.716617, 2.277680, 0.024401, -0.009150, -0.333984
14.217034, 0.257808, 5.696441, 2.253020, -0.076252, 0.004575, -0.298908
14.224994, 0.244357, 5.705408, 2.293372, 0.118953, 0.013725, -0.306533
14.249154, 0.275743, 5.665056, 2.277680, 0.077777, -0.004575, -0.317209
14.257144, 0.230906, 5.624703, 2.270954, -0.070152, 0.009150, -0.311108
14.281078, 0.273501, 5.597801, 2.270954, 0.054901, 0.000000, -0.309583
14.289099, 0.284710, 5.582109, 2.273196, 0.056427, 0.007625, -0.324834
14.313177, 0.307128, 5.566416, 2.302340, -0.082352, 0.004575, -0.324834
14.321251, 0.273501, 5.568658, 2.277680, 0.068627, 0.006100, -0.306533
14.345387, 0.313853, 5.517096, 2.302340, 0.118953, 0.007625, -0.295858
14.353341, 0.295919, 5.514854, 2.282163, -0.105228, 0.012200, -0.297383
14.377323, 0.293677, 5.470018, 2.266471, 0.059477, 0.001525, -0.347709
14.385362, 0.329546, 5.440874, 2.275438, 0.042701, 0.009150, -0.327884
14.409408, 0.304886, 5.422940, 2.306823, -0.080827, 0.015250, -0.303483
14.417558, 0.318337, 5.402764, 2.326999, 0.112853, -0.009150, -0.330934
14.441620, 0.322821, 5.360169, 2.306823, 0.131154, -0.007625, -0.308058
14.449585, 0.327304, 5.373620, 2.306823, -0.071677, 0.001525, -0.317209
14.473592, 0.318337, 5.342235, 2.313549, -0.057952, 0.007625, -0.315684
14.481609, 0.318337, 5.337751, 2.318032, 0.047276, 0.010675, -0.314158
14.505679, 0.322821, 5.313091, 2.324758, 0.086927, -0.006100, -0.311108
14.513669, 0.363173, 5.272739, 2.349418, 0.111328, 0.013725, -0.314158
14.537956, 0.329546, 5.263771, 2.311307, 0.062527, 0.004575, -0.303483
14.545920, 0.327304, 5.257046, 2.318032, 0.083877, -0.006100, -0.312633
14.569966, 0.331788, 5.218935, 2.349418, 0.061002, 0.009150, -0.308058
14.577956, 0.381108, 5.203243, 2.360627, 0.091502, 0.010675, -0.298908
14.601990, 0.358690, 5.189792, 2.358385, 0.079302, -0.001525, -0.312633
14.609990, 0.363173, 5.144955, 2.344934, 0.093028, 0.003050, -0.326359
14.634106, 0.336272, 5.140472, 2.358385, 0.076252, 0.007625, -0.291283
14.642220, 0.360932, 5.133746, 2.342692, 0.067102, 0.000000, -0.303483
14.666120, 0.349722, 5.109087, 2.347176, 0.065577, 0.012200, -0.323309
14.674138, 0.340755, 5.122537, 2.347176, 0.079302, 0.006100, -0.323309
14.698167, 0.325063, 5.062008, 2.351659, 0.067102, 0.006100, -0.308058
14.706253, 0.358690, 5.053041, 2.369594, 0.079302, 0.013725, -0.309583
14.730461, 0.356448, 5.035107, 2.360627, 0.068627, -0.004575, -0.311108
14.738401, 0.342997, 5.055283, 2.380803, 0.082352, 0.009150, -0.315684
14.762570, 0.327304, 5.017172, 2.371836, 0.062527, 0.009150, -0.317209
14.770389, 0.360932, 4.999238, 2.396496, 0.071677, 0.010675, -0.306533
14.794463, 0.338513, 5.001480, 2.432365, 0.073202, 0.001525, -0.291283
14.802482, 0.340755, 4.985787, 2.407705, 0.053376, 0.001525, -0.306533
14.826595, 0.365415, 4.988029, 2.421156, 0.061002, 0.007625, -0.297383
14.834615, 0.374382, 4.985787, 2.392012, 0.062527, 0.013725, -0.309583
14.858740, 0.358690, 4.983545, 2.414430, 0.080827, -0.006100, -0.303483
14.866704, 0.351964, 4.990271, 2.385287, 0.083877, 0.012200, -0.297383
14.890757, 0.376624, 4.938709, 2.400979, 0.068627, 0.013725, -0.315684
14.898752, 0.345239, 4.929742, 2.423397, 0.068627, 0.000000, -0.311108
14.922953, 0.365415, 4.954402, 2.407705, 0.065577, -0.003050, -0.314158
14.931062, 0.351964, 4.947676, 2.416672, 0.062527, 0.016775, -0.277557
14.955044, 0.372141, 4.938709, 2.434606, 0.070152, 0.027451, -0.298908
14.963078, 0.358690, 4.954402, 2.412188, 0.077777, 0.004575, -0.306533
14.987081, 0.369899, 4.936467, 2.425639, 0.067102, 0.001525, -0.317209
14.995068, 0.358690, 4.956643, 2.425639, 0.061002, -0.001525, -0.317209
15.019249, 0.365415, 4.938709, 2.414430, 0.065577, 0.025926, -0.309583
15.027244, 0.334030, 4.949918, 2.465992, 0.062527, 0.018300, -0.303483
15.051324, 4.059919, 10.101599, -4.373773, 0.434637, -0.210456, -0.646617
15.059405, 3.078006, 10.292153, -5.425182, 0.224181, -0.154029, -0.689319
15.083371, 6.324148, 10.928827, -4.012841, 0.785396, -0.192155, -0.237906
15.091437, 6.021503, 11.063336, -5.893720, 0.727445, -0.254682, -0.100653
15.115497, 5.245837, 10.256284, -5.797322, 0.285183, -0.199780, -0.359910
15.123579, 5.118054, 10.377342, -4.452236, 0.701519, -0.381260, -0.288233
15.147681, 5.149439, 11.200086, -4.658483, 0.245532, -0.362960, -0.567315
15.155813, 4.810926, 10.922102, -5.216693, 0.882999, -0.338559, -0.445312
15.179737, 0.979671, 6.541604, -2.995059, 0.634417, -0.394986, -0.394986
15.187755, 0.777908, 6.034954, 2.239569, 0.544440, -0.234856, -0.196730
15.211842, -0.957253, 7.406942, 0.170378, 0.250107, -0.199780, -0.526139
15.219948, 0.511133, 8.247621, 0.049320, 0.530714, -0.295858, -0.201305
15.244070, 0.629949, 6.750092, -0.396800, 0.722870, -0.137254, -0.317209
15.252047, 0.239874, 5.676265, -0.829470, 0.283658, -0.175380, -0.434637
15.276111, 2.474959, 6.422788, -0.742039, 0.245532, -0.294333, -0.138779
15.284115, 1.717227, 7.155860, -0.199521, 0.654243, -0.189105, -0.558165
15.308190, 1.194885, 6.494525, -0.724105, 0.638992, -0.271457, -0.210456
15.316206, 1.423550, 6.133594, -0.845163, 0.481913, -0.271457, -0.425486
15.340369, -0.062771, 6.572989, -0.360932, 0.329409, -0.398036, -0.443787
15.348456, 0.804810, 6.409337, -0.789117, 0.478863, -0.376685, -0.210456
15.372476, 0.654609, 6.400369, -0.782392, 0.642042, -0.132679, -0.527664
15.380435, 0.560453, 6.754576, -0.589596, 0.513939, -0.183005, -0.149454
15.404553, 1.632038, 6.335357, -1.004331, 0.417861, -0.213506, -0.413286
15.412536, 0.972946, 6.407095, -0.542518, 0.384310, -0.115903, -0.324834
15.436740, 1.329394, 6.212057, -0.434911, 0.544440, -0.276032, -0.163179
15.444736, 0.898966, 5.783872, -1.037958, 0.611542, -0.253157, -0.503264
15.468775, 0.768941, 5.994602, -0.889999, 0.510889, -0.234856, -0.161654
15.476769, 1.432517, 6.041680, -0.591838, 0.359910, -0.268407, -0.475813
15.500868, 0.403526, 5.647121, -0.867581, 0.454462, -0.309583, -0.312633
15.508915, 1.226270, 5.772662, -0.802568, 0.693894, -0.390411, -0.289758
15.533125, 0.560453, 5.844400, -0.535793, 0.623742, -0.196730, -0.495638
15.541125, 0.141234, 5.487953, -0.997606, 0.279083, -0.152504, -0.158604
15.565158, 1.123147, 5.344477, -1.201611, 0.361435, -0.282133, -0.478863
15.573251, 0.273501, 5.189792, -0.607531, 0.741170, -0.219606, -0.219606
15.597173, 0.448362, 0.822745, 3.452388, 0.417861, -0.205881, -0.128103
15.605294, -0.576145, 0.824986, 5.438633, 0.032026, -0.186055, -0.192155
15.629362, 0.143476, 0.636674, 5.945282, 0.039651, -0.093028, -0.276032
15.637467, 0.737556, 0.898966, 5.743519, 0.010675, -0.050326, 0.164704
15.661509, -2.344934, 0.529067, 5.656088, 0.234856, -0.105228, 0.147929
15.669493, -1.342845, 0.762216, 5.904929, -0.035076, -0.210456, 0.143354
15.693539, -1.087278, 0.161410, 5.241353, 0.157079, -0.222656, -0.227231
15.701562, -1.152291, -0.125541, 6.548329, 0.262307, -0.225706, -0.236381
15.725722, -0.484231, 0.284710, 5.851126, 0.268407, -0.164704, -0.015250
15.733875, 0.257808, 3.690020, -1.782239, 0.272982, -0.193680, 0.149454
15.757926, -0.730830, 2.986092, 0.439395, 0.205881, -0.179955, 0.207406
15.765938, -1.304734, 3.095941, 0.833954, 0.259257, -0.173855, 0.167755
15.789881, 0.123300, 1.856219, 1.575993, 0.207406, -0.132679, 0.115903
15.797824, -0.161410, 1.584960, 1.226270, 0.186055, -0.093028, 0.094553
15.822052, -0.114332, 2.347176, 0.618740, 0.147929, -0.085402, -0.010675
15.830017, -0.080705, 2.889694, 0.486473, 0.231806, -0.085402, -0.067102
15.854136, -0.629949, 3.503950, -0.154685, 0.205881, -0.085402, -0.106753
15.862124, -0.414735, 3.196822, -0.011209, 0.195205, -0.073202, -0.202830
15.886110, 0.177103, 2.871759, 0.865339, 0.157079, -0.041176, -0.134204
15.894133, 0.150201, 2.824681, 0.820503, 0.143354, -0.030501, -0.126578
15.918195, -0.369899, 3.934378, 0.269017, 0.204356, -0.135729, -0.228756
15.926303, -0.239874, 4.196670, 0.136750, 0.234856, -0.135729, -0.207406
15.950370, -0.123300, 3.831254, -0.165894, 0.236381, -0.102178, -0.198255
15.958397, -0.080705, 3.311154, -0.318337, 0.221131, -0.103703, -0.208931
15.982347, 0.015693, 3.705713, -0.112091, 0.211981, -0.086927, -0.187580
15.990362, 0.047078, 3.934378, -0.051562, 0.215031, -0.086927, -0.202830
16.014448, 0.022418, 4.151833, 0.255566, 0.202830, -0.082352, -0.179955
16.022586, 0.031385, 4.149592, 0.322821, 0.192155, -0.067102, -0.169280
16.046670, 0.040353, 3.766242, 0.618740, 0.187580, -0.074727, -0.134204
16.054704, 0.044836, 3.573446, 0.497682, 0.175380, -0.059477, -0.155554
16.078709, 0.044836, 3.925410, 0.685994, 0.172330, -0.047276, -0.146404
16.086652, 0.047078, 3.968005, 0.735314, 0.167755, -0.041176, -0.149454
16.110740, 0.098640, 3.979214, 0.874306, 0.167755, -0.044226, -0.154029
16.118769, 0.071738, 3.900751, 0.919142, 0.154029, -0.053376, -0.155554
16.142876, 0.098640, 3.851431, 1.125389, 0.135729, -0.038126, -0.146404
16.150939, 0.087431, 3.853673, 1.176951, 0.134204, -0.045751, -0.169280
16.174933, 0.040353, 3.889542, 1.351812, 0.126578, -0.039651, -0.169280
16.182910, 0.033627, 3.889542, 1.421308, 0.141829, -0.032026, -0.144879
16.207004, 0.029144, 3.788660, 1.437001, 0.122003, -0.051851, -0.167755
16.215001, 0.017934, 3.730373, 1.502013, 0.134204, -0.047276, -0.172330
16.239159, -0.004484, 3.820045, 1.466144, 0.146404, -0.041176, -0.157079
16.247183, 0.000000, 3.840222, 1.569267, 0.144879, -0.061002, -0.173855
16.271087, 0.004484, 3.869365, 1.466144, 0.135729, -0.064052, -0.184530
16.279243, -0.013451, 3.764000, 1.439242, 0.152504, -0.056427, -0.187580
16.303245, -0.008967, 3.674328, 1.338361, 0.137254, -0.059477, -0.183005
16.311282, -0.015693, 3.698988, 1.046926, 0.146404, -0.065577, -0.189105
16.335421, -0.006725, 3.705713, 1.215061, 0.143354, -0.059477, -0.187580
16.343444, -0.031385, 3.703471, 0.966220, 0.140304, -0.059477, -0.169280
16.367597, -0.022418, 3.663119, 1.053651, 0.143354, -0.077777, -0.181480
16.375532, -0.024660, 3.667602, 0.941560, 0.141829, -0.073202, -0.167755
16.399511, -0.024660, 3.647426, 0.934835, 0.137254, -0.083877, -0.190630
16.407589, -0.035869, 3.642942, 0.939319, 0.147929, -0.096078, -0.158604
16.431691, -0.051562, 3.582413, 0.883273, 0.135729, -0.093028, -0.175380
16.439801, -0.049320, 3.589139, 0.874306, 0.131154, -0.085402, -0.183005
16.463746, -0.031385, 3.566721, 0.802568, 0.147929, -0.085402, -0.169280
16.471817, -0.020176, 3.546544, 0.771183, 0.135729, -0.079302, -0.176905
16.495813, -0.033627, 3.542061, 0.690478, 0.135729, -0.079302, -0.169280
16.503840, -0.040353, 3.508434, 0.672543, 0.146404, -0.109803, -0.161654
16.527998, -0.044836, 3.494983, 0.632191, 0.134204, -0.099128, -0.175380
16.536109, -0.067254, 3.483774, 0.603047, 0.135729, -0.096078, -0.169280
16.560072, -0.033627, 3.441179, 0.524584, 0.137254, -0.100653, -0.173855
16.568148, -0.024660, 3.450147, 0.540276, 0.132679, -0.103703, -0.186055
16.592059, -0.044836, 3.409794, 0.475264, 0.147929, -0.091502, -0.169280
16.600116, -0.060529, 3.405310, 0.455088, 0.147929, -0.114378, -0.166229
16.624289, -0.053803, 3.380650, 0.383350, 0.143354, -0.105228, -0.161654
16.632280, -0.056045, 3.373925, 0.363173, 0.141829, -0.112853, -0.169280
16.656249, -0.044836, 3.378409, 0.318337, 0.129628, -0.118953, -0.150979
16.664369, -0.053803, 3.358232, 0.295919, 0.132679, -0.114378, -0.189105
16.688369, -0.047078, 3.326847, 0.289194, 0.132679, -0.105228, -0.164704
16.696344, -0.062771, 3.335814, 0.242116, 0.140304, -0.135729, -0.167755
16.720440, -0.044836, 3.320122, 0.262292, 0.143354, -0.117428, -0.172330
16.728471, -0.040353, 3.299945, 0.251083, 0.137254, -0.117428, -0.149454
16.752633, -0.053803, 3.324605, 0.230906, 0.135729, -0.114378, -0.160129
16.760626, -0.078463, 3.302187, 0.269017, 0.149454, -0.115903, -0.160129
16.784627, -0.062771, 3.284253, 0.215214, 0.132679, -0.120478, -0.157079
16.792611, -0.065013, 3.273044, 0.217456, 0.125053, -0.122003, -0.154029
16.816692, -0.060529, 3.268560, 0.208488, 0.147929, -0.114378, -0.140304
16.824843, -0.060529, 3.284253, 0.197279, 0.149454, -0.115903, -0.169280
16.848953, -0.051562, 3.234933, 0.282468, 0.135729, -0.112853, -0.166229
16.856879, -0.031385, 3.246142, 0.275743, 0.135729, -0.120478, -0.157079
16.880915, -0.056045, 3.241658, 0.251083, 0.140304, -0.109803, -0.161654
16.888880, -0.062771, 3.232691, 0.280226, 0.144879, -0.103703, -0.155554
16.912981, -0.062771, 3.261835, 0.291435, 0.128103, -0.102178, -0.170805
16.921001, -0.071738, 3.257351, 0.327304, 0.126578, -0.114378, -0.160129
16.945160, -0.076222, 3.228207, 0.410251, 0.140304, -0.115903, -0.179955
16.953138, -0.065013, 3.248384, 0.414735, 0.135729, -0.117428, -0.166229
16.977133, -0.049320, 3.237175, 0.374382, 0.143354, -0.112853, -0.173855
16.985166, -0.044836, 3.232691, 0.390075, 0.140304, -0.096078, -0.176905
17.009215, -0.071738, 3.252867, 0.394559, 0.149454, -0.109803, -0.152504
17.017198, -0.078463, 3.243900, 0.403526, 0.144879, -0.117428, -0.175380
17.041419, -0.049320, 3.239416, 0.439395, 0.135729, -0.106753, -0.158604
17.049397, -0.067254, 3.223724, 0.432669, 0.138779, -0.108278, -0.184530
17.073491, -0.051562, 3.241658, 0.448362, 0.158604, -0.118953, -0.178430
17.081419, -0.053803, 3.230449, 0.486473, 0.137254, -0.105228, -0.173855
17.105512, -0.051562, 3.223724, 0.504407, 0.146404, -0.118953, -0.183005
17.113520, -0.042594, 3.194580, 0.504407, 0.129628, -0.120478, -0.166229
17.137887, -0.044836, 3.216998, 0.529067, 0.140304, -0.093028, -0.170805
17.145705, -0.060529, 3.234933, 0.529067, 0.144879, -0.123528, -0.173855
17.169880, -0.069496, 3.212515, 0.562694, 0.152504, -0.109803, -0.173855
17.177772, -0.044836, 3.201306, 0.582871, 0.147929, -0.109803, -0.187580
17.201861, -0.040353, 3.214756, 0.585113, 0.157079, -0.097603, -0.172330
17.209858, -0.044836, 3.228207, 0.591838, 0.138779, -0.103703, -0.178430
17.234007, -0.049320, 3.199064, 0.625465, 0.147929, -0.109803, -0.173855
17.242087, -0.076222, 3.181129, 0.614256, 0.140304, -0.111328, -0.195205
17.266154, -0.058287, 3.212515, 0.647883, 0.140304, -0.112853, -0.164704
17.274081, -0.071738, 3.187855, 0.656851, 0.137254, -0.103703, -0.190630
17.298145, -0.060529, 3.174404, 0.661334, 0.146404, -0.117428, -0.186055
17.306205, -0.069496, 3.205789, 0.677027, 0.135729, -0.103703, -0.186055
17.330239, -0.078463, 3.201306, 0.699445, 0.140304, -0.093028, -0.183005
17.338350, -0.058287, 3.163195, 0.724105, 0.149454, -0.097603, -0.178430
17.362407, -0.080705, 3.163195, 0.712896, 0.131154, -0.094553, -0.207406
17.370421, -0.053803, 3.190097, 0.746523, 0.134204, -0.094553, -0.184530
17.394411, -0.087431, 3.163195, 0.748765, 0.138779, -0.111328, -0.186055
17.402385, -0.067254, 3.160953, 0.748765, 0.147929, -0.096078, -0.179955
17.426533, -0.076222, 3.187855, 0.768941, 0.132679, -0.083877, -0.190630
17.434524, -0.080705, 3.169920, 0.768941, 0.146404, -0.096078, -0.179955
17.458668, -0.062771, 3.176646, 0.802568, 0.140304, -0.105228, -0.178430
17.466627, -0.060529, 3.160953, 0.793601, 0.123528, -0.088452, -0.190630
17.490652, -0.049320, 3.187855, 0.833954, 0.143354, -0.120478, -0.172330
17.498613, -0.062771, 3.158711, 0.811535, 0.131154, -0.103703, -0.190630
17.522832, -0.065013, 3.160953, 0.824986, 0.150979, -0.096078, -0.192155
17.530812, -0.069496, 3.160953, 0.858613, 0.141829, -0.093028, -0.193680
17.554970, -2.652062, -0.939319, 8.148982, -0.230281, 0.106753, 0.173855
17.562900, -2.539971, -1.784481, 9.545630, -0.202830, 0.051851, 0.114378
17.586926, -2.185765, -2.726042, 9.532179, -0.701519, 0.222656, 0.361435
17.594941, -2.694656, -2.735009, 8.030166, -0.642042, 0.158604, 0.669493
17.619071, -4.006116, -1.894330, 8.749787, -0.102178, 0.394986, 0.268407
17.627178, -3.849189, -1.941408, 9.061399, -0.440737, 0.402611, 0.649668
17.651214, -4.050952, -2.802263, 7.552660, -0.216556, 0.292808, 0.564265
17.659230, -3.811078, -1.327152, 8.839459, -0.582566, 0.268407, 0.260782
17.683276, -1.109696, 1.510980, 4.028534, -0.408711, 0.279083, 0.240957
17.691242, -0.993122, 2.196974, -0.831712, 0.054901, 0.239431, 0.269932
17.715414, -3.811078, 2.010904, 2.557906, 0.080827, 0.330934, 0.112853
17.723532, -2.896419, 2.638611, 2.712591, -0.262307, 0.353810, 0.410236
17.747569, -1.401132, 2.035564, 3.405310, -0.419386, 0.340084, 0.149454
17.755635, -2.055740, 1.015540, 3.174404, -0.128103, 0.420911, 0.314158
17.779559, -1.537882, 1.865186, 2.800022, 0.012200, 0.167755, 0.352285
17.787548, -2.508586, 2.735009, 4.006116, -0.250107, 0.201305, 0.100653
17.811650, -2.051257, 2.313549, 2.990575, -0.411761, 0.266882, 0.439212
17.819737, -1.425792, 1.975035, 2.891936, -0.091502, 0.210456, 0.115903
17.843914, -1.795690, 1.963826, 3.535335, -0.013725, 0.295858, 0.272982
17.851926, -1.028991, 1.701534, 2.824681, -0.244007, 0.268407, 0.303483
17.876015, -2.918837, 2.396496, 3.640701, -0.369060, 0.213506, 0.115903
17.883979, -3.297703, 2.817956, 3.681053, -0.183005, 0.294333, 0.449887
17.908041, -1.569267, 2.418914, 3.423245, -0.022876, 0.193680, 0.086927
17.916048, -2.223876, 2.109544, 3.562237, -0.201305, 0.320259, 0.416336
17.940266, -0.966220, 2.448057, 3.344782, -0.245532, 0.295858, 0.295858
17.948276, -1.114180, 2.445815, 3.317880, -0.291283, 0.184530, 0.233331
17.972386, -2.297856, 2.622918, 3.705713, -0.169280, 0.375160, 0.466663
17.980308, -1.280074, 2.851583, 3.358232, -0.019826, 0.286708, 0.093028
18.004366, -2.230602, 2.566873, 3.331331, -0.254682, 0.198255, 0.411761
18.012388, -2.098335, 2.266471, 3.779693, -0.414811, 0.301958, 0.184530
18.036505, -1.842768, 2.793296, 3.450147, -0.198255, 0.166229, 0.230281
18.044569, -2.620677, 2.712591, 3.503950, -0.010675, 0.248582, 0.376685
18.068754, -1.024507, 2.367352, 3.620524, -0.144879, 0.218081, 0.103703
18.076695, -1.221787, 2.898661, 3.232691, -0.410236, 0.221131, 0.420911
18.100735, 0.656851, 6.108934, -1.354054, -0.230281, 0.408711, 0.012200
18.108773, 1.475111, 6.485558, -1.591686, 0.085402, 0.239431, 0.134204
18.132947, 2.513070, 7.348655, -0.932593, 0.219606, 0.094553, -0.129628
18.141004, 2.871759, 7.447295, -2.053499, -0.175380, 0.062527, 0.256207
18.165073, 3.739340, 7.077396, -1.239721, 0.093028, 0.266882, 0.135729
18.173049, 3.338056, 7.781325, -2.726042, 0.417861, 0.093028, 0.301958
18.197068, 2.687931, 7.994297, -2.253020, 0.050326, 0.047276, -0.332459
18.205073, 3.046621, 7.944977, -1.867428, -0.114378, 0.100653, -0.285183
18.229271, 2.777603, 8.222962, -1.634280, -0.128103, 0.138779, -0.189105
18.237203, -0.033627, 3.824529, 3.795385, -0.085402, 0.032026, -0.294333
18.261299, -1.479595, 4.163042, 0.977429, -0.016775, 0.006100, -0.362960
18.269352, -1.401132, 5.088910, 2.062466, -0.033551, 0.111328, -0.469713
18.293305, 0.011209, 6.034954, 1.782239, -0.045751, -0.051851, -0.513939
18.301330, 0.056045, 5.671781, 1.800174, -0.030501, 0.091502, -0.500214
18.325400, 0.744281, 4.355838, 1.598411, -0.059477, 0.009150, -0.428537
18.333496, 0.753248, 4.122690, 2.154380, -0.001525, -0.051851, -0.442262
18.357591, 0.468538, 4.775057, 3.172162, 0.041176, 0.115903, -0.405661
18.365590, 0.378866, 4.423092, 3.181129, 0.036601, -0.128103, -0.452937
18.389657, -0.437153, 3.551028, 2.331483, 0.070152, 0.184530, -0.388885
18.397596, -0.318337, 3.486016, 1.883121, 0.079302, -0.163179, -0.372110
18.421713, 0.042594, 3.544303, 2.064708, 0.015250, 0.132679, -0.369060
18.429872, 0.217456, 3.678811, 2.465992, 0.067102, -0.091502, -0.362960
18.453943, 0.578387, 4.059919, 3.010752, 0.047276, 0.057952, -0.376685
18.461896, 0.351964, 4.239264, 3.051104, 0.068627, -0.021351, -0.364485
18.485914, 0.112091, 4.772815, 3.250625, 0.091502, -0.074727, -0.279083
18.493933, 0.002242, 4.828860, 3.165437, 0.089977, 0.105228, -0.291283
18.517978, -0.143476, 4.588986, 3.073522, 0.088452, -0.128103, -0.283658
18.525985, -0.107607, 4.804200, 3.084731, 0.093028, 0.181480, -0.292808
18.550145, 0.044836, 4.801958, 3.042137, 0.088452, -0.196730, -0.320259
18.558210, 0.235390, 4.855762, 3.113875, 0.077777, 0.210456, -0.324834
18.582211, 0.174861, 5.046316, 3.075764, 0.099128, -0.106753, -0.320259
18.590186, 0.159169, 5.115812, 3.057830, 0.093028, 0.125053, -0.318734
18.614268, 0.105365, 5.292915, 3.008510, 0.067102, -0.041176, -0.327884
18.622271, 0.042594, 5.364653, 2.961432, 0.080827, -0.018300, -0.311108
18.646418, 0.051562, 5.555207, 2.880727, 0.082352, 0.123528, -0.330934
18.654480, 0.040353, 5.615736, 2.862792, 0.076252, -0.102178, -0.350759
18.678499, 0.071738, 5.790597, 2.829165, 0.065577, 0.131154, -0.333984
18.686494, 0.100881, 5.835433, 2.800022, 0.096078, -0.134204, -0.330934
18.710559, 0.112091, 5.981151, 2.779845, 0.096078, 0.172330, -0.381260
18.718559, 0.116574, 5.947524, 2.782087, 0.071677, -0.163179, -0.379735
18.742776, 0.107607, 6.008053, 2.690173, 0.085402, 0.123528, -0.349234
18.750699, 0.112091, 6.046163, 2.661029, 0.079302, -0.076252, -0.352285
18.774865, 0.116574, 6.106692, 2.620677, 0.102178, 0.007625, -0.324834
18.782766, 0.107607, 6.122385, 2.602742, 0.099128, 0.053376, -0.343134
18.806829, 0.121058, 6.283795, 2.539971, 0.070152, -0.054901, -0.333984
18.814778, 0.116574, 6.310697, 2.522037, 0.077777, 0.112853, -0.352285
18.838878, 0.134509, 6.178430, 2.504103, 0.079302, -0.149454, -0.358385
18.846983, 0.121058, 6.229992, 2.461508, 0.073202, 0.184530, -0.341609
18.871058, 0.109849, 6.171705, 2.365110, 0.083877, -0.088452, -0.361435
18.879054, 0.130025, 6.093241, 2.362868, 0.076252, 0.079302, -0.361435
18.903045, 0.161410, 6.189639, 2.333725, 0.088452, 0.054901, -0.323309
18.911063, 0.121058, 6.200848, 2.320274, 0.080827, -0.073202, -0.323309
18.935231, 0.143476, 6.169463, 2.302340, 0.079302, 0.161654, -0.343134
18.943290, 0.134509, 6.167221, 2.275438, 0.085402, -0.149454, -0.344659
18.967312, 0.152443, 5.895962, 2.237327, 0.079302, 0.181480, -0.329409
18.975316, 0.125541, 5.911655, 2.259745, 0.074727, -0.132679, -0.337034
18.999331, 0.141234, 5.978909, 2.237327, 0.057952, 0.041176, -0.337034
19.007355, 0.125541, 5.992360, 2.239569, 0.099128, 0.024401, -0.346184
19.031515, 0.143476, 5.949766, 2.212667, 0.088452, -0.122003, -0.317209
19.039436, 0.161410, 5.952007, 2.232843, 0.077777, 0.135729, -0.337034
19.063647, 0.147960, 5.911655, 2.246294, 0.085402, -0.147929, -0.324834
19.071658, 0.134509, 5.875786, 2.259745, 0.096078, 0.152504, -0.346184
19.095626, 0.156927, 5.853368, 2.248536, 0.089977, -0.141829, -0.335509
19.103658, 0.143476, 5.857851, 2.219393, 0.091502, 0.129628, -0.329409
19.127713, 0.163652, 5.815257, 2.221634, 0.076252, -0.021351, -0.338559
19.135822, 0.152443, 5.797322, 2.246294, 0.088452, 0.007625, -0.323309
19.159972, 0.192796, 5.759212, 2.264229, 0.080827, 0.140304, -0.327884
19.167928, 0.186070, 5.763695, 2.275438, 0.096078, -0.149454, -0.340084
19.191943, 0.154685, 5.712134, 2.253020, 0.080827, 0.178430, -0.330934
19.199950, 0.147960, 5.691957, 2.284405, 0.086927, -0.157079, -0.311108
19.224019, 0.156927, 5.644879, 2.282163, 0.097603, 0.068627, -0.309583
19.232128, 0.159169, 5.624703, 2.309065, 0.077777, -0.003050, -0.327884
19.256208, 0.192796, 5.575383, 2.268712, 0.079302, -0.108278, -0.297383
19.264156, 0.188312, 5.582109, 2.293372, 0.091502, 0.134204, -0.327884
19.288195, 0.174861, 5.532789, 2.286647, 0.082352, -0.157079, -0.320259
19.296176, 0.154685, 5.526063, 2.270954, 0.079302, 0.160129, -0.298908
19.320263, 0.168136, 5.463293, 2.293372, 0.085402, -0.048801, -0.297383
19.328263, 0.177103, 5.465534, 2.277680, 0.071677, 0.016775, -0.303483
19.352457, 0.179345, 5.416215, 2.282163, 0.080827, 0.129628, -0.312633
19.360419, 0.221939, 5.400522, 2.279921, 0.073202, -0.186055, -0.303483
19.384480, 0.174861, 5.373620, 2.318032, 0.079302, 0.169280, -0.289758
19.392449, 0.170378, 5.371378, 2.322516, 0.070152, -0.134204, -0.330934
19.416522, 0.186070, 5.319817, 2.344934, 0.061002, 0.013725, -0.295858
19.424507, 0.186070, 5.288431, 2.356143, 0.085402, 0.016775, -0.311108
19.448715, 0.192796, 5.272739, 2.356143, 0.076252, -0.085402, -0.303483
19.456825, 0.188312, 5.261530, 2.340450, 0.053376, 0.128103, -0.286708
19.480797, 0.165894, 5.245837, 2.356143, 0.067102, -0.172330, -0.295858
19.488747, 0.170378, 5.218935, 2.351659, 0.091502, 0.183005, -0.326359
19.512777, 0.186070, 5.196517, 2.371836, 0.080827, -0.047276, -0.300433
19.520826, 0.177103, 5.180824, 2.353901, 0.065577, 0.042701, -0.314158
19.545045, 0.186070, 5.124779, 2.378561, 0.086927, 0.105228, -0.317209
19.552994, 0.168136, 5.122537, 2.392012, 0.080827, -0.125053, -0.297383
19.577078, 0.177103, 5.104603, 2.421156, 0.070152, 0.207406, -0.288233
19.585046, 0.192796, 5.086668, 2.369594, 0.076252, -0.179955, -0.309583
19.609078, 0.179345, 5.073218, 2.416672, 0.082352, 0.079302, -0.333984
19.617133, 0.145718, 5.050799, 2.414430, 0.085402, -0.009150, -0.300433
19.641222, 0.172619, 5.021656, 2.421156, 0.088452, -0.105228, -0.315684
19.649262, 0.195038, 5.023898, 2.414430, 0.088452, 0.141829, -0.327884
19.673360, 0.163652, 5.019414, 2.436848, 0.076252, -0.152504, -0.320259
19.681359, 0.197279, 5.017172, 2.452541, 0.077777, 0.179955, -0.305008
19.705357, 0.190554, 4.976820, 2.474959, 0.070152, -0.050326, -0.314158
19.713393, 0.215214, 4.983545, 2.488410, 0.076252, 0.030501, -0.309583
19.737521, 0.219697, 4.992512, 2.470475, 0.073202, 0.126578, -0.297383
19.745699, 0.179345, 4.990271, 2.465992, 0.070152, -0.120478, -0.297383
19.769726, 0.201763, 4.961127, 2.459266, 0.082352, 0.202830, -0.300433
19.777725, 0.183828, 4.954402, 2.501861, 0.089977, -0.160129, -0.314158
19.801679, 0.186070, 4.945434, 2.483926, 0.070152, 0.068627, -0.294333
19.809674, 0.239874, 4.936467, 2.479443, 0.079302, -0.007625, -0.308058
19.833874, 0.163652, 4.940951, 2.517553, 0.083877, -0.085402, -0.285183
19.841778, 0.172619, 4.961127, 2.504103, 0.086927, 0.167755, -0.305008
19.865960, 0.170378, 4.954402, 2.504103, 0.074727, -0.144879, -0.288233
19.873951, 0.183828, 4.925258, 2.477201, 0.083877, 0.137254, -0.301958
19.897946, 0.181587, 4.929742, 2.497377, 0.068627, 0.018300, -0.269932
19.905963, 0.181587, 4.925258, 2.531004, 0.086927, -0.054901, -0.315684
19.930037, 0.174861, 4.925258, 2.472717, 0.079302, 0.169280, -0.288233
19.938131, 0.181587, 4.923016, 2.522037, 0.077777, -0.143354, -0.291283
19.962223, 0.179345, 4.927500, 2.513070, 0.080827, 0.118953, -0.285183
19.970218, 0.168136, 4.911807, 2.519795, 0.073202, -0.088452, -0.294333
19.994223, 0.168136, 4.943193, 2.522037, 0.074727, -0.007625, -0.286708
20.002241, 0.170378, 4.927500, 2.501861, 0.071677, 0.074727, -0.277557
