0.106777, 1.265641, -2.135074, -1.947006, -0.376780, -2.541840, -2.736651
0.114750, 1.265641, -2.135074, -1.947006, -0.376780, -2.541840, -2.736651
0.122776, 1.265641, -2.135074, -1.947006, -0.376780, -2.541840, -2.736651
0.130701, 1.265641, -2.135074, -1.947006, -0.376780, -2.541840, -2.736651
0.138789, 1.265641, -2.135074, -1.947006, -0.376780, -2.541840, -2.736651
0.146759, 1.265641, -2.135074, -1.947006, -0.376780, -2.541840, -2.736651
0.154837, 1.265641, -2.135074, -1.947006, -0.376780, -2.541840, -2.736651
0.162800, 1.265641, -2.135074, -1.947006, -0.376780, -2.541840, -2.736651
0.170843, 1.265641, -2.135074, -1.947006, -0.376780, -2.541840, -2.736651
0.178928, 1.265641, -2.135074, -1.947006, -0.376780, -2.541840, -2.736651
0.186990, 1.265641, -2.135074, -1.947006, -0.376780, -2.541840, -2.736651
0.195004, 1.265641, -2.135074, -1.947006, -0.376780, -2.541840, -2.736651
0.203002, 1.265641, -2.135074, -1.947006, -0.376780, -2.541840, -2.736651
0.211032, 1.265641, -2.135074, -1.947006, -0.376780, -2.541840, -2.736651
0.219091, 1.265641, -2.135074, -1.947006, -0.376780, -2.541840, -2.736651
0.226998, 1.265641, -2.135074, -1.947006, -0.376780, -2.541840, -2.736651
0.235039, 1.265641, -2.135074, -1.947006, -0.376780, -2.541840, -2.736651
0.243086, 1.265641, -2.135074, -1.947006, -0.376780, -2.541840, -2.736651
0.251097, 1.265641, -2.135074, -1.947006, -0.376780, -2.541840, -2.736651
0.259119, 1.265641, -2.135074, -1.947006, -0.376780, -2.541840, -2.736651
0.267111, 1.265641, -2.135074, -1.947006, -0.376780, -2.541840, -2.736651
0.275213, 1.265641, -2.135074, -1.947006, -0.376780, -2.541840, -2.736651
0.283189, 1.265641, -2.135074, -1.947006, -0.376780, -2.541840, -2.736651
0.291259, 1.265641, -2.135074, -1.947006, -0.376780, -2.541840, -2.736651
0.299280, 1.265641, -2.135074, -1.947006, -0.376780, -2.541840, -2.736651
0.307325, 1.265641, -2.135074, -1.947006, -0.376780, -2.541840, -2.736651
0.315398, 1.265641, -2.135074, -1.947006, -0.376780, -2.541840, -2.736651
0.323347, 1.265641, -2.135074, -1.947006, -0.376780, -2.541840, -2.736651
0.347365, 1.265641, -2.135074, -1.947006, -0.376780, -2.541840, -2.736635
0.355399, 1.265641, -2.135074, -1.947006, -0.376780, -2.541840, -2.736635
0.379519, 1.265641, -2.135074, -1.947006, -0.376780, -2.541840, -2.736635
0.387635, 1.265641, -2.135074, -1.947006, -0.376780, -2.541840, -2.736635
0.411616, 1.265641, -2.135074, -1.947006, -0.376780, -2.541840, -2.736635
0.419702, 1.265641, -2.135074, -1.947006, -0.376780, -2.541840, -2.736635
0.443664, 1.265641, -2.135074, -1.947006, -0.376780, -2.541840, -2.736635
0.451707, 1.265641, -2.135074, -1.947006, -0.376780, -2.541840, -2.736635
0.475831, 1.265641, -2.135064, -1.947006, -0.376780, -2.541840, -2.736635
0.483852, 1.265641, -2.135064, -1.947006, -0.376780, -2.541840, -2.736635
0.507950, 1.265641, -2.135064, -1.947006, -0.376780, -2.541840, -2.736635
0.515926, 1.265641, -2.135064, -1.947006, -0.376780, -2.541840, -2.736635
0.539914, 1.265641, -2.135064, -1.947006, -0.376780, -2.541840, -2.736635
0.547983, 1.265641, -2.135064, -1.947006, -0.376780, -2.541840, -2.736635
0.572002, 1.265641, -2.135064, -1.947006, -0.376780, -2.541840, -2.736635
0.580139, 1.265641, -2.135064, -1.947006, -0.376780, -2.541840, -2.736635
0.604206, 1.265641, -2.135064, -1.947016, -0.376780, -2.541840, -2.736635
0.612235, 1.265641, -2.135064, -1.947016, -0.376780, -2.541840, -2.736635
0.636239, 1.265641, -2.135064, -1.947016, -0.376780, -2.541840, -2.736635
0.644220, 1.265641, -2.135064, -1.947016, -0.376780, -2.541840, -2.736635
0.668301, 1.265641, -2.135064, -1.947006, -0.376780, -2.541840, -2.736635
0.676435, 1.265641, -2.135064, -1.947006, -0.376780, -2.541840, -2.736635
0.700446, 1.265641, -2.135064, -1.947006, -0.376780, -2.541840, -2.736635
0.708517, 1.265641, -2.135064, -1.947006, -0.376780, -2.541840, -2.736635
0.732550, 1.265641, -2.135064, -1.947006, -0.376780, -2.541840, -2.736635
0.740526, 1.265641, -2.135064, -1.947006, -0.376780, -2.541840, -2.736635
0.764596, 1.265641, -2.135055, -1.947006, -0.376780, -2.541840, -2.736619
0.772661, 1.265641, -2.135055, -1.947006, -0.376780, -2.541840, -2.736619
0.796792, 1.265641, -2.135055, -1.947006, -0.376780, -2.541840, -2.736619
0.804742, 1.265641, -2.135055, -1.947006, -0.376780, -2.541840, -2.736619
0.828813, 1.265641, -2.135055, -1.947006, -0.376780, -2.541840, -2.736619
0.836834, 1.265641, -2.135055, -1.947006, -0.376780, -2.541840, -2.736619
0.860875, 1.265641, -2.135055, -1.947006, -0.376780, -2.541840, -2.736619
0.868889, 1.265641, -2.135055, -1.947006, -0.376780, -2.541840, -2.736619
0.893046, 1.265641, -2.135055, -1.947006, -0.376780, -2.541840, -2.736619
0.901061, 1.265641, -2.135055, -1.947006, -0.376780, -2.541840, -2.736619
0.925123, 1.265641, -2.135055, -1.947006, -0.376780, -2.541840, -2.736619
0.933087, 1.265641, -2.135055, -1.947006, -0.376780, -2.541840, -2.736619
0.957212, 1.265641, -2.135045, -1.947006, -0.376780, -2.541840, -2.736619
0.965166, 1.265641, -2.135045, -1.947006, -0.376780, -2.541840, -2.736619
0.989365, 1.265641, -2.135045, -1.947006, -0.376780, -2.541840, -2.736635
0.997383, 1.265641, -2.135045, -1.947006, -0.376780, -2.541840, -2.736635
1.021385, 1.265641, -2.135045, -1.947016, -0.376780, -2.541840, -2.736635
1.029421, 1.265641, -2.135045, -1.947016, -0.376780, -2.541840, -2.736635
1.053468, 1.265641, -2.135045, -1.947016, -0.376780, -2.541840, -2.736619
1.061446, 1.265641, -2.135045, -1.947016, -0.376780, -2.541840, -2.736619
1.085587, 1.265641, -2.135045, -1.947006, -0.376780, -2.541840, -2.736619
1.093687, 1.265641, -2.135045, -1.947006, -0.376780, -2.541840, -2.736619
1.117712, 1.265641, -2.135045, -1.947006, -0.376780, -2.541840, -2.736635
1.125732, 1.265641, -2.135045, -1.947006, -0.376780, -2.541840, -2.736635
1.149723, 1.265641, -2.135045, -1.947006, -0.376780, -2.541840, -2.736635
1.157780, 1.265641, -2.135045, -1.947006, -0.376780, -2.541840, -2.736635
1.181937, 1.265641, -2.135045, -1.947006, -0.376780, -2.541840, -2.736635
1.189983, 1.265641, -2.135045, -1.947006, -0.376780, -2.541840, -2.736619
1.214030, 1.265641, -2.135036, -1.947006, -0.376780, -2.541840, -2.736619
1.221984, 1.265641, -2.135036, -1.947006, -0.376780, -2.541840, -2.736619
1.245986, 1.265641, -2.135036, -1.947006, -0.376780, -2.541840, -2.736635
1.254048, 1.265641, -2.135036, -1.947006, -0.376780, -2.541840, -2.736635
1.278153, 1.265641, -2.135036, -1.947006, -0.376780, -2.541840, -2.736619
1.286088, 1.265641, -2.135036, -1.947006, -0.376780, -2.541840, -2.736619
1.310278, 1.265632, -2.135036, -1.947006, -0.376780, -2.541840, -2.736619
1.318232, 1.265632, -2.135036, -1.947006, -0.376780, -2.541840, -2.736635
1.342284, 1.265632, -2.135036, -1.947006, -0.376780, -2.541840, -2.736635
1.350198, 1.265632, -2.135036, -1.947006, -0.376780, -2.541840, -2.736635
1.374319, 1.265632, -2.135036, -1.947006, -0.376780, -2.541840, -2.736635
1.382448, 1.265632, -2.135036, -1.947006, -0.376780, -2.541840, -2.736635
1.406558, 1.265632, -2.135036, -1.947006, -0.376780, -2.541840, -2.736619
1.414543, 1.265632, -2.135036, -1.947006, -0.376780, -2.541840, -2.736619
1.438581, 1.265632, -2.135036, -1.947006, -0.376780, -2.541840, -2.736619
1.446598, 1.265632, -2.135036, -1.947006, -0.376780, -2.541840, -2.736619
1.470610, 1.265632, -2.135036, -1.947016, -0.376780, -2.541840, -2.736635
1.478761, 1.265632, -2.135036, -1.947016, -0.376780, -2.541840, -2.736635
1.502811, 1.265632, -2.135036, -1.947016, -0.376780, -2.541840, -2.736635
1.510825, 1.265632, -2.135036, -1.947016, -0.376780, -2.541840, -2.736635
1.534799, 1.265632, -2.135036, -1.947016, -0.376780, -2.541840, -2.736619
1.542831, 1.265632, -2.135036, -1.947016, -0.376780, -2.541840, -2.736619
1.566911, 1.265641, -2.135036, -1.947006, -0.376780, -2.541840, -2.736619
1.574964, 1.265641, -2.135036, -1.947006, -0.376780, -2.541840, -2.736619
1.598990, 1.265641, -2.135036, -1.947006, -0.376780, -2.541840, -2.736635
1.607100, 1.265641, -2.135036, -1.947006, -0.376780, -2.541840, -2.736635
1.631147, 1.265641, -2.135036, -1.947006, -0.376780, -2.541840, -2.736635
1.639086, 1.265641, -2.135036, -1.947006, -0.376780, -2.541840, -2.736635
1.663160, 1.265641, -2.135036, -1.947006, -0.376780, -2.541824, -2.736635
1.671210, 1.265641, -2.135036, -1.947006, -0.376780, -2.541824, -2.736635
1.695320, 1.265641, -2.135036, -1.947006, -0.376780, -2.541824, -2.736619
1.703347, 1.265641, -2.135036, -1.947006, -0.376780, -2.541824, -2.736619
1.727431, 1.265641, -2.135036, -1.947006, -0.376780, -2.541824, -2.736619
1.735367, 1.265641, -2.135036, -1.947006, -0.376780, -2.541824, -2.736619
1.759446, 1.265641, -2.135036, -1.947006, -0.376797, -2.541824, -2.736635
1.767422, 1.265641, -2.135036, -1.947006, -0.376797, -2.541824, -2.736635
1.791638, 1.265641, -2.135036, -1.947006, -0.376797, -2.541824, -2.736635
1.799568, 1.265641, -2.135036, -1.947006, -0.376797, -2.541824, -2.736635
1.823694, 1.265641, -2.135036, -1.947006, -0.376797, -2.541824, -2.736619
1.831691, 1.265641, -2.135036, -1.947006, -0.376797, -2.541824, -2.736619
1.855704, 1.265641, -2.135036, -1.947016, -0.376797, -2.541824, -2.736635
1.863720, 1.265641, -2.135036, -1.947016, -0.376797, -2.541824, -2.736619
1.887834, 1.265641, -2.135036, -1.947006, -0.376797, -2.541824, -2.736619
1.895882, 1.265641, -2.135036, -1.947006, -0.376797, -2.541824, -2.736619
1.920044, 1.265641, -2.135036, -1.947006, -0.376797, -2.541824, -2.736619
1.928023, 1.265641, -2.135036, -1.947006, -0.376797, -2.541824, -2.736635
1.952055, 1.265641, -2.135036, -1.947006, -0.376797, -2.541824, -2.736635
1.959996, 1.265641, -2.135036, -1.947006, -0.376797, -2.541824, -2.736635
1.984118, 1.265641, -2.135036, -1.947006, -0.376797, -2.541824, -2.736635
1.992194, 1.265641, -2.135036, -1.947006, -0.376797, -2.541824, -2.736635
2.016230, 1.265641, -2.135036, -1.947006, -0.376780, -2.541824, -2.736635
2.024210, 1.265641, -2.135036, -1.947006, -0.376780, -2.541824, -2.736635
2.048239, 1.265641, -2.135036, -1.947006, -0.376780, -2.541824, -2.736635
2.056284, 1.265641, -2.135036, -1.947006, -0.376780, -2.541824, -2.736619
2.080417, 1.265641, -2.135036, -1.947006, -0.376797, -2.541824, -2.736619
2.088383, 1.265641, -2.135036, -1.947006, -0.376797, -2.541824, -2.736619
2.112612, 1.265641, -2.135036, -1.947006, -0.376797, -2.541824, -2.736619
2.120551, 1.265641, -2.135036, -1.947006, -0.376797, -2.541824, -2.736619
2.144576, 1.265641, -2.135036, -1.947016, -0.376797, -2.541824, -2.736619
2.152575, 1.265641, -2.135036, -1.947016, -0.376797, -2.541824, -2.736635
2.176601, 1.265641, -2.135036, -1.947016, -0.376797, -2.541824, -2.736619
2.184705, 1.265641, -2.135036, -1.947016, -0.376797, -2.541824, -2.736635
2.208819, 1.265641, -2.135036, -1.947006, -0.376780, -2.541840, -2.736635
2.216793, 1.265641, -2.135036, -1.947006, -0.376780, -2.541840, -2.736635
2.240780, 1.265641, -2.135036, -1.947006, -0.376780, -2.541840, -2.736635
2.248831, 1.265641, -2.135036, -1.947006, -0.376780, -2.541840, -2.736635
2.272918, 1.265641, -2.135036, -1.947006, -0.376780, -2.541840, -2.736619
2.280957, 1.265641, -2.135036, -1.947006, -0.376780, -2.541840, -2.736619
2.305020, 1.265641, -2.135036, -1.947006, -0.376797, -2.541840, -2.736635
2.313130, 1.265641, -2.135036, -1.947006, -0.376797, -2.541840, -2.736635
2.337106, 1.265641, -2.135036, -1.947006, -0.376780, -2.541840, -2.736619
2.345065, 1.265641, -2.135036, -1.947006, -0.376780, -2.541840, -2.736619
2.369133, 1.265641, -2.135036, -1.947006, -0.376797, -2.541840, -2.736635
2.377167, 1.265641, -2.135036, -1.947006, -0.376797, -2.541840, -2.736635
2.401338, 1.265641, -2.135036, -1.947006, -0.376797, -2.541840, -2.736635
2.409302, 1.265641, -2.135036, -1.947006, -0.376797, -2.541840, -2.736635
2.433368, 1.265641, -2.135036, -1.947006, -0.376797, -2.541840, -2.736635
2.441389, 1.265641, -2.135036, -1.947016, -0.376797, -2.541840, -2.736619
2.465465, 1.265641, -2.135036, -1.947006, -0.376797, -2.541840, -2.736635
2.473468, 1.265641, -2.135036, -1.947006, -0.376797, -2.541840, -2.736635
2.497588, 1.265641, -2.135036, -1.947006, -0.376780, -2.541840, -2.736635
2.505712, 1.265641, -2.135036, -1.947006, -0.376780, -2.541840, -2.736619
2.529711, 1.265641, -2.135036, -1.947006, -0.376780, -2.541840, -2.736635
2.537709, 1.265632, -2.135074, -1.946950, -0.376797, -2.541824, -2.736603
2.561743, 1.265594, -2.135385, -1.946102, -0.376910, -2.541678, -2.736327
2.569763, 1.265509, -2.135596, -1.945684, -0.376991, -2.541646, -2.736327
2.593978, 1.265217, -2.136377, -1.943914, -0.377283, -2.541516, -2.735825
2.601969, 1.265015, -2.136711, -1.943076, -0.377396, -2.541500, -2.735526
2.626046, 1.264101, -2.138128, -1.940031, -0.377987, -2.541224, -2.734173
2.634021, 1.263720, -2.138764, -1.938925, -0.378230, -2.541062, -2.733728
2.658068, 1.262703, -2.140966, -1.934632, -0.379129, -2.540633, -2.732440
2.666070, 1.262379, -2.141804, -1.932948, -0.379380, -2.540552, -2.731866
2.690178, 1.260943, -2.144755, -1.927530, -0.380441, -2.539929, -2.730360
2.698175, 1.260515, -2.145772, -1.925610, -0.380878, -2.539654, -2.729817
2.722407, 1.259037, -2.149142, -1.919181, -0.382352, -2.538755, -2.727971
2.730378, 1.258420, -2.150464, -1.916908, -0.382943, -2.538544, -2.727331
2.754478, 1.256688, -2.154427, -1.909777, -0.384942, -2.537888, -2.724910
2.762449, 1.256030, -2.155825, -1.907358, -0.385647, -2.537573, -2.723947
2.786632, 1.253973, -2.160395, -1.898868, -0.387947, -2.536463, -2.720724
2.794702, 1.253277, -2.161901, -1.895752, -0.388667, -2.536139, -2.719623
2.818725, 1.251003, -2.166772, -1.885977, -0.390764, -2.535249, -2.716125
2.826720, 1.250241, -2.168523, -1.882644, -0.391469, -2.534893, -2.715057
2.850755, 1.247690, -2.173752, -1.872389, -0.393566, -2.533581, -2.712052
2.858819, 1.246824, -2.175616, -1.868280, -0.394262, -2.533192, -2.710919
2.882937, 1.244005, -2.181663, -1.856434, -0.396392, -2.531816, -2.707024
2.890920, 1.243016, -2.183786, -1.852466, -0.397226, -2.531273, -2.705567
2.915073, 1.240093, -2.190564, -1.840234, -0.400270, -2.529856, -2.700903
2.923061, 1.239058, -2.192945, -1.835796, -0.401403, -2.529281, -2.699397
2.947104, 1.235839, -2.199939, -1.821658, -0.404804, -2.527662, -2.695357
2.955159, 1.234733, -2.202302, -1.817031, -0.405946, -2.527136, -2.693883
2.979206, 1.231010, -2.210043, -1.802267, -0.409120, -2.525306, -2.688733
2.987296, 1.229753, -2.212689, -1.796934, -0.410124, -2.524747, -2.686831
3.011492, 1.225908, -2.220925, -1.781276, -0.413152, -2.522869, -2.681535
3.019444, 1.224548, -2.223904, -1.775943, -0.414407, -2.522326, -2.679997
3.043468, 1.220406, -2.232635, -1.758496, -0.418682, -2.520431, -2.674288
3.051530, 1.218999, -2.235459, -1.752773, -0.420116, -2.519824, -2.672191
3.075568, 1.214608, -2.244990, -1.734658, -0.424358, -2.517873, -2.666087
3.083673, 1.213106, -2.248199, -1.728374, -0.425597, -2.517241, -2.664273
3.107815, 1.208809, -2.258186, -1.709534, -0.429281, -2.514917, -2.657941
3.115812, 1.207242, -2.261745, -1.702842, -0.430868, -2.514245, -2.655585
3.139798, 1.202583, -2.271854, -1.682562, -0.435564, -2.511760, -2.649035
3.147865, 1.200958, -2.275511, -1.675586, -0.437232, -2.510902, -2.646816
3.171912, 1.195532, -2.286670, -1.654459, -0.441750, -2.508416, -2.639399
3.179912, 1.193805, -2.290468, -1.647234, -0.443127, -2.507485, -2.636897
3.204101, 1.188402, -2.301778, -1.624756, -0.448147, -2.505031, -2.629958
3.212142, 1.186486, -2.305708, -1.617018, -0.450098, -2.504213, -2.627359
3.236195, 1.180688, -2.318274, -1.593722, -0.455725, -2.501760, -2.619270
3.244161, 1.178767, -2.322407, -1.585876, -0.457410, -2.500877, -2.616817
3.268238, 1.173148, -2.334860, -1.561166, -0.462543, -2.497963, -2.608477
3.276231, 1.171275, -2.339190, -1.553203, -0.464430, -2.496950, -2.605562
3.300467, 1.165105, -2.352373, -1.527769, -0.470365, -2.493971, -2.597627
3.308541, 1.163020, -2.356745, -1.519316, -0.472154, -2.493023, -2.594745
3.332586, 1.157052, -2.369397, -1.494019, -0.477255, -2.490255, -2.586356
3.340547, 1.154891, -2.373825, -1.485472, -0.479239, -2.489356, -2.583685
3.364605, 1.148806, -2.387065, -1.460720, -0.485441, -2.486578, -2.574899
3.372665, 1.146862, -2.391484, -1.452122, -0.487384, -2.485704, -2.572219
3.396856, 1.141266, -2.404182, -1.426961, -0.492259, -2.482530, -2.564098
3.404818, 1.139332, -2.408668, -1.418451, -0.494258, -2.481453, -2.561167
3.428957, 1.133232, -2.421775, -1.393652, -0.500299, -2.478409, -2.553038
3.436890, 1.131166, -2.426011, -1.385110, -0.502177, -2.477445, -2.550172
3.460929, 1.125109, -2.438883, -1.359855, -0.507149, -2.474628, -2.541532
3.468953, 1.122920, -2.443387, -1.351430, -0.509051, -2.473680, -2.538982
3.493170, 1.116637, -2.456476, -1.326552, -0.515367, -2.471000, -2.530537
3.501080, 1.114726, -2.460712, -1.318090, -0.517213, -2.470863, -2.527597
3.525270, 1.108862, -2.473782, -1.292863, -0.522468, -2.467203, -2.519597
3.533271, 1.106862, -2.478201, -1.284617, -0.524249, -2.466134, -2.516666
3.557324, 1.100894, -2.491022, -1.259522, -0.530306, -2.463195, -2.508319
3.565339, 1.098950, -2.495281, -1.251107, -0.532103, -2.462280, -2.505509
3.589526, 1.092742, -2.508530, -1.225861, -0.537245, -2.459397, -2.497015
3.597542, 1.090620, -2.512902, -1.217770, -0.538994, -2.458401, -2.494295
3.621618, 1.084689, -2.525836, -1.192341, -0.545083, -2.455697, -2.485874
3.629650, 1.082806, -2.530016, -1.184133, -0.547091, -2.454879, -2.483154
3.653714, 1.076919, -2.543297, -1.158991, -0.552248, -2.451948, -2.474894
3.661686, 1.074961, -2.547533, -1.150910, -0.554046, -2.450904, -2.472352
3.685868, 1.069294, -2.560311, -1.125405, -0.559949, -2.447875, -2.463713
3.693902, 1.067238, -2.564622, -1.117150, -0.561916, -2.446944, -2.461130
3.717959, 1.060555, -2.577932, -1.092144, -0.567187, -2.444062, -2.452393
3.726042, 1.058451, -2.582253, -1.083842, -0.568936, -2.443050, -2.449479
3.750020, 1.052558, -2.595069, -1.058507, -0.574928, -2.440337, -2.441625
3.758052, 1.050539, -2.599563, -1.049998, -0.576952, -2.439487, -2.438750
3.782137, 1.044637, -2.612605, -1.025246, -0.582547, -2.436653, -2.430402
3.790229, 1.042735, -2.616869, -1.016793, -0.584134, -2.435608, -2.427754
3.814438, 1.036890, -2.629836, -0.991439, -0.589810, -2.432596, -2.418945
3.822383, 1.034786, -2.634232, -0.983062, -0.591842, -2.431600, -2.416281
3.846387, 1.028446, -2.647315, -0.958103, -0.597356, -2.428864, -2.408184
3.854453, 1.026465, -2.651589, -0.949552, -0.598976, -2.427949, -2.405237
3.878492, 1.020450, -2.664640, -0.924419, -0.604538, -2.425180, -2.397108
3.886597, 1.018431, -2.669125, -0.915872, -0.606765, -2.424297, -2.394306
3.910699, 1.012793, -2.681861, -0.891082, -0.612457, -2.421285, -2.385667
3.918707, 1.010929, -2.686267, -0.882276, -0.614141, -2.420224, -2.383116
3.942728, 1.004796, -2.699388, -0.857408, -0.619607, -2.417050, -2.374688
3.950798, 1.002636, -2.703445, -0.848898, -0.621542, -2.416071, -2.371724
3.974849, 0.996381, -2.716685, -0.823765, -0.627347, -2.413221, -2.363724
3.982867, 0.994334, -2.721293, -0.815303, -0.628950, -2.412225, -2.360761
4.007070, 0.988032, -2.734023, -0.790255, -0.634448, -2.409553, -2.352437
4.015062, 0.986074, -2.738212, -0.782089, -0.636464, -2.408654, -2.349782
4.039128, 0.980530, -2.751395, -0.756707, -0.642383, -2.405812, -2.341142
4.047100, 0.978619, -2.755641, -0.748414, -0.644140, -2.404824, -2.338430
4.071193, 0.972477, -2.768837, -0.723319, -0.649452, -2.401852, -2.330212
4.079218, 0.970439, -2.773045, -0.715153, -0.651500, -2.400865, -2.327191
4.103400, 0.964358, -2.786049, -0.689686, -0.657241, -2.398023, -2.319167
4.111430, 0.962263, -2.790436, -0.681431, -0.658981, -2.397059, -2.316439
4.135516, 0.956141, -2.803487, -0.656425, -0.664310, -2.394323, -2.307815
4.143518, 0.954295, -2.807714, -0.648170, -0.666228, -2.393424, -2.305248
4.167550, 0.948733, -2.820312, -0.622713, -0.672212, -2.390541, -2.296625
4.175562, 0.946708, -2.825128, -0.614537, -0.674034, -2.389610, -2.293743
4.199716, 0.940576, -2.838160, -0.589442, -0.679232, -2.386598, -2.285808
4.207730, 0.938529, -2.842424, -0.581112, -0.681135, -2.385570, -2.282926
4.231920, 0.932180, -2.855249, -0.556370, -0.687086, -2.382720, -2.274780
4.239848, 0.930047, -2.859410, -0.548581, -0.688924, -2.381805, -2.272294
4.263841, 0.924466, -2.871435, -0.525274, -0.693539, -2.379319, -2.264092
4.271863, 0.922813, -2.875299, -0.517659, -0.695207, -2.378388, -2.261542
4.296081, 0.917726, -2.886990, -0.495204, -0.700705, -2.376015, -2.254538
4.304045, 0.915985, -2.890760, -0.488130, -0.702421, -2.375133, -2.252020
4.328168, 0.911062, -2.901613, -0.466909, -0.706875, -2.372655, -2.244805
4.336172, 0.909466, -2.905058, -0.460075, -0.708162, -2.371886, -2.242757
4.360195, 0.904256, -2.915719, -0.439663, -0.712842, -2.369433, -2.235883
4.368208, 0.902543, -2.919136, -0.433210, -0.714559, -2.368696, -2.233478
4.392381, 0.898058, -2.928934, -0.414271, -0.718980, -2.366720, -2.227478
4.400448, 0.896697, -2.932045, -0.408096, -0.720170, -2.366000, -2.225559
4.424556, 0.892711, -2.941270, -0.390160, -0.723579, -2.364072, -2.219325
4.432618, 0.891397, -2.944423, -0.384210, -0.724801, -2.363433, -2.217268
4.456586, 0.887444, -2.953154, -0.367418, -0.728931, -2.361514, -2.212013
4.464542, 0.886178, -2.955959, -0.362000, -0.730364, -2.360826, -2.210248
4.488750, 0.882220, -2.964158, -0.346045, -0.734097, -2.358737, -2.204701
4.496749, 0.880893, -2.966765, -0.340981, -0.735133, -2.358032, -2.202750
4.520858, 0.877095, -2.974507, -0.326260, -0.738153, -2.356299, -2.197973
4.528940, 0.875890, -2.977011, -0.321397, -0.739076, -2.355708, -2.196694
4.552943, 0.872661, -2.983958, -0.307706, -0.742282, -2.354121, -2.192232
4.560903, 0.871678, -2.986226, -0.303404, -0.743295, -2.353644, -2.190710
4.585047, 0.868548, -2.992849, -0.290753, -0.746679, -2.352154, -2.186111
4.593097, 0.867540, -2.994877, -0.286696, -0.747529, -2.351781, -2.184767
4.617148, 0.864929, -3.000770, -0.275204, -0.749886, -2.350502, -2.181399
4.625185, 0.864044, -3.002723, -0.271607, -0.750590, -2.350065, -2.180273
4.649265, 0.861634, -3.008417, -0.260943, -0.752606, -2.349045, -2.176735
4.657289, 0.860923, -3.010140, -0.257592, -0.753197, -2.348753, -2.175561
4.681347, 0.858791, -3.014899, -0.248150, -0.755108, -2.347595, -2.171844
4.689444, 0.858057, -3.016404, -0.245246, -0.755893, -2.347199, -2.170848
4.713521, 0.855934, -3.020650, -0.237090, -0.758136, -2.346770, -2.168274
4.721547, 0.855313, -3.021972, -0.234450, -0.758695, -2.346770, -2.167504
4.745547, 0.853553, -3.025657, -0.227055, -0.760784, -2.345102, -2.165610
4.753640, 0.852993, -3.026858, -0.224815, -0.761342, -2.344778, -2.164857
4.777676, 0.851355, -3.029752, -0.218645, -0.762800, -2.344106, -2.162825
4.785728, 0.850870, -3.031159, -0.216800, -0.763156, -2.343944, -2.162088
4.809866, 0.849689, -3.033767, -0.211793, -0.764241, -2.343369, -2.160160
4.817928, 0.849308, -3.034558, -0.210696, -0.764565, -2.343174, -2.159488
4.841941, 0.848357, -3.036765, -0.206041, -0.765302, -2.342583, -2.157950
4.849944, 0.848089, -3.037339, -0.204930, -0.765431, -2.342421, -2.157489
4.873998, 0.847415, -3.038926, -0.201815, -0.765990, -2.342114, -2.156396
4.882016, 0.847204, -3.039316, -0.200977, -0.766120, -2.342114, -2.156201
4.906164, 0.846757, -3.040271, -0.199217, -0.766476, -2.341976, -2.155772
4.914248, 0.846634, -3.040478, -0.198732, -0.766549, -2.341960, -2.155643
4.938272, 0.846385, -3.040681, -0.198026, -0.766711, -2.341879, -2.155383
4.946275, 0.846366, -3.040737, -0.198017, -0.766711, -2.341863, -2.155351
4.970305, 0.846357, -3.040794, -0.198167, -0.766743, -2.341863, -2.155367
4.978316, 0.846366, -3.040794, -0.198177, -0.766759, -2.341863, -2.155367
5.002558, 0.846432, -3.040794, -0.198167, -0.766792, -2.341863, -2.155367
5.010541, 0.846432, -3.040794, -0.198167, -0.766792, -2.341863, -2.155367
5.034661, 0.846375, -3.040794, -0.198167, -0.766792, -2.341863, -2.155367
5.042581, 0.846404, -3.040690, -0.198290, -0.766775, -2.341879, -2.155367
5.066666, 0.846545, -3.040332, -0.199034, -0.766613, -2.341911, -2.155545
5.074668, 0.846554, -3.040111, -0.199452, -0.766549, -2.341944, -2.155626
5.098731, 0.846932, -3.039037, -0.201279, -0.766241, -2.342041, -2.155918
5.106881, 0.847068, -3.038571, -0.202032, -0.766030, -2.342057, -2.156064
5.130935, 0.847751, -3.037018, -0.205077, -0.765423, -2.342333, -2.157027
5.138943, 0.848066, -3.036445, -0.206286, -0.765212, -2.342479, -2.157505
5.162952, 0.849351, -3.034303, -0.210381, -0.764492, -2.342989, -2.159092
5.171002, 0.849741, -3.033484, -0.211990, -0.764192, -2.343264, -2.159675
5.195129, 0.850904, -3.030763, -0.217328, -0.763002, -2.343985, -2.161821
5.203144, 0.851370, -3.030171, -0.219225, -0.762557, -2.344179, -2.162574
5.227307, 0.852904, -3.026316, -0.225545, -0.761091, -2.344786, -2.164881
5.235346, 0.853483, -3.025125, -0.227955, -0.760581, -2.345013, -2.165699
5.259334, 0.855328, -3.021444, -0.235665, -0.758832, -2.345984, -2.167861
5.267341, 0.855930, -3.020178, -0.238291, -0.758128, -2.346341, -2.168695
5.291507, 0.857921, -3.015816, -0.246612, -0.755933, -2.347207, -2.171003
5.299540, 0.858688, -3.014253, -0.249554, -0.755132, -2.347483, -2.171934
5.323651, 0.860881, -3.009180, -0.259103, -0.752759, -2.348648, -2.175205
5.331684, 0.861691, -3.007410, -0.262586, -0.752039, -2.349086, -2.176500
5.355737, 0.864279, -3.002002, -0.273232, -0.750112, -2.350106, -2.180525
5.363723, 0.865164, -3.000082, -0.276837, -0.749456, -2.350511, -2.181852
5.387834, 0.868087, -2.993996, -0.288274, -0.747164, -2.352001, -2.185318
5.395829, 0.869113, -2.991864, -0.292434, -0.746363, -2.352397, -2.186427
5.420043, 0.872074, -2.985487, -0.305180, -0.743513, -2.353831, -2.190403
5.428000, 0.873142, -2.983238, -0.309133, -0.742436, -2.354373, -2.191941
5.452038, 0.876559, -2.975994, -0.323333, -0.738784, -2.355911, -2.197148
5.460035, 0.877731, -2.973462, -0.328246, -0.737594, -2.356535, -2.198686
5.484125, 0.881110, -2.965884, -0.343030, -0.734436, -2.358284, -2.203155
5.492220, 0.882348, -2.963211, -0.348000, -0.733416, -2.358875, -2.204726
5.516394, 0.886212, -2.954862, -0.364034, -0.730274, -2.360624, -2.210418
5.524405, 0.887535, -2.952108, -0.369536, -0.729003, -2.361247, -2.212427
5.548418, 0.890956, -2.943293, -0.386555, -0.725060, -2.363142, -2.217779
5.556436, 0.892782, -2.940182, -0.392546, -0.723538, -2.363782, -2.219511
5.580511, 0.897037, -2.930821, -0.410328, -0.719392, -2.365781, -2.225697
5.588533, 0.898609, -2.927578, -0.416517, -0.718121, -2.366437, -2.228005
5.612628, 0.903424, -2.917779, -0.435794, -0.714404, -2.368761, -2.234126
5.620670, 0.905080, -2.914230, -0.442276, -0.712980, -2.369595, -2.236191
5.644730, 0.910013, -2.903890, -0.462678, -0.707959, -2.371983, -2.243324
5.652744, 0.911679, -2.900332, -0.469559, -0.706275, -2.372882, -2.245761
5.676777, 0.916677, -2.889333, -0.490828, -0.701595, -2.375352, -2.252287
5.684783, 0.918371, -2.885601, -0.498085, -0.700105, -2.376137, -2.254708
5.709029, 0.923657, -2.873863, -0.520667, -0.695296, -2.378720, -2.262546
5.716995, 0.925436, -2.869923, -0.528206, -0.693442, -2.379538, -2.264838
5.741060, 0.931041, -2.857823, -0.551603, -0.687912, -2.382056, -2.272724
5.749058, 0.932910, -2.853747, -0.559524, -0.686308, -2.383060, -2.275574
5.773123, 0.938962, -2.840649, -0.584210, -0.681337, -2.385740, -2.283282
5.781138, 0.941076, -2.836328, -0.592455, -0.679321, -2.386591, -2.286060
5.805430, 0.947217, -2.823447, -0.617682, -0.673110, -2.389586, -2.294796
5.813353, 0.949129, -2.819154, -0.626060, -0.671386, -2.390631, -2.297354
5.837519, 0.954918, -2.806042, -0.651277, -0.666123, -2.393643, -2.306026
5.845473, 0.957031, -2.801759, -0.659476, -0.664236, -2.394526, -2.308852
5.869481, 0.962867, -2.789315, -0.684693, -0.658131, -2.397278, -2.316771
5.877491, 0.964810, -2.784670, -0.692986, -0.656431, -2.398290, -2.319734
5.901661, 0.971018, -2.771477, -0.718289, -0.651265, -2.401108, -2.328050
5.909679, 0.973122, -2.767204, -0.726374, -0.649395, -2.402055, -2.330714
5.933767, 0.979184, -2.754181, -0.751469, -0.643225, -2.404986, -2.339531
5.941797, 0.981203, -2.749856, -0.760016, -0.641379, -2.405999, -2.342171
5.965794, 0.987190, -2.736758, -0.784979, -0.636173, -2.408994, -2.350316
5.973814, 0.989115, -2.732437, -0.793357, -0.634245, -2.409877, -2.353361
5.997936, 0.994932, -2.719612, -0.818071, -0.628326, -2.412687, -2.361393
6.006054, 0.997007, -2.715146, -0.827122, -0.626375, -2.413658, -2.364259
6.030108, 1.003357, -2.702141, -0.851873, -0.621290, -2.416500, -2.372898
6.038187, 1.005423, -2.697717, -0.860547, -0.619533, -2.417383, -2.375482
6.062145, 1.011429, -2.684722, -0.885586, -0.613420, -2.420363, -2.383959
6.070147, 1.013410, -2.680209, -0.894190, -0.611436, -2.421383, -2.386825
6.094342, 1.019142, -2.667356, -0.919068, -0.606149, -2.424209, -2.394792
6.102390, 1.020987, -2.663035, -0.927558, -0.604400, -2.425124, -2.397797
6.126463, 1.026927, -2.650050, -0.952738, -0.598546, -2.427876, -2.406096
6.134539, 1.029069, -2.645691, -0.961201, -0.596530, -2.428840, -2.408711
6.158519, 1.035333, -2.632659, -0.986296, -0.591259, -2.431787, -2.417488
6.166496, 1.037352, -2.628362, -0.994626, -0.589623, -2.432832, -2.420136
6.190618, 1.043607, -2.615094, -1.019938, -0.583688, -2.435795, -2.428379
6.198647, 1.045635, -2.610845, -1.028099, -0.581526, -2.436807, -2.431407
6.222761, 1.051241, -2.597920, -1.053316, -0.576142, -2.439787, -2.439390
6.230773, 1.053118, -2.593680, -1.061562, -0.574539, -2.440670, -2.442143
6.254849, 1.059294, -2.580582, -1.087283, -0.568685, -2.443406, -2.450831
6.262820, 1.061360, -2.576289, -1.095406, -0.566571, -2.444305, -2.453382
6.286902, 1.067530, -2.563257, -1.120501, -0.561284, -2.447099, -2.462005
6.294998, 1.069643, -2.558885, -1.128705, -0.559616, -2.448102, -2.464871
6.319143, 1.075728, -2.545749, -1.153381, -0.553843, -2.451026, -2.472725
6.327175, 1.077611, -2.541541, -1.161599, -0.551730, -2.451973, -2.475656
6.351192, 1.083179, -2.528603, -1.186684, -0.546248, -2.454969, -2.484093
6.359178, 1.085198, -2.524235, -1.195279, -0.544483, -2.455989, -2.486716
6.383280, 1.091331, -2.511250, -1.220195, -0.538856, -2.458766, -2.495566
6.391283, 1.093387, -2.506972, -1.228912, -0.536904, -2.459649, -2.498198
6.415487, 1.099755, -2.493761, -1.254209, -0.531196, -2.462418, -2.506319
6.423462, 1.101916, -2.489332, -1.262624, -0.529528, -2.463446, -2.509323
6.447546, 1.107818, -2.476549, -1.287719, -0.524160, -2.466393, -2.517363
6.455568, 1.109686, -2.472196, -1.296181, -0.522112, -2.467308, -2.520141
6.479601, 1.115503, -2.459107, -1.321733, -0.516225, -2.470288, -2.528861
6.487601, 1.117490, -2.454767, -1.330148, -0.514420, -2.471349, -2.531419
6.511751, 1.123490, -2.441895, -1.354900, -0.509140, -2.474150, -2.539873
6.519824, 1.125575, -2.437391, -1.363498, -0.507076, -2.475000, -2.542820
6.543880, 1.132000, -2.424321, -1.388335, -0.501221, -2.477843, -2.550755
6.551874, 1.134009, -2.419953, -1.396873, -0.499513, -2.478830, -2.553767
6.575922, 1.139719, -2.407109, -1.421723, -0.494380, -2.481689, -2.562115
6.583937, 1.141653, -2.402624, -1.430260, -0.492315, -2.482644, -2.564730
6.608136, 1.147423, -2.389460, -1.455233, -0.486234, -2.485470, -2.573450
6.616137, 1.148985, -2.385139, -1.463229, -0.484429, -2.486450, -2.576106
6.640217, 1.155636, -2.372135, -1.488447, -0.479182, -2.489299, -2.584284
6.648257, 1.157838, -2.367772, -1.496994, -0.477149, -2.490198, -2.587312
6.672284, 1.164074, -2.354961, -1.522376, -0.471223, -2.493064, -2.595344
6.680282, 1.166051, -2.350711, -1.531342, -0.469474, -2.494109, -2.598097
6.704514, 1.171982, -2.337566, -1.556296, -0.464340, -2.497153, -2.606769
6.712527, 1.173935, -2.333273, -1.564509, -0.462486, -2.498101, -2.609384
6.736581, 1.179512, -2.320726, -1.589129, -0.456437, -2.500999, -2.617748
6.744573, 1.181446, -2.316631, -1.596880, -0.454802, -2.501979, -2.620493
6.768638, 1.187414, -2.304206, -1.619805, -0.449871, -2.504562, -2.627789
6.776661, 1.189320, -2.300370, -1.627750, -0.448203, -2.505315, -2.630428
6.800734, 1.194639, -2.288995, -1.650191, -0.442819, -2.507793, -2.638064
6.808911, 1.196356, -2.285272, -1.657265, -0.441037, -2.508554, -2.640307
6.832910, 1.201247, -2.274155, -1.678274, -0.436770, -2.510918, -2.647391
6.840993, 1.202790, -2.270526, -1.685150, -0.435313, -2.511784, -2.649950
6.864957, 1.207332, -2.260294, -1.705196, -0.430941, -2.514157, -2.656298
6.873010, 1.208951, -2.256769, -1.711926, -0.429305, -2.515056, -2.658322
6.897093, 1.213681, -2.246937, -1.730700, -0.424738, -2.517250, -2.665018
6.905258, 1.215215, -2.243643, -1.736823, -0.423418, -2.518003, -2.667140
6.929336, 1.219687, -2.234474, -1.754976, -0.419783, -2.519979, -2.672702
6.937293, 1.221032, -2.231580, -1.760728, -0.418536, -2.520602, -2.674589
6.961305, 1.225161, -2.222718, -1.777864, -0.414512, -2.522416, -2.680726
6.969332, 1.226464, -2.220002, -1.783225, -0.413119, -2.523072, -2.682605
6.993429, 1.230159, -2.211596, -1.798742, -0.409411, -2.524788, -2.687382
7.001467, 1.231434, -2.208847, -1.804042, -0.408294, -2.525363, -2.688985
7.025652, 1.234842, -2.201534, -1.818895, -0.405532, -2.527080, -2.694224
7.033641, 1.235938, -2.199039, -1.823409, -0.404585, -2.527735, -2.695908
7.057698, 1.239374, -2.191862, -1.837514, -0.401541, -2.529274, -2.700345
7.065653, 1.240301, -2.189702, -1.841915, -0.400553, -2.529849, -2.701600
7.089731, 1.243346, -2.182877, -1.853977, -0.397136, -2.531338, -2.705576
7.097823, 1.244410, -2.180707, -1.857992, -0.396059, -2.531743, -2.707017
7.122021, 1.247191, -2.175031, -1.870168, -0.393638, -2.533233, -2.711389
7.130023, 1.248114, -2.173233, -1.873750, -0.392982, -2.533606, -2.712741
7.154017, 1.250740, -2.167712, -1.883850, -0.390820, -2.534610, -2.715851
7.162021, 1.251474, -2.166046, -1.887163, -0.390181, -2.535047, -2.716757
7.186106, 1.253654, -2.161142, -1.896863, -0.388270, -2.536067, -2.719632
7.194114, 1.254359, -2.159580, -1.899871, -0.387549, -2.536326, -2.720668
7.218299, 1.256294, -2.155250, -1.908003, -0.385533, -2.537241, -2.723761
7.226308, 1.256920, -2.153791, -1.910545, -0.384780, -2.537614, -2.724805
7.250363, 1.258643, -2.150049, -1.917628, -0.382837, -2.538504, -2.727502
7.258380, 1.259197, -2.148901, -1.919855, -0.382230, -2.538715, -2.728271
7.282422, 1.260548, -2.145748, -1.926326, -0.380805, -2.539273, -2.730060
7.290407, 1.261024, -2.144806, -1.928345, -0.380351, -2.539500, -2.730611
7.314600, 1.262167, -2.142180, -1.933410, -0.379347, -2.540302, -2.731874
7.322688, 1.262501, -2.141361, -1.934840, -0.379072, -2.540512, -2.731615
7.346718, 1.263650, -2.139276, -1.938817, -0.378384, -2.540925, -2.733672
7.354708, 1.263937, -2.138627, -1.940017, -0.378173, -2.541039, -2.734003
7.378765, 1.264554, -2.137144, -1.942855, -0.377663, -2.541282, -2.735129
7.386775, 1.264699, -2.136715, -1.943749, -0.377517, -2.541379, -2.735502
7.410993, 1.265109, -2.135647, -1.945585, -0.377145, -2.541565, -2.736174
7.419016, 1.265260, -2.135370, -1.946014, -0.377080, -2.541597, -2.736287
7.443038, 1.265584, -2.135210, -1.946748, -0.376943, -2.541710, -2.736522
7.451064, 1.265660, -2.135210, -1.946804, -0.376943, -2.541743, -2.736570
7.475083, 1.265782, -2.135285, -1.946719, -0.376943, -2.541743, -2.736603
7.483118, 1.265811, -2.135304, -1.946738, -0.376943, -2.541743, -2.736603
7.507308, 1.265811, -2.135294, -1.946748, -0.376910, -2.541743, -2.736603
7.515286, 1.265811, -2.135294, -1.946748, -0.376894, -2.541743, -2.736603
7.539467, 1.265811, -2.135294, -1.946748, -0.376878, -2.541743, -2.736603
7.547391, 1.265811, -2.135379, -1.946635, -0.376878, -2.541743, -2.736586
7.571461, 1.265782, -2.135775, -1.945942, -0.376991, -2.541710, -2.736392
7.579418, 1.265726, -2.135968, -1.945589, -0.376991, -2.541662, -2.736327
7.603592, 1.265443, -2.136730, -1.943857, -0.377331, -2.541548, -2.735874
7.611648, 1.265396, -2.137098, -1.943029, -0.377526, -2.541435, -2.735566
7.635768, 1.264549, -2.138679, -1.939993, -0.378068, -2.541143, -2.734270
7.643706, 1.264177, -2.139272, -1.938906, -0.378327, -2.541127, -2.733793
7.667765, 1.263094, -2.141432, -1.934519, -0.379226, -2.540650, -2.732489
7.675813, 1.262732, -2.142251, -1.932853, -0.379477, -2.540455, -2.731882
7.699905, 1.261296, -2.145136, -1.927361, -0.380522, -2.539848, -2.730408
7.708030, 1.260826, -2.146181, -1.925351, -0.380918, -2.539540, -2.729850
7.732027, 1.259296, -2.149551, -1.918936, -0.382465, -2.538706, -2.727987
7.740059, 1.258665, -2.150817, -1.916658, -0.383056, -2.538496, -2.727348
7.764091, 1.256915, -2.154681, -1.909471, -0.385040, -2.537807, -2.724927
7.772121, 1.256269, -2.156093, -1.906939, -0.385744, -2.537524, -2.723963
7.796131, 1.254124, -2.160616, -1.898401, -0.388035, -2.536399, -2.720740
7.804307, 1.253450, -2.162108, -1.895333, -0.388764, -2.536091, -2.719607
7.828389, 1.251135, -2.166965, -1.885614, -0.390829, -2.535184, -2.716109
7.836480, 1.250335, -2.168716, -1.882348, -0.391517, -2.534812, -2.715040
7.860494, 1.247793, -2.173950, -1.872389, -0.393630, -2.533500, -2.711988
7.868491, 1.246937, -2.175827, -1.868182, -0.394318, -2.533111, -2.710838
7.892580, 1.244141, -2.181880, -1.856274, -0.396473, -2.531719, -2.706976
7.900659, 1.243167, -2.183993, -1.852283, -0.397339, -2.531176, -2.705502
7.924770, 1.240235, -2.190813, -1.839985, -0.400416, -2.529767, -2.700838
7.932843, 1.239180, -2.193190, -1.835509, -0.401533, -2.529200, -2.699349
7.956875, 1.235999, -2.200198, -1.821375, -0.404918, -2.527565, -2.695324
7.964858, 1.234897, -2.202551, -1.816739, -0.406043, -2.527071, -2.693883
7.988896, 1.231193, -2.210289, -1.801961, -0.409192, -2.525241, -2.688701
7.996970, 1.229927, -2.212924, -1.796661, -0.410140, -2.524666, -2.686782
8.021168, 1.226101, -2.221151, -1.781017, -0.413200, -2.522755, -2.681503
8.029228, 1.224680, -2.224168, -1.776047, -0.414440, -2.522229, -2.679964
8.053230, 1.220529, -2.232899, -1.758162, -0.418779, -2.520278, -2.674281
8.061253, 1.219121, -2.235689, -1.752477, -0.420188, -2.519711, -2.672175
8.085299, 1.214693, -2.245220, -1.734389, -0.424439, -2.517792, -2.666054
8.093320, 1.213200, -2.248425, -1.728050, -0.425678, -2.517136, -2.664256
8.117480, 1.208847, -2.258431, -1.709219, -0.429362, -2.514853, -2.657941
8.125513, 1.207279, -2.262013, -1.702583, -0.430949, -2.514164, -2.655536
8.149595, 1.202672, -2.272085, -1.682326, -0.435759, -2.512489, -2.648986
8.157629, 1.201072, -2.275747, -1.675309, -0.437394, -2.510821, -2.646776
8.181638, 1.195673, -2.286896, -1.654214, -0.441847, -2.508335, -2.639351
8.189653, 1.193941, -2.290694, -1.646966, -0.443224, -2.507420, -2.636832
8.213907, 1.188571, -2.302042, -1.624492, -0.448325, -2.504983, -2.629893
8.221929, 1.186656, -2.305957, -1.616798, -0.450260, -2.504165, -2.627327
8.245929, 1.180852, -2.318274, -1.593439, -0.455823, -2.501695, -2.619222
8.253940, 1.178890, -2.322454, -1.585555, -0.457410, -2.500796, -2.616768
8.277962, 1.173303, -2.335001, -1.560879, -0.462543, -2.497882, -2.608412
8.285974, 1.171425, -2.339360, -1.552492, -0.464430, -2.496886, -2.605497
8.310194, 1.165363, -2.352641, -1.527529, -0.470454, -2.493874, -2.597595
8.318197, 1.163307, -2.357028, -1.518982, -0.472203, -2.492959, -2.594696
8.342313, 1.157136, -2.369665, -1.493723, -0.477288, -2.490174, -2.586300
8.350262, 1.155070, -2.374089, -1.485138, -0.479304, -2.489275, -2.583636
8.374292, 1.148844, -2.387380, -1.460461, -0.485506, -2.486538, -2.574851
8.382292, 1.146891, -2.391795, -1.451876, -0.487465, -2.485623, -2.572163
8.406469, 1.141332, -2.404686, -1.427121, -0.492445, -2.482433, -2.564066
8.414527, 1.139383, -2.409143, -1.418155, -0.494437, -2.481356, -2.561086
8.438587, 1.133326, -2.422090, -1.393356, -0.500396, -2.478344, -2.552973
8.446637, 1.131279, -2.426298, -1.384818, -0.502275, -2.477380, -2.550123
8.470633, 1.125207, -2.439151, -1.359596, -0.507262, -2.474498, -2.541467
8.478684, 1.123066, -2.443623, -1.351172, -0.509149, -2.473551, -2.538917
8.502811, 1.116736, -2.456674, -1.326250, -0.515480, -2.470903, -2.530472
8.510897, 1.114849, -2.460891, -1.317756, -0.517359, -2.470863, -2.527565
8.534983, 1.109060, -2.473965, -1.292623, -0.522468, -2.467089, -2.519509
8.542936, 1.107050, -2.478343, -1.284325, -0.524233, -2.466037, -2.516602
8.566932, 1.101139, -2.491177, -1.259268, -0.530322, -2.463114, -2.508254
8.574955, 1.099171, -2.495432, -1.250773, -0.532103, -2.462158, -2.505655
8.599143, 1.092837, -2.508685, -1.225602, -0.537277, -2.459316, -2.496934
8.607170, 1.090554, -2.513053, -1.217512, -0.539042, -2.458336, -2.494246
8.631337, 1.084586, -2.526001, -1.192045, -0.545180, -2.455616, -2.485987
8.639300, 1.082736, -2.530208, -1.183869, -0.547188, -2.454814, -2.483040
8.663340, 1.076872, -2.543518, -1.158708, -0.552427, -2.451883, -2.474959
8.671341, 1.074932, -2.547735, -1.151080, -0.554224, -2.450806, -2.472255
8.695353, 1.069191, -2.560537, -1.125151, -0.560054, -2.447778, -2.463616
8.703530, 1.067162, -2.564843, -1.116858, -0.562030, -2.446847, -2.461033
8.727597, 1.060634, -2.578177, -1.091848, -0.567284, -2.443965, -2.452458
8.735611, 1.058530, -2.582474, -1.083517, -0.569033, -2.442969, -2.449527
8.759707, 1.052615, -2.595276, -1.058215, -0.574944, -2.440288, -2.441657
8.767710, 1.050600, -2.599780, -1.049715, -0.576985, -2.439447, -2.438750
8.791779, 1.044684, -2.612803, -1.024959, -0.582563, -2.436604, -2.430402
8.799861, 1.042820, -2.617048, -1.016487, -0.584167, -2.435592, -2.427738
8.823979, 1.036984, -2.630005, -0.991157, -0.589866, -2.432580, -2.418913
8.831977, 1.034862, -2.634434, -0.982770, -0.591891, -2.431577, -2.416265
8.856025, 1.028493, -2.647466, -0.957807, -0.597389, -2.428815, -2.408136
8.864058, 1.026493, -2.651768, -0.949259, -0.599024, -2.427916, -2.405188
8.888148, 1.020488, -2.664810, -0.924127, -0.604587, -2.425131, -2.397075
8.896121, 1.018459, -2.669286, -0.915622, -0.606813, -2.424232, -2.394274
8.920319, 1.012821, -2.682050, -0.890795, -0.612522, -2.421204, -2.385602
8.928344, 1.010948, -2.686450, -0.882074, -0.614181, -2.420160, -2.383052
8.952424, 1.004796, -2.699568, -0.857115, -0.619695, -2.417002, -2.374607
8.960368, 1.002646, -2.704015, -0.848649, -0.621768, -2.416022, -2.371676
8.984454, 0.996362, -2.716915, -0.823558, -0.627428, -2.413156, -2.363676
8.992488, 0.994325, -2.721217, -0.815091, -0.629015, -2.412160, -2.360712
9.016702, 0.988060, -2.734391, -0.790425, -0.634497, -2.409488, -2.352372
9.024692, 0.986092, -2.738631, -0.781840, -0.636513, -2.408589, -2.349717
9.048797, 0.980577, -2.751461, -0.756411, -0.642432, -2.405747, -2.341110
9.056756, 0.978647, -2.755773, -0.748160, -0.644172, -2.404776, -2.338381
9.080782, 0.972496, -2.769017, -0.723027, -0.649573, -2.401804, -2.330131
9.088813, 0.970458, -2.773271, -0.714904, -0.651565, -2.400800, -2.327135
9.112957, 0.964377, -2.786219, -0.689343, -0.657273, -2.397974, -2.319086
9.121003, 0.962273, -2.790619, -0.681148, -0.658998, -2.397003, -2.316374
9.145186, 0.956131, -2.803670, -0.656176, -0.664374, -2.394290, -2.307767
9.153145, 0.954276, -2.807916, -0.647921, -0.666309, -2.393359, -2.305184
9.177175, 0.948723, -2.821169, -0.622454, -0.671515, -2.390493, -2.296561
9.185193, 0.946690, -2.825528, -0.614241, -0.674115, -2.389562, -2.293646
9.209325, 0.940557, -2.838409, -0.589193, -0.679386, -2.386550, -2.285727
9.217435, 0.938519, -2.842617, -0.580853, -0.681329, -2.385537, -2.282861
9.241484, 0.932170, -2.855428, -0.556158, -0.687102, -2.382687, -2.274731
9.249476, 0.930047, -2.859570, -0.548275, -0.688940, -2.381772, -2.272213
9.273549, 0.924508, -2.871538, -0.525001, -0.693588, -2.379303, -2.264011
9.281514, 0.922861, -2.875402, -0.517395, -0.695239, -2.378372, -2.261493
9.305650, 0.917707, -2.887084, -0.494964, -0.700721, -2.375983, -2.254457
9.313801, 0.915975, -2.890854, -0.487890, -0.702438, -2.375100, -2.251955
9.337834, 0.911043, -2.901688, -0.466631, -0.706907, -2.372574, -2.244740
9.345898, 0.909447, -2.905152, -0.459788, -0.708227, -2.371805, -2.242708
9.369895, 0.904247, -2.915785, -0.439427, -0.712875, -2.369368, -2.235818
9.377892, 0.902533, -2.919206, -0.433027, -0.714591, -2.368631, -2.233413
9.402066, 0.898048, -2.929028, -0.414083, -0.719012, -2.366688, -2.227445
9.410061, 0.896697, -2.932130, -0.407894, -0.720202, -2.366000, -2.225527
9.434180, 0.892682, -2.941397, -0.389948, -0.723708, -2.364089, -2.219260
9.442264, 0.891356, -2.944546, -0.383989, -0.724939, -2.363417, -2.217219
9.466224, 0.887388, -2.953286, -0.367215, -0.729060, -2.361498, -2.211948
9.474252, 0.886112, -2.956067, -0.361827, -0.730453, -2.360810, -2.210199
9.498295, 0.882182, -2.964243, -0.345909, -0.734194, -2.358720, -2.204653
9.506407, 0.880874, -2.966869, -0.340864, -0.735214, -2.358016, -2.202702
9.530479, 0.877086, -2.974601, -0.326109, -0.738121, -2.356283, -2.197941
9.538569, 0.875880, -2.977115, -0.321214, -0.739060, -2.355676, -2.196661
9.562563, 0.872652, -2.984052, -0.307325, -0.742266, -2.354105, -2.192200
9.570623, 0.871668, -2.986302, -0.303089, -0.743311, -2.353611, -2.190661
9.594623, 0.868567, -2.992891, -0.290485, -0.746614, -2.352138, -2.186079
9.602746, 0.867569, -2.994924, -0.286476, -0.747497, -2.351765, -2.184718
9.626881, 0.864938, -3.000859, -0.275119, -0.749886, -2.350502, -2.181366
9.634924, 0.864044, -3.002798, -0.271541, -0.750574, -2.350049, -2.180233
9.658854, 0.861634, -3.008474, -0.260914, -0.752606, -2.349061, -2.176702
9.666873, 0.860932, -3.010206, -0.257545, -0.753213, -2.348753, -2.175504
9.690960, 0.858772, -3.014965, -0.248320, -0.755157, -2.347611, -2.171796
9.698950, 0.858038, -3.016470, -0.245369, -0.755942, -2.347215, -2.170824
9.723190, 0.855925, -3.020706, -0.237137, -0.758201, -2.346770, -2.168257
9.731291, 0.855304, -3.022010, -0.234497, -0.758759, -2.346770, -2.167472
9.755303, 0.853543, -3.025695, -0.226910, -0.760816, -2.345085, -2.165577
9.763262, 0.852993, -3.026867, -0.224646, -0.761359, -2.344778, -2.164840
9.787328, 0.851326, -3.030129, -0.218532, -0.762800, -2.344122, -2.162808
9.795293, 0.850851, -3.031122, -0.216696, -0.763156, -2.343944, -2.162055
9.819507, 0.849679, -3.033739, -0.211736, -0.764225, -2.343385, -2.160128
9.827529, 0.849298, -3.034558, -0.210230, -0.764549, -2.343158, -2.159456
9.851607, 0.848347, -3.036765, -0.206022, -0.765286, -2.342600, -2.157950
9.859566, 0.848089, -3.037367, -0.204902, -0.765431, -2.342438, -2.157489
9.883651, 0.847425, -3.038944, -0.201796, -0.765893, -2.342114, -2.156379
9.891676, 0.847204, -3.039326, -0.200968, -0.766039, -2.342081, -2.156201
9.915942, 0.846747, -3.040299, -0.199198, -0.766428, -2.341928, -2.155772
9.923890, 0.846625, -3.040526, -0.198732, -0.766581, -2.341911, -2.155643
9.948048, 0.846385, -3.040737, -0.198035, -0.766711, -2.341895, -2.155367
9.955984, 0.846366, -3.040784, -0.198026, -0.766743, -2.341879, -2.155351
9.980000, 0.846366, -3.040841, -0.198177, -0.766775, -2.341879, -2.155351
9.988006, 0.846366, -3.040841, -0.198186, -0.766775, -2.341879, -2.155351
10.012229, 0.846413, -3.040841, -0.198186, -0.766792, -2.341863, -2.155351
10.020279, 0.846413, -3.040841, -0.198177, -0.766792, -2.341863, -2.155351
10.044289, 0.846554, -3.040549, -0.198756, -0.766500, -2.341993, -2.155853
10.052384, 0.846973, -3.038911, -0.202022, -0.765803, -2.342155, -2.156388
10.076298, 0.851313, -3.028867, -0.220928, -0.761739, -2.344373, -2.163197
10.084326, 0.853855, -3.023440, -0.231029, -0.759893, -2.345458, -2.166841
10.108488, 0.863658, -3.002651, -0.272267, -0.750436, -2.350090, -2.180193
10.116546, 0.867715, -2.994110, -0.288881, -0.746849, -2.352017, -2.185796
10.140641, 0.882691, -2.962246, -0.349345, -0.733958, -2.358940, -2.205342
10.148650, 0.888612, -2.949746, -0.374017, -0.728201, -2.361442, -2.213252
10.172643, 0.907805, -2.908564, -0.452808, -0.711571, -2.370380, -2.238855
10.180684, 0.914441, -2.895028, -0.479462, -0.704850, -2.373223, -2.247688
10.204827, 0.933357, -2.854453, -0.558069, -0.687782, -2.382291, -2.273428
10.212813, 0.939400, -2.841058, -0.584191, -0.682567, -2.385303, -2.282116
10.236940, 0.957506, -2.801067, -0.661246, -0.664269, -2.394153, -2.307905
10.245079, 0.963003, -2.787851, -0.686124, -0.658593, -2.397084, -2.316220
10.268985, 0.981194, -2.748354, -0.763156, -0.641921, -2.405885, -2.342106
10.277009, 0.987477, -2.735369, -0.788462, -0.636140, -2.408031, -2.350397
10.301155, 1.005813, -2.695994, -0.864289, -0.619371, -2.417699, -2.376154
10.309207, 1.011961, -2.682656, -0.889944, -0.613396, -2.420694, -2.384679
10.333341, 1.030429, -2.643225, -0.965935, -0.596036, -2.429269, -2.410088
10.341352, 1.036392, -2.630066, -0.991068, -0.590376, -2.432208, -2.418792
10.365328, 1.054737, -2.590503, -1.067549, -0.573211, -2.441180, -2.444208
10.373347, 1.060819, -2.577452, -1.092987, -0.567405, -2.444070, -2.452847
10.397380, 1.078981, -2.537988, -1.169223, -0.550353, -2.452798, -2.478320
10.405541, 1.085113, -2.524607, -1.195062, -0.544483, -2.455819, -2.486814
10.429664, 1.103723, -2.484879, -1.271543, -0.527528, -2.464491, -2.511703
10.437615, 1.109639, -2.471607, -1.296981, -0.521804, -2.467454, -2.520813
10.461661, 1.128409, -2.431823, -1.373504, -0.504590, -2.476272, -2.546520
10.469703, 1.134570, -2.418696, -1.399475, -0.498817, -2.479154, -2.554981
10.493788, 1.152676, -2.378837, -1.476252, -0.481319, -2.487988, -2.580389
10.501835, 1.158676, -2.365565, -1.501945, -0.475708, -2.490805, -2.589061
10.526013, 1.177497, -2.325705, -1.579019, -0.459182, -2.499720, -2.614388
10.534087, 1.183522, -2.312443, -1.604439, -0.453110, -2.502700, -2.623109
10.558080, 1.202132, -2.272640, -1.681503, -0.436147, -2.511404, -2.648492
10.566066, 1.208358, -2.259367, -1.707073, -0.430633, -2.514400, -2.657034
10.590132, 1.226200, -2.219946, -1.783291, -0.413370, -2.522974, -2.682313
10.598098, 1.232168, -2.208000, -1.807044, -0.408229, -2.525590, -2.689706
10.622331, 1.245365, -2.177752, -1.865608, -0.395274, -2.532286, -2.709049
10.630452, 1.249371, -2.169327, -1.881831, -0.391395, -2.534197, -2.714595
10.654415, 1.259150, -2.149687, -1.919873, -0.383145, -2.538634, -2.727259
10.662348, 1.261109, -2.144740, -1.929306, -0.380805, -2.539614, -2.730546
10.686456, 1.265462, -2.135276, -1.947195, -0.376602, -2.541775, -2.736538
10.694422, 1.265928, -2.133840, -1.949727, -0.376044, -2.542067, -2.737582
10.718694, 1.265711, -2.134043, -1.948903, -0.376044, -2.542083, -2.738141
10.726633, 1.265626, -2.135083, -1.947095, -0.376092, -2.542083, -2.738157
10.750757, 1.265509, -2.136311, -1.944436, -0.376303, -2.542116, -2.737963
10.758716, 1.265500, -2.136481, -1.943989, -0.376352, -2.542116, -2.737898
10.782697, 1.265330, -2.136255, -1.943297, -0.376384, -2.542067, -2.737720
10.790705, 1.265311, -2.136170, -1.943297, -0.376384, -2.542035, -2.737639
10.814808, 1.265311, -2.136104, -1.943486, -0.376465, -2.542002, -2.737250
10.822891, 1.265349, -2.136292, -1.943599, -0.376578, -2.542002, -2.737113
10.846966, 1.265500, -2.136236, -1.944018, -0.376562, -2.542002, -2.736886
10.854916, 1.265424, -2.136170, -1.944187, -0.376562, -2.542002, -2.736870
10.878994, 1.265377, -2.135723, -1.945034, -0.376562, -2.541970, -2.736756
10.886992, 1.265377, -2.135666, -1.945302, -0.376562, -2.541921, -2.736756
10.911146, 1.265481, -2.135864, -1.946032, -0.376676, -2.541889, -2.736740
10.919222, 1.265500, -2.136283, -1.946216, -0.376676, -2.541889, -2.736724
10.943233, 1.265528, -2.135436, -1.946508, -0.376659, -2.541889, -2.736724
10.951272, 1.265528, -2.135379, -1.946550, -0.376659, -2.541889, -2.736724
10.975206, 1.265528, -2.135276, -1.946804, -0.376659, -2.541889, -2.736708
10.983294, 1.265537, -2.135276, -1.946870, -0.376659, -2.541889, -2.736708
11.007467, 1.265594, -2.135417, -1.947091, -0.376676, -2.541889, -2.736691
11.015417, 1.265594, -2.135351, -1.947148, -0.376676, -2.541889, -2.736691
11.039505, 1.265594, -2.134989, -1.947346, -0.376676, -2.541889, -2.736675
11.047526, 1.265594, -2.134979, -1.947369, -0.376676, -2.541889, -2.736675
11.071518, 1.265594, -2.135026, -1.947416, -0.376692, -2.541889, -2.736675
11.079535, 1.265603, -2.135026, -1.947425, -0.376708, -2.541889, -2.736659
11.103684, 1.265594, -2.135026, -1.947425, -0.376708, -2.541889, -2.736659
11.111706, 1.265594, -2.134979, -1.947425, -0.376708, -2.541889, -2.736659
11.135787, 1.265603, -2.134970, -1.947416, -0.376708, -2.541889, -2.736659
11.143858, 1.265613, -2.134970, -1.947416, -0.376708, -2.541889, -2.736643
11.167810, 1.265669, -2.134970, -1.947387, -0.376724, -2.541889, -2.736643
11.175853, 1.265669, -2.134970, -1.947369, -0.376724, -2.541889, -2.736643
11.199837, 1.265669, -2.134960, -1.947369, -0.376724, -2.541856, -2.736643
11.208072, 1.265669, -2.134970, -1.947369, -0.376724, -2.541856, -2.736643
11.232060, 1.265669, -2.134970, -1.947293, -0.376724, -2.541856, -2.736643
11.240150, 1.265669, -2.134970, -1.947274, -0.376724, -2.541856, -2.736643
11.264100, 1.265669, -2.134960, -1.947180, -0.376724, -2.541840, -2.736643
11.272176, 1.265669, -2.134960, -1.947142, -0.376724, -2.541840, -2.736643
11.296185, 1.265669, -2.134970, -1.947067, -0.376724, -2.541840, -2.736643
11.304260, 1.265669, -2.134970, -1.947010, -0.376724, -2.541840, -2.736643
11.328353, 1.265669, -2.134970, -1.946950, -0.376724, -2.541840, -2.736643
11.336422, 1.265669, -2.134970, -1.946950, -0.376724, -2.541840, -2.736643
11.360433, 1.265669, -2.134970, -1.946903, -0.376724, -2.541824, -2.736643
11.368400, 1.265669, -2.134970, -1.946884, -0.376724, -2.541824, -2.736643
11.392467, 1.265669, -2.134979, -1.946855, -0.376724, -2.541824, -2.736643
11.400548, 1.265669, -2.134979, -1.946855, -0.376724, -2.541824, -2.736643
11.424638, 1.265669, -2.134979, -1.946855, -0.376724, -2.541824, -2.736643
11.432750, 1.265669, -2.134979, -1.946855, -0.376724, -2.541824, -2.736643
11.456732, 1.265669, -2.134979, -1.946855, -0.376724, -2.541824, -2.736627
11.464697, 1.265669, -2.134979, -1.946855, -0.376724, -2.541824, -2.736643
11.488798, 1.265669, -2.134979, -1.946855, -0.376724, -2.541824, -2.736627
11.496739, 1.265669, -2.134979, -1.946855, -0.376724, -2.541824, -2.736627
11.520831, 1.265669, -2.134979, -1.946855, -0.376724, -2.541824, -2.736627
11.529016, 1.265669, -2.134989, -1.946855, -0.376724, -2.541824, -2.736627
11.553070, 1.265669, -2.135008, -1.946865, -0.376724, -2.541824, -2.736627
11.561048, 1.265669, -2.134998, -1.946865, -0.376724, -2.541824, -2.736627
11.585047, 1.265669, -2.134998, -1.946865, -0.376724, -2.541824, -2.736627
11.593050, 1.265669, -2.134998, -1.946865, -0.376724, -2.541824, -2.736627
11.617173, 1.265669, -2.135008, -1.946874, -0.376724, -2.541824, -2.736627
11.625222, 1.265669, -2.135008, -1.946874, -0.376724, -2.541824, -2.736627
11.649290, 1.265669, -2.135008, -1.946903, -0.376724, -2.541824, -2.736627
11.657268, 1.265669, -2.135008, -1.946912, -0.376724, -2.541824, -2.736627
11.681354, 1.265669, -2.135008, -1.946921, -0.376724, -2.541824, -2.736627
11.689325, 1.265669, -2.135008, -1.946921, -0.376740, -2.541824, -2.736627
11.713492, 1.265669, -2.135008, -1.946931, -0.376740, -2.541824, -2.736627
11.721580, 1.265669, -2.135008, -1.946931, -0.376740, -2.541824, -2.736627
11.745552, 1.265660, -2.135008, -1.946950, -0.376740, -2.541824, -2.736627
11.753589, 1.265660, -2.135008, -1.946950, -0.376740, -2.541824, -2.736627
11.777613, 1.265660, -2.135036, -1.946969, -0.376740, -2.541824, -2.736627
11.785594, 1.265660, -2.135036, -1.946969, -0.376740, -2.541840, -2.736627
11.809752, 1.265660, -2.135036, -1.947006, -0.376740, -2.541840, -2.736627
11.817710, 1.265660, -2.135036, -1.947025, -0.376740, -2.541840, -2.736627
11.841909, 1.265660, -2.135045, -1.947025, -0.376740, -2.541840, -2.736627
11.849857, 1.265660, -2.135045, -1.947025, -0.376740, -2.541840, -2.736627
11.873895, 1.265660, -2.135045, -1.947035, -0.376740, -2.541840, -2.736627
11.881875, 1.265660, -2.135045, -1.947044, -0.376740, -2.541840, -2.736627
11.905971, 1.265660, -2.135045, -1.947044, -0.376740, -2.541840, -2.736627
11.914031, 1.265660, -2.135045, -1.947044, -0.376740, -2.541840, -2.736627
11.938102, 1.265660, -2.135045, -1.947044, -0.376740, -2.541840, -2.736627
11.946190, 1.265660, -2.135045, -1.947044, -0.376740, -2.541840, -2.736627
11.970130, 1.265660, -2.135045, -1.947044, -0.376740, -2.541840, -2.736627
11.978136, 1.265660, -2.135045, -1.947044, -0.376740, -2.541840, -2.736627
12.002260, 1.265660, -2.135045, -1.947053, -0.376740, -2.541840, -2.736643
12.010308, 1.265660, -2.135045, -1.947053, -0.376740, -2.541840, -2.736627
12.034458, 1.265660, -2.135036, -1.947053, -0.376740, -2.541840, -2.736627
12.042407, 1.265660, -2.135036, -1.947053, -0.376740, -2.541840, -2.736627
12.066407, 1.265650, -2.135045, -1.947044, -0.376740, -2.541840, -2.736627
12.074417, 1.265650, -2.135045, -1.947044, -0.376740, -2.541840, -2.736627
12.098489, 1.265650, -2.135045, -1.947044, -0.376740, -2.541840, -2.736627
12.106544, 1.265650, -2.135036, -1.947044, -0.376740, -2.541840, -2.736627
12.130657, 1.265650, -2.135036, -1.947044, -0.376740, -2.541840, -2.736627
12.138770, 1.265650, -2.135045, -1.947044, -0.376740, -2.541840, -2.736627
12.162709, 1.265650, -2.135045, -1.947044, -0.376740, -2.541840, -2.736627
12.170741, 1.265650, -2.135045, -1.947044, -0.376740, -2.541840, -2.736627
12.194777, 1.265650, -2.135036, -1.947044, -0.376740, -2.541840, -2.736627
12.202847, 1.265650, -2.135036, -1.947044, -0.376740, -2.541840, -2.736643
12.226996, 1.265650, -2.135045, -1.947044, -0.376740, -2.541840, -2.736627
12.235063, 1.265650, -2.135045, -1.947044, -0.376740, -2.541840, -2.736627
12.259038, 1.265650, -2.135036, -1.947044, -0.376740, -2.541840, -2.736627
12.267030, 1.265650, -2.135036, -1.947044, -0.376740, -2.541840, -2.736627
12.291075, 1.265650, -2.135045, -1.947044, -0.376740, -2.541840, -2.736627
12.299100, 1.265650, -2.135045, -1.947044, -0.376740, -2.541840, -2.736627
12.323343, 1.265650, -2.135045, -1.947044, -0.376740, -2.541840, -2.736627
12.331248, 1.265650, -2.135036, -1.947044, -0.376740, -2.541840, -2.736643
12.355302, 1.265650, -2.135036, -1.947044, -0.376740, -2.541840, -2.736627
12.363259, 1.265650, -2.135036, -1.947044, -0.376740, -2.541840, -2.736627
12.387317, 1.265650, -2.135045, -1.947044, -0.376740, -2.541840, -2.736627
12.395293, 1.265650, -2.135045, -1.947044, -0.376740, -2.541840, -2.736627
12.419464, 1.265641, -2.135036, -1.947044, -0.376740, -2.541840, -2.736627
12.427569, 1.265641, -2.135036, -1.947044, -0.376740, -2.541840, -2.736627
12.451603, 1.265641, -2.135036, -1.947044, -0.376740, -2.541840, -2.736627
12.459553, 1.265641, -2.135045, -1.947044, -0.376740, -2.541840, -2.736627
12.483606, 1.265641, -2.135036, -1.947044, -0.376740, -2.541840, -2.736627
12.491613, 1.265641, -2.135036, -1.947044, -0.376740, -2.541840, -2.736627
12.515745, 1.265641, -2.135036, -1.947044, -0.376740, -2.541840, -2.736627
12.523869, 1.265641, -2.135036, -1.947044, -0.376740, -2.541840, -2.736627
12.547870, 1.265434, -2.135445, -1.946531, -0.376991, -2.541662, -2.736165
12.555886, 1.264779, -2.136938, -1.943820, -0.377672, -2.541322, -2.735104
12.579949, 1.259762, -2.146544, -1.923770, -0.381518, -2.539127, -2.728441
12.587920, 1.257475, -2.151476, -1.913745, -0.383566, -2.538018, -2.725355
12.612191, 1.247633, -2.172725, -1.872972, -0.393444, -2.533646, -2.711988
12.620110, 1.243548, -2.181616, -1.855798, -0.397193, -2.531897, -2.706555
12.644263, 1.229325, -2.212938, -1.794365, -0.410334, -2.524844, -2.686782
12.652226, 1.223587, -2.225142, -1.770643, -0.415079, -2.522180, -2.678993
12.676234, 1.204385, -2.266192, -1.691015, -0.432520, -2.513395, -2.653374
12.684270, 1.198224, -2.280241, -1.663665, -0.438544, -2.510335, -2.644670
12.708394, 1.179926, -2.321494, -1.586582, -0.456147, -2.501549, -2.618703
12.716442, 1.173482, -2.335317, -1.560898, -0.461895, -2.498667, -2.610145
12.740510, 1.154957, -2.375044, -1.484672, -0.478567, -2.489914, -2.584421
12.748541, 1.148797, -2.388359, -1.459129, -0.484486, -2.487000, -2.575798
12.772606, 1.130568, -2.428087, -1.383322, -0.501813, -2.477915, -2.550260
12.780598, 1.124713, -2.441425, -1.358006, -0.507367, -2.474911, -2.541548
12.804756, 1.106193, -2.480734, -1.281515, -0.524590, -2.466085, -2.516124
12.812820, 1.100018, -2.493653, -1.256401, -0.530403, -2.463097, -2.507485
12.836874, 1.081546, -2.533027, -1.179982, -0.547649, -2.454353, -2.481898
12.844983, 1.075398, -2.546079, -1.154463, -0.553342, -2.451414, -2.473551
12.868989, 1.057519, -2.585463, -1.078613, -0.570199, -2.442540, -2.447875
12.876994, 1.051358, -2.598725, -1.052817, -0.576151, -2.439730, -2.439535
12.901095, 1.033375, -2.638166, -0.976152, -0.593202, -2.430847, -2.413860
12.909062, 1.026875, -2.651217, -0.950723, -0.598927, -2.428046, -2.405464
12.933225, 1.008350, -2.690790, -0.873650, -0.616206, -2.419277, -2.379926
12.941252, 1.002255, -2.704194, -0.848230, -0.621752, -2.416168, -2.371384
12.965326, 0.983730, -2.743856, -0.771575, -0.639015, -2.407447, -2.345887
12.973284, 0.977513, -2.757184, -0.745605, -0.645006, -2.404452, -2.337313
12.997340, 0.959256, -2.796855, -0.668950, -0.661629, -2.395569, -2.311872
13.005462, 0.953190, -2.810104, -0.643398, -0.667419, -2.392752, -2.303362
13.029591, 0.934951, -2.849964, -0.566357, -0.684519, -2.383869, -2.277824
13.037574, 0.928772, -2.863236, -0.540815, -0.690212, -2.380906, -2.269428
13.061746, 0.910064, -2.903096, -0.463977, -0.707919, -2.372380, -2.243785
13.069710, 0.903941, -2.916368, -0.438180, -0.712356, -2.369303, -2.235332
13.093723, 0.885703, -2.955978, -0.361963, -0.729781, -2.360874, -2.210134
13.101769, 0.880484, -2.968041, -0.338656, -0.735918, -2.358389, -2.202475
13.126015, 0.865644, -2.998600, -0.279472, -0.748484, -2.351271, -2.183115
13.133945, 0.861836, -3.006836, -0.263399, -0.752064, -2.349182, -2.177998
13.158054, 0.852753, -3.026665, -0.224881, -0.759901, -2.345004, -2.165035
13.166031, 0.850621, -3.031456, -0.215723, -0.762622, -2.343944, -2.161991
13.190032, 0.846554, -3.040860, -0.197437, -0.767197, -2.341749, -2.155351
13.198012, 0.845956, -3.042305, -0.194830, -0.767431, -2.341442, -2.154185
13.222201, 0.846334, -3.041443, -0.195673, -0.767480, -2.341506, -2.153975
13.230268, 0.846602, -3.040379, -0.197518, -0.767399, -2.341458, -2.154039
13.254314, 0.847849, -3.038939, -0.200281, -0.767334, -2.341539, -2.154234
13.262323, 0.847811, -3.038967, -0.201011, -0.767334, -2.341555, -2.154347
13.286342, 0.847298, -3.039118, -0.201985, -0.767415, -2.341555, -2.154347
13.294332, 0.847185, -3.039118, -0.201956, -0.767318, -2.341555, -2.154347
13.318484, 0.846662, -3.039118, -0.201415, -0.767204, -2.341555, -2.154590
13.326612, 0.846498, -3.039194, -0.201302, -0.767253, -2.341555, -2.154720
13.350604, 0.846423, -3.039622, -0.201043, -0.767221, -2.341571, -2.154963
13.358652, 0.846432, -3.039697, -0.200845, -0.767091, -2.341571, -2.155044
13.382580, 0.846630, -3.039792, -0.199932, -0.766994, -2.341571, -2.155149
13.390645, 0.846630, -3.039805, -0.199570, -0.767075, -2.341571, -2.155165
13.414802, 0.846555, -3.039956, -0.198722, -0.767075, -2.341571, -2.155214
13.422717, 0.846555, -3.040078, -0.198581, -0.766945, -2.341571, -2.155246
13.446956, 0.846441, -3.040507, -0.198332, -0.766945, -2.341571, -2.155262
13.454889, 0.846441, -3.040652, -0.198266, -0.767026, -2.341571, -2.155262
13.478845, 0.846460, -3.041039, -0.198143, -0.766961, -2.341571, -2.155262
13.486889, 0.846489, -3.041137, -0.198120, -0.766880, -2.341571, -2.155262
13.510973, 0.846489, -3.041260, -0.197998, -0.766929, -2.341571, -2.155311
13.519063, 0.846489, -3.041269, -0.197970, -0.766880, -2.341571, -2.155327
13.543232, 0.846451, -3.041269, -0.197894, -0.766816, -2.341571, -2.155392
13.551197, 0.846423, -3.041269, -0.197875, -0.766897, -2.341571, -2.155392
13.575249, 0.846423, -3.041269, -0.197819, -0.766913, -2.341571, -2.155392
13.583161, 0.846423, -3.041269, -0.197819, -0.766816, -2.341571, -2.155392
13.607248, 0.846460, -3.041269, -0.197762, -0.766799, -2.341571, -2.155392
13.615337, 0.846470, -3.041269, -0.197753, -0.766913, -2.341571, -2.155392
13.639415, 0.846470, -3.041269, -0.197753, -0.766880, -2.341571, -2.155392
13.647421, 0.846460, -3.041260, -0.197753, -0.766832, -2.341571, -2.155392
13.671314, 0.846441, -3.041260, -0.197753, -0.766897, -2.341571, -2.155376
13.679333, 0.846441, -3.041260, -0.197753, -0.766913, -2.341571, -2.155392
13.703534, 0.846451, -3.041241, -0.197753, -0.766832, -2.341571, -2.155376
13.711430, 0.846451, -3.041231, -0.197753, -0.766880, -2.341571, -2.155376
13.735576, 0.846460, -3.041194, -0.197753, -0.766929, -2.341571, -2.155376
13.743685, 0.846460, -3.041184, -0.197753, -0.766816, -2.341571, -2.155376
13.767629, 0.846451, -3.041156, -0.197753, -0.766864, -2.341571, -2.155376
13.775654, 0.846451, -3.041156, -0.197753, -0.766913, -2.341587, -2.155376
13.799671, 0.846451, -3.041147, -0.197762, -0.766816, -2.341571, -2.155376
13.807737, 0.846451, -3.041128, -0.197762, -0.766880, -2.341587, -2.155376
13.831871, 0.846460, -3.041071, -0.197762, -0.766913, -2.341571, -2.155376
13.840062, 0.846460, -3.041062, -0.197762, -0.766799, -2.341587, -2.155376
13.863982, 0.846460, -3.041024, -0.197772, -0.766832, -2.341587, -2.155376
13.871937, 0.846460, -3.040986, -0.197772, -0.766897, -2.341571, -2.155376
13.895965, 0.846460, -3.040967, -0.197781, -0.766848, -2.341587, -2.155376
13.904051, 0.846460, -3.040958, -0.197781, -0.766848, -2.341587, -2.155376
13.928286, 0.846460, -3.040939, -0.197809, -0.766913, -2.341587, -2.155376
13.936234, 0.846460, -3.040911, -0.197809, -0.766832, -2.341587, -2.155376
13.960301, 0.846460, -3.040864, -0.197819, -0.766799, -2.341587, -2.155376
13.968297, 0.846460, -3.040854, -0.197819, -0.766913, -2.341587, -2.155376
13.992283, 0.846460, -3.040845, -0.197819, -0.766864, -2.341587, -2.155376
14.000251, 0.846460, -3.040845, -0.197828, -0.766816, -2.341587, -2.155376
14.024415, 0.846460, -3.040845, -0.197856, -0.766897, -2.341587, -2.155376
14.032467, 0.846460, -3.040845, -0.197866, -0.766848, -2.341587, -2.155376
14.056538, 0.846460, -3.040845, -0.197875, -0.766799, -2.341587, -2.155376
14.064531, 0.846460, -3.040845, -0.197875, -0.766929, -2.341587, -2.155376
14.088549, 0.846460, -3.040845, -0.197875, -0.766880, -2.341587, -2.155376
14.096505, 0.846460, -3.040845, -0.197875, -0.766816, -2.341587, -2.155376
14.120706, 0.846460, -3.040845, -0.197885, -0.766897, -2.341587, -2.155376
14.128778, 0.846460, -3.040845, -0.197885, -0.766864, -2.341587, -2.155376
14.152785, 0.846460, -3.040845, -0.197894, -0.766799, -2.341587, -2.155376
14.160895, 0.846460, -3.040845, -0.197894, -0.766897, -2.341587, -2.155376
14.184782, 0.846460, -3.040845, -0.197894, -0.766897, -2.341587, -2.155376
14.192817, 0.846460, -3.040845, -0.197894, -0.766799, -2.341587, -2.155376
14.217024, 0.846460, -3.040845, -0.197894, -0.766880, -2.341587, -2.155376
14.224983, 0.846460, -3.040845, -0.197894, -0.766880, -2.341587, -2.155376
14.249143, 0.846460, -3.040845, -0.197894, -0.766799, -2.341587, -2.155376
14.257134, 0.846460, -3.040845, -0.197894, -0.766897, -2.341587, -2.155376
14.281068, 0.846460, -3.040845, -0.197894, -0.766897, -2.341587, -2.155376
14.289089, 0.846460, -3.040845, -0.197894, -0.766799, -2.341587, -2.155376
14.313166, 0.846460, -3.040845, -0.197894, -0.766880, -2.341587, -2.155392
14.321241, 0.846460, -3.040845, -0.197894, -0.766913, -2.341587, -2.155392
14.345377, 0.846460, -3.040845, -0.197894, -0.766816, -2.341587, -2.155392
14.353330, 0.846460, -3.040845, -0.197894, -0.766929, -2.341587, -2.155392
14.377313, 0.846460, -3.040845, -0.197894, -0.766945, -2.341587, -2.155376
14.385352, 0.846460, -3.040845, -0.197894, -0.766799, -2.341587, -2.155392
14.409398, 0.846460, -3.040845, -0.197894, -0.766864, -2.341587, -2.155392
14.417548, 0.846460, -3.040845, -0.197894, -0.766880, -2.341587, -2.155392
14.441609, 0.846460, -3.040845, -0.197894, -0.766832, -2.341587, -2.155376
14.449574, 0.846460, -3.040854, -0.197894, -0.766880, -2.341587, -2.155392
14.473581, 0.846460, -3.040854, -0.197894, -0.766929, -2.341587, -2.155392
14.481599, 0.846460, -3.040854, -0.197894, -0.766897, -2.341587, -2.155392
14.505674, 0.846460, -3.040854, -0.197894, -0.766864, -2.341587, -2.155392
14.513665, 0.846460, -3.040854, -0.197894, -0.766864, -2.341587, -2.155376
14.537946, 0.846460, -3.040854, -0.197894, -0.766864, -2.341587, -2.155376
14.545915, 0.846460, -3.040854, -0.197894, -0.766864, -2.341587, -2.155392
14.569955, 0.846460, -3.040854, -0.197894, -0.766864, -2.341587, -2.155392
14.577946, 0.846460, -3.040854, -0.197894, -0.766864, -2.341587, -2.155376
14.601985, 0.846460, -3.040854, -0.197894, -0.766864, -2.341587, -2.155392
14.609979, 0.846460, -3.040854, -0.197894, -0.766864, -2.341587, -2.155392
14.634096, 0.846470, -3.040854, -0.197894, -0.766864, -2.341587, -2.155392
14.642210, 0.846470, -3.040854, -0.197894, -0.766864, -2.341587, -2.155392
14.666115, 0.846470, -3.040864, -0.197894, -0.766864, -2.341587, -2.155392
14.674128, 0.846470, -3.040864, -0.197894, -0.766864, -2.341587, -2.155392
14.698157, 0.846470, -3.040864, -0.197894, -0.766864, -2.341587, -2.155392
14.706243, 0.846470, -3.040864, -0.197894, -0.766864, -2.341587, -2.155392
14.730451, 0.846470, -3.040864, -0.197894, -0.766864, -2.341587, -2.155392
14.738392, 0.846470, -3.040864, -0.197894, -0.766864, -2.341587, -2.155392
14.762560, 0.846470, -3.040864, -0.197894, -0.766864, -2.341587, -2.155392
14.770380, 0.846470, -3.040864, -0.197894, -0.766864, -2.341587, -2.155392
14.794453, 0.846470, -3.040873, -0.197894, -0.766864, -2.341587, -2.155392
14.802472, 0.846470, -3.040873, -0.197894, -0.766864, -2.341587, -2.155392
14.826584, 0.846470, -3.040873, -0.197894, -0.766864, -2.341587, -2.155392
14.834605, 0.846470, -3.040873, -0.197894, -0.766864, -2.341587, -2.155392
14.858730, 0.846470, -3.040873, -0.197894, -0.766864, -2.341587, -2.155392
14.866694, 0.846470, -3.040873, -0.197894, -0.766864, -2.341587, -2.155392
14.890747, 0.846470, -3.040873, -0.197894, -0.766864, -2.341587, -2.155376
14.898742, 0.846470, -3.040873, -0.197894, -0.766864, -2.341587, -2.155392
14.922943, 0.846470, -3.040883, -0.197894, -0.766864, -2.341587, -2.155392
14.931052, 0.846470, -3.040883, -0.197894, -0.766864, -2.341587, -2.155392
14.955034, 0.846470, -3.040883, -0.197894, -0.766864, -2.341587, -2.155392
14.963068, 0.846470, -3.040883, -0.197894, -0.766864, -2.341587, -2.155376
14.987070, 0.846470, -3.040883, -0.197894, -0.766864, -2.341587, -2.155392
14.995058, 0.846470, -3.040883, -0.197894, -0.766864, -2.341587, -2.155392
15.019239, 0.846470, -3.040883, -0.197894, -0.766864, -2.341587, -2.155392
15.027234, 0.846470, -3.040883, -0.197894, -0.766864, -2.341587, -2.155392
15.051315, 0.846762, -3.040483, -0.198488, -0.766451, -2.341749, -2.155918
15.059395, 0.847190, -3.038939, -0.201707, -0.765763, -2.342057, -2.156801
15.083361, 0.851581, -3.028928, -0.220557, -0.761658, -2.344130, -2.163732
15.091428, 0.854113, -3.023539, -0.230666, -0.759569, -2.345296, -2.167351
15.115487, 0.863983, -3.001804, -0.271688, -0.750290, -2.349928, -2.180508
15.123570, 0.868068, -2.993215, -0.287351, -0.746687, -2.351822, -2.186103
15.147671, 0.882974, -2.962190, -0.350183, -0.733877, -2.358745, -2.205609
15.155803, 0.888669, -2.950165, -0.374059, -0.728064, -2.361199, -2.213446
15.179727, 0.907928, -2.909468, -0.453510, -0.711571, -2.370032, -2.238887
15.187746, 0.914724, -2.895503, -0.480728, -0.705223, -2.373077, -2.247769
15.211832, 0.933423, -2.855931, -0.558785, -0.687863, -2.382113, -2.273477
15.219938, 0.939306, -2.842932, -0.584336, -0.682600, -2.385085, -2.282100
15.244060, 0.957557, -2.801674, -0.661255, -0.664633, -2.393926, -2.307937
15.252037, 0.963478, -2.788204, -0.686369, -0.658900, -2.396882, -2.316269
15.276101, 0.981166, -2.747658, -0.762737, -0.641808, -2.405635, -2.342106
15.284105, 0.987420, -2.734673, -0.788043, -0.636059, -2.408031, -2.350381
15.308179, 1.005851, -2.695298, -0.863687, -0.619290, -2.417520, -2.376105
15.316196, 1.011951, -2.682016, -0.888861, -0.614181, -2.420395, -2.384679
15.340359, 1.030335, -2.642929, -0.965474, -0.596052, -2.429164, -2.410055
15.348446, 1.036335, -2.629877, -0.990607, -0.590425, -2.432030, -2.418759
15.372466, 1.054686, -2.590446, -1.067017, -0.572919, -2.441018, -2.444159
15.380425, 1.060753, -2.577461, -1.092568, -0.567130, -2.443925, -2.452013
15.404543, 1.078981, -2.537988, -1.168795, -0.550532, -2.452694, -2.478288
15.412527, 1.085113, -2.524673, -1.194224, -0.544677, -2.455673, -2.486781
15.436731, 1.103695, -2.485077, -1.270879, -0.527739, -2.464345, -2.512449
15.444726, 1.109978, -2.471805, -1.296808, -0.521998, -2.467341, -2.520764
15.468765, 1.128277, -2.432430, -1.373504, -0.504817, -2.476175, -2.546423
15.476759, 1.134447, -2.418894, -1.399320, -0.498995, -2.479057, -2.554900
15.500858, 1.152638, -2.379035, -1.475965, -0.481732, -2.487874, -2.580325
15.508905, 1.158200, -2.365697, -1.501681, -0.476251, -2.490741, -2.588980
15.533115, 1.177469, -2.325969, -1.578887, -0.459215, -2.499672, -2.614324
15.541115, 1.183522, -2.312654, -1.604284, -0.453175, -2.502586, -2.623076
15.565149, 1.202075, -2.272762, -1.681339, -0.436163, -2.511307, -2.648411
15.573241, 1.208236, -2.259513, -1.706513, -0.430633, -2.514157, -2.656994
15.597163, 1.226115, -2.220478, -1.783107, -0.413435, -2.522780, -2.682167
15.605284, 1.232083, -2.208113, -1.806861, -0.408261, -2.525395, -2.689625
15.629352, 1.245346, -2.177879, -1.865523, -0.394974, -2.532156, -2.708952
15.637457, 1.249352, -2.169482, -1.881755, -0.391185, -2.534067, -2.714530
15.661499, 1.259169, -2.149612, -1.919770, -0.383128, -2.538553, -2.727210
15.669483, 1.261090, -2.144642, -1.929145, -0.380853, -2.539565, -2.730514
15.693529, 1.265452, -2.135219, -1.947138, -0.376602, -2.541727, -2.736522
15.701552, 1.265909, -2.133770, -1.949736, -0.376044, -2.542035, -2.737550
15.725712, 1.265607, -2.134043, -1.948818, -0.376060, -2.542083, -2.738141
15.733839, 1.265434, -2.135111, -1.946752, -0.376238, -2.542164, -2.738157
15.757916, 1.265528, -2.136156, -1.944018, -0.376238, -2.542099, -2.737979
15.765928, 1.265518, -2.136453, -1.943867, -0.376400, -2.542116, -2.737898
15.789871, 1.265339, -2.136255, -1.943344, -0.376384, -2.542099, -2.737768
15.797814, 1.265339, -2.136179, -1.943344, -0.376384, -2.542067, -2.737687
15.822041, 1.265339, -2.136113, -1.943570, -0.376530, -2.542018, -2.737298
15.830006, 1.265434, -2.136302, -1.943608, -0.376562, -2.542018, -2.737136
15.854126, 1.265518, -2.136236, -1.944036, -0.376562, -2.542018, -2.736886
15.862113, 1.265424, -2.136189, -1.944272, -0.376562, -2.542018, -2.736886
15.886100, 1.265396, -2.135732, -1.945157, -0.376562, -2.541986, -2.736837
15.894123, 1.265396, -2.135657, -1.945397, -0.376562, -2.541937, -2.736756
15.918184, 1.265500, -2.135864, -1.946140, -0.376724, -2.541905, -2.736724
15.926293, 1.265518, -2.135864, -1.946272, -0.376692, -2.541905, -2.736724
15.950360, 1.265537, -2.135436, -1.946531, -0.376676, -2.541889, -2.736724
15.958387, 1.265537, -2.135379, -1.946569, -0.376676, -2.541889, -2.736724
15.982337, 1.265537, -2.135285, -1.946823, -0.376676, -2.541889, -2.736724
15.990352, 1.265547, -2.135285, -1.946889, -0.376676, -2.541889, -2.736708
16.014438, 1.265584, -2.135276, -1.947110, -0.376692, -2.541889, -2.736708
16.022577, 1.265584, -2.135257, -1.947176, -0.376692, -2.541889, -2.736691
16.046660, 1.265584, -2.135096, -1.947346, -0.376676, -2.541873, -2.736691
16.054694, 1.265584, -2.135078, -1.947369, -0.376692, -2.541873, -2.736675
16.078699, 1.265594, -2.135078, -1.947406, -0.376692, -2.541873, -2.736659
16.086642, 1.265594, -2.135078, -1.947406, -0.376708, -2.541873, -2.736659
16.110730, 1.265594, -2.135049, -1.947406, -0.376708, -2.541856, -2.736643
16.118759, 1.265594, -2.135026, -1.947406, -0.376708, -2.541856, -2.736643
16.142866, 1.265594, -2.135026, -1.947397, -0.376708, -2.541856, -2.736643
16.150929, 1.265613, -2.135026, -1.947397, -0.376708, -2.541840, -2.736643
16.174923, 1.265641, -2.135026, -1.947387, -0.376724, -2.541840, -2.736643
16.182900, 1.265641, -2.135026, -1.947369, -0.376724, -2.541840, -2.736643
16.206993, 1.265641, -2.134979, -1.947369, -0.376724, -2.541824, -2.736643
16.214991, 1.265641, -2.134989, -1.947369, -0.376724, -2.541824, -2.736643
16.239149, 1.265641, -2.135026, -1.947303, -0.376724, -2.541824, -2.736643
16.247173, 1.265641, -2.135026, -1.947265, -0.376724, -2.541824, -2.736643
16.271076, 1.265641, -2.134998, -1.947180, -0.376724, -2.541824, -2.736643
16.279233, 1.265641, -2.134979, -1.947133, -0.376724, -2.541824, -2.736643
16.303235, 1.265641, -2.134979, -1.947039, -0.376724, -2.541824, -2.736643
16.311272, 1.265641, -2.134979, -1.946991, -0.376740, -2.541824, -2.736643
16.335411, 1.265641, -2.134979, -1.946950, -0.376740, -2.541824, -2.736643
16.343434, 1.265641, -2.134979, -1.946950, -0.376740, -2.541824, -2.736643
16.367587, 1.265641, -2.134979, -1.946903, -0.376740, -2.541824, -2.736643
16.375521, 1.265641, -2.134979, -1.946884, -0.376740, -2.541824, -2.736643
16.399501, 1.265641, -2.134979, -1.946874, -0.376740, -2.541824, -2.736643
16.407579, 1.265641, -2.134979, -1.946874, -0.376740, -2.541824, -2.736643
16.431681, 1.265641, -2.134979, -1.946874, -0.376740, -2.541824, -2.736643
16.439791, 1.265641, -2.134979, -1.946874, -0.376740, -2.541824, -2.736643
16.463741, 1.265641, -2.134979, -1.946874, -0.376740, -2.541824, -2.736643
16.471812, 1.265641, -2.134979, -1.946874, -0.376740, -2.541824, -2.736643
16.495808, 1.265641, -2.134979, -1.946874, -0.376740, -2.541824, -2.736643
16.503835, 1.265641, -2.134979, -1.946874, -0.376740, -2.541824, -2.736643
16.527988, 1.265641, -2.134979, -1.946874, -0.376740, -2.541824, -2.736643
16.536099, 1.265641, -2.134979, -1.946874, -0.376740, -2.541824, -2.736643
16.560062, 1.265641, -2.134979, -1.946884, -0.376740, -2.541824, -2.736643
16.568138, 1.265641, -2.134979, -1.946884, -0.376740, -2.541824, -2.736643
16.592050, 1.265641, -2.134979, -1.946884, -0.376740, -2.541824, -2.736643
16.600107, 1.265641, -2.134979, -1.946884, -0.376740, -2.541824, -2.736643
16.624278, 1.265641, -2.134989, -1.946884, -0.376740, -2.541824, -2.736643
16.632264, 1.265641, -2.134989, -1.946893, -0.376740, -2.541824, -2.736643
16.656244, 1.265641, -2.134989, -1.946903, -0.376740, -2.541824, -2.736643
16.664364, 1.265641, -2.134989, -1.946903, -0.376740, -2.541840, -2.736643
16.688359, 1.265641, -2.134989, -1.946912, -0.376740, -2.541840, -2.736643
16.696334, 1.265641, -2.134989, -1.946912, -0.376740, -2.541840, -2.736643
16.720429, 1.265641, -2.134998, -1.946931, -0.376740, -2.541840, -2.736643
16.728462, 1.265641, -2.134998, -1.946931, -0.376740, -2.541840, -2.736643
16.752623, 1.265641, -2.134998, -1.946950, -0.376740, -2.541840, -2.736643
16.760616, 1.265641, -2.134998, -1.946950, -0.376740, -2.541840, -2.736643
16.784617, 1.265641, -2.135008, -1.946950, -0.376740, -2.541840, -2.736643
16.792601, 1.265641, -2.135008, -1.946950, -0.376740, -2.541840, -2.736627
16.816682, 1.265641, -2.135008, -1.946950, -0.376740, -2.541840, -2.736627
16.824833, 1.265641, -2.135008, -1.946959, -0.376740, -2.541840, -2.736627
16.848943, 1.265641, -2.135008, -1.946987, -0.376740, -2.541840, -2.736627
16.856868, 1.265641, -2.135017, -1.946987, -0.376740, -2.541840, -2.736627
16.880905, 1.265641, -2.135017, -1.946997, -0.376757, -2.541840, -2.736627
16.888869, 1.265641, -2.135017, -1.947006, -0.376757, -2.541840, -2.736627
16.912970, 1.265641, -2.135017, -1.947044, -0.376757, -2.541840, -2.736627
16.920991, 1.265641, -2.135017, -1.947053, -0.376757, -2.541840, -2.736627
16.945155, 1.265641, -2.135026, -1.947053, -0.376757, -2.541840, -2.736627
16.953133, 1.265641, -2.135026, -1.947053, -0.376757, -2.541840, -2.736627
16.977128, 1.265641, -2.135017, -1.947053, -0.376757, -2.541840, -2.736627
16.985161, 1.265641, -2.135017, -1.947053, -0.376757, -2.541840, -2.736627
17.009210, 1.265641, -2.135026, -1.947053, -0.376757, -2.541840, -2.736627
17.017193, 1.265641, -2.135026, -1.947053, -0.376757, -2.541840, -2.736627
17.041414, 1.265641, -2.135026, -1.947053, -0.376757, -2.541840, -2.736627
17.049392, 1.265641, -2.135026, -1.947053, -0.376757, -2.541840, -2.736627
17.073483, 1.265641, -2.135026, -1.947053, -0.376757, -2.541840, -2.736627
17.081414, 1.265641, -2.135026, -1.947053, -0.376757, -2.541840, -2.736627
17.105507, 1.265641, -2.135026, -1.947053, -0.376757, -2.541840, -2.736627
17.113516, 1.265641, -2.135026, -1.947053, -0.376757, -2.541840, -2.736627
17.137883, 1.265641, -2.135026, -1.947053, -0.376757, -2.541840, -2.736627
17.145700, 1.265641, -2.135026, -1.947053, -0.376757, -2.541840, -2.736627
17.169870, 1.265641, -2.135026, -1.947053, -0.376757, -2.541840, -2.736627
17.177761, 1.265641, -2.135026, -1.947053, -0.376757, -2.541840, -2.736627
17.201851, 1.265641, -2.135026, -1.947053, -0.376757, -2.541840, -2.736627
17.209835, 1.265641, -2.135026, -1.947053, -0.376757, -2.541840, -2.736627
17.233997, 1.265641, -2.135026, -1.947053, -0.376757, -2.541840, -2.736627
17.242077, 1.265641, -2.135026, -1.947053, -0.376757, -2.541840, -2.736627
17.266144, 1.265641, -2.135026, -1.947053, -0.376757, -2.541840, -2.736627
17.274070, 1.265641, -2.135026, -1.947053, -0.376757, -2.541840, -2.736627
17.298135, 1.265641, -2.135026, -1.947053, -0.376757, -2.541840, -2.736627
17.306195, 1.265641, -2.135026, -1.947053, -0.376757, -2.541840, -2.736627
17.330229, 1.265641, -2.135026, -1.947053, -0.376757, -2.541840, -2.736627
17.338340, 1.265641, -2.135026, -1.947053, -0.376757, -2.541840, -2.736627
17.362397, 1.265641, -2.135026, -1.947044, -0.376757, -2.541840, -2.736627
17.370411, 1.265641, -2.135026, -1.947044, -0.376757, -2.541840, -2.736627
17.394401, 1.265641, -2.135026, -1.947044, -0.376757, -2.541840, -2.736627
17.402376, 1.265641, -2.135036, -1.947044, -0.376757, -2.541840, -2.736627
17.426523, 1.265641, -2.135036, -1.947044, -0.376757, -2.541840, -2.736627
17.434514, 1.265641, -2.135036, -1.947044, -0.376757, -2.541840, -2.736627
17.458658, 1.265641, -2.135036, -1.947044, -0.376757, -2.541840, -2.736627
17.466617, 1.265641, -2.135036, -1.947044, -0.376757, -2.541840, -2.736627
17.490642, 1.265641, -2.135036, -1.947044, -0.376757, -2.541840, -2.736627
17.498603, 1.265641, -2.135036, -1.947044, -0.376757, -2.541840, -2.736627
17.522822, 1.265641, -2.135036, -1.947044, -0.376757, -2.541840, -2.736627
17.530803, 1.265641, -2.135036, -1.947044, -0.376757, -2.541840, -2.736627
17.554960, 1.265434, -2.135445, -1.946531, -0.376991, -2.541662, -2.736149
17.562890, 1.264873, -2.136956, -1.943754, -0.377639, -2.541305, -2.735104
17.586916, 1.259941, -2.146666, -1.923713, -0.381550, -2.539127, -2.728425
17.594931, 1.257649, -2.151589, -1.913689, -0.383566, -2.538002, -2.725372
17.619061, 1.247892, -2.172810, -1.872812, -0.393444, -2.533646, -2.712004
17.627168, 1.243788, -2.181710, -1.855549, -0.397161, -2.531897, -2.706587
17.651204, 1.229537, -2.213004, -1.794129, -0.410351, -2.524861, -2.686766
17.659221, 1.223795, -2.225142, -1.770470, -0.415063, -2.522164, -2.679779
17.683266, 1.204508, -2.266267, -1.690883, -0.432552, -2.513395, -2.653326
17.691232, 1.198319, -2.280307, -1.663655, -0.438576, -2.510335, -2.644638
17.715404, 1.180071, -2.321560, -1.586714, -0.456179, -2.501549, -2.618655
17.723522, 1.173567, -2.335383, -1.560908, -0.461911, -2.498667, -2.610145
17.747559, 1.154995, -2.375110, -1.484672, -0.478502, -2.489712, -2.584421
17.755625, 1.148863, -2.388359, -1.458997, -0.484453, -2.486837, -2.575798
17.779554, 1.130672, -2.428087, -1.383312, -0.501781, -2.477753, -2.550260
17.787544, 1.124807, -2.441425, -1.357893, -0.507367, -2.474813, -2.541500
17.811645, 1.106193, -2.480809, -1.281515, -0.523861, -2.466037, -2.516108
17.819732, 1.100056, -2.493728, -1.256260, -0.530419, -2.462992, -2.507485
17.843909, 1.081546, -2.532929, -1.179850, -0.547633, -2.454288, -2.481898
17.851921, 1.075370, -2.546088, -1.154849, -0.553293, -2.451381, -2.473551
17.876004, 1.057519, -2.585453, -1.078491, -0.570199, -2.442540, -2.447875
17.883974, 1.051358, -2.598703, -1.052675, -0.576167, -2.439730, -2.439535
17.908036, 1.033375, -2.638166, -0.976020, -0.593235, -2.430831, -2.413876
17.916044, 1.026846, -2.651989, -0.950723, -0.598976, -2.428046, -2.405513
17.940256, 1.008293, -2.691420, -0.873659, -0.616222, -2.419277, -2.379926
17.948266, 1.002255, -2.704613, -0.848107, -0.621768, -2.416168, -2.371384
17.972377, 0.983768, -2.743658, -0.771453, -0.639047, -2.407431, -2.345936
17.980298, 0.977513, -2.757326, -0.745646, -0.644990, -2.404468, -2.337296
18.004357, 0.959312, -2.796823, -0.668818, -0.661597, -2.395585, -2.311904
18.012378, 0.953208, -2.809916, -0.643285, -0.667354, -2.392752, -2.303362
18.036495, 0.934989, -2.849700, -0.566743, -0.684487, -2.383869, -2.277841
18.044559, 0.928829, -2.862266, -0.540650, -0.690163, -2.380906, -2.269428
18.068744, 0.910073, -2.902333, -0.463854, -0.707887, -2.372364, -2.243785
18.076685, 0.903954, -2.915662, -0.438180, -0.713174, -2.369287, -2.235283
18.100725, 0.885731, -2.956340, -0.361798, -0.729716, -2.360874, -2.210118
18.108763, 0.880107, -2.968403, -0.338637, -0.735918, -2.358372, -2.202475
18.132937, 0.865682, -2.998934, -0.279392, -0.748484, -2.351255, -2.183164
18.140994, 0.861883, -3.007062, -0.263399, -0.752112, -2.349166, -2.178014
18.165063, 0.852781, -3.026820, -0.224844, -0.759901, -2.345004, -2.165035
18.173040, 0.850564, -3.031588, -0.215723, -0.762622, -2.343927, -2.162007
18.197058, 0.846507, -3.040944, -0.197541, -0.767148, -2.341733, -2.155351
18.205063, 0.845947, -3.042365, -0.194722, -0.767577, -2.341442, -2.154201
18.229261, 0.846400, -3.041415, -0.195711, -0.767447, -2.341288, -2.154039
18.237193, 0.846973, -3.040379, -0.197481, -0.767464, -2.341288, -2.154056
18.261289, 0.847877, -3.038882, -0.200271, -0.767334, -2.341499, -2.154250
18.269342, 0.847802, -3.038807, -0.201011, -0.767334, -2.341369, -2.154347
18.293295, 0.847289, -3.039099, -0.201985, -0.767334, -2.341596, -2.154347
18.301319, 0.847166, -3.039099, -0.201947, -0.767334, -2.341434, -2.154347
18.325390, 0.846536, -3.039109, -0.201415, -0.767237, -2.341661, -2.154574
18.333486, 0.846479, -3.039175, -0.201302, -0.767237, -2.341499, -2.154590
18.357580, 0.846423, -3.039594, -0.201024, -0.767140, -2.341661, -2.154833
18.365579, 0.846423, -3.039669, -0.200826, -0.767140, -2.341580, -2.154947
18.389647, 0.846620, -3.039773, -0.199922, -0.767091, -2.341596, -2.155092
18.397586, 0.846630, -3.039801, -0.199551, -0.767042, -2.341661, -2.155133
18.421703, 0.846555, -3.039918, -0.198713, -0.767026, -2.341531, -2.155165
18.429839, 0.846555, -3.040031, -0.198572, -0.767010, -2.341709, -2.155181
18.453933, 0.846441, -3.040469, -0.198322, -0.767010, -2.341499, -2.155262
18.461886, 0.846441, -3.040601, -0.198256, -0.767010, -2.341709, -2.155327
18.485903, 0.846479, -3.040992, -0.198134, -0.766994, -2.341580, -2.155311
18.493923, 0.846498, -3.041099, -0.198101, -0.766994, -2.341661, -2.155311
18.517968, 0.846489, -3.041250, -0.197979, -0.766978, -2.341580, -2.155311
18.525975, 0.846489, -3.041279, -0.197960, -0.766978, -2.341628, -2.155311
18.550134, 0.846451, -3.041297, -0.197875, -0.766978, -2.341661, -2.155311
18.558201, 0.846432, -3.041297, -0.197866, -0.766978, -2.341547, -2.155311
18.582201, 0.846432, -3.041297, -0.197819, -0.766961, -2.341709, -2.155311
18.590176, 0.846432, -3.041297, -0.197819, -0.766961, -2.341515, -2.155311
18.614258, 0.846470, -3.041297, -0.197772, -0.766961, -2.341726, -2.155311
18.622261, 0.846470, -3.041297, -0.197762, -0.766961, -2.341547, -2.155311
18.646408, 0.846470, -3.041288, -0.197762, -0.766945, -2.341661, -2.155327
18.654470, 0.846470, -3.041288, -0.197762, -0.766945, -2.341580, -2.155327
18.678490, 0.846451, -3.041288, -0.197762, -0.766945, -2.341628, -2.155343
18.686484, 0.846441, -3.041279, -0.197762, -0.766945, -2.341596, -2.155343
18.710549, 0.846451, -3.041241, -0.197762, -0.766945, -2.341596, -2.155359
18.718549, 0.846460, -3.041231, -0.197762, -0.766945, -2.341645, -2.155359
18.742766, 0.846460, -3.041194, -0.197762, -0.766945, -2.341531, -2.155376
18.750689, 0.846460, -3.041175, -0.197762, -0.766945, -2.341693, -2.155376
18.774855, 0.846460, -3.041147, -0.197762, -0.766945, -2.341547, -2.155392
18.782756, 0.846460, -3.041147, -0.197762, -0.766945, -2.341677, -2.155392
18.806819, 0.846460, -3.041137, -0.197772, -0.766945, -2.341564, -2.155392
18.814767, 0.846460, -3.041118, -0.197772, -0.766945, -2.341661, -2.155392
18.838867, 0.846470, -3.041062, -0.197772, -0.766945, -2.341628, -2.155392
18.846973, 0.846470, -3.041062, -0.197772, -0.766945, -2.341564, -2.155392
18.871048, 0.846470, -3.040986, -0.197772, -0.766929, -2.341693, -2.155392
18.879044, 0.846460, -3.040949, -0.197772, -0.766929, -2.341515, -2.155392
18.903035, 0.846460, -3.040939, -0.197781, -0.766929, -2.341693, -2.155392
18.911053, 0.846460, -3.040930, -0.197790, -0.766929, -2.341547, -2.155392
18.935221, 0.846460, -3.040920, -0.197800, -0.766929, -2.341628, -2.155408
18.943280, 0.846470, -3.040901, -0.197800, -0.766929, -2.341612, -2.155408
18.967302, 0.846470, -3.040845, -0.197809, -0.766929, -2.341547, -2.155408
18.975307, 0.846470, -3.040845, -0.197809, -0.766929, -2.341693, -2.155408
18.999321, 0.846460, -3.040835, -0.197819, -0.766929, -2.341515, -2.155408
19.007345, 0.846460, -3.040835, -0.197828, -0.766929, -2.341709, -2.155408
19.031505, 0.846460, -3.040835, -0.197838, -0.766929, -2.341612, -2.155408
19.039426, 0.846460, -3.040835, -0.197847, -0.766929, -2.341628, -2.155408
19.063638, 0.846470, -3.040835, -0.197856, -0.766929, -2.341628, -2.155408
19.071647, 0.846470, -3.040835, -0.197856, -0.766929, -2.341564, -2.155408
19.095616, 0.846470, -3.040835, -0.197856, -0.766929, -2.341693, -2.155408
19.103648, 0.846470, -3.040835, -0.197856, -0.766929, -2.341515, -2.155408
19.127703, 0.846460, -3.040835, -0.197875, -0.766929, -2.341709, -2.155408
19.135812, 0.846460, -3.040835, -0.197885, -0.766929, -2.341515, -2.155408
19.159962, 0.846460, -3.040835, -0.197885, -0.766929, -2.341645, -2.155392
19.167918, 0.846460, -3.040835, -0.197894, -0.766913, -2.341596, -2.155392
19.191933, 0.846470, -3.040835, -0.197894, -0.766913, -2.341564, -2.155408
19.199940, 0.846470, -3.040835, -0.197894, -0.766913, -2.341677, -2.155392
19.224008, 0.846460, -3.040835, -0.197894, -0.766913, -2.341515, -2.155392
19.232118, 0.846460, -3.040835, -0.197894, -0.766913, -2.341693, -2.155392
19.256199, 0.846460, -3.040835, -0.197894, -0.766913, -2.341547, -2.155408
19.264146, 0.846460, -3.040835, -0.197894, -0.766913, -2.341645, -2.155392
19.288185, 0.846470, -3.040835, -0.197894, -0.766913, -2.341661, -2.155392
19.296166, 0.846470, -3.040835, -0.197894, -0.766913, -2.341547, -2.155392
19.320253, 0.846470, -3.040835, -0.197894, -0.766913, -2.341709, -2.155392
19.328253, 0.846460, -3.040835, -0.197894, -0.766913, -2.341515, -2.155392
19.352447, 0.846460, -3.040835, -0.197894, -0.766913, -2.341645, -2.155392
19.360409, 0.846470, -3.040835, -0.197894, -0.766913, -2.341596, -2.155392
19.384470, 0.846470, -3.040835, -0.197904, -0.766913, -2.341531, -2.155392
19.392438, 0.846470, -3.040835, -0.197904, -0.766913, -2.341709, -2.155392
19.416512, 0.846470, -3.040835, -0.197904, -0.766913, -2.341515, -2.155392
19.424498, 0.846470, -3.040835, -0.197904, -0.766913, -2.341709, -2.155392
19.448705, 0.846470, -3.040845, -0.197904, -0.766913, -2.341564, -2.155392
19.456815, 0.846470, -3.040845, -0.197904, -0.766913, -2.341645, -2.155392
19.480787, 0.846470, -3.040845, -0.197904, -0.766913, -2.341661, -2.155392
19.488737, 0.846470, -3.040845, -0.197904, -0.766913, -2.341547, -2.155392
19.512767, 0.846470, -3.040845, -0.197904, -0.766913, -2.341709, -2.155392
19.520817, 0.846470, -3.040845, -0.197904, -0.766913, -2.341515, -2.155392
19.545035, 0.846470, -3.040845, -0.197904, -0.766913, -2.341661, -2.155392
19.552984, 0.846470, -3.040845, -0.197904, -0.766913, -2.341580, -2.155392
19.577068, 0.846470, -3.040854, -0.197904, -0.766913, -2.341564, -2.155392
19.585036, 0.846470, -3.040854, -0.197904, -0.766913, -2.341677, -2.155392
19.609068, 0.846470, -3.040854, -0.197904, -0.766913, -2.341515, -2.155392
19.617123, 0.846470, -3.040854, -0.197904, -0.766913, -2.341693, -2.155392
19.641212, 0.846470, -3.040854, -0.197904, -0.766913, -2.341564, -2.155392
19.649252, 0.846470, -3.040864, -0.197904, -0.766913, -2.341645, -2.155392
19.673350, 0.846470, -3.040864, -0.197904, -0.766913, -2.341645, -2.155392
19.681349, 0.846470, -3.040864, -0.197904, -0.766913, -2.341547, -2.155392
19.705347, 0.846470, -3.040864, -0.197904, -0.766913, -2.341709, -2.155392
19.713383, 0.846470, -3.040864, -0.197904, -0.766913, -2.341515, -2.155392
19.737511, 0.846470, -3.040873, -0.197894, -0.766913, -2.341661, -2.155392
19.745689, 0.846470, -3.040873, -0.197894, -0.766913, -2.341580, -2.155392
19.769716, 0.846470, -3.040873, -0.197894, -0.766913, -2.341564, -2.155392
19.777715, 0.846470, -3.040873, -0.197894, -0.766913, -2.341677, -2.155392
19.801669, 0.846470, -3.040873, -0.197894, -0.766913, -2.341515, -2.155392
19.809664, 0.846470, -3.040873, -0.197894, -0.766913, -2.341693, -2.155392
19.833864, 0.846470, -3.040883, -0.197894, -0.766913, -2.341580, -2.155392
19.841768, 0.846470, -3.040883, -0.197894, -0.766913, -2.341612, -2.155392
19.865950, 0.846470, -3.040883, -0.197894, -0.766913, -2.341677, -2.155392
19.873941, 0.846470, -3.040883, -0.197894, -0.766913, -2.341515, -2.155392
19.897936, 0.846470, -3.040883, -0.197894, -0.766913, -2.341709, -2.155392
19.905953, 0.846470, -3.040883, -0.197894, -0.766897, -2.341531, -2.155392
19.930027, 0.846470, -3.040883, -0.197894, -0.766913, -2.341612, -2.155392
19.938121, 0.846470, -3.040883, -0.197894, -0.766913, -2.341628, -2.155392
19.962214, 0.846470, -3.040892, -0.197894, -0.766897, -2.341515, -2.155392
19.970208, 0.846470, -3.040892, -0.197894, -0.766897, -2.341709, -2.155392
19.994213, 0.846470, -3.040892, -0.197894, -0.766897, -2.341515, -2.155392
20.002231, 0.846470, -3.040892, -0.197894, -0.766913, -2.341677, -2.155392
20.026385, 0.846470, -3.040892, -0.197894, -0.766897, -2.341612, -2.155392
20.034441, 0.846470, -3.040892, -0.197894, -0.766897, -2.341580, -2.155392
20.058483, 0.846536, -3.040751, -0.198158, -0.766864, -2.341726, -2.155408
20.066475, 0.846554, -3.040605, -0.198413, -0.766767, -2.341564, -2.155473
20.090501, 0.846771, -3.039885, -0.199613, -0.766556, -2.341807, -2.155878
20.098571, 0.846903, -3.039532, -0.200211, -0.766451, -2.341726, -2.155967
20.122637, 0.847402, -3.038200, -0.202573, -0.765949, -2.342090, -2.156679
20.130656, 0.847685, -3.037715, -0.203641, -0.765682, -2.342057, -2.157027
20.154858, 0.848658, -3.035960, -0.207237, -0.765050, -2.342349, -2.158420
20.162930, 0.849077, -3.035249, -0.208541, -0.764816, -2.342495, -2.158890
