0.106795, -6.319419, -7.183696, -4.638161, 1.491133, -1.302153, -3.751370
0.114767, -6.257517, -7.125135, -4.698173, 1.506550, -1.328791, -3.735380
0.122793, -6.217717, -7.059476, -4.755361, 1.523064, -1.368533, -3.729199
0.130718, -6.165213, -7.025766, -4.786121, 1.535971, -1.396047, -3.716402
0.138806, -6.177486, -7.040323, -4.777649, 1.534424, -1.410757, -3.720961
0.146776, -6.203577, -7.034927, -4.756163, 1.537569, -1.439559, -3.730162
0.154854, -6.140299, -7.065092, -4.769460, 1.541127, -1.468435, -3.690225
0.162818, -6.183626, -7.072634, -4.737046, 1.540175, -1.477854, -3.705922
0.170860, -6.192334, -7.097432, -4.718355, 1.543297, -1.492053, -3.704815
0.178945, -6.168355, -7.144744, -4.697718, 1.545546, -1.496888, -3.691523
0.187007, -6.126489, -7.191561, -4.670904, 1.550899, -1.523306, -3.658899
0.195022, -6.131234, -7.245908, -4.636291, 1.550643, -1.543503, -3.654474
0.203019, -6.106586, -7.280048, -4.600231, 1.559974, -1.556734, -3.639117
0.211049, -6.111477, -7.286723, -4.539484, 1.552613, -1.573132, -3.637626
0.219109, -6.121090, -7.351515, -4.474174, 1.550206, -1.582281, -3.630711
0.227016, -6.138810, -7.393338, -4.408725, 1.547170, -1.582294, -3.633635
0.235056, -6.142227, -7.420463, -4.364260, 1.541780, -1.595045, -3.624736
0.243103, -6.135397, -7.453128, -4.327441, 1.540806, -1.614483, -3.608678
0.251115, -6.120565, -7.436221, -4.268157, 1.537279, -1.618552, -3.602695
0.259136, -6.124662, -7.496215, -4.179804, 1.517926, -1.630080, -3.607007
0.267128, -6.100165, -7.494474, -4.093473, 1.504623, -1.642552, -3.594817
0.275231, -6.109948, -7.521823, -4.031496, 1.501107, -1.645710, -3.595216
0.283207, -6.122318, -7.608216, -3.936020, 1.488399, -1.651755, -3.589943
0.291276, -6.167475, -7.684837, -3.810807, 1.462852, -1.656394, -3.595235
0.299297, -6.220480, -7.734562, -3.678963, 1.444277, -1.650655, -3.596331
0.307342, -6.253194, -7.837517, -3.587842, 1.436057, -1.647070, -3.602393
0.315416, -6.330841, -7.955365, -3.478789, 1.412654, -1.642560, -3.623585
0.323364, -6.355331, -7.999993, -3.373270, 1.392840, -1.631716, -3.628747
0.347382, -6.428192, -8.216132, -3.043539, 1.344846, -1.632431, -3.621192
0.355416, -6.442936, -8.249869, -2.936803, 1.336292, -1.634984, -3.619853
0.379536, -6.582753, -8.500787, -2.589267, 1.280841, -1.629385, -3.638540
0.387653, -6.608511, -8.537851, -2.442197, 1.257468, -1.624121, -3.647206
0.411634, -6.828622, -8.745625, -2.038692, 1.189804, -1.597667, -3.723553
0.419719, -6.871834, -8.840957, -1.901875, 1.166214, -1.605328, -3.727297
0.443681, -7.111525, -9.089182, -1.521614, 1.107502, -1.570044, -3.805083
0.451724, -7.147545, -9.143388, -1.405124, 1.087105, -1.572743, -3.825343
0.475848, -7.357628, -9.469567, -0.996054, 1.010911, -1.562058, -3.900744
0.483870, -7.436304, -9.585272, -0.839706, 0.985135, -1.553021, -3.915690
0.507968, -7.640024, -9.757219, -0.486852, 0.927385, -1.531764, -3.979157
0.515943, -7.673053, -9.807003, -0.383849, 0.906918, -1.532576, -3.981094
0.539931, -7.855184, -9.986527, 0.007720, 0.843643, -1.513093, -4.028745
0.548000, -7.895384, -10.030051, 0.103608, 0.834074, -1.514498, -4.045013
0.572019, -8.151454, -10.270937, 0.503648, 0.781227, -1.474510, -4.110333
0.580157, -8.216846, -10.330983, 0.597484, 0.769419, -1.462962, -4.134047
0.604224, -8.273895, -10.427889, 0.903664, 0.723903, -1.459303, -4.161539
0.612253, -8.272761, -10.505167, 0.991304, 0.710163, -1.459453, -4.158242
0.636257, -8.409841, -10.599849, 1.337316, 0.663093, -1.421899, -4.224435
0.644237, -8.423791, -10.587163, 1.421493, 0.653141, -1.410529, -4.228750
0.668317, -8.513107, -10.702464, 1.765756, 0.621713, -1.381692, -4.229682
0.676452, -8.552697, -10.720335, 1.862463, 0.610073, -1.382442, -4.236162
0.700463, -8.671430, -10.863028, 2.144627, 0.560583, -1.382237, -4.267747
0.708534, -8.721655, -10.931063, 2.272905, 0.533986, -1.376640, -4.282471
0.732567, -8.895015, -11.010063, 2.668082, 0.480235, -1.346680, -4.356317
0.740543, -8.877298, -11.033263, 2.778753, 0.467154, -1.350751, -4.346855
0.764614, -8.973963, -11.215967, 3.036748, 0.431844, -1.325480, -4.361684
0.772679, -9.002279, -11.252270, 3.117070, 0.420362, -1.314863, -4.374677
0.796811, -9.132049, -11.330060, 3.387755, 0.381756, -1.285141, -4.419858
0.804760, -9.236440, -11.373001, 3.494914, 0.370688, -1.267263, -4.463314
0.828831, -9.409664, -11.503772, 3.718123, 0.335136, -1.246850, -4.515914
0.836851, -9.487807, -11.532415, 3.803815, 0.316103, -1.237477, -4.547130
0.860892, -9.642537, -11.640656, 4.064006, 0.272980, -1.220477, -4.612982
0.868907, -9.628713, -11.663703, 4.169937, 0.261771, -1.207324, -4.616110
0.893064, -9.803090, -11.853070, 4.443416, 0.219775, -1.168360, -4.678545
0.901079, -9.855329, -11.840905, 4.521765, 0.209973, -1.151895, -4.707650
0.925140, -10.045772, -12.027561, 4.791339, 0.170742, -1.107867, -4.779452
0.933105, -10.117700, -12.074392, 4.862650, 0.157078, -1.092408, -4.806878
0.957230, -10.334019, -12.165269, 5.024668, 0.139411, -1.038733, -4.907870
0.965185, -10.344139, -12.141785, 5.083940, 0.129538, -1.020969, -4.921432
0.989383, -10.579344, -12.162058, 5.286078, 0.101357, -0.979989, -5.025747
0.997401, -10.598332, -12.205404, 5.289087, 0.103334, -0.980591, -5.029442
1.021403, -10.662420, -12.272378, 5.462136, 0.069794, -0.962942, -5.072053
1.029439, -10.662065, -12.240157, 5.494512, 0.064444, -0.955963, -5.084484
1.053486, -10.749296, -12.062155, 5.674596, 0.048043, -0.908145, -5.144743
1.061465, -10.831510, -12.053831, 5.751027, 0.038786, -0.897870, -5.183420
1.085605, -10.921132, -12.061364, 5.920978, 0.007943, -0.879288, -5.218739
1.093705, -10.950153, -12.037816, 5.969479, 0.000214, -0.870295, -5.245789
1.117730, -11.077563, -12.085799, 6.116616, -0.023238, -0.846641, -5.304118
1.125750, -11.122200, -12.085762, 6.160499, -0.033694, -0.842085, -5.317354
1.149741, -11.196475, -12.160249, 6.350342, -0.071061, -0.800779, -5.340768
1.157799, -11.204563, -12.126732, 6.385377, -0.074891, -0.794521, -5.342932
1.181955, -11.283282, -12.180586, 6.487974, -0.086729, -0.754268, -5.378608
1.190001, -11.302769, -12.184768, 6.580071, -0.096892, -0.747099, -5.398879
1.214048, -11.354673, -12.268909, 6.671629, -0.100951, -0.741936, -5.407063
1.222002, -11.430744, -12.323587, 6.721921, -0.108421, -0.734805, -5.433688
1.246004, -11.553188, -12.411224, 6.708933, -0.104505, -0.688138, -5.472224
1.254065, -11.572421, -12.463164, 6.716788, -0.111891, -0.683843, -5.479975
1.278171, -11.720093, -12.463011, 6.808149, -0.126268, -0.644781, -5.554563
1.286106, -11.784896, -12.482142, 6.847777, -0.135260, -0.628523, -5.577501
1.310296, -11.856699, -12.368733, 6.922171, -0.154842, -0.595867, -5.616035
1.318250, -11.902526, -12.332962, 6.962275, -0.162272, -0.592227, -5.633477
1.342302, -11.935228, -12.301269, 7.010635, -0.169734, -0.556746, -5.640800
1.350216, -11.997642, -12.258004, 7.075326, -0.177914, -0.544066, -5.672364
1.374337, -12.010904, -12.247369, 7.153606, -0.194093, -0.518873, -5.675219
1.382466, -12.026997, -12.296431, 7.144928, -0.199525, -0.508785, -5.668411
1.406576, -12.134838, -12.334518, 7.250013, -0.214021, -0.489908, -5.655722
1.414561, -12.155736, -12.363227, 7.266563, -0.218658, -0.497265, -5.643404
1.438598, -12.294286, -12.416625, 7.326049, -0.235553, -0.476693, -5.670779
1.446616, -12.315029, -12.380840, 7.324437, -0.230165, -0.469893, -5.673229
1.470629, -12.408344, -12.374925, 7.387925, -0.246970, -0.441508, -5.693764
1.478779, -12.426496, -12.374551, 7.393183, -0.248747, -0.434993, -5.694266
1.502830, -12.446923, -12.206416, 7.389215, -0.237433, -0.416649, -5.700923
1.510842, -12.481943, -12.160266, 7.435962, -0.237805, -0.401941, -5.717087
1.534817, -12.574403, -12.088876, 7.453896, -0.239101, -0.362317, -5.727167
1.542849, -12.573575, -12.033501, 7.472555, -0.241687, -0.357042, -5.722479
1.566930, -12.635952, -11.906983, 7.514238, -0.245976, -0.310233, -5.759951
1.574981, -12.703451, -11.957272, 7.558742, -0.256686, -0.298803, -5.776712
1.599007, -12.880264, -12.040334, 7.717624, -0.290453, -0.276325, -5.832665
1.607117, -12.938923, -12.040543, 7.761191, -0.294799, -0.261318, -5.857786
1.631165, -13.057200, -11.943997, 7.840278, -0.297820, -0.237847, -5.927596
1.639104, -13.118898, -11.961929, 7.878182, -0.305067, -0.221913, -5.950281
1.663178, -13.171888, -12.054912, 7.978770, -0.323340, -0.191239, -5.953471
1.671228, -13.162428, -12.045160, 7.966938, -0.328635, -0.193714, -5.942933
1.695338, -13.143689, -12.059118, 8.002186, -0.353769, -0.187157, -5.947421
1.703365, -13.130578, -11.985762, 8.028795, -0.355056, -0.170243, -5.959686
1.727449, -13.246712, -11.991733, 8.097945, -0.379968, -0.156507, -6.002372
1.735384, -13.249483, -11.976701, 8.108594, -0.375893, -0.139256, -6.010287
1.759464, -13.244227, -11.902729, 8.091914, -0.378231, -0.137648, -6.016780
1.767440, -13.222023, -11.904437, 8.098290, -0.378743, -0.143075, -6.008957
1.791656, -13.279274, -11.933018, 8.109998, -0.389356, -0.138131, -6.035904
1.799586, -13.268411, -11.937226, 8.102799, -0.385223, -0.132456, -6.025317
1.823711, -13.292930, -11.951891, 8.134082, -0.389291, -0.137723, -6.031290
1.831709, -13.319988, -11.974948, 8.158850, -0.392425, -0.145847, -6.046349
1.855722, -13.346489, -11.961590, 8.166815, -0.387200, -0.143242, -6.076871
1.863738, -13.338162, -11.942999, 8.131437, -0.383895, -0.150048, -6.066329
1.887852, -13.281371, -11.930052, 8.133504, -0.374445, -0.174655, -6.054567
1.895900, -13.281401, -11.959374, 8.108446, -0.367709, -0.170173, -6.049502
1.920062, -13.315399, -11.984419, 8.091205, -0.370753, -0.184882, -6.057430
1.928041, -13.328160, -11.978200, 8.088723, -0.369825, -0.198102, -6.061135
1.952073, -13.300937, -11.920010, 8.077924, -0.373456, -0.222124, -6.072921
1.960014, -13.342119, -11.961182, 8.097959, -0.381419, -0.231262, -6.091887
1.984136, -13.361757, -11.959733, 8.100387, -0.375510, -0.247275, -6.091921
1.992211, -13.327535, -11.975263, 8.112748, -0.375331, -0.261027, -6.074751
2.016247, -13.342983, -12.092640, 8.163173, -0.399404, -0.273439, -6.080776
2.024228, -13.287614, -12.063127, 8.173933, -0.404576, -0.282795, -6.075356
2.048257, -13.286041, -12.104042, 8.182086, -0.401285, -0.304359, -6.062050
2.056302, -13.280960, -12.125856, 8.177716, -0.402395, -0.305064, -6.068248
2.080435, -13.284176, -12.054945, 8.198585, -0.416591, -0.312344, -6.079874
2.088400, -13.325710, -12.083074, 8.228697, -0.423817, -0.318402, -6.090204
2.112630, -13.297278, -12.092606, 8.257746, -0.434462, -0.340508, -6.084520
2.120569, -13.285608, -12.137133, 8.235085, -0.438457, -0.354017, -6.074459
2.144594, -13.342636, -12.095514, 8.178918, -0.436502, -0.365550, -6.121295
2.152592, -13.355357, -12.071652, 8.151975, -0.425570, -0.372710, -6.123845
2.176619, -13.246548, -11.923275, 8.079752, -0.409122, -0.410307, -6.095719
2.184723, -13.193723, -11.904119, 8.063276, -0.405960, -0.418822, -6.088847
2.208837, -13.155137, -11.866545, 8.004904, -0.394932, -0.441298, -6.066987
2.216811, -13.189330, -11.889467, 8.040709, -0.400410, -0.449101, -6.071304
2.240798, -13.254741, -11.981044, 8.031880, -0.402357, -0.439590, -6.094880
2.248848, -13.280137, -12.020427, 8.029735, -0.403566, -0.430039, -6.103834
2.272935, -13.243368, -12.055165, 8.011378, -0.403616, -0.428267, -6.087781
2.280975, -13.238438, -12.055435, 7.991120, -0.399355, -0.430507, -6.091013
2.305038, -13.101432, -11.988627, 7.937028, -0.379933, -0.453255, -6.033245
2.313148, -13.186281, -11.988653, 7.951810, -0.382817, -0.432373, -6.070138
2.337124, -13.251606, -12.063514, 7.999811, -0.378528, -0.414936, -6.085664
2.345082, -13.225022, -12.035732, 7.986278, -0.385579, -0.427931, -6.080253
2.369150, -13.214656, -11.984157, 8.032933, -0.386928, -0.417424, -6.077533
2.377185, -13.179814, -11.965870, 8.013512, -0.386732, -0.419773, -6.068918
2.401355, -13.216364, -12.057060, 8.110794, -0.407783, -0.415125, -6.070168
2.409320, -13.216763, -12.053285, 8.145512, -0.409367, -0.408519, -6.062219
2.433386, -13.152925, -12.040081, 8.145317, -0.409384, -0.411323, -6.038086
2.441407, -13.163171, -12.070007, 8.141412, -0.407356, -0.416084, -6.030998
2.465483, -13.113774, -12.060807, 8.114576, -0.397807, -0.420526, -6.022321
2.473485, -13.142029, -12.117137, 8.090712, -0.393670, -0.421016, -6.023421
2.497606, -13.119531, -12.182272, 8.116269, -0.389594, -0.412354, -6.024103
2.505729, -13.130163, -12.200575, 8.115110, -0.389478, -0.409437, -6.031206
2.529729, -13.220641, -12.284176, 8.189533, -0.401473, -0.383516, -6.067257
2.537728, -12.008365, -11.158165, 7.543386, -0.285060, -0.439503, -5.794218
2.561762, -8.620231, -9.473805, 6.239690, -0.251191, -0.307307, -5.527627
2.569781, -7.229655, -8.857467, 5.930770, -0.274161, -0.335140, -5.389070
2.593996, -1.262012, -3.458336, 4.200886, -0.057063, -0.386683, -4.454045
2.601989, 0.562491, -1.712673, 2.989769, 0.040176, -0.369724, -4.037617
2.626065, 3.329390, 4.051591, 0.567690, 0.276040, 0.055997, -3.707985
2.634039, 4.075553, 6.061780, 0.295535, 0.327607, 0.255965, -3.782664
2.658086, 7.133399, 9.860089, -0.721935, 0.306479, 0.687896, -3.520680
2.666088, 7.350741, 10.399234, -1.229584, 0.235295, 0.975399, -3.639944
2.690197, 7.554459, 12.580718, -0.593514, -0.285516, 1.624290, -3.807828
2.698194, 9.020419, 13.898202, -0.093555, -0.457413, 1.620037, -3.532072
2.722426, 11.490235, 16.228889, 0.609832, -1.025617, 1.441812, -2.845869
2.730397, 12.378872, 15.958968, 0.704308, -1.221814, 1.337775, -2.304886
2.754497, 16.088542, 15.808174, 1.179970, -1.289267, 1.055921, -0.652991
2.762468, 17.356475, 16.153121, 0.748554, -1.177076, 0.954064, -0.054785
2.786651, 18.451693, 14.366467, 0.388785, -0.772227, 0.575409, 0.866206
2.794721, 18.692909, 14.150061, -0.016494, -0.529214, 0.464119, 1.049458
2.818743, 19.204402, 13.741913, -1.640703, 0.229582, 0.678834, 1.138568
2.826739, 19.269664, 13.067539, -1.922735, 0.329650, 0.809729, 1.103470
2.850774, 22.183441, 13.603266, -2.286455, 0.425135, 0.529199, 2.193832
2.858837, 23.002445, 13.088736, -2.126269, 0.294050, 0.524929, 2.508206
2.882956, 23.932080, 14.556654, -1.494494, -0.132629, 0.935840, 2.688100
2.890939, 23.076574, 14.920870, -0.924035, -0.363298, 1.098317, 2.327198
2.915092, 21.722434, 16.413875, 0.206679, -0.470720, 1.751740, 0.854201
2.923080, 21.668590, 16.067177, 0.201067, -0.413861, 1.810161, 0.590865
2.947122, 24.657973, 14.220027, -0.503569, -0.085338, 1.000983, 2.283702
2.955178, 25.769890, 13.656955, -1.706342, 0.123799, 0.768023, 3.030649
2.979214, 26.719577, 13.917959, -2.111314, 0.239119, 0.377495, 3.396195
2.987304, 25.757406, 14.736012, -1.441862, 0.209561, 0.578059, 2.942613
3.011510, 24.154587, 16.113848, -0.868445, -0.307764, 1.016600, 1.668773
3.019462, 24.417818, 16.090316, -0.634239, -0.480656, 0.987955, 1.943952
3.043486, 25.424333, 15.684615, 0.117136, -0.423043, 0.564339, 2.690089
3.051549, 25.428636, 15.554772, -0.970898, -0.105875, 0.580007, 2.835490
3.075587, 26.293581, 15.376533, -2.379229, 0.448278, 0.541429, 3.068069
3.083692, 26.551397, 15.272618, -1.792783, 0.358520, 0.562113, 3.360352
3.107834, 26.879262, 16.389519, -1.913054, -0.053454, 0.937324, 3.110702
3.115830, 26.631871, 16.649196, -1.184227, -0.098571, 1.196650, 2.575497
3.139817, 26.817921, 15.795644, -1.377863, 0.176607, 0.894950, 2.897262
3.147884, 27.505646, 14.907631, -2.383724, 0.337810, 0.571544, 3.543348
3.171930, 26.262898, 15.650838, -1.634098, 0.313651, 0.579394, 3.060550
3.179931, 24.974472, 16.479390, -1.197554, 0.132108, 0.845369, 2.377805
3.204120, 25.871007, 16.604921, -0.378953, -0.256163, 0.642344, 2.736692
3.212161, 25.914126, 15.704629, -0.853303, -0.149955, 0.558747, 2.941673
3.236214, 25.183407, 15.306728, -1.308776, 0.403369, 0.627824, 2.927556
3.244179, 25.801763, 15.763457, -1.407956, 0.392336, 0.637608, 3.289328
3.268257, 25.226874, 17.168753, 0.043925, 0.051993, 1.079409, 2.585337
3.276249, 24.734708, 16.626817, -0.253472, 0.090158, 1.134243, 2.260613
3.300485, 26.418145, 14.953146, -0.811733, 0.270417, 0.285512, 3.617131
3.308559, 26.136400, 15.547153, -0.666301, 0.311331, 0.381452, 3.473878
3.332604, 25.379291, 17.276517, 0.477615, 0.093907, 0.996323, 2.715163
3.340565, 26.069570, 16.939109, 0.004923, 0.089739, 0.873620, 3.127108
3.364624, 24.797534, 15.633198, -0.518520, 0.687332, 1.132987, 3.229215
3.372683, 25.065994, 16.065001, -0.247590, 0.818987, 1.230609, 3.417513
3.396875, 25.707120, 16.494777, 0.488802, 0.415412, 1.405932, 3.429563
3.404837, 25.687117, 16.923169, 0.230728, 0.450958, 1.455792, 3.068222
3.428976, 26.344772, 15.801022, -0.009022, 0.604852, 0.659483, 3.825304
3.436909, 26.204916, 15.387661, 0.128861, 0.579666, 0.508450, 3.954597
3.460947, 25.790931, 17.106415, 0.154754, 0.375949, 1.032211, 2.716603
3.468971, 25.676067, 16.669112, 0.327884, 0.155497, 0.916494, 2.850206
3.493189, 25.820844, 17.357945, 0.050847, 0.623587, 0.471421, 3.580137
3.501098, 25.347595, 17.370578, 0.132908, 0.816301, 0.620462, 3.434717
3.525288, 26.399443, 17.274425, 0.250171, 0.380916, 0.655887, 3.573780
3.533289, 25.942743, 17.493840, 0.738898, 0.270780, 0.780121, 3.206257
3.557342, 26.735402, 17.927848, 0.480783, 0.617521, 0.270111, 3.543369
3.565358, 27.305256, 17.348670, 0.523164, 0.613773, 0.017094, 3.952724
3.589545, 26.949688, 18.279463, 0.001341, 0.509360, 0.408801, 3.097702
3.597560, 26.833823, 18.954522, 0.542441, 0.398049, 0.467022, 2.906538
3.621636, 27.300433, 18.962243, 0.594676, 0.613494, 0.015990, 3.768332
3.629668, 26.890652, 18.356077, 0.310694, 0.807900, 0.166733, 3.595603
3.653732, 27.899598, 18.860306, 0.268268, 0.699104, 0.164419, 3.861710
3.661705, 28.061463, 19.301140, 0.784626, 0.533359, 0.219460, 3.809096
3.685886, 27.936060, 18.814059, 0.839080, 0.723221, 0.202877, 3.359488
3.693920, 29.038114, 18.173584, -0.289463, 0.809962, -0.198834, 3.931216
3.717976, 29.220407, 19.319535, 0.024033, 0.763435, -0.183486, 3.711670
3.726061, 29.249947, 21.143357, 0.423653, 0.769268, 0.067618, 3.303782
3.750039, 29.136131, 19.713652, 0.429851, 0.599273, -0.238788, 4.013818
3.758071, 29.427495, 19.518249, -0.323030, 0.849225, -0.398040, 4.262364
3.782155, 29.766452, 20.595236, 0.350236, 1.006030, -0.285706, 4.164011
3.790247, 30.792930, 21.801753, 0.931996, 0.856601, -0.311614, 4.322682
3.814457, 31.563524, 21.706140, 0.410460, 0.943782, -0.161042, 3.791655
3.822401, 31.625989, 21.102382, -0.276471, 1.031991, -0.398771, 3.963037
3.846406, 32.776974, 21.637111, 0.142527, 1.027905, -0.856378, 4.753377
3.854471, 32.594365, 22.519033, 0.689835, 1.078035, -0.460210, 4.326356
3.878510, 33.299231, 22.606100, 0.534532, 1.109544, -0.169189, 4.628876
3.886615, 33.475893, 22.179024, 0.226649, 1.239653, -0.378401, 5.046151
3.910717, 33.250063, 22.607223, 0.525209, 1.693238, -0.266012, 4.893384
3.918725, 33.710531, 22.478011, 0.751332, 1.470419, -0.270922, 4.927191
3.942746, 9.329715, -7.982168, -1.147439, 0.106240, 0.628947, 2.431139
3.950816, 9.147750, -7.864972, -1.113638, 0.225745, 0.565837, 2.257554
3.974868, 9.202466, -8.111508, -0.921612, 0.067189, -0.109112, 2.931434
3.982886, 8.860412, -7.829095, -0.621091, -0.029266, 0.115728, 2.568564
4.007088, 7.567596, -6.765718, -0.076612, -0.127438, 0.679331, 2.022626
4.015080, 7.771129, -7.027740, -0.059339, -0.128073, 0.325227, 2.462172
4.039147, 7.844832, -7.196816, -0.657970, 0.239379, 0.121861, 2.507424
4.047119, 8.009421, -7.350357, -0.818886, 0.181007, 0.248528, 2.341940
4.071211, 8.269561, -7.677430, -0.582283, -0.259077, 0.340401, 2.293931
4.079236, 8.049775, -7.503029, -0.458391, -0.140213, 0.333589, 2.056583
4.103419, 8.608487, -8.191510, -1.048575, -0.126017, -0.310970, 2.555734
4.111448, 8.610717, -8.238102, -1.150687, -0.232483, -0.331879, 2.666564
4.135535, 7.056541, -6.816131, -0.081566, -0.136818, 0.446507, 1.908020
4.143536, 7.130193, -6.954193, 0.049210, -0.212331, 0.247739, 2.183751
4.167569, 7.946743, -7.867239, -1.181853, 0.020671, -0.100173, 2.589223
4.175580, 7.921035, -7.852704, -1.463294, 0.168603, 0.051551, 2.397227
4.199735, 8.306177, -8.361996, -0.514405, -0.318013, 0.065532, 2.517962
4.207749, 8.356057, -8.438870, -0.514907, -0.358674, 0.012263, 2.370773
4.231939, 8.267639, -8.476331, -1.682760, -0.157899, -0.326530, 2.332445
4.239867, 8.116150, -8.416690, -1.726586, -0.231840, -0.553287, 2.701302
4.263860, 6.527351, -6.837401, -0.360425, -0.209498, 0.106703, 2.085208
4.271881, 6.303472, -6.602629, -0.377915, -0.160684, 0.300092, 1.894348
4.296099, 7.407640, -7.948267, -1.158802, -0.289277, -0.279750, 2.840176
4.304063, 7.477076, -8.078993, -1.426095, -0.193648, -0.487582, 2.919158
4.328187, 7.439355, -8.076113, -0.649434, -0.070093, -0.178986, 2.357851
4.336190, 7.814331, -8.500256, -0.408570, -0.283878, -0.088027, 2.465793
4.360214, 7.552097, -8.282223, -0.780737, -0.481646, -0.013174, 2.324037
4.368226, 7.051161, -7.773569, -0.799378, -0.270147, 0.018275, 2.197900
4.392399, 6.722568, -7.633527, -0.829157, -0.061724, -0.480061, 2.817570
4.400467, 6.922868, -7.919069, -0.626663, -0.122672, -0.571178, 3.096825
4.424575, 7.169609, -8.157949, -0.761063, -0.085304, 0.224443, 2.835746
4.432637, 7.193291, -8.144419, -0.490270, 0.057498, 0.633437, 2.507261
4.456605, 7.731407, -8.877469, -0.202925, 0.104998, 0.629529, 2.922706
4.464561, 8.169842, -9.460077, -0.704392, 0.106519, 0.318320, 3.289087
4.488768, 8.290148, -9.752024, -0.919593, 0.207986, -0.081772, 3.462811
4.496768, 7.998483, -9.396524, -0.765140, 0.289082, 0.076114, 3.068928
4.520877, 6.860060, -8.065639, -0.361761, 0.240804, 0.529253, 2.475836
4.528959, 6.849210, -8.087641, 0.068879, -0.031419, 0.456416, 2.583356
4.552961, 6.564521, -7.850173, 0.175052, -0.536114, 0.142075, 2.763413
4.560922, 6.668466, -8.010942, -0.043506, -0.532668, -0.001767, 2.831871
4.585065, 6.588880, -7.972119, -0.485113, -0.107524, -0.297325, 2.329847
4.593115, 6.450732, -7.841835, -0.543524, 0.092605, -0.371921, 2.247366
4.617167, 6.682830, -8.256041, -1.089101, -0.116096, -0.747749, 2.769330
4.625204, 6.789717, -8.446227, -1.511609, -0.256502, -1.019287, 2.987793
4.649283, 6.854356, -8.538966, -0.715411, -0.666143, -0.816606, 3.026049
4.657308, 7.016554, -8.712419, -0.247639, -0.724030, -0.592514, 2.961055
4.681366, 6.663983, -8.074147, 0.513270, -0.411439, 0.567582, 1.834500
4.689463, 6.626243, -7.980255, 0.815048, -0.354998, 0.793019, 1.519039
4.713540, 6.277627, -7.584562, 0.373109, -0.096495, 0.976888, 1.476709
4.721566, 6.401983, -7.760801, 0.480437, -0.088011, 1.018235, 1.621729
4.745566, 6.847552, -8.598215, -0.115998, -0.332667, -0.108265, 2.709445
4.753659, 7.154809, -9.058261, -0.206164, -0.458980, -0.502743, 2.971596
4.777694, 7.192693, -9.347718, -1.166436, -0.656602, -1.386872, 3.823751
4.785746, 7.228980, -9.440620, -1.152441, -0.642759, -1.513546, 3.959290
4.809885, 7.300003, -9.666635, -1.867820, -0.526067, -1.938802, 4.352231
4.817946, 7.010412, -9.310943, -1.968193, -0.370362, -1.917640, 4.207266
4.841959, 6.357700, -8.384414, -2.011556, -0.136092, -1.474571, 3.398338
4.849963, 6.220416, -8.167035, -1.839201, -0.045595, -1.333524, 3.068787
4.874016, 5.426368, -6.972717, -1.135508, 0.308157, -0.554610, 1.866970
4.882035, 5.072857, -6.477495, -0.901873, 0.342502, -0.335126, 1.564094
4.906182, 4.463923, -5.704362, -1.139071, 0.538755, -0.247793, 1.314846
4.914266, 4.277417, -5.448173, -0.942176, 0.540553, -0.143727, 1.188555
4.938291, 3.731462, -4.791228, -0.998839, 0.703143, -0.290222, 1.027837
4.946294, 3.495782, -4.489459, -0.889609, 0.779623, -0.271343, 0.902529
4.970324, 2.661145, -3.402004, -0.274630, 0.913730, -0.092931, 0.493912
4.978335, 2.429564, -3.093339, -0.101181, 0.957410, -0.015824, 0.355063
5.002577, 1.980566, -2.475291, 0.351598, 1.064014, 0.191172, -0.018462
5.010560, 1.869664, -2.323564, 0.474054, 1.104245, 0.232874, -0.122246
5.034680, 1.335840, -1.637514, 0.795433, 1.259248, 0.312667, -0.380096
5.042600, 0.994345, -1.175998, 0.861788, 1.272263, 0.467637, -0.549194
5.066684, 0.017917, 0.127326, 0.803570, 1.374895, 0.768290, -1.076460
5.074686, -0.452408, 0.789377, 0.787163, 1.421019, 1.065758, -1.428125
5.098749, -1.772805, 2.530034, 0.638818, 1.574724, 1.438411, -2.045000
5.106899, -2.322000, 3.266241, 0.732348, 1.613445, 1.635347, -2.355342
5.130953, -3.898729, 5.411508, 0.572061, 1.826617, 2.273026, -3.476531
5.138961, -4.178009, 5.786335, 0.476950, 1.917137, 2.357875, -3.714936
5.162970, -4.698611, 6.506260, 0.409997, 1.823770, 2.539680, -4.264161
5.171020, -4.820097, 6.619537, 0.220739, 1.912620, 2.377609, -4.252290
5.195148, -4.526308, 6.030019, -0.376277, 1.808433, 1.515077, -3.429585
5.203162, -4.550728, 5.997227, -0.414611, 1.719886, 1.290296, -3.196234
5.227326, -4.749927, 6.011046, -1.357115, 1.259399, 0.393964, -2.241860
5.235363, -4.574399, 5.714163, -1.614636, 1.112569, 0.012767, -1.945338
5.259353, -4.728087, 5.722512, -2.021401, 1.051757, -0.703823, -1.447812
5.267359, -4.714382, 5.704428, -1.845625, 1.060632, -0.602212, -1.415426
5.291525, -5.849763, 7.214613, -1.288129, 1.409793, 0.221076, -2.232856
5.299558, -6.074861, 7.552034, -0.946499, 1.411579, 0.522257, -2.605212
5.323670, -7.177021, 9.089545, -0.332091, 1.471778, 1.670717, -3.686553
5.331703, -7.172199, 9.075619, -0.215980, 1.451869, 1.762412, -3.679880
5.355755, -6.938982, 8.656498, -0.010473, 0.878923, 1.290630, -3.194600
5.363741, -6.862432, 8.469775, -0.159797, 0.703479, 0.883828, -2.868706
5.387852, -6.827969, 8.305761, -0.682463, 0.796803, 0.546840, -2.670754
5.395847, -6.852994, 8.318497, -1.007948, 1.002081, 0.465961, -2.851140
5.420062, -7.342507, 8.835692, -1.775001, 1.351643, 0.266531, -3.227790
5.428018, -7.582610, 9.079090, -1.748648, 1.424798, 0.224888, -3.216585
5.452055, -7.323580, 8.688787, -1.117792, 0.688143, -0.024906, -2.971862
5.460053, -7.013346, 8.311869, -0.912736, 0.524456, -0.024899, -2.913518
5.484143, -7.627193, 9.037388, -0.506319, 0.682264, 0.422496, -3.477119
5.492238, -7.882342, 9.323326, -0.428926, 0.856153, 0.522090, -3.704632
5.516412, -7.801821, 9.037385, -1.278980, 0.925433, -0.109104, -3.254077
5.524424, -7.563866, 8.691944, -1.543693, 0.734326, -0.455164, -2.970841
5.548437, -7.845792, 8.924254, -0.908570, 0.704518, -0.596164, -3.124079
5.556455, -8.114538, 9.237827, -0.718415, 0.737891, -0.413238, -3.491847
5.580529, -8.590619, 9.758590, -0.198120, 0.496639, -0.083565, -4.010721
5.588552, -8.543638, 9.622185, -0.376031, 0.284170, -0.440662, -3.735726
5.612647, -8.515316, 9.406146, -1.243112, 0.441634, -1.047968, -3.464685
5.620689, -8.533247, 9.395283, -1.241134, 0.620910, -1.019259, -3.583700
5.644749, -8.003111, 8.702326, -0.802046, 0.385889, -1.123530, -3.378062
5.652762, -7.686311, 8.333744, -0.506425, 0.232385, -1.006770, -3.239584
5.676795, -8.100482, 8.748436, -0.512999, 0.617783, -0.466865, -3.778948
5.684802, -8.271628, 8.869212, -0.828965, 0.779466, -0.549820, -3.659173
5.709047, -7.719525, 8.032555, -0.979897, 0.745723, -1.188430, -2.522761
5.717013, -7.933806, 8.247858, -0.902826, 0.837709, -0.995128, -2.734149
5.741078, -8.476091, 8.768341, -0.458133, 0.769785, -0.438599, -3.214120
5.749076, -8.245715, 8.445693, -0.704243, 0.705285, -0.725472, -2.784228
5.773142, -8.573904, 8.615014, -0.831180, 1.052299, -1.025250, -2.782184
5.781156, -8.602300, 8.615193, -0.951399, 1.067950, -1.050946, -2.909693
5.805448, -8.053512, 7.963464, -0.609874, 0.590988, -1.011678, -2.716139
5.813372, -8.208390, 8.096554, -0.680364, 0.762321, -0.873252, -2.900001
5.837538, -7.906585, 7.613138, -0.774105, 0.994758, -1.262480, -2.293973
5.845492, -7.712510, 7.370975, -0.966677, 0.940989, -1.437692, -2.059997
5.869500, -8.487563, 8.107971, -0.682865, 1.033069, -0.652319, -2.987067
5.877510, -8.618754, 8.167765, -0.163092, 0.905284, -0.696862, -2.862527
5.901679, -8.491732, 7.862770, -0.292066, 0.989279, -1.264539, -2.380004
5.909697, -8.564300, 7.913430, -0.624613, 1.106257, -1.258030, -2.561689
5.933785, -8.192688, 7.473758, -0.153204, 0.662615, -1.148315, -2.499069
5.941815, -8.381464, 7.612129, 0.336574, 0.658082, -0.966107, -2.681417
5.965813, -8.162598, 7.306674, -0.518076, 1.110596, -1.037885, -2.498393
5.973832, -7.683004, 6.822096, -0.841851, 1.056387, -1.294330, -2.046835
5.997954, -9.000759, 7.908489, 0.076762, 0.995149, -0.695873, -2.698161
6.006072, -9.448582, 8.258337, 0.685793, 0.927658, -0.486933, -2.942397
6.030126, -8.820326, 7.549642, -0.241220, 0.903135, -1.217558, -2.080637
6.038205, -8.779611, 7.497111, -0.625217, 1.074589, -1.289727, -2.247509
6.062163, -20.549390, -6.515242, -0.396275, 0.329098, -0.681473, -3.530130
6.070166, -19.595023, -5.757973, -0.202064, 0.207021, -0.701480, -3.399124
6.094360, -20.250902, -6.382778, -1.131590, 0.466911, -0.732893, -3.839174
6.102408, -19.718671, -6.382862, -1.505499, 0.506881, -1.076050, -3.431421
6.126481, -21.319246, -6.105857, -0.262614, 0.194484, -1.132796, -3.660440
6.134558, -21.196963, -4.622880, -0.106974, 0.181606, -0.950425, -4.133230
6.158538, -20.092749, -5.322484, -0.933789, 0.105913, -1.524843, -3.412889
6.166514, -19.941504, -5.617475, -1.297376, 0.284144, -1.692005, -3.211002
6.190637, -19.633964, -5.399656, -0.815912, 0.412487, -1.410269, -3.627554
6.198665, -18.534709, -4.507290, -0.579265, 0.247736, -1.374259, -3.475084
6.222779, -18.702769, -4.602592, -1.063201, 0.555779, -1.019133, -3.675397
6.230791, -19.134492, -4.812639, -1.265590, 0.739008, -1.080824, -3.527922
6.254867, -19.120338, -5.133316, -0.840002, 0.619895, -1.390958, -2.781235
6.262838, -19.938907, -4.710047, -0.664952, 0.518817, -1.002634, -3.415089
6.286921, -19.316196, -4.065484, -0.525522, 0.499648, -1.145091, -3.246796
6.295016, -19.530556, -5.562288, -0.589536, 0.473517, -1.365104, -2.928962
6.319161, -19.387458, -6.046452, -1.324801, 0.769133, -1.262214, -3.423492
6.327193, -19.844016, -6.692645, -1.212971, 0.513243, -1.092733, -3.599920
6.351210, -19.503838, -5.590368, -0.604044, 0.486901, -0.984402, -3.345036
6.359197, -20.160354, -6.022414, -0.655833, 0.696018, -0.844646, -3.437638
6.383299, -19.585394, -6.689234, -1.223266, 0.748495, -1.359235, -2.478243
6.391301, -19.822038, -6.215708, -0.713860, 0.642688, -1.250834, -2.780770
6.415505, -20.662287, -5.366662, -0.050041, 0.549425, -0.845052, -3.611725
6.423480, -19.423076, -5.887685, -0.307244, 0.573195, -1.181936, -3.036219
6.447564, -18.524748, -6.527098, -1.520914, 0.900660, -1.454832, -2.910120
6.455586, -19.046114, -6.263239, -0.939584, 0.822604, -1.316608, -3.208969
6.479620, -18.329476, -4.948162, 0.019387, 0.515552, -1.171784, -2.879899
6.487619, -18.868197, -4.988152, -0.140835, 0.719384, -1.014802, -3.053344
6.511770, -19.433839, -5.554899, -0.728226, 1.053581, -1.288331, -2.506592
6.519843, -19.416127, -5.437529, -0.371460, 0.893956, -1.431858, -2.332007
6.543899, -19.769586, -4.412263, 0.077676, 0.685486, -0.825915, -3.556355
6.551892, -19.041184, -4.802197, -0.311281, 0.719119, -1.011997, -3.241872
6.575940, -18.245791, -5.805245, -0.888217, 1.008311, -1.640032, -2.535621
6.583955, -18.826385, -5.264810, -0.778950, 1.056863, -1.507454, -2.877389
6.608154, -18.731370, -4.637479, -0.332327, 0.556589, -1.410104, -2.801006
6.616155, -18.780533, -4.088066, -0.609981, 0.637242, -1.477987, -2.750748
6.640236, -20.564257, -5.373919, -0.887151, 0.930053, -1.733291, -2.864935
6.648275, -19.606208, -5.157305, -1.114933, 0.850462, -2.077247, -2.458736
6.672302, -19.648513, -4.079829, -0.534284, 0.499860, -1.770171, -3.479001
6.680300, -19.280700, -3.645805, -0.716609, 0.575471, -1.731449, -3.543048
6.704532, -18.205286, -5.163098, -0.833217, 0.803228, -2.358393, -2.264274
6.712546, -19.019735, -5.587287, -1.237785, 0.897667, -2.216682, -2.554488
6.736600, -19.456441, -3.675078, -0.588608, 0.655070, -1.651792, -2.865079
6.744593, -19.096876, -3.549833, -0.454177, 0.642144, -1.634611, -2.469193
6.768656, -19.622772, -3.942053, -0.860131, 1.197714, -1.487455, -2.646240
6.776680, -19.176015, -4.818718, -1.380986, 1.271277, -1.589107, -2.484756
6.800752, -17.556733, -4.131058, -0.687578, 0.922315, -1.715382, -2.182695
6.808930, -18.266315, -3.015040, -0.437959, 0.787615, -1.492839, -2.868501
6.832928, -18.629242, -3.260139, -0.303853, 0.870893, -1.625774, -2.921053
6.841011, -18.084209, -3.844019, -0.907211, 0.949593, -1.938224, -2.243938
6.864975, -19.187979, -4.314710, -1.476938, 1.272649, -1.961525, -2.146982
6.873028, -19.805416, -3.423718, -1.495532, 1.323478, -1.661253, -2.556591
6.897111, -19.425368, -3.209323, 0.018704, 0.812218, -1.296976, -2.715618
6.905277, -18.747738, -3.633990, -0.097240, 0.797322, -1.310718, -2.379285
6.929355, -18.861769, -4.478315, -1.668452, 1.289691, -1.290602, -2.565850
6.937311, -18.967769, -4.562520, -1.846802, 1.472157, -1.289753, -2.514000
6.961324, -18.009204, -5.240650, -2.168686, 1.368557, -1.724146, -1.687843
6.969350, -18.170780, -5.421755, -1.733080, 1.163035, -1.643918, -1.649767
6.993447, -21.270412, -4.550652, 0.287296, 0.671997, -1.107484, -3.325129
7.001485, -22.126945, -3.812103, 0.157946, 0.710460, -0.902703, -3.719064
7.025670, -21.361546, -4.647568, -0.620778, 0.909155, -1.407008, -3.069929
7.033659, -20.443664, -4.931641, -1.015090, 1.062462, -1.634653, -2.349624
7.057716, -18.864233, -6.983106, -2.708216, 1.364456, -2.101280, -1.431502
7.065671, -19.026863, -6.701284, -2.464821, 1.410328, -1.958300, -1.835436
7.089750, -22.278964, -5.693583, -0.392209, 1.090057, -1.108598, -3.419158
7.097865, -23.750882, -6.334629, -0.268148, 0.803354, -0.843813, -3.945106
7.122040, -21.810678, -5.829261, 0.379671, 0.431769, -0.752862, -3.262283
7.130041, -20.758390, -6.545550, 0.937158, 0.329243, -0.901056, -2.833555
7.154035, -19.708870, -7.831593, -0.393534, 0.623072, -1.148127, -2.508998
7.162039, -20.443994, -8.269359, -1.002665, 0.797034, -1.016683, -2.762584
7.186124, -20.890134, -8.810563, -2.203520, 1.495541, -0.990247, -2.912484
7.194132, -21.015259, -8.380410, -2.604516, 1.673759, -1.107495, -2.818801
7.218318, -21.040647, -10.086136, -2.696354, 1.676750, -1.542895, -2.515150
7.226327, -20.573408, -9.516349, -2.805055, 1.639723, -1.597177, -2.210474
7.250381, -19.105490, -10.388370, -2.152969, 1.133149, -1.661250, -1.584633
7.258398, -19.463214, -10.754592, -1.855343, 0.832351, -1.621643, -1.572307
7.282441, -20.547619, -8.279140, -0.485176, 0.242474, -1.470774, -2.418698
7.290426, -20.826774, -7.493480, 0.468573, -0.013524, -1.388179, -2.800218
7.314618, -24.469918, -5.585168, 1.785846, -0.329435, -0.700155, -4.618943
7.322706, -26.674677, -6.985502, 1.470532, -0.435679, -0.382591, -5.227551
7.346737, -27.365902, -7.129263, 1.121440, -0.382275, -0.085118, -5.979882
7.354726, -27.721253, -6.674767, 0.888111, -0.306919, 0.025347, -6.363295
7.378783, -30.236725, -6.251630, 0.929066, -0.226096, 0.194339, -7.210696
7.386793, -30.103272, -5.690240, 0.609946, -0.132682, 0.109409, -7.061669
7.411012, -30.410546, -5.170732, -0.312593, 0.065731, -0.115235, -6.935429
7.419035, -30.750346, -5.547427, -0.406434, 0.079714, -0.110528, -7.068308
7.443057, -33.753593, -10.584750, 0.577224, -0.218314, -0.085941, -7.979989
7.451083, -34.270867, -11.888706, 0.837569, -0.287206, -0.058931, -8.223554
7.475102, -33.386428, -13.709404, 0.788497, -0.299649, -0.193677, -8.282469
7.483136, -33.054671, -14.327156, 0.287003, -0.273387, -0.237549, -8.238173
7.507326, -32.651403, -16.519950, -0.331743, -0.271547, -0.349024, -8.206444
7.515304, -32.701523, -17.318123, -0.408392, -0.291533, -0.371245, -8.245885
7.539485, -32.978980, -20.050035, -0.338913, -0.399852, -0.430890, -8.385175
7.547409, -31.632093, -18.791620, -0.587276, -0.289284, -0.520523, -8.126865
7.571479, -26.694747, -15.506280, -0.703350, -0.195327, -0.562539, -7.549887
7.579436, -24.058126, -13.827021, -0.804121, -0.143482, -0.584593, -7.196211
7.603611, -14.055362, -6.078120, -3.764419, 0.346840, -0.706382, -5.566812
7.611666, -11.094341, -4.213195, -4.558285, 0.427193, -0.706252, -5.058271
7.635786, -6.439685, 0.954951, -4.163857, 0.399109, -0.361568, -4.665145
7.643725, -4.984541, 3.663549, -4.631915, 0.511661, -0.178861, -4.555372
7.667784, -1.050502, 7.516439, -4.258712, 0.383600, 0.370760, -4.248509
7.675832, 0.081973, 8.231592, -4.842475, 0.341680, 0.586987, -4.270676
7.699924, 1.630995, 10.901848, -3.337912, -0.215722, 1.292983, -4.388075
7.708049, 2.770123, 11.929124, -2.208607, -0.493536, 1.297743, -4.227487
7.732045, 6.821443, 13.887072, -0.961150, -1.031380, 1.141224, -3.331364
7.740077, 7.748092, 13.500577, -0.482958, -1.251346, 1.076606, -2.771776
7.764110, 12.359138, 13.422074, -0.218578, -1.250834, 0.843829, -0.951308
7.772139, 13.839181, 13.856975, -0.433288, -1.129053, 0.763902, -0.336412
7.796150, 16.031919, 12.143503, -1.203010, -0.668304, 0.369756, 0.780062
7.804325, 16.282527, 12.068122, -1.344382, -0.443217, 0.317000, 0.942207
7.828408, 17.380102, 11.656105, -2.863954, 0.292480, 0.568325, 1.106938
7.836498, 17.682097, 11.565509, -3.361512, 0.443514, 0.699343, 1.185935
7.860512, 21.170192, 12.929529, -3.681283, 0.559966, 0.418203, 2.397894
7.868510, 22.252599, 12.616387, -3.525252, 0.453206, 0.427640, 2.753887
7.892599, 23.425800, 14.019647, -2.518983, -0.031995, 0.845877, 2.884842
7.900677, 22.804023, 14.457669, -2.177476, -0.224286, 0.981165, 2.555338
7.924788, 21.556761, 15.890796, -0.941092, -0.358106, 1.583304, 1.145050
7.932862, 21.319102, 15.432346, -0.822211, -0.340373, 1.640710, 0.841447
7.956893, 24.587093, 13.361237, -1.600481, -0.003608, 0.839445, 2.585806
7.964877, 25.882435, 12.935915, -2.785094, 0.213024, 0.579498, 3.364108
7.988915, 27.068255, 13.348078, -3.042469, 0.297190, 0.217637, 3.698110
7.996988, 26.183517, 14.269739, -2.358834, 0.281181, 0.428381, 3.222940
8.021187, 24.809951, 16.133063, -1.905150, -0.176742, 0.919875, 1.981094
8.029246, 25.111255, 15.993088, -1.649170, -0.357100, 0.891495, 2.297239
8.053248, 25.828660, 15.454720, -0.917591, -0.311909, 0.483671, 3.022450
8.061272, 25.747458, 15.436967, -2.121700, 0.027650, 0.535732, 3.138899
8.085318, 26.255161, 15.191656, -3.341386, 0.545839, 0.510218, 3.308563
8.093338, 26.349437, 15.049159, -2.657123, 0.424422, 0.555712, 3.592978
8.117498, 26.880109, 16.565513, -2.879768, 0.079653, 0.885227, 3.406897
8.125531, 26.676412, 16.907018, -2.113103, 0.049764, 1.132873, 2.877584
8.149613, 27.088375, 15.914844, -2.339108, 0.335515, 0.841956, 3.223199
8.157648, 27.762050, 15.060149, -3.233999, 0.453626, 0.528181, 3.817881
8.181658, 26.375691, 15.600357, -2.458264, 0.376718, 0.549661, 3.311131
8.189671, 25.245397, 16.610633, -2.042485, 0.179906, 0.803327, 2.615984
8.213925, 26.479207, 16.795205, -0.768770, -0.200581, 0.573423, 3.055693
8.221947, 26.423556, 15.874580, -1.243585, -0.090950, 0.537150, 3.203078
8.245947, 25.559510, 15.309054, -1.888172, 0.440548, 0.631416, 3.162647
8.253959, 26.043161, 15.644860, -2.091302, 0.399174, 0.640479, 3.526941
8.277981, 25.343421, 16.991829, -0.723571, 0.095589, 1.067555, 2.782466
8.285993, 24.787572, 16.422856, -0.895937, 0.126532, 1.139266, 2.429893
8.310213, 26.497003, 14.659994, -1.176982, 0.293991, 0.355863, 3.677233
8.318215, 26.115436, 15.064173, -1.055357, 0.314328, 0.450879, 3.510639
8.342331, 25.064031, 16.130228, -0.002076, 0.059268, 1.111720, 2.693506
8.350281, 26.033774, 16.140651, -0.619311, 0.089460, 0.965226, 3.162535
8.374310, 25.174607, 15.377696, -1.103140, 0.741332, 1.157885, 3.332849
8.382310, 25.535548, 15.867286, -0.762589, 0.867398, 1.266477, 3.515057
8.406488, 25.929164, 15.907622, 0.269772, 0.390639, 1.435629, 3.439381
8.414545, 25.681259, 16.035370, 0.135662, 0.401702, 1.473957, 3.039199
8.438605, 26.631066, 15.375997, -0.262182, 0.614187, 0.661501, 3.857550
8.446655, 26.694183, 15.112200, -0.158109, 0.609188, 0.523312, 3.997247
8.470651, 26.518093, 17.143047, 0.035346, 0.368264, 1.023554, 2.756149
8.478703, 26.367640, 16.476608, 0.256003, 0.151642, 0.897292, 2.916953
8.502830, 26.161242, 16.289158, -0.083737, 0.577909, 0.504200, 3.556215
8.510915, 25.769004, 16.296454, 0.004649, 0.769208, 0.642707, 3.447742
8.535001, 27.096246, 16.669525, 0.178735, 0.366629, 0.684703, 3.614083
8.542954, 26.597117, 16.924138, 0.669255, 0.261291, 0.807261, 3.228503
8.566951, 26.817262, 16.457408, 0.462245, 0.535611, 0.358352, 3.465822
8.574972, 27.349789, 15.816313, 0.506121, 0.521075, 0.106665, 3.883536
8.599162, 27.275793, 17.208969, -0.168739, 0.425092, 0.501410, 3.068715
8.607188, 27.292597, 18.122807, 0.369126, 0.328557, 0.528587, 2.931067
8.631355, 27.416121, 18.216758, 0.417070, 0.536341, 0.084906, 3.862196
8.639319, 26.959344, 17.534121, 0.080762, 0.735243, 0.261455, 3.682004
8.663358, 27.709268, 17.955730, 0.216956, 0.597593, 0.327999, 3.805377
8.671359, 28.031244, 18.600417, 0.736326, 0.436080, 0.313794, 3.780006
8.695372, 28.134483, 18.542854, 0.799591, 0.693058, 0.221467, 3.360621
8.703548, 29.112186, 17.816324, -0.301568, 0.769894, -0.176888, 3.928334
8.727615, 28.896392, 18.702176, 0.061094, 0.654794, -0.108035, 3.618005
8.735629, 28.988806, 20.602395, 0.444977, 0.676846, 0.116857, 3.214336
8.759726, 29.412753, 19.914242, 0.462334, 0.593754, -0.204001, 3.995928
8.767728, 29.521142, 19.550220, -0.232516, 0.843023, -0.318758, 4.211755
8.791797, 29.362921, 20.067142, 0.377916, 0.939911, -0.145603, 4.117965
8.799879, 30.014478, 20.833834, 0.977747, 0.765872, -0.114274, 4.202457
8.823997, 30.867036, 20.613783, 0.421544, 0.890808, 0.047069, 3.688696
8.831995, 31.042748, 20.043223, -0.255469, 0.993466, -0.206527, 3.899421
8.856044, 31.983681, 20.623621, 0.122226, 1.020327, -0.599939, 4.625212
8.864077, 31.337194, 21.152459, 0.648816, 1.047727, -0.146771, 4.136287
8.888167, 31.681778, 20.940418, 0.501238, 1.041700, 0.184538, 4.379883
8.896139, 31.622856, 20.294419, 0.342516, 1.147571, 0.016662, 4.754333
8.920337, 32.387328, 21.804067, 0.678283, 1.671814, 0.000499, 4.745188
8.928363, 32.819041, 21.612141, 0.873299, 1.442422, -0.053117, 4.816368
8.952442, 9.159508, -7.833106, -1.039233, 0.110364, 0.828331, 2.380009
8.960386, 8.984115, -7.719061, -1.011812, 0.233716, 0.789263, 2.199523
8.984473, 9.028028, -7.962261, -0.729570, 0.075931, 0.024397, 2.896212
8.992506, 8.666210, -7.663832, -0.432826, -0.011807, 0.230221, 2.552272
9.016720, 7.378080, -6.591771, -0.120390, -0.097944, 0.808719, 2.006511
9.024711, 7.558154, -6.828142, -0.085473, -0.110785, 0.514309, 2.418386
9.048815, 7.545531, -6.914613, -0.590506, 0.205209, 0.323898, 2.433347
9.056775, 7.740055, -7.096806, -0.736073, 0.148345, 0.424963, 2.282232
9.080800, 8.098876, -7.514742, -0.475944, -0.288677, 0.471466, 2.259356
9.088831, 7.849720, -7.308314, -0.360995, -0.164076, 0.499424, 1.993800
9.112975, 8.400473, -7.978465, -1.066338, -0.159693, -0.087380, 2.492238
9.121021, 8.375730, -7.995054, -1.226444, -0.252991, -0.082918, 2.591785
9.145204, 6.797717, -6.555565, -0.224860, -0.138383, 0.589091, 1.877904
9.153164, 6.879777, -6.702147, -0.089863, -0.228680, 0.377574, 2.169831
9.177194, 7.719233, -7.633570, -1.039347, -0.022449, 0.089787, 2.512422
9.185211, 7.655573, -7.578855, -1.089412, 0.100703, 0.272724, 2.276827
9.209344, 8.017931, -8.061953, -0.076458, -0.373444, 0.281223, 2.388042
9.217454, 8.121154, -8.196841, -0.272742, -0.365640, 0.148280, 2.291791
9.241503, 8.024384, -8.221235, -1.410504, -0.191763, -0.178758, 2.261645
9.249495, 7.878241, -8.163218, -1.510309, -0.260592, -0.409795, 2.620049
9.273567, 6.443292, -6.728726, -0.126594, -0.262627, 0.312009, 1.991385
9.281533, 6.285940, -6.564444, -0.243265, -0.208650, 0.472935, 1.829030
9.305668, 7.326996, -7.847275, -0.997430, -0.297205, -0.109921, 2.770273
9.313819, 7.359031, -7.938363, -1.336199, -0.189541, -0.304675, 2.870185
9.337872, 7.263672, -7.854332, -0.491038, -0.080734, 0.126762, 2.232878
9.345916, 7.632527, -8.271389, -0.294073, -0.302331, 0.194549, 2.340665
9.369914, 7.463016, -8.151112, -0.678509, -0.488142, 0.242682, 2.195974
9.377910, 6.947788, -7.622275, -0.757342, -0.283254, 0.261034, 2.038689
9.402085, 6.682437, -7.564270, -0.817987, -0.067603, -0.299872, 2.744401
9.410080, 6.859921, -7.820363, -0.604571, -0.122299, -0.370787, 2.999347
9.434198, 7.086313, -8.027820, -0.695295, -0.098838, 0.472171, 2.710594
9.442283, 7.065508, -7.960896, -0.338803, 0.034038, 0.901659, 2.357299
9.466242, 7.532841, -8.623718, -0.092347, 0.097860, 0.866315, 2.832557
9.474270, 7.944276, -9.178455, -0.597719, 0.112327, 0.542200, 3.205664
9.498314, 8.108425, -9.538399, -0.758841, 0.241003, 0.060979, 3.468413
9.506426, 7.847710, -9.218493, -0.595825, 0.312164, 0.199956, 3.076092
9.530497, 6.840946, -8.032276, -0.202355, 0.274863, 0.688842, 2.486110
9.538588, 6.853809, -8.081746, 0.215970, -0.008409, 0.603973, 2.595146
9.562581, 6.536194, -7.782757, 0.369505, -0.567491, 0.376569, 2.690658
9.570642, 6.642850, -7.943252, 0.041942, -0.548319, 0.240029, 2.748837
9.594641, 6.563791, -7.897062, -0.356903, -0.148766, -0.041334, 2.216562
9.602764, 6.487229, -7.849340, -0.439565, 0.046184, -0.181609, 2.166614
9.626900, 6.827396, -8.414903, -1.073329, -0.182934, -0.702590, 2.762483
9.634943, 6.927411, -8.602394, -1.430569, -0.321450, -0.979334, 3.006040
9.658873, 7.030560, -8.748575, -0.620424, -0.715393, -0.790122, 3.077316
9.666891, 7.201042, -8.930589, -0.150166, -0.752217, -0.548291, 3.007963
9.690979, 6.801415, -8.230663, 0.636957, -0.410323, 0.648312, 1.847178
9.698969, 6.766316, -8.146575, 0.907323, -0.341326, 0.853398, 1.557340
9.723208, 6.461071, -7.795115, 0.486582, -0.083398, 1.107950, 1.519715
9.731309, 6.579450, -7.965841, 0.583558, -0.067862, 1.143654, 1.666989
9.755321, 7.038388, -8.821086, -0.166773, -0.302270, 0.014420, 2.767045
9.763280, 7.331120, -9.255348, -0.238845, -0.421861, -0.333740, 3.007288
9.787347, 7.363090, -9.540737, -1.145021, -0.635228, -1.208187, 3.881237
9.795312, 7.412085, -9.649016, -1.138227, -0.625671, -1.348898, 4.012156
9.819525, 7.511072, -9.916448, -1.909373, -0.475280, -1.790349, 4.429080
9.827547, 7.242150, -9.586494, -1.956652, -0.335328, -1.777639, 4.281562
9.851626, 6.614411, -8.694651, -2.003888, -0.068392, -1.341642, 3.476330
9.859584, 6.478024, -8.477763, -1.840745, 0.029424, -1.197218, 3.142037
9.883670, 5.733165, -7.352528, -1.133067, 0.370163, -0.427816, 2.000890
9.891694, 5.411337, -6.903338, -0.906862, 0.398212, -0.233614, 1.727911
9.915961, 4.837654, -6.173064, -1.062839, 0.576662, -0.128374, 1.493577
9.923908, 4.644009, -5.908233, -0.882372, 0.567287, -0.042378, 1.355411
9.948067, 4.194420, -5.373893, -0.830425, 0.682824, -0.150984, 1.280844
9.956002, 3.965734, -5.085262, -0.703570, 0.765136, -0.118204, 1.199600
9.980018, 3.183987, -4.060047, -0.056382, 0.975633, 0.160250, 0.834992
9.988025, 2.945073, -3.745306, 0.131488, 1.030440, 0.251118, 0.724798
10.012248, 2.497566, -3.132360, 0.585217, 1.193160, 0.503362, 0.393707
10.020298, 2.413333, -3.017255, 0.694725, 1.238791, 0.540994, 0.313145
10.044308, 1.733237, -2.053973, 1.037917, 1.351639, 0.959208, -0.294058
10.052403, 1.138214, -1.126672, 1.391489, 1.270554, 1.633797, -1.048424
10.076317, -2.170160, 3.008930, 2.056010, 1.423549, 1.846565, -1.905853
10.084345, -2.933974, 3.892525, 2.113589, 1.221089, 1.717709, -1.843529
10.108507, -5.062407, 6.436609, 1.602168, 1.217243, 2.144726, -2.519502
10.116564, -5.349959, 6.637108, 1.830707, 1.137712, 1.727737, -2.387675
10.140660, -6.802908, 7.996497, 2.905137, 1.093677, 1.332927, -2.748689
10.148668, -6.968662, 8.054767, 3.177016, 0.980355, 1.165855, -2.838461
10.172662, -6.547378, 7.087125, 1.230593, 1.104821, -0.277731, -2.467480
10.180703, -6.275058, 6.554384, 0.734326, 1.338499, -1.101220, -1.856708
10.204846, -4.409676, 4.430749, 0.208353, 1.331002, -1.247362, -1.994810
10.212832, -4.195718, 4.144738, 0.227627, 1.198310, -1.416339, -1.897092
10.236959, -4.332780, 4.063140, 0.018072, 1.354017, -1.784895, -1.635112
10.245097, -4.304667, 4.011574, -0.029514, 1.341876, -1.639915, -1.781335
10.269004, -6.672800, 5.966720, -0.457507, 1.250137, -1.723483, -1.623589
10.277028, -7.310682, 6.434236, -0.012802, 1.370457, -1.630493, -1.738504
10.301173, -7.572306, 6.341806, 0.933156, 1.245473, -1.728018, -1.612294
10.309226, -11.295956, 2.967321, 0.499115, 1.147135, -1.615049, -1.908776
10.333359, -10.366505, 2.234333, 0.002649, 1.011796, -1.859351, -2.079179
10.341370, -10.253892, 2.066326, -0.178807, 0.932051, -1.992468, -1.975903
10.365347, -11.489118, 1.807932, -0.750673, 1.127460, -1.864387, -1.960287
10.373367, -11.306667, 0.936029, -0.564432, 1.072791, -1.978438, -1.759389
10.397399, -14.304178, 0.767490, -0.021020, 1.051121, -1.878551, -1.958341
10.405560, -14.682746, 0.606118, 0.291255, 1.021422, -1.797264, -1.990636
10.429683, -14.440368, 0.665265, 0.178755, 1.116158, -1.935710, -1.740010
10.437634, -14.568665, 0.659571, -0.194104, 1.226949, -1.944169, -1.773248
10.461680, -12.849081, 0.138076, -0.656323, 1.238775, -2.042110, -1.540288
10.469721, -13.429689, 0.645778, -0.432363, 1.224320, -1.936725, -1.766241
10.493807, -12.816912, 0.029428, -0.603296, 1.228028, -2.202384, -1.608804
10.501877, -13.191889, 0.104207, -0.601524, 1.270175, -2.412763, -1.439868
10.526031, -15.033314, 0.814068, -0.619306, 1.348663, -2.395590, -1.534489
10.534105, -14.234250, 0.661505, -0.577630, 1.266753, -2.338442, -1.436108
10.558099, -15.488898, 0.902316, -0.648785, 1.384282, -2.268493, -1.446966
10.566086, -13.972731, 0.876659, -0.970878, 1.570509, -2.511883, -0.994748
10.590152, -13.994983, 1.468880, -1.633787, 1.748305, -2.389414, -0.714716
10.598117, -14.120897, 2.237877, -1.556970, 1.627586, -2.234528, -0.934112
10.622349, -13.355999, 2.578636, -1.861436, 1.742988, -2.213093, -0.651587
10.630471, -14.786201, 3.214975, -1.687619, 1.605408, -2.044111, -0.476392
10.654434, -11.424901, 1.783096, -3.256579, 1.893280, -2.221161, -0.096107
10.662368, -11.638483, 0.971995, -1.605382, 1.505744, -2.180880, -0.398401
10.686475, -13.190466, 1.690416, -0.983955, 1.209283, -1.715404, -1.801111
10.694441, -13.009180, 1.372841, -1.063230, 1.228895, -1.771968, -1.952464
10.718714, -13.053186, -0.862310, -2.464385, 1.188227, -1.941805, -1.128777
10.726652, -13.770042, -4.089010, -2.508016, 0.922119, -1.929455, -1.130157
10.750776, -9.787672, -6.245298, -2.430659, 0.592425, -2.241978, -0.360348
10.758735, -7.371359, -6.537145, -2.470632, 0.558251, -2.390660, -0.031278
10.782716, -3.065055, -5.157186, -3.309132, 0.628550, -2.575371, 0.900581
10.790724, -1.456208, -3.957819, -4.490922, 0.769407, -2.608469, 1.281726
10.814827, 0.597620, -2.039813, -6.368780, 0.916849, -2.474143, 1.553997
10.822909, 0.067567, -2.605559, -6.129584, 0.843907, -2.366279, 1.298932
10.846985, -1.593999, -7.677946, -5.686045, 0.531711, -2.005140, 0.333710
10.854935, -2.645441, -9.172130, -5.634523, 0.430757, -1.821473, -0.071668
10.879013, -4.672622, -9.279620, -5.052402, 0.338189, -1.417935, -0.767797
10.887011, -4.923395, -8.540486, -4.778061, 0.347128, -1.309985, -0.922215
10.911165, -6.579718, -8.875872, -3.193791, 0.077400, -1.040042, -1.769649
10.919241, -7.655832, -10.349580, -2.220445, -0.105108, -0.950460, -2.165232
10.943252, -11.498921, -15.666694, -0.979869, -0.574958, -0.644923, -3.167314
10.951292, -12.411375, -16.850543, -1.245834, -0.635150, -0.544828, -3.378500
10.975225, -15.106773, -19.839722, -1.168342, -0.871781, -0.275599, -4.004520
10.983314, -16.160220, -20.803456, -0.748168, -0.993886, -0.194613, -4.270586
11.007487, -18.702275, -22.964827, 1.745261, -1.383329, 0.007042, -5.053382
11.015436, -19.123944, -23.267327, 2.390527, -1.468363, 0.068800, -5.256127
11.039524, -18.380362, -21.267659, 2.619597, -1.400340, 0.089651, -5.268155
11.047545, -18.045905, -20.382651, 2.751586, -1.373229, 0.094263, -5.249708
11.071537, -17.833113, -18.748718, 3.721495, -1.408952, 0.149487, -5.362672
11.079555, -17.691990, -18.083330, 4.093565, -1.413451, 0.164333, -5.374832
11.103703, -17.052515, -15.540356, 5.244893, -1.411529, 0.198642, -5.436342
11.111725, -16.775629, -14.734061, 5.501343, -1.397257, 0.199880, -5.417738
11.135808, -15.697897, -12.202201, 5.529824, -1.275873, 0.209541, -5.272656
11.143877, -15.456088, -11.469464, 5.649870, -1.254544, 0.217497, -5.257088
11.167829, -13.887465, -9.211217, 6.003424, -1.150780, 0.181810, -5.086757
11.175872, -13.230527, -8.517956, 6.084856, -1.112447, 0.165636, -5.018305
11.199857, -11.851076, -6.557754, 6.251513, -1.011536, 0.160908, -4.899154
11.208091, -11.265498, -5.744645, 6.308170, -0.965361, 0.136203, -4.793698
11.232079, -10.261581, -4.239944, 6.328311, -0.863909, 0.140810, -4.693156
11.240169, -9.747592, -3.612775, 6.294369, -0.813723, 0.123323, -4.596717
11.264119, -9.054230, -2.600892, 6.195874, -0.740641, 0.154192, -4.540619
11.272196, -8.695220, -2.053326, 6.096912, -0.693360, 0.148550, -4.509076
11.296205, -8.240075, -1.629256, 5.737971, -0.639069, 0.179033, -4.483646
11.304279, -7.955271, -1.335811, 5.632662, -0.602288, 0.182887, -4.431896
11.328372, -7.537708, -1.262016, 5.235747, -0.561644, 0.192324, -4.339579
11.336442, -7.417249, -1.206158, 5.064416, -0.540783, 0.192630, -4.317390
11.360453, -7.022390, -1.055391, 4.596059, -0.481253, 0.212571, -4.241508
11.368419, -6.850730, -1.012006, 4.460317, -0.469737, 0.214252, -4.204631
11.392486, -6.561855, -1.123526, 4.009044, -0.428560, 0.213985, -4.131026
11.400567, -6.410639, -1.105710, 3.841872, -0.414059, 0.196562, -4.100508
11.424657, -6.161729, -1.154542, 3.442856, -0.391261, 0.188371, -4.066982
11.432770, -6.115829, -1.215908, 3.265068, -0.382875, 0.184831, -4.061626
11.456751, -6.012796, -1.515210, 2.788219, -0.360457, 0.210491, -4.063340
11.464716, -6.037424, -1.696490, 2.624572, -0.362559, 0.216514, -4.079830
11.488818, -6.107820, -2.455665, 2.026522, -0.361079, 0.211871, -4.083633
11.496748, -6.152338, -2.815509, 1.837909, -0.373083, 0.213831, -4.087344
11.520841, -6.695554, -3.989006, 1.350335, -0.432539, 0.272876, -4.229540
11.529035, -6.883184, -4.450047, 1.189339, -0.453811, 0.288703, -4.274336
11.553089, -7.448259, -5.968724, 0.703896, -0.514315, 0.320338, -4.388382
11.561067, -7.724610, -6.505660, 0.575918, -0.548035, 0.348472, -4.459479
11.585066, -8.425156, -8.180937, 0.141079, -0.623030, 0.379213, -4.604816
11.593069, -8.723960, -8.801044, -0.016571, -0.645776, 0.386858, -4.671793
11.617192, -9.529018, -10.612285, -0.417525, -0.727669, 0.426674, -4.825994
11.625241, -9.885793, -11.229506, -0.525582, -0.762421, 0.464586, -4.916218
11.649310, -10.611678, -12.925801, -0.870405, -0.845189, 0.484662, -5.082090
11.657286, -10.860572, -13.427026, -0.933502, -0.888442, 0.503296, -5.136227
11.681373, -11.448059, -14.783777, -1.178614, -0.967172, 0.527910, -5.281528
11.689344, -11.535667, -15.131723, -1.253203, -0.981029, 0.532207, -5.300583
11.713511, -11.977944, -16.297367, -1.474705, -1.036906, 0.548234, -5.411783
11.721599, -12.120454, -16.644395, -1.547733, -1.051090, 0.548502, -5.446387
11.745571, -12.615120, -17.587837, -1.667632, -1.126046, 0.582770, -5.608811
11.753609, -12.757691, -17.995405, -1.744173, -1.139958, 0.590027, -5.632344
11.777632, -12.816503, -18.100271, -1.774217, -1.159386, 0.593159, -5.737477
11.785612, -12.873732, -18.286765, -1.796804, -1.177993, 0.587915, -5.762964
11.809771, -13.125480, -18.961124, -1.889595, -1.229785, 0.580622, -5.851008
11.817730, -13.110075, -18.984825, -1.891447, -1.235881, 0.581284, -5.872965
11.841929, -12.852422, -18.703850, -1.874782, -1.231571, 0.541847, -5.895241
11.849877, -12.787359, -18.715592, -1.904040, -1.222957, 0.526770, -5.901304
11.873914, -12.634714, -18.694568, -1.918506, -1.224899, 0.504568, -5.925418
11.881894, -12.618221, -18.713429, -1.928849, -1.226819, 0.494580, -5.936815
11.905990, -12.383095, -18.669927, -1.959234, -1.211651, 0.473238, -5.929375
11.914050, -12.304759, -18.590214, -1.956071, -1.204764, 0.471680, -5.931473
11.938120, -12.009757, -18.490310, -1.971331, -1.184510, 0.460906, -5.906453
11.946209, -11.928912, -18.439580, -1.972561, -1.177166, 0.461061, -5.906864
11.970149, -11.597988, -18.177571, -1.940432, -1.174499, 0.413565, -5.868902
11.978155, -11.515942, -18.075695, -1.927856, -1.172587, 0.401693, -5.875887
12.002279, -11.099389, -17.798380, -1.895438, -1.159175, 0.370132, -5.832664
12.010327, -10.985799, -17.701728, -1.891068, -1.154618, 0.349234, -5.827585
12.034477, -10.545039, -17.221544, -1.844071, -1.126151, 0.315204, -5.788558
12.042426, -10.439132, -17.084060, -1.833198, -1.115228, 0.311831, -5.789185
12.066425, -10.002074, -16.585432, -1.797368, -1.077255, 0.279275, -5.729781
12.074436, -9.837933, -16.418568, -1.776352, -1.067607, 0.272603, -5.706581
12.098508, -9.504742, -16.023944, -1.723717, -1.047762, 0.259289, -5.678958
12.106564, -9.315729, -15.893012, -1.736691, -1.028454, 0.232100, -5.630545
12.130677, -8.945858, -15.396873, -1.686211, -0.995633, 0.215032, -5.604185
12.138789, -8.811976, -15.152640, -1.640104, -0.990465, 0.214075, -5.601080
12.162728, -8.337872, -14.618134, -1.599937, -0.953198, 0.166617, -5.502931
12.170760, -8.141351, -14.429668, -1.592264, -0.933004, 0.157196, -5.464123
12.194796, -7.746299, -13.955189, -1.537486, -0.908301, 0.125492, -5.407118
12.202866, -7.608185, -13.768025, -1.513240, -0.898814, 0.118503, -5.399184
12.227015, -7.155410, -13.328142, -1.465285, -0.870048, 0.092156, -5.316081
12.235082, -6.998507, -13.118099, -1.436358, -0.864601, 0.070429, -5.295749
12.259057, -6.525919, -12.529249, -1.335056, -0.849816, 0.038646, -5.224287
12.267049, -6.341294, -12.398374, -1.347934, -0.828939, 0.015797, -5.166348
12.291093, -5.917237, -11.792613, -1.282806, -0.786308, 0.008625, -5.123841
12.299119, -5.767572, -11.630551, -1.259152, -0.780494, -0.003802, -5.097227
12.323362, -5.310754, -11.097796, -1.231812, -0.734437, -0.045840, -5.039160
12.331266, -5.083010, -10.853890, -1.199375, -0.723159, -0.062563, -5.000882
12.355320, -4.555085, -10.193934, -1.108617, -0.691371, -0.089207, -4.899325
12.363278, -4.382684, -10.069896, -1.107139, -0.678503, -0.108283, -4.847334
12.387336, -3.943691, -9.469399, -1.056733, -0.629463, -0.122036, -4.791816
12.395312, -3.818567, -9.276213, -1.057390, -0.606483, -0.132004, -4.773989
12.419483, -3.436317, -8.700692, -1.008511, -0.554661, -0.134868, -4.739087
12.427587, -3.320754, -8.482233, -0.985347, -0.539512, -0.134217, -4.735543
12.451621, -3.012235, -7.940761, -0.942664, -0.495216, -0.139904, -4.705295
12.459572, -2.848894, -7.784099, -0.931474, -0.480706, -0.146610, -4.667433
12.483624, -2.579880, -7.182898, -0.772021, -0.468873, -0.141092, -4.667117
12.491631, -2.427112, -6.971885, -0.753602, -0.455776, -0.152274, -4.647523
12.515764, -2.064479, -6.328927, -0.706717, -0.412732, -0.183823, -4.585589
12.523887, -1.909368, -6.138692, -0.688510, -0.400428, -0.192133, -4.554105
12.547889, 0.378871, -4.052124, -0.931538, -0.349335, -0.190307, -4.176266
12.555905, 3.620082, 0.006937, -1.943689, -0.080915, -0.330143, -3.446149
12.579968, 9.739089, 10.092071, -4.789107, 0.219625, 0.207351, -2.393395
12.587938, 11.744379, 11.431003, -6.320735, 0.153678, 0.213758, -1.687464
12.612210, 19.571873, 13.924654, -10.803284, 0.846971, 0.090124, 0.297819
12.620129, 21.079471, 13.743523, -10.895406, 0.770759, 0.200333, 0.770504
12.644281, 24.111075, 13.441936, -10.845404, 0.726652, 0.251516, 1.458302
12.652245, 23.190586, 13.288917, -9.688293, 0.496255, 0.519106, 1.064491
12.676253, 19.470791, 10.621862, -9.740982, 0.259143, 1.013591, 1.028448
12.684290, 13.843165, 2.992089, -9.568835, -0.193209, 1.387235, 0.381152
12.708413, 10.040229, -5.879058, -7.651850, -0.985531, 1.907355, -0.758483
12.716459, 10.152665, -6.808519, -6.763448, -1.143297, 2.026914, -0.785134
12.740529, 8.025172, -5.491636, -4.359324, -1.122219, 2.264229, -0.790672
12.748560, 8.910440, -4.902701, -4.771439, -0.947270, 2.285825, -0.431769
12.772625, 6.938483, -6.138567, -4.707408, -1.025697, 2.529466, -0.333033
12.780617, 7.232271, -5.782983, -4.041760, -1.050249, 2.590525, -0.498045
12.804775, 8.761483, -6.836545, -2.570372, -1.194756, 2.574248, -0.353374
12.812839, 7.459654, -7.461069, -2.314707, -1.202382, 2.654368, -0.512362
12.836892, 7.825553, -6.605369, -1.279923, -1.158701, 2.562800, -0.304804
12.845002, 6.703659, -6.935518, -1.215460, -1.206940, 2.693230, -0.323761
12.869008, 6.348514, -6.623548, -0.679341, -1.249920, 2.700216, -0.384299
12.877013, 7.665113, -6.920415, -0.429349, -1.286548, 2.545764, -0.116964
12.901114, 5.974627, -7.397954, 0.076472, -1.231802, 2.729430, -0.239442
12.909081, 6.508424, -7.369443, 0.029335, -1.219374, 2.695545, -0.041574
12.933244, 7.478819, -6.130385, 0.076633, -1.041396, 3.031591, 0.143430
12.941270, 6.851504, -5.676715, 0.250585, -1.077472, 3.099517, 0.047927
12.965344, 7.504030, -6.521122, 0.676487, -1.110786, 2.909196, 0.236563
12.973303, 7.101120, -6.245481, 0.682120, -1.014121, 2.937640, 0.194837
12.997359, 6.743139, -6.173279, 1.004144, -1.163860, 2.842935, 0.296058
13.005481, 6.734900, -6.229224, 1.209460, -1.152104, 2.990963, 0.156108
13.029610, 6.204554, -5.940849, 1.075010, -1.121465, 3.020699, 0.199751
13.037593, 6.698214, -6.542186, 1.023290, -1.147000, 2.821603, 0.350965
13.061765, 6.332024, -6.407852, 1.405371, -1.074440, 2.982598, 0.271340
13.069729, 6.088908, -6.220557, 1.643154, -1.207923, 3.082965, 0.294096
13.093742, 6.564270, -7.002568, 1.816316, -0.954994, 3.260312, 0.424429
13.101787, 6.476454, -7.021817, 1.718713, -0.876720, 3.095995, 0.600168
13.126034, 5.152739, -5.674400, 1.730822, -0.776739, 3.076148, 0.375331
13.133964, 4.919309, -5.475705, 1.820409, -0.886032, 2.907964, 0.515202
13.158073, 3.766551, -4.164447, 2.152758, -0.672047, 3.123051, 0.423543
13.166050, 3.833903, -4.394276, 1.743247, -0.719846, 2.544743, 0.882025
13.190051, 3.138871, -3.588653, 1.554757, -0.384120, 2.372106, 0.621444
13.198031, 2.809891, -3.137321, 1.707040, -0.282486, 2.562673, 0.374202
13.222220, 2.137808, -2.301087, 1.999986, 0.040682, 2.514481, 0.054449
13.230287, 1.977587, -2.183075, 1.590622, 0.368390, 2.134758, 0.111933
13.254334, 1.864519, -1.883894, -0.204037, 0.849142, 2.439934, -0.825570
13.262342, 2.057179, -2.053500, 0.010108, 0.965069, 2.600827, -1.230003
13.286361, 1.517361, -1.263291, 0.227199, 1.394672, 2.911408, -2.134503
13.294351, 1.203923, -0.853851, 0.207118, 1.527571, 2.954456, -2.352685
13.318503, -0.486829, 1.323460, 0.354850, 1.890626, 3.300169, -2.993160
13.326631, -1.002710, 1.981482, 0.218182, 2.038389, 3.375823, -3.170449
13.350623, -1.823894, 2.890817, 0.272104, 2.417810, 2.870090, -3.168288
13.358671, -1.923827, 2.934976, 0.173847, 2.526304, 2.514309, -3.001192
13.382600, -1.798165, 2.690615, -1.080656, 2.764121, 2.000191, -2.887063
13.390664, -1.702806, 2.586281, -1.821865, 2.780154, 1.994799, -2.929888
13.414822, -1.596041, 2.456595, -3.856285, 2.940639, 1.874635, -2.962001
13.422736, -1.675556, 2.517469, -4.285935, 3.017818, 1.692931, -2.884423
13.446975, -1.965711, 2.782934, -4.198987, 3.161638, 1.281834, -2.732341
13.454909, -2.108469, 2.925197, -3.943298, 3.203858, 1.141131, -2.682731
13.478865, -2.214534, 2.950398, -3.221683, 3.362409, 0.681348, -2.531563
13.486908, -2.205201, 2.924191, -2.923864, 3.386287, 0.610959, -2.533032
13.510993, -2.131436, 2.783868, -2.256190, 3.451106, 0.366397, -2.499126
13.519082, -2.085928, 2.695975, -2.173638, 3.511689, 0.218360, -2.450890
13.543251, -2.003540, 2.564042, -1.674573, 3.556849, 0.078955, -2.421921
13.551216, -2.049773, 2.615671, -1.436860, 3.525114, 0.056992, -2.407098
13.575269, -2.196021, 2.740054, -1.117294, 3.489658, -0.169750, -2.239821
13.583180, -2.212936, 2.739501, -1.068778, 3.493765, -0.257570, -2.178417
13.607267, -2.267071, 2.780043, -0.733316, 3.460061, -0.353686, -2.095120
13.615356, -2.226195, 2.733435, -0.626420, 3.432561, -0.345450, -2.106814
13.639434, -2.043855, 2.501148, -0.455085, 3.365016, -0.387200, -2.062542
13.647441, -2.017288, 2.474186, -0.364749, 3.336934, -0.369145, -2.076984
13.671323, -2.043760, 2.524657, -0.106669, 3.241199, -0.305601, -2.113995
13.679343, -2.050826, 2.521789, -0.114090, 3.230623, -0.344053, -2.062492
13.703543, -2.141237, 2.636993, -0.022984, 3.183217, -0.323280, -2.056134
13.711439, -2.199790, 2.735695, 0.147966, 3.121933, -0.210831, -2.120586
13.735585, -2.279838, 2.847555, 0.259537, 3.082450, -0.143610, -2.141537
13.743704, -2.297992, 2.874987, 0.328444, 3.062509, -0.117454, -2.147468
13.767638, -2.436783, 3.085524, 0.662118, 2.965523, 0.047542, -2.251159
13.775663, -2.458702, 3.114368, 0.706940, 2.955773, 0.053661, -2.257821
13.799680, -2.590335, 3.319376, 1.171633, 2.869086, 0.231160, -2.387749
13.807746, -2.662183, 3.441502, 1.457646, 2.822892, 0.379854, -2.484175
13.831880, -2.762172, 3.595987, 1.712081, 2.756717, 0.523798, -2.558807
13.840072, -2.782011, 3.628574, 1.796696, 2.739431, 0.561529, -2.578150
13.863992, -2.896604, 3.819180, 2.013396, 2.648776, 0.781919, -2.692468
13.871956, -2.926695, 3.871578, 2.120201, 2.633313, 0.857869, -2.730336
13.895985, -2.996117, 3.981773, 2.073298, 2.577976, 0.965364, -2.773221
13.904070, -3.049528, 4.073559, 2.222137, 2.542298, 1.079359, -2.843580
13.928306, -3.126372, 4.200764, 2.460505, 2.488236, 1.245809, -2.907111
13.936253, -3.138514, 4.213634, 2.461672, 2.488751, 1.244349, -2.894504
13.960320, -3.213500, 4.333895, 2.366727, 2.455162, 1.372969, -2.948041
13.968316, -3.247592, 4.392688, 2.366060, 2.432002, 1.443137, -2.990323
13.992302, -3.300216, 4.468244, 2.094281, 2.435932, 1.489391, -3.005344
14.000270, -3.333126, 4.523037, 2.079068, 2.419503, 1.541971, -3.048167
14.024435, -3.390500, 4.612277, 1.929907, 2.412851, 1.625045, -3.087727
14.032486, -3.380881, 4.589832, 1.788469, 2.430361, 1.573343, -3.060065
14.056558, -3.448164, 4.687670, 1.633691, 2.444817, 1.639921, -3.100240
14.064550, -3.489593, 4.751540, 1.633416, 2.437586, 1.690661, -3.141706
14.088568, -3.518141, 4.784423, 1.433120, 2.470553, 1.688934, -3.129048
14.096524, -3.527759, 4.798753, 1.402265, 2.471607, 1.706462, -3.127549
14.120725, -3.590731, 4.894331, 1.332792, 2.490975, 1.778838, -3.193947
14.128797, -3.576003, 4.860886, 1.218292, 2.516042, 1.724625, -3.139826
14.152804, -3.641261, 4.948197, 1.131627, 2.531243, 1.745457, -3.173357
14.160914, -3.680621, 5.010065, 1.173566, 2.519931, 1.802965, -3.212791
14.184801, -3.693048, 5.016802, 1.051008, 2.538019, 1.764128, -3.189884
14.192837, -3.716226, 5.048838, 1.035783, 2.550631, 1.770295, -3.215126
14.217043, -3.750783, 5.096613, 1.047073, 2.532264, 1.795872, -3.220759
14.225003, -3.722315, 5.045004, 0.953894, 2.558252, 1.730362, -3.170817
14.249163, -3.765658, 5.096298, 0.901216, 2.579362, 1.721766, -3.172492
14.257154, -3.782363, 5.130980, 0.968520, 2.566826, 1.784262, -3.212382
14.281087, -3.810517, 5.154031, 0.879584, 2.591320, 1.724083, -3.195505
14.289108, -3.822591, 5.166560, 0.850244, 2.608324, 1.716864, -3.192071
14.313186, -3.894882, 5.265472, 0.883186, 2.615107, 1.759241, -3.231099
14.321260, -3.884240, 5.244350, 0.840056, 2.623690, 1.727413, -3.205439
14.345396, -3.916369, 5.274818, 0.800984, 2.632072, 1.693102, -3.175696
14.353350, -3.949191, 5.332218, 0.904448, 2.605771, 1.773053, -3.215335
14.377332, -3.976994, 5.361578, 0.848940, 2.637554, 1.751999, -3.214287
14.385372, -4.000243, 5.389834, 0.833252, 2.652263, 1.754553, -3.215355
14.409417, -4.015117, 5.409464, 0.871153, 2.644675, 1.772803, -3.206264
14.417568, -4.017736, 5.399568, 0.793823, 2.669858, 1.709030, -3.182210
14.441629, -4.023089, 5.392931, 0.731593, 2.686497, 1.646046, -3.153083
14.449594, -4.064882, 5.458910, 0.812333, 2.671140, 1.708849, -3.195978
14.473601, -4.105265, 5.509574, 0.840338, 2.677755, 1.726655, -3.192053
14.481618, -4.103553, 5.502341, 0.818055, 2.687193, 1.709042, -3.175168
14.505683, -4.093365, 5.459347, 0.661107, 2.727260, 1.573365, -3.097835
14.513674, -4.091259, 5.442547, 0.598849, 2.749123, 1.520284, -3.053841
14.537965, -4.091973, 5.423732, 0.513557, 2.778972, 1.452155, -2.987203
14.545924, -4.090786, 5.416503, 0.483372, 2.781718, 1.421613, -2.975123
14.569975, -4.084919, 5.391383, 0.416012, 2.801666, 1.353981, -2.917329
14.577966, -4.087791, 5.384598, 0.385465, 2.807462, 1.315904, -2.881019
14.601995, -4.116918, 5.405793, 0.337073, 2.810671, 1.244927, -2.844981
14.610000, -4.127885, 5.415345, 0.310661, 2.825695, 1.227596, -2.839776
14.634115, -4.129145, 5.407805, 0.292685, 2.830385, 1.195403, -2.807602
14.642229, -4.134406, 5.411993, 0.289977, 2.826687, 1.184616, -2.799938
14.666124, -4.153547, 5.432513, 0.289331, 2.840848, 1.173838, -2.796489
14.674147, -4.153966, 5.431793, 0.276996, 2.850631, 1.168646, -2.796779
14.698177, -4.137341, 5.403277, 0.265099, 2.847760, 1.141068, -2.762634
14.706262, -4.134724, 5.395995, 0.254016, 2.854825, 1.129104, -2.747591
14.730471, -4.161026, 5.426451, 0.247774, 2.864397, 1.120557, -2.747692
14.738411, -4.153789, 5.413900, 0.235217, 2.872646, 1.106551, -2.738162
14.762579, -4.120887, 5.362390, 0.225253, 2.866375, 1.061270, -2.698177
14.770398, -4.119614, 5.357424, 0.222513, 2.869918, 1.050261, -2.685940
14.794473, -4.082491, 5.292584, 0.201065, 2.854725, 0.967190, -2.619175
14.802491, -4.082512, 5.293124, 0.214434, 2.852567, 0.967057, -2.623044
14.826604, -4.081145, 5.288489, 0.227844, 2.855468, 0.953156, -2.618031
14.834624, -4.090785, 5.300408, 0.232367, 2.860712, 0.958990, -2.615790
14.858749, -4.096305, 5.304483, 0.225695, 2.870168, 0.931939, -2.628200
14.866714, -4.085806, 5.287493, 0.213261, 2.870783, 0.919829, -2.609553
14.890766, -4.100396, 5.303203, 0.208464, 2.887271, 0.909044, -2.612703
14.898761, -4.098995, 5.300313, 0.208910, 2.888589, 0.901354, -2.612679
14.922963, -4.091014, 5.285328, 0.203828, 2.892148, 0.879173, -2.598499
14.931070, -4.072240, 5.257542, 0.209504, 2.881165, 0.868211, -2.569258
14.955053, -4.051045, 5.222454, 0.221112, 2.874732, 0.847368, -2.520917
14.963087, -4.052839, 5.223197, 0.213543, 2.877531, 0.840139, -2.518470
14.987090, -4.075932, 5.253478, 0.213274, 2.895662, 0.835925, -2.546760
14.995077, -4.086682, 5.268615, 0.219527, 2.897980, 0.839995, -2.558755
15.019258, -4.077939, 5.252463, 0.215168, 2.899454, 0.824205, -2.535242
15.027253, -4.061969, 5.230278, 0.219483, 2.904119, 0.819810, -2.523146
15.051333, -4.249344, 5.543796, 0.286872, 2.871784, 1.092452, -2.876642
15.059414, -4.466361, 5.975446, 0.621467, 2.779363, 1.750105, -3.464654
15.083380, -6.741746, 8.719055, 1.799512, 2.547265, 1.827937, -3.826709
15.091446, -7.294588, 9.327671, 2.026460, 2.240465, 1.833610, -3.695131
15.115506, -8.704438, 10.879847, 1.504384, 2.048276, 2.331449, -4.093164
15.123589, -8.716864, 10.698659, 1.088687, 1.938623, 1.818496, -3.814056
15.147691, -9.489272, 11.155254, 1.139444, 1.773373, 1.441084, -3.956565
15.155822, -9.410397, 10.846937, 0.860610, 1.751679, 1.018289, -3.730192
15.179746, -8.766606, 9.527598, 0.495887, 1.653423, -0.222408, -3.394802
15.187764, -8.185299, 8.631795, 0.209868, 1.772563, -1.042472, -2.768571
15.211851, -5.584436, 5.605687, 0.083724, 1.852140, -1.573763, -2.518307
15.219957, -5.404611, 5.327485, 0.921820, 1.669372, -1.691792, -2.455459
15.244079, -6.096414, 5.714801, 1.363378, 1.652539, -1.873329, -2.210909
15.252056, -6.004638, 5.580251, 1.244766, 1.616932, -1.691650, -2.356934
15.276120, -7.856925, 7.019665, 0.374734, 1.476694, -1.768511, -2.105362
15.284124, -8.461115, 7.446958, 0.443323, 1.614204, -1.726812, -2.150675
15.308198, -8.282770, 6.967650, 0.537133, 1.484404, -1.805290, -1.947272
15.316215, -11.207628, 4.298543, 0.182159, 1.391175, -1.691322, -2.200401
15.340377, -10.484167, 3.517730, -0.243878, 1.248981, -1.934922, -2.254455
15.348465, -10.535433, 3.129277, -0.407448, 1.150873, -2.091474, -2.142658
15.372484, -11.965428, 2.488474, -0.821473, 1.267536, -1.955404, -2.147849
15.380444, -11.896705, 1.629814, -0.580247, 1.178831, -2.019459, -1.979157
15.404562, -14.271645, 1.499007, -0.486377, 1.152314, -1.943698, -2.083597
15.412545, -14.186925, 1.654275, -0.273056, 1.158867, -1.834105, -2.062990
15.436749, -14.116619, 1.428358, -0.157336, 1.164021, -1.974866, -1.801621
15.444745, -14.250469, 1.319671, -0.529982, 1.279051, -1.990173, -1.851756
15.468784, -12.955852, 0.399666, -0.737986, 1.272496, -2.044641, -1.603106
15.476778, -13.661190, 1.142975, -0.464211, 1.268885, -1.925437, -1.809752
15.500876, -13.122945, 0.430545, -0.706303, 1.301141, -2.141374, -1.629064
15.508924, -13.436732, 0.240639, -0.894273, 1.354452, -2.367007, -1.421149
15.533134, -14.838103, 1.093163, -0.393709, 1.419345, -2.370245, -1.471901
15.541133, -14.155521, 0.835829, -0.182637, 1.295032, -2.295185, -1.412298
15.565167, -15.438684, 1.250923, -0.376207, 1.406311, -2.155809, -1.490420
15.573260, -13.959278, 1.101725, -0.780165, 1.576527, -2.392361, -1.027234
15.597182, -14.339438, 1.868483, -1.525368, 1.751239, -2.257028, -0.749640
15.605303, -14.288886, 2.609295, -1.616854, 1.661359, -2.130683, -0.904277
15.629371, -13.436811, 2.767403, -1.809463, 1.741876, -2.086411, -0.714226
15.637476, -14.695380, 3.311949, -1.630607, 1.603462, -1.934792, -0.525427
15.661518, -11.382490, 2.012182, -3.375577, 1.908802, -2.139448, -0.086451
15.669502, -11.074915, 1.638478, -2.479541, 1.603097, -2.151992, -0.217050
15.693548, -13.070414, 2.293472, -1.558938, 1.259767, -1.667684, -1.707259
15.701572, -12.768379, 2.090410, -1.868701, 1.314352, -1.728551, -1.820656
15.725731, -11.984414, 1.546217, -2.304795, 1.294017, -2.036985, -0.951182
15.733884, -14.109332, -3.776113, -2.425185, 0.894088, -1.943613, -1.153022
15.757935, -11.175633, -7.536181, -2.340523, 0.486678, -2.127471, -0.589712
15.765947, -8.810775, -7.899343, -2.397617, 0.437995, -2.306262, -0.280333
15.789890, -3.617384, -5.997459, -3.539720, 0.637100, -2.723719, 0.973350
15.797833, -2.030763, -4.891186, -4.861100, 0.776350, -2.747539, 1.356487
15.822061, 0.208132, -3.176940, -6.839623, 0.883044, -2.550362, 1.631830
15.830026, -0.246442, -3.851704, -6.627474, 0.824263, -2.444753, 1.437743
15.854145, -2.059371, -8.970549, -6.140285, 0.445357, -2.037514, 0.376766
15.862133, -3.019192, -10.252335, -6.024177, 0.347589, -1.849156, -0.050422
15.886120, -4.657406, -9.613247, -5.227560, 0.262541, -1.436865, -0.716362
15.894142, -4.804397, -8.870739, -4.903634, 0.257491, -1.323639, -0.835346
15.918203, -7.105753, -9.581404, -3.413920, 0.013418, -0.969220, -1.907010
15.926312, -8.320510, -11.092010, -2.522177, -0.150800, -0.886311, -2.328499
15.950379, -12.176648, -16.332400, -1.374254, -0.546683, -0.554371, -3.413930
15.958406, -13.098481, -17.586562, -1.659097, -0.596538, -0.455115, -3.630352
15.982356, -15.691333, -20.570200, -1.479523, -0.792664, -0.170195, -4.247739
15.990371, -16.667611, -21.475929, -1.039456, -0.885957, -0.076998, -4.495422
16.014457, -18.703571, -23.114003, 0.831417, -1.151778, 0.121542, -5.047391
16.022595, -19.118685, -23.222640, 1.501787, -1.223788, 0.177956, -5.195408
16.046679, -18.415136, -21.279419, 2.184465, -1.171555, 0.192491, -5.121267
16.054713, -18.194738, -20.725438, 2.125535, -1.141793, 0.214244, -5.086374
16.078719, -17.501593, -18.656459, 3.066158, -1.117210, 0.270556, -5.060063
16.086661, -17.334781, -18.037596, 3.499547, -1.124293, 0.293023, -5.072363
16.110749, -16.810670, -15.899951, 4.795471, -1.129579, 0.346911, -5.127936
16.118777, -16.538646, -15.112560, 5.079992, -1.119269, 0.351681, -5.116740
16.142886, -15.492178, -12.711199, 5.375697, -1.047674, 0.378976, -4.976377
16.150948, -15.343575, -12.056445, 5.599747, -1.044115, 0.400952, -5.000317
16.174942, -14.548129, -9.948313, 6.372468, -1.017057, 0.443330, -5.000721
16.182919, -14.149775, -9.182382, 6.602034, -0.996300, 0.439499, -4.955314
16.207013, -13.228615, -7.097165, 7.115879, -0.942395, 0.442858, -4.910223
16.215010, -12.783797, -6.253515, 7.127388, -0.899015, 0.431425, -4.865975
16.239168, -11.829624, -4.565442, 7.264187, -0.821128, 0.406935, -4.771405
16.247192, -11.472809, -3.877090, 7.394641, -0.793095, 0.382873, -4.746627
16.271096, -11.150811, -2.918031, 7.733082, -0.786636, 0.392622, -4.810877
16.279252, -10.907724, -2.493861, 7.705870, -0.753597, 0.380994, -4.794291
16.303254, -10.533053, -1.913055, 7.261801, -0.689378, 0.401359, -4.771974
16.311292, -10.522205, -1.880717, 7.156472, -0.680639, 0.400997, -4.789830
16.335431, -10.504416, -1.736232, 6.929130, -0.672048, 0.399843, -4.863252
16.343453, -10.445419, -1.728996, 6.860564, -0.670428, 0.397523, -4.855976
16.367607, -10.359948, -1.592028, 6.586365, -0.661757, 0.384245, -4.893149
16.375541, -10.288355, -1.569308, 6.493857, -0.657433, 0.371097, -4.874258
16.399520, -10.202821, -1.418903, 6.252207, -0.647418, 0.379377, -4.911736
16.407598, -10.089921, -1.406692, 6.142075, -0.642957, 0.342436, -4.872155
16.431700, -9.846227, -1.219014, 5.761407, -0.621177, 0.292184, -4.836874
16.439811, -9.778747, -1.145609, 5.643121, -0.614777, 0.283944, -4.835704
16.463751, -9.681540, -1.204567, 5.242528, -0.607864, 0.247128, -4.817730
16.471821, -9.713152, -1.298590, 5.078786, -0.603416, 0.249700, -4.812504
16.495818, -9.854572, -1.818874, 4.624160, -0.617941, 0.224956, -4.800682
16.503845, -9.912648, -2.087096, 4.415680, -0.621891, 0.203555, -4.783590
16.528007, -10.239928, -2.844470, 3.807960, -0.623164, 0.206749, -4.826209
16.536118, -10.345400, -3.166414, 3.622918, -0.634449, 0.208919, -4.834477
16.560081, -10.783009, -4.206059, 3.000312, -0.657955, 0.220856, -4.871455
16.568157, -10.994175, -4.520753, 2.817146, -0.670332, 0.232095, -4.907535
16.592068, -11.460338, -5.681601, 2.182794, -0.703798, 0.233719, -4.929806
16.600125, -11.604551, -6.098524, 1.955551, -0.713296, 0.226164, -4.930633
16.624298, -12.255224, -7.444364, 1.345253, -0.771117, 0.248117, -4.998291
16.632285, -12.470638, -7.918550, 1.137807, -0.787745, 0.253172, -5.019200
16.656254, -13.183290, -9.310772, 0.592817, -0.850385, 0.274873, -5.109735
16.664373, -13.485959, -9.779782, 0.432789, -0.873434, 0.296565, -5.172810
16.688379, -14.186439, -11.201683, -0.009400, -0.947059, 0.329766, -5.249513
16.696353, -14.431750, -11.690733, -0.154222, -0.973710, 0.325210, -5.283653
16.720449, -15.059634, -12.875093, -0.524309, -1.028702, 0.341990, -5.358447
16.728480, -15.214561, -13.239954, -0.629130, -1.048918, 0.342955, -5.359334
16.752642, -15.769001, -14.290421, -0.922274, -1.103564, 0.357421, -5.428280
16.760635, -15.824579, -14.546611, -1.015919, -1.108044, 0.353933, -5.422402
16.784636, -16.272573, -15.373919, -1.232110, -1.158356, 0.363600, -5.497174
16.792620, -16.397425, -15.634403, -1.280049, -1.182438, 0.369770, -5.515484
16.816702, -16.675798, -16.430072, -1.478378, -1.216122, 0.384023, -5.525961
16.824852, -16.802431, -16.689159, -1.552026, -1.220835, 0.390393, -5.540414
16.848962, -16.917127, -16.992766, -1.675021, -1.227392, 0.394912, -5.541551
16.856888, -16.948233, -17.025627, -1.697208, -1.231982, 0.392125, -5.536998
16.880924, -17.007069, -17.238100, -1.786293, -1.235667, 0.398850, -5.525518
16.888888, -16.975366, -17.272977, -1.814525, -1.230707, 0.400821, -5.507191
16.912990, -17.080066, -17.358640, -1.869605, -1.227878, 0.426374, -5.541158
16.921011, -17.014117, -17.254942, -1.853829, -1.230286, 0.424591, -5.538276
16.945165, -16.630186, -16.592323, -1.831256, -1.177421, 0.413375, -5.484384
16.953142, -16.490337, -16.358535, -1.812538, -1.166407, 0.400584, -5.465979
16.977137, -16.328208, -15.970230, -1.811955, -1.136995, 0.384143, -5.444988
16.985170, -16.270111, -15.825528, -1.807092, -1.122605, 0.393809, -5.439311
17.009220, -15.931272, -15.379594, -1.784192, -1.090839, 0.374034, -5.367111
17.017203, -15.846604, -15.260332, -1.785123, -1.080336, 0.364024, -5.361485
17.041424, -15.558903, -14.757659, -1.736038, -1.057662, 0.340533, -5.307091
17.049402, -15.498508, -14.598472, -1.724283, -1.045947, 0.343458, -5.315348
17.073498, -15.156787, -14.143479, -1.730974, -0.996674, 0.309270, -5.229209
17.081424, -15.043354, -13.910723, -1.705220, -0.983668, 0.307838, -5.218216
17.105517, -14.772992, -13.290434, -1.647981, -0.947741, 0.290962, -5.198207
17.113525, -14.670794, -13.063802, -1.611956, -0.944452, 0.279160, -5.186059
17.137892, -14.340487, -12.416428, -1.563685, -0.894756, 0.270223, -5.153548
17.145709, -14.214156, -12.215471, -1.550864, -0.882492, 0.250672, -5.134309
17.169890, -13.807982, -11.507064, -1.492318, -0.833219, 0.226204, -5.080980
17.177781, -13.684806, -11.241065, -1.476745, -0.811281, 0.218951, -5.066968
17.201870, -13.250720, -10.614499, -1.434641, -0.758743, 0.199055, -4.973051
17.209868, -13.142194, -10.380790, -1.406832, -0.745904, 0.197245, -4.960412
17.234016, -12.775149, -9.693018, -1.348005, -0.693672, 0.190648, -4.915485
17.242097, -12.677252, -9.469710, -1.323110, -0.681132, 0.187051, -4.923762
17.266163, -12.224128, -8.759614, -1.252930, -0.636488, 0.158090, -4.873459
17.274090, -12.103056, -8.503781, -1.220010, -0.623030, 0.157410, -4.871180
17.298155, -11.724361, -7.811886, -1.145285, -0.590472, 0.111970, -4.824684
17.306215, -11.603653, -7.574481, -1.112482, -0.578962, 0.111157, -4.816921
17.330248, -11.193863, -6.821088, -1.014794, -0.536539, 0.112366, -4.777354
17.338359, -11.018908, -6.569789, -1.000837, -0.513884, 0.102043, -4.737742
17.362416, -10.612905, -5.874809, -0.916409, -0.473010, 0.095106, -4.683240
17.370430, -10.485875, -5.608951, -0.880539, -0.459283, 0.095738, -4.667654
17.394420, -10.138967, -4.937442, -0.810854, -0.420936, 0.068678, -4.629105
17.402394, -9.997130, -4.754561, -0.802158, -0.403166, 0.060782, -4.597202
17.426543, -9.602291, -4.153942, -0.724964, -0.367598, 0.057705, -4.531294
17.434532, -9.458584, -3.980315, -0.715048, -0.351830, 0.048731, -4.503159
17.458677, -9.116083, -3.408375, -0.661065, -0.310464, 0.038130, -4.449152
17.466636, -9.046208, -3.183685, -0.614872, -0.305694, 0.049392, -4.456360
17.490661, -8.597625, -2.561916, -0.559832, -0.270815, -0.009421, -4.340566
17.498622, -8.530318, -2.363728, -0.527799, -0.265123, -0.011044, -4.346197
17.522841, -8.272504, -1.812100, -0.504876, -0.212268, -0.024612, -4.317857
17.530821, -8.147732, -1.578256, -0.482165, -0.195371, -0.026347, -4.306263
17.554979, -5.703435, 0.305109, -0.795885, -0.150304, -0.030088, -3.924340
17.562910, -2.122391, 4.154848, -1.935948, 0.118646, -0.154904, -3.274489
17.586935, 5.186858, 13.418049, -4.782077, 0.367621, 0.346430, -2.253906
17.594950, 7.532814, 14.421750, -6.140518, 0.261320, 0.328772, -1.538283
17.619080, 16.373892, 16.269822, -10.669744, 0.916252, 0.171203, 0.432543
17.627187, 18.462203, 16.345651, -10.634221, 0.833075, 0.211273, 0.959469
17.651223, 21.416647, 14.409593, -11.026877, 0.746787, 0.294829, 1.514875
17.659240, 20.526513, 13.984819, -9.536188, 0.464420, 0.562604, 1.016553
17.683285, 17.876629, 11.312084, -10.059392, 0.304759, 0.994862, 1.159345
17.691251, 12.340243, 3.669948, -9.879854, -0.139788, 1.364482, 0.524985
17.715423, 9.692949, -4.179540, -7.721839, -0.830642, 1.816194, -0.428301
17.723541, 9.956270, -5.300154, -6.858684, -0.989322, 1.921189, -0.417209
17.747578, 7.825981, -4.416017, -4.514909, -1.011979, 2.159216, -0.493397
17.755644, 8.700679, -3.989484, -4.861098, -0.862567, 2.172886, -0.166972
17.779563, 7.090031, -5.241753, -4.942723, -0.947317, 2.399001, -0.080242
17.787553, 7.452860, -4.977085, -4.267873, -0.978003, 2.453618, -0.293548
17.811654, 9.221349, -6.071594, -2.733691, -1.125629, 2.454600, -0.166258
17.819741, 7.889159, -6.796044, -2.485705, -1.134205, 2.530699, -0.336565
17.843918, 8.502587, -5.891299, -1.861875, -1.087183, 2.390954, -0.041824
17.851939, 7.427340, -6.160955, -1.977009, -1.128462, 2.502419, -0.049944
17.876024, 7.221830, -5.554907, -1.303106, -1.153955, 2.536448, -0.138043
17.883983, 8.535186, -5.929156, -1.012679, -1.190119, 2.395152, 0.101924
17.908046, 7.053524, -6.812503, -0.432571, -1.164308, 2.529885, -0.074949
17.916053, 7.802873, -6.578149, -0.399141, -1.146988, 2.451766, 0.168425
17.940276, 7.690745, -6.322846, 0.083974, -1.035538, 2.843043, 0.258675
17.948285, 7.025422, -5.839389, 0.351988, -1.082415, 2.939677, 0.127525
17.972395, 7.726102, -6.738042, 0.770789, -1.111888, 2.751799, 0.358512
17.980317, 7.273155, -6.419464, 0.753682, -0.996742, 2.803434, 0.310124
18.004375, 6.749862, -6.185184, 1.175591, -1.167074, 2.833537, 0.295645
18.012397, 6.778790, -6.277288, 1.141756, -1.123913, 2.948536, 0.201310
18.036515, 6.291903, -6.025740, 0.882988, -1.113514, 2.977631, 0.205138
18.044578, 6.798814, -6.641850, 0.844250, -1.136743, 2.806007, 0.360986
18.068763, 6.461891, -6.546689, 0.934896, -1.054187, 2.938437, 0.339720
18.076704, 6.146344, -6.276117, 1.228422, -1.193829, 3.077444, 0.311459
18.100745, 6.480004, -6.889626, 1.346651, -0.947734, 3.308378, 0.387700
18.108782, 6.354917, -6.857372, 1.282585, -0.877331, 3.198905, 0.497419
18.132956, 5.133997, -5.663393, 1.296915, -0.744156, 2.984393, 0.414026
18.141013, 4.860896, -5.399350, 1.462948, -0.872045, 2.896979, 0.487104
18.165082, 3.739911, -4.122879, 1.849892, -0.667825, 3.147099, 0.407193
18.173058, 3.760226, -4.268980, 1.524036, -0.728343, 2.692262, 0.785124
18.197078, 3.002393, -3.386405, 1.345889, -0.384410, 2.523398, 0.534836
18.205082, 2.705227, -2.992164, 1.490210, -0.254650, 2.641014, 0.334096
18.229280, 2.111423, -2.236495, 1.781513, 0.074165, 2.699832, 0.011592
18.237212, 1.999365, -2.181016, 1.218726, 0.352714, 2.244307, 0.064327
18.261309, 2.052018, -2.107762, -0.468969, 0.804334, 2.488977, -0.766145
18.269361, 2.248636, -2.298920, -0.337688, 0.978694, 2.624253, -1.097797
18.293314, 1.605642, -1.365425, 0.072496, 1.350654, 2.997607, -2.054518
18.301339, 1.217035, -0.842804, 0.168935, 1.515333, 3.177051, -2.316051
18.325409, -0.495966, 1.360540, 0.380036, 1.886150, 3.506875, -2.968579
18.333505, -0.996671, 1.979582, 0.262117, 1.988167, 3.462558, -3.099260
18.357600, -1.752371, 2.796059, 0.255964, 2.414313, 2.933873, -3.045045
18.365599, -1.983582, 3.042726, 0.270131, 2.509407, 2.667917, -3.097074
18.389666, -1.692596, 2.561109, -1.044945, 2.813532, 2.095276, -2.814763
18.397605, -1.636847, 2.494175, -1.792534, 2.802650, 1.954800, -2.899724
18.421722, -1.493840, 2.309547, -3.762008, 2.971313, 1.857246, -2.839766
18.429881, -1.612429, 2.428157, -4.125312, 3.004601, 1.671164, -2.820986
18.453952, -1.941852, 2.725853, -4.266151, 3.244340, 1.236872, -2.608352
18.461905, -2.066071, 2.845093, -4.033184, 3.284947, 1.080437, -2.567358
18.485922, -2.020447, 2.644091, -3.330151, 3.272783, 0.440781, -2.218206
18.493942, -1.914791, 2.473059, -3.128728, 3.318808, 0.312477, -2.084883
18.517987, -1.588198, 1.983399, -2.580342, 3.272128, -0.187963, -1.958994
18.525994, -1.446918, 1.779889, -2.428757, 3.340087, -0.227438, -1.820630
18.550153, -1.416205, 1.693142, -2.001272, 3.313310, -0.563844, -1.819913
18.558219, -1.431791, 1.690038, -1.875013, 3.410180, -0.545256, -1.695016
18.582220, -1.681176, 1.951642, -1.561367, 3.421802, -0.792077, -1.650994
18.590194, -1.674975, 1.928585, -1.475048, 3.475259, -0.796034, -1.575659
18.614277, -1.759853, 2.016520, -1.207384, 3.452521, -0.911160, -1.582644
18.622279, -1.755795, 2.008496, -1.132808, 3.438225, -0.943439, -1.592824
18.646427, -1.715368, 1.962143, -0.943858, 3.470912, -0.902454, -1.603505
18.654489, -1.769390, 2.039324, -0.881153, 3.438001, -0.924545, -1.696000
18.678508, -1.771108, 2.053079, -0.726971, 3.480805, -0.826639, -1.713035
18.686502, -1.845766, 2.152443, -0.693300, 3.426815, -0.875398, -1.796411
18.710568, -1.931142, 2.279547, -0.557975, 3.518169, -0.700841, -1.838845
18.718568, -2.040899, 2.432044, -0.515250, 3.472944, -0.721513, -1.973324
18.742785, -2.098802, 2.531710, -0.356036, 3.536478, -0.511102, -2.013166
18.750708, -2.166141, 2.631011, -0.258633, 3.496392, -0.487623, -2.098251
18.774875, -2.239227, 2.752237, 0.076612, 3.457827, -0.331954, -2.178045
18.782775, -2.252049, 2.778814, 0.186916, 3.461049, -0.260244, -2.192903
18.806838, -2.398970, 3.015108, 0.742197, 3.366243, -0.046283, -2.381908
18.814786, -2.413663, 3.051751, 0.967315, 3.381767, 0.090185, -2.402604
18.838887, -2.566705, 3.285331, 1.325311, 3.280405, 0.224396, -2.581075
18.846991, -2.544725, 3.270926, 1.457009, 3.320396, 0.373248, -2.550860
18.871067, -2.669874, 3.476106, 1.552306, 3.242025, 0.531144, -2.738118
18.879063, -2.687639, 3.512962, 1.566420, 3.258230, 0.630127, -2.758853
18.903054, -2.761711, 3.634767, 1.622801, 3.207786, 0.767454, -2.823177
18.911072, -2.810592, 3.710235, 1.710114, 3.144181, 0.786015, -2.895210
18.935240, -2.842891, 3.788660, 1.892590, 3.137734, 1.021594, -2.948957
18.943299, -2.927253, 3.910119, 1.934885, 3.062995, 1.007634, -3.063475
18.967321, -2.928836, 3.938096, 1.817437, 3.100080, 1.210865, -3.057770
18.975325, -2.983274, 4.015493, 1.711411, 3.040252, 1.173789, -3.134717
18.999340, -2.996161, 4.049225, 1.473361, 3.036919, 1.280640, -3.138521
19.007364, -2.997300, 4.055103, 1.403026, 3.042860, 1.304294, -3.142439
19.031524, -3.067450, 4.160455, 1.224270, 2.966115, 1.319796, -3.218032
19.039444, -3.039870, 4.127155, 1.157510, 3.010168, 1.392918, -3.163188
19.063656, -3.128855, 4.251047, 0.962777, 2.945828, 1.366948, -3.252648
19.071666, -3.080616, 4.188074, 0.894532, 3.004602, 1.428337, -3.186095
19.095635, -3.151227, 4.282045, 0.738344, 2.942093, 1.376309, -3.249376
19.103666, -3.108027, 4.225830, 0.688782, 2.981393, 1.430696, -3.187303
19.127722, -3.145776, 4.284658, 0.606045, 2.946427, 1.452062, -3.231019
19.135831, -3.143099, 4.279041, 0.567188, 2.939348, 1.442317, -3.219645
19.159981, -3.124470, 4.249756, 0.477035, 2.971171, 1.474338, -3.146357
19.167937, -3.192343, 4.335380, 0.440156, 2.919382, 1.396146, -3.216651
19.191952, -3.150437, 4.277548, 0.373010, 2.980507, 1.464817, -3.124686
19.199959, -3.189593, 4.325541, 0.350022, 2.910949, 1.374239, -3.179750
19.224027, -3.144240, 4.257363, 0.281081, 2.934269, 1.374637, -3.093990
19.232137, -3.145532, 4.257899, 0.270974, 2.932134, 1.364627, -3.092535
19.256217, -3.182007, 4.302476, 0.263388, 2.879718, 1.333782, -3.097937
19.264165, -3.145542, 4.251577, 0.243523, 2.931392, 1.378025, -3.029833
19.288204, -3.208603, 4.330306, 0.218822, 2.880888, 1.306708, -3.087069
19.296185, -3.140169, 4.238562, 0.211834, 2.920867, 1.358143, -2.996732
19.320272, -3.163596, 4.262365, 0.183680, 2.859093, 1.264463, -3.021643
19.328272, -3.158065, 4.253808, 0.185110, 2.850678, 1.264114, -3.006355
19.352466, -3.115843, 4.185669, 0.154645, 2.852866, 1.247541, -2.899262
19.360428, -3.197542, 4.290446, 0.156878, 2.773982, 1.162738, -2.982548
19.384490, -3.104709, 4.160216, 0.151896, 2.803215, 1.194259, -2.843311
19.392457, -3.158973, 4.233274, 0.156175, 2.763500, 1.144087, -2.921773
19.416531, -3.135004, 4.195002, 0.159663, 2.762626, 1.120751, -2.882113
19.424516, -3.127525, 4.181420, 0.150611, 2.774775, 1.110933, -2.862802
19.448724, -3.136827, 4.185428, 0.160038, 2.742565, 1.054951, -2.851926
19.456834, -3.090433, 4.123732, 0.176779, 2.776211, 1.106000, -2.780782
19.480806, -3.119043, 4.153530, 0.179207, 2.713590, 0.999932, -2.819572
19.488755, -3.059934, 4.074622, 0.163924, 2.793947, 1.069742, -2.740582
19.512786, -3.085355, 4.097935, 0.154365, 2.769898, 0.993255, -2.746799
19.520835, -3.078047, 4.089213, 0.161559, 2.785113, 1.013181, -2.738456
19.545054, -3.037646, 4.025847, 0.144473, 2.812409, 0.993691, -2.666985
19.553003, -3.069581, 4.064276, 0.139635, 2.762436, 0.917224, -2.715887
19.577087, -2.965674, 3.918613, 0.143972, 2.838223, 0.954118, -2.581184
19.585055, -3.037439, 4.012331, 0.143237, 2.773284, 0.874166, -2.672171
19.609086, -2.994841, 3.950895, 0.132896, 2.837598, 0.896741, -2.614302
19.617142, -2.979110, 3.928035, 0.124762, 2.833321, 0.871552, -2.609067
19.641231, -3.017643, 3.972421, 0.111854, 2.833774, 0.819891, -2.642218
19.649271, -2.983828, 3.926745, 0.102578, 2.898161, 0.875056, -2.585034
19.673369, -3.042378, 3.997377, 0.098443, 2.862502, 0.779968, -2.656619
19.681367, -2.985069, 3.918287, 0.098027, 2.925869, 0.837483, -2.564894
19.705366, -3.020666, 3.957051, 0.095998, 2.917185, 0.763165, -2.599454
19.713402, -3.022027, 3.953703, 0.096593, 2.927253, 0.753527, -2.579612
19.737530, -3.003536, 3.919421, 0.095418, 2.974444, 0.758690, -2.510547
19.745708, -3.037800, 3.962319, 0.101328, 2.918553, 0.689416, -2.561748
19.769735, -2.969916, 3.865835, 0.085681, 2.998970, 0.735342, -2.455824
19.777734, -3.020610, 3.928473, 0.075886, 2.943555, 0.641596, -2.526350
19.801688, -2.967450, 3.850686, 0.072944, 2.965349, 0.636218, -2.450950
19.809683, -2.990529, 3.877735, 0.072777, 2.962203, 0.622762, -2.452189
19.833883, -2.973352, 3.846164, 0.071348, 2.941456, 0.563080, -2.426532
19.841786, -2.907150, 3.756874, 0.064639, 3.001647, 0.614066, -2.343218
19.865969, -2.902474, 3.741061, 0.071884, 2.917935, 0.495975, -2.347845
19.873960, -2.858286, 3.682038, 0.067955, 2.963166, 0.542603, -2.288003
19.897955, -2.837863, 3.650943, 0.082544, 2.929815, 0.492464, -2.277026
19.905972, -2.863320, 3.682011, 0.074902, 2.915560, 0.451183, -2.312692
19.930045, -2.790024, 3.580807, 0.077412, 2.943375, 0.473635, -2.218795
19.938139, -2.835851, 3.638494, 0.077617, 2.885025, 0.394639, -2.281882
19.962232, -2.780675, 3.562057, 0.081224, 2.923645, 0.424013, -2.207241
19.970227, -2.806228, 3.595363, 0.084873, 2.886837, 0.376522, -2.250662
19.994232, -2.769798, 3.540319, 0.088790, 2.852998, 0.319668, -2.217414
20.002250, -2.736141, 3.495769, 0.093276, 2.869494, 0.343517, -2.175487
20.026404, -2.763462, 3.522823, 0.090991, 2.815122, 0.255875, -2.191192
20.034459, -2.700781, 3.441337, 0.094927, 2.893377, 0.344588, -2.105396
20.058502, -3.045841, 3.905387, 0.099044, 2.877470, 0.460313, -2.286605
20.066493, -3.172708, 4.094538, 0.122348, 2.926232, 0.606384, -2.415869
20.090519, -4.076955, 5.359741, 0.033730, 2.912580, 1.242157, -2.932978
20.098589, -4.447922, 5.872517, 0.019681, 2.862056, 1.445416, -3.147450
20.122656, -5.559976, 7.416922, 0.128690, 3.039319, 2.145748, -3.955646
20.130675, -5.824682, 7.782702, 0.103914, 3.079126, 2.263061, -4.211080
20.154878, -6.294598, 8.447133, 0.259203, 2.887263, 2.496531, -4.718096
20.162948, -6.487306, 8.732390, 0.372996, 2.798349, 2.697828, -4.919740
20.186887, -6.489705, 8.650403, -0.238295, 2.509250, 2.205225, -4.797879
20.194886, -6.193492, 8.192225, -0.493360, 2.374293, 1.805167, -4.441087
20.218998, -5.936260, 7.625732, -1.049697, 1.926861, 0.929796, -3.321892
20.226992, -5.944897, 7.544086, -1.343868, 1.779005, 0.594669, -2.934561
20.251211, -5.477990, 6.724426, -2.073699, 1.251619, -0.481413, -1.954122
20.259175, -5.599360, 6.812090, -2.296073, 1.257351, -0.724423, -1.813609
20.283257, -5.769212, 7.035504, -1.900646, 1.301482, -0.416491, -1.949283
20.291213, -6.208443, 7.611483, -1.723443, 1.491085, -0.088333, -2.213447
20.315311, -6.992198, 8.733733, -1.116086, 1.662226, 0.803027, -3.259965
20.323351, -7.390013, 9.275613, -0.937939, 1.618894, 1.146587, -3.581271
20.347610, -7.655501, 9.589330, -0.444922, 1.479314, 1.481687, -3.662137
20.355530, -7.584781, 9.451314, -0.311992, 1.297815, 1.330123, -3.468485
20.379652, -7.151060, 8.729597, -0.518308, 0.777239, 0.469050, -2.820312
20.387611, -7.025606, 8.552428, -0.754468, 0.799909, 0.419602, -2.770079
20.411680, -7.073883, 8.516837, -1.651776, 1.280544, 0.121867, -2.956352
