0.106769, -0.000000, 31.237923, 10.932440, 1.385158, 0.277649, 0.000000
0.114744, 0.000000, 31.237923, 10.932440, 1.385158, 0.277649, 0.000000
0.122770, 0.000000, 31.237923, 10.932440, 1.385158, 0.277649, 0.000000
0.130696, 0.000000, 31.237923, 10.932440, 1.385158, 0.277649, 0.000000
0.138783, 0.000000, 31.237923, 10.932440, 1.385158, 0.277649, 0.000000
0.146753, 0.000000, 31.237923, 10.932440, 1.385158, 0.277649, 0.000000
0.154832, 0.000000, 31.237923, 10.932440, 1.385158, 0.277649, 0.000000
0.162795, 0.000000, 31.237923, 10.932440, 1.385158, 0.277649, 0.000000
0.170838, 0.000000, 31.237923, 10.932440, 1.385158, 0.277649, 0.000000
0.178923, 0.000000, 31.237923, 10.932440, 1.385158, 0.277649, 0.000000
0.186985, 0.000000, 31.237923, 10.932440, 1.385158, 0.277649, 0.000000
0.194999, 0.000000, 31.237923, 10.932440, 1.385158, 0.277649, 0.000000
0.202996, 0.000000, 31.237923, 10.932440, 1.385158, 0.277649, 0.000000
0.211027, 0.000000, 31.237923, 10.932440, 1.385158, 0.277649, 0.000000
0.219086, 0.000000, 31.237923, 10.932440, 1.385158, 0.277649, 0.000000
0.226993, 0.000000, 31.237923, 10.932440, 1.385158, 0.277649, 0.000000
0.235034, 0.000000, 31.237923, 10.932440, 1.385158, 0.277649, 0.000000
0.243080, 0.000000, 31.237923, 10.932440, 1.385158, 0.277649, 0.000000
0.251092, 0.000000, 31.237923, 10.932440, 1.385158, 0.277649, 0.000000
0.259114, 0.000000, 31.237923, 10.932440, 1.385158, 0.277649, 0.000000
0.267106, 0.000000, 31.237923, 10.932440, 1.385158, 0.277649, 0.000000
0.275208, 0.000000, 31.237923, 10.932440, 1.385158, 0.277649, 0.000000
0.283184, 0.000000, 31.237923, 10.932440, 1.385158, 0.277649, 0.000000
0.291254, 0.000000, 31.237923, 10.932440, 1.385158, 0.277649, 0.000000
0.299275, 0.000000, 31.237923, 10.932440, 1.385158, 0.277649, 0.000000
0.307319, 0.000000, 31.237923, 10.932440, 1.385158, 0.277649, 0.000000
0.315393, 0.000000, 31.237923, 10.932440, 1.385158, 0.277649, 0.000000
0.323342, 0.000000, 31.237923, 10.932440, 1.385158, 0.277649, 0.000000
0.347360, 0.000000, 31.237923, 10.932440, 1.385158, 0.277649, 0.000000
0.355393, 0.000000, 31.237923, 10.932440, 1.385158, 0.277649, 0.000000
0.379513, 0.000000, 31.237923, 10.932440, 1.385158, 0.277649, 0.000000
0.387630, 0.000000, 31.237923, 10.932440, 1.385158, 0.277649, 0.000000
0.411611, 0.000000, 31.237923, 10.932440, 1.385158, 0.277649, 0.000000
0.419697, 0.000000, 31.237923, 10.932440, 1.385158, 0.277649, 0.000000
0.443659, 0.000000, 31.237923, 10.932440, 1.385158, 0.277649, 0.000000
0.451701, 0.000000, 31.237923, 10.932440, 1.385158, 0.277649, 0.000000
0.475826, 0.000000, 31.237923, 10.932440, 1.385158, 0.277649, 0.000000
0.483847, 0.000000, 31.237739, 10.932558, 1.385152, 0.277648, 0.000000
0.507945, 0.000000, 31.237739, 10.932558, 1.385152, 0.277648, 0.000000
0.515920, 0.000000, 31.237739, 10.932558, 1.385152, 0.277648, 0.000000
0.539908, 0.000000, 31.237739, 10.932558, 1.385152, 0.277648, 0.000000
0.547978, 0.000000, 31.237739, 10.932558, 1.385152, 0.277648, 0.000000
0.571996, 0.000000, 31.237739, 10.932558, 1.385152, 0.277648, 0.000000
0.580134, 0.000000, 31.237739, 10.932558, 1.385152, 0.277648, 0.000000
0.604200, 0.000000, 31.237621, 10.932440, 1.385158, 0.277649, 0.000000
0.612230, 0.000000, 31.237621, 10.932440, 1.385158, 0.277649, 0.000000
0.636234, 0.000000, 31.237621, 10.932440, 1.385158, 0.277649, 0.000000
0.644214, 0.000000, 31.237621, 10.932440, 1.385158, 0.277649, 0.000000
0.668295, 0.000000, 31.237621, 10.932440, 1.385158, 0.277649, 0.000000
0.676429, 0.000000, 31.237739, 10.932558, 1.385152, 0.277648, 0.000000
0.700441, 0.000000, 31.237739, 10.932558, 1.385152, 0.277648, 0.000000
0.708512, 0.000000, 31.237739, 10.932558, 1.385152, 0.277648, 0.000000
0.732544, 0.000000, 31.237739, 10.932558, 1.385152, 0.277648, 0.000000
0.740520, 0.000000, 31.237739, 10.932558, 1.385152, 0.277648, 0.000000
0.764590, -0.000000, 31.237554, 10.932676, 1.385147, 0.277648, 0.000000
0.772655, -0.000000, 31.237554, 10.932676, 1.385147, 0.277648, 0.000000
0.796787, -0.000000, 31.237554, 10.932676, 1.385147, 0.277648, 0.000000
0.804737, -0.000000, 31.237554, 10.932676, 1.385147, 0.277648, 0.000000
0.828808, -0.000000, 31.237554, 10.932676, 1.385147, 0.277648, 0.000000
0.836828, -0.000000, 31.237554, 10.932676, 1.385147, 0.277648, 0.000000
0.860869, -0.000000, 31.237554, 10.932676, 1.385147, 0.277648, 0.000000
0.868884, -0.000000, 31.237554, 10.932676, 1.385147, 0.277648, 0.000000
0.893041, -0.000000, 31.237554, 10.932676, 1.385147, 0.277648, 0.000000
0.901056, -0.000000, 31.237554, 10.932676, 1.385147, 0.277648, 0.000000
0.925117, -0.000000, 31.237554, 10.932676, 1.385147, 0.277648, 0.000000
0.933081, -0.000000, 31.237554, 10.932676, 1.385147, 0.277648, 0.000000
0.957206, -0.000000, 31.237370, 10.932794, 1.385142, 0.277647, 0.000000
0.965161, -0.000000, 31.237370, 10.932794, 1.385142, 0.277647, 0.000000
0.989359, -0.000000, 31.237370, 10.932794, 1.385142, 0.277647, 0.000000
0.997377, -0.000000, 31.237370, 10.932794, 1.385142, 0.277647, 0.000000
1.021380, -0.000000, 31.237252, 10.932676, 1.385147, 0.277648, 0.000000
1.029415, -0.000000, 31.237252, 10.932676, 1.385147, 0.277648, 0.000000
1.053463, -0.000000, 31.237252, 10.932676, 1.385147, 0.277648, 0.000000
1.061441, -0.000000, 31.237252, 10.932676, 1.385147, 0.277648, 0.000000
1.085581, -0.000000, 31.237370, 10.932794, 1.385142, 0.277647, 0.000000
1.093681, -0.000000, 31.237370, 10.932794, 1.385142, 0.277647, 0.000000
1.117707, -0.000000, 31.237370, 10.932794, 1.385142, 0.277647, 0.000000
1.125726, -0.000000, 31.237370, 10.932794, 1.385142, 0.277647, 0.000000
1.149717, -0.000000, 31.237370, 10.932794, 1.385142, 0.277647, 0.000000
1.157775, -0.000000, 31.237370, 10.932794, 1.385142, 0.277647, 0.000000
1.181931, -0.000000, 31.237370, 10.932794, 1.385142, 0.277647, 0.000000
1.189978, -0.000000, 31.237370, 10.932794, 1.385142, 0.277647, 0.000000
1.214025, -0.000000, 31.237370, 10.932794, 1.385142, 0.277647, 0.000000
1.221979, 0.000000, 31.237185, 10.932912, 1.385136, 0.277646, 0.000000
1.245980, 0.000000, 31.237185, 10.932912, 1.385136, 0.277646, 0.000000
1.254042, 0.000000, 31.237185, 10.932912, 1.385136, 0.277646, 0.000000
1.278148, 0.000000, 31.237185, 10.932912, 1.385136, 0.277646, 0.000000
1.286083, 0.000000, 31.237185, 10.932912, 1.385136, 0.277646, 0.000000
1.310273, 0.000000, 31.237185, 10.932912, 1.385136, 0.277646, 0.000000
1.318227, 0.000000, 31.237185, 10.932912, 1.385136, 0.277646, 0.000000
1.342278, 0.000000, 31.237185, 10.932912, 1.385136, 0.277646, 0.000000
1.350193, 0.000000, 31.237185, 10.932912, 1.385136, 0.277646, 0.000000
1.374314, 0.000000, 31.237185, 10.932912, 1.385136, 0.277646, 0.000000
1.382443, 0.000000, 31.237185, 10.932912, 1.385136, 0.277646, 0.000000
1.406553, 0.000000, 31.237185, 10.932912, 1.385136, 0.277646, 0.000000
1.414538, 0.000000, 31.237185, 10.932912, 1.385136, 0.277646, 0.000000
1.438575, 0.000000, 31.237185, 10.932912, 1.385136, 0.277646, 0.000000
1.446593, 0.000000, 31.237185, 10.932912, 1.385136, 0.277646, 0.000000
1.470605, 0.000000, 31.237185, 10.932912, 1.385136, 0.277646, 0.000000
1.478755, 0.000000, 31.237067, 10.932794, 1.385142, 0.277647, 0.000000
1.502805, 0.000000, 31.237067, 10.932794, 1.385142, 0.277647, 0.000000
1.510819, 0.000000, 31.237067, 10.932794, 1.385142, 0.277647, 0.000000
1.534794, 0.000000, 31.237067, 10.932794, 1.385142, 0.277647, 0.000000
1.542826, 0.000000, 31.237067, 10.932794, 1.385142, 0.277647, 0.000000
1.566906, 0.000000, 31.237185, 10.932912, 1.385136, 0.277646, 0.000000
1.574958, 0.000000, 31.237185, 10.932912, 1.385136, 0.277646, 0.000000
1.598985, 0.000000, 31.237185, 10.932912, 1.385136, 0.277646, 0.000000
1.607094, 0.000000, 31.237185, 10.932912, 1.385136, 0.277646, 0.000000
1.631142, 0.000000, 31.237185, 10.932912, 1.385136, 0.277646, 0.000000
1.639080, 0.000000, 31.237185, 10.932912, 1.385136, 0.277646, 0.000000
1.663154, 0.000000, 31.237185, 10.932912, 1.385136, 0.277646, 0.000000
1.671204, 0.000000, 31.237184, 10.932911, 1.385135, 0.277643, 0.000000
1.695314, 0.000000, 31.237184, 10.932911, 1.385135, 0.277643, 0.000000
1.703341, 0.000000, 31.237184, 10.932911, 1.385135, 0.277643, 0.000000
1.727424, 0.000000, 31.237184, 10.932911, 1.385135, 0.277643, 0.000000
1.735362, 0.000000, 31.237184, 10.932911, 1.385135, 0.277643, 0.000000
1.759440, 0.000000, 31.237193, 10.932920, 1.385144, 0.277644, 0.000000
1.767416, 0.000000, 31.237193, 10.932920, 1.385144, 0.277644, 0.000000
1.791632, 0.000000, 31.237193, 10.932920, 1.385144, 0.277644, 0.000000
1.799563, 0.000000, 31.237193, 10.932920, 1.385144, 0.277644, 0.000000
1.823688, 0.000000, 31.237193, 10.932920, 1.385144, 0.277644, 0.000000
1.831686, 0.000000, 31.237193, 10.932920, 1.385144, 0.277644, 0.000000
1.855699, 0.000000, 31.237075, 10.932802, 1.385150, 0.277645, 0.000000
1.863715, 0.000000, 31.237075, 10.932802, 1.385150, 0.277645, 0.000000
1.887829, 0.000000, 31.237075, 10.932802, 1.385150, 0.277645, 0.000000
1.895877, 0.000000, 31.237193, 10.932920, 1.385144, 0.277644, 0.000000
1.920039, 0.000000, 31.237193, 10.932920, 1.385144, 0.277644, 0.000000
1.928017, 0.000000, 31.237193, 10.932920, 1.385144, 0.277644, 0.000000
1.952049, 0.000000, 31.237193, 10.932920, 1.385144, 0.277644, 0.000000
1.959989, 0.000000, 31.237193, 10.932920, 1.385144, 0.277644, 0.000000
1.984112, 0.000000, 31.237193, 10.932920, 1.385144, 0.277644, 0.000000
1.992189, 0.000000, 31.237193, 10.932920, 1.385144, 0.277644, 0.000000
2.016224, 0.000000, 31.237184, 10.932911, 1.385135, 0.277643, 0.000000
2.024204, 0.000000, 31.237184, 10.932911, 1.385135, 0.277643, 0.000000
2.048233, 0.000000, 31.237184, 10.932911, 1.385135, 0.277643, 0.000000
2.056279, 0.000000, 31.237184, 10.932911, 1.385135, 0.277643, 0.000000
2.080412, 0.000000, 31.237184, 10.932911, 1.385135, 0.277643, 0.000000
2.088377, 0.000000, 31.237193, 10.932920, 1.385144, 0.277644, 0.000000
2.112606, 0.000000, 31.237193, 10.932920, 1.385144, 0.277644, 0.000000
2.120546, 0.000000, 31.237193, 10.932920, 1.385144, 0.277644, 0.000000
2.144571, 0.000000, 31.237193, 10.932920, 1.385144, 0.277644, 0.000000
2.152569, 0.000000, 31.237075, 10.932802, 1.385150, 0.277645, 0.000000
2.176596, 0.000000, 31.237075, 10.932802, 1.385150, 0.277645, 0.000000
2.184699, 0.000000, 31.237075, 10.932802, 1.385150, 0.277645, 0.000000
2.208814, 0.000000, 31.237185, 10.932912, 1.385136, 0.277646, 0.000000
2.216788, 0.000000, 31.237185, 10.932912, 1.385136, 0.277646, 0.000000
2.240775, 0.000000, 31.237185, 10.932912, 1.385136, 0.277646, 0.000000
2.248825, 0.000000, 31.237185, 10.932912, 1.385136, 0.277646, 0.000000
2.272912, 0.000000, 31.237185, 10.932912, 1.385136, 0.277646, 0.000000
2.280952, 0.000000, 31.237185, 10.932912, 1.385136, 0.277646, 0.000000
2.305015, 0.000000, 31.237185, 10.932912, 1.385136, 0.277646, 0.000000
2.313124, 0.000000, 31.237195, 10.932921, 1.385146, 0.277647, 0.000000
2.337101, 0.000000, 31.237185, 10.932912, 1.385136, 0.277646, 0.000000
2.345060, 0.000000, 31.237185, 10.932912, 1.385136, 0.277646, 0.000000
2.369127, 0.000000, 31.237195, 10.932921, 1.385146, 0.277647, 0.000000
2.377162, 0.000000, 31.237195, 10.932921, 1.385146, 0.277647, 0.000000
2.401332, 0.000000, 31.237195, 10.932921, 1.385146, 0.277647, 0.000000
2.409296, 0.000000, 31.237195, 10.932921, 1.385146, 0.277647, 0.000000
2.433363, 0.000000, 31.237076, 10.932803, 1.385151, 0.277648, 0.000000
2.441384, 0.000000, 31.237195, 10.932921, 1.385146, 0.277647, 0.000000
2.465459, 0.000000, 31.237195, 10.932921, 1.385146, 0.277647, 0.000000
2.473462, 0.000000, 31.237195, 10.932921, 1.385146, 0.277647, 0.000000
2.497583, 0.000000, 31.237185, 10.932912, 1.385136, 0.277646, 0.000000
2.505706, 0.000000, 31.237185, 10.932912, 1.385136, 0.277646, 0.000000
2.529706, -0.803122, 29.405987, 14.131858, 1.313823, 0.304525, 0.074146
2.537704, -0.803372, 29.409033, 14.132542, 1.313802, 0.304520, 0.074146
2.561738, -0.805125, 29.430349, 14.137324, 1.313660, 0.304491, 0.074146
2.569757, -0.806044, 29.441511, 14.139828, 1.313585, 0.304476, 0.074146
2.593973, -0.809805, 29.487157, 14.150066, 1.313280, 0.304414, 0.074146
2.601965, -0.811394, 29.506421, 14.154384, 1.313151, 0.304388, 0.074146
2.626041, -0.817175, 29.576330, 14.170052, 1.312682, 0.304293, 0.074146
2.634015, -0.819440, 29.603666, 14.176175, 1.312499, 0.304256, 0.074146
2.658063, -0.827257, 29.697736, 14.197234, 1.311867, 0.304127, 0.074146
2.666065, -0.830204, 29.733104, 14.205147, 1.311629, 0.304079, 0.074146
2.690173, -0.840078, 29.851194, 14.231548, 1.310834, 0.303917, 0.074146
2.698170, -0.843716, 29.894541, 14.241231, 1.310542, 0.303858, 0.074146
2.722402, -0.855674, 30.036474, 14.272910, 1.309583, 0.303662, 0.074146
2.730373, -0.860011, 30.087735, 14.284340, 1.309237, 0.303591, 0.074146
2.754473, -0.874084, 30.253296, 14.321221, 1.308114, 0.303362, 0.074146
2.762444, -0.879132, 30.312392, 14.334371, 1.307713, 0.303280, 0.074146
2.786627, -0.895353, 30.501325, 14.376364, 1.306426, 0.303017, 0.074146
2.794698, -0.901123, 30.568165, 14.391202, 1.305970, 0.302924, 0.074146
2.818720, -0.919530, 30.780175, 14.438207, 1.304519, 0.302626, 0.074146
2.826715, -0.926034, 30.854653, 14.454697, 1.304008, 0.302521, 0.074146
2.850750, -0.946664, 31.089402, 14.506600, 1.302392, 0.302190, 0.074146
2.858814, -0.953915, 31.171398, 14.524703, 1.301826, 0.302073, 0.074146
2.882932, -0.976805, 31.428504, 14.581379, 1.300046, 0.301706, 0.074146
2.890915, -0.984817, 31.517883, 14.601051, 1.299425, 0.301578, 0.074146
2.915068, -1.010004, 31.796920, 14.662363, 1.297480, 0.301176, 0.074146
2.923056, -1.018787, 31.893532, 14.683556, 1.296804, 0.301036, 0.074146
2.947099, -1.046307, 32.194024, 14.749358, 1.294694, 0.300599, 0.074146
2.955154, -1.055872, 32.297703, 14.772021, 1.293964, 0.300447, 0.074146
2.979203, -1.085753, 32.619125, 14.842153, 1.291689, 0.299973, 0.074146
2.987294, -1.096111, 32.729688, 14.866233, 1.290904, 0.299809, 0.074146
3.011487, -1.128378, 33.071465, 14.940527, 1.288465, 0.299299, 0.074146
3.019439, -1.139533, 33.188710, 14.965965, 1.287624, 0.299123, 0.074146
3.043464, -1.174202, 33.550212, 15.044244, 1.285022, 0.298576, 0.074146
3.051525, -1.186160, 33.673920, 15.070979, 1.284127, 0.298388, 0.074146
3.075562, -1.223237, 34.054460, 15.153055, 1.281361, 0.297804, 0.074146
3.083669, -1.235996, 34.184392, 15.181024, 1.280412, 0.297603, 0.074146
3.107811, -1.275475, 34.583223, 15.266702, 1.277484, 0.296981, 0.074146
3.115807, -1.289033, 34.719122, 15.295838, 1.276480, 0.296767, 0.074146
3.139793, -1.330893, 35.135436, 15.384915, 1.273391, 0.296107, 0.074146
3.147860, -1.345239, 35.277021, 15.415150, 1.272334, 0.295880, 0.074146
3.171907, -1.389443, 35.709947, 15.507417, 1.269084, 0.295181, 0.074146
3.179908, -1.404562, 35.856915, 15.538678, 1.267974, 0.294941, 0.074146
3.204096, -1.451052, 36.305513, 15.633919, 1.264566, 0.294202, 0.074146
3.212137, -1.466921, 36.457541, 15.666135, 1.263404, 0.293949, 0.074146
3.236190, -1.515617, 36.920801, 15.764127, 1.259839, 0.293170, 0.074146
3.244156, -1.532205, 37.077539, 15.797224, 1.258624, 0.292904, 0.074146
3.268233, -1.583004, 37.554379, 15.897743, 1.254905, 0.292084, 0.074146
3.276226, -0.534271, 39.568048, 12.926302, 1.327928, 0.264572, 0.000000
3.300462, -0.534743, 40.049372, 13.054944, 1.323396, 0.263406, 0.000000
3.308536, -0.534835, 40.208405, 13.097455, 1.321871, 0.263014, 0.000000
3.332581, -0.534917, 40.681240, 13.223870, 1.317255, 0.261833, 0.000000
3.340542, -0.534879, 40.837421, 13.265633, 1.315703, 0.261437, 0.000000
3.364600, -0.534571, 41.301629, 13.389786, 1.311004, 0.260242, 0.000000
3.372660, -0.534404, 41.454911, 13.430790, 1.309424, 0.259841, 0.000000
3.396851, -0.533707, 41.910356, 13.552648, 1.304641, 0.258631, 0.000000
3.404813, -0.533410, 42.060695, 13.592881, 1.303034, 0.258225, 0.000000
3.428952, -0.532326, 42.507244, 13.712410, 1.298168, 0.257001, 0.000000
3.436886, -0.531901, 42.654596, 13.751861, 1.296533, 0.256591, 0.000000
3.460924, -0.530432, 43.092118, 13.869028, 1.291585, 0.255353, 0.000000
3.468948, -0.529878, 43.236439, 13.907686, 1.289922, 0.254938, 0.000000
3.493165, -0.528026, 43.664806, 14.022459, 1.284892, 0.253687, 0.000000
3.501075, -0.527345, 43.806054, 14.060313, 1.283201, 0.253267, 0.000000
3.525265, -0.525113, 44.225140, 14.172658, 1.278088, 0.252002, 0.000000
3.533267, -0.524306, 44.363274, 14.209698, 1.276370, 0.251578, 0.000000
3.557319, -0.521696, 44.772957, 14.319584, 1.271175, 0.250299, 0.000000
3.565335, -0.520764, 44.907936, 14.355799, 1.269430, 0.249871, 0.000000
3.589521, -0.517781, 45.308095, 14.463195, 1.264153, 0.248579, 0.000000
3.597537, -0.516725, 45.439879, 14.498575, 1.262380, 0.248146, 0.000000
3.621613, -0.513373, 45.830397, 14.603449, 1.257021, 0.246841, 0.000000
3.629645, -0.512194, 45.958948, 14.637983, 1.255221, 0.246404, 0.000000
3.653709, -0.508476, 46.339709, 14.740305, 1.249781, 0.245086, 0.000000
3.661681, -0.507177, 46.464991, 14.773984, 1.247954, 0.244645, 0.000000
3.685862, -0.503099, 46.835884, 14.873724, 1.242432, 0.243314, 0.000000
3.693897, -0.501680, 46.957857, 14.906537, 1.240578, 0.242868, 0.000000
3.717954, -0.497247, 47.318774, 15.003666, 1.234976, 0.241525, 0.000000
3.726037, -0.495710, 47.437404, 15.035604, 1.233095, 0.241075, 0.000000
3.750015, -0.490927, 47.788237, 15.130092, 1.227411, 0.239720, 0.000000
3.758047, -0.489276, 47.903489, 15.161145, 1.225503, 0.239266, 0.000000
3.782132, -0.484149, 48.244136, 15.252965, 1.219739, 0.237898, 0.000000
3.790224, -0.482383, 48.355975, 15.283124, 1.217804, 0.237440, 0.000000
3.814433, -0.476919, 48.686336, 15.372247, 1.211960, 0.236061, 0.000000
3.822378, -0.475042, 48.794730, 15.401502, 1.209999, 0.235599, 0.000000
3.846382, -0.469248, 49.114707, 15.487901, 1.204074, 0.234208, 0.000000
3.854448, -0.467262, 49.219625, 15.516244, 1.202086, 0.233742, 0.000000
3.878487, -0.461143, 49.529124, 15.599892, 1.196082, 0.232339, 0.000000
3.886592, -0.459050, 49.630533, 15.627313, 1.194067, 0.231869, 0.000000
3.910694, -0.452615, 49.929463, 15.708184, 1.187983, 0.230455, 0.000000
3.918702, -0.450419, 50.027334, 15.734675, 1.185942, 0.229981, 0.000000
3.942723, -0.443675, 50.315606, 15.812743, 1.179779, 0.228556, 0.000000
3.950793, -0.441377, 50.409911, 15.838296, 1.177712, 0.228079, 0.000000
3.974845, -0.434332, 50.687441, 15.913536, 1.171470, 0.226642, 0.000000
3.982863, -0.431935, 50.778151, 15.938142, 1.169376, 0.226161, 0.000000
4.007065, -0.424599, 51.044856, 16.010530, 1.163056, 0.224714, 0.000000
4.015057, -0.422106, 51.131944, 16.034180, 1.160936, 0.224230, 0.000000
4.039123, -0.414486, 51.387746, 16.103692, 1.154538, 0.222772, 0.000000
4.047095, -0.411900, 51.471187, 16.126380, 1.152392, 0.222284, 0.000000
4.071188, -0.404006, 51.716010, 16.192991, 1.145915, 0.220816, 0.000000
4.079213, -0.401329, 51.795779, 16.214709, 1.143743, 0.220325, 0.000000
4.103395, -0.393170, 52.029550, 16.278398, 1.137189, 0.218846, 0.000000
4.111425, -0.390407, 52.105623, 16.299138, 1.134991, 0.218352, 0.000000
4.135511, -0.381992, 52.328273, 16.359883, 1.128360, 0.216863, 0.000000
4.143513, -0.379146, 52.400629, 16.379637, 1.126137, 0.216365, 0.000000
4.167546, -0.370485, 52.612091, 16.437416, 1.119428, 0.214867, 0.000000
4.175557, -0.367558, 52.680707, 16.456179, 1.117179, 0.214366, 0.000000
4.199712, 1.291972, 54.779997, 13.886447, 1.173688, 0.182246, -0.074146
4.207725, 1.306250, 54.844262, 13.908377, 1.170638, 0.181602, -0.074146
4.231915, 1.347347, 55.027502, 13.970691, 1.161611, 0.179707, -0.074146
4.239843, 1.360477, 55.085493, 13.990338, 1.158644, 0.179089, -0.074146
4.263836, 1.398206, 55.250589, 14.046046, 1.149874, 0.177270, -0.074146
4.271858, 1.410238, 55.302754, 14.063572, 1.146996, 0.176677, -0.074146
4.296076, 1.444755, 55.451027, 14.113158, 1.138505, 0.174936, -0.074146
4.304041, 1.455744, 55.497799, 14.128723, 1.135724, 0.174368, -0.074146
4.328163, 1.487213, 55.630520, 14.172660, 1.127530, 0.172706, -0.074146
4.336167, 1.497214, 55.672313, 14.186418, 1.124851, 0.172166, -0.074146
4.360191, 1.525804, 55.790701, 14.225164, 1.116972, 0.170584, -0.074146
4.368203, 1.534875, 55.827914, 14.237267, 1.114401, 0.170070, -0.074146
4.392376, 1.560757, 55.933135, 14.271264, 1.106855, 0.168569, -0.074146
4.400443, 1.568954, 55.966146, 14.281856, 1.104397, 0.168082, -0.074146
4.424551, 1.592301, 56.059310, 14.311530, 1.097199, 0.166664, -0.074146
4.432613, 1.599680, 56.088481, 14.320750, 1.094860, 0.166205, -0.074146
4.456582, 1.620660, 56.170641, 14.346508, 1.088024, 0.164869, -0.074146
4.464537, 1.627278, 56.196312, 14.354487, 1.085807, 0.164437, -0.074146
4.488745, 1.646057, 56.268463, 14.376715, 1.079347, 0.163185, -0.074146
4.496744, 1.651968, 56.290957, 14.383580, 1.077257, 0.162781, -0.074146
4.520853, 1.668705, 56.354033, 14.402644, 1.071185, 0.161612, -0.074146
4.528935, 1.673962, 56.373651, 14.408512, 1.069226, 0.161237, -0.074146
4.552938, 1.688810, 56.428528, 14.424755, 1.063552, 0.160152, -0.074146
4.560898, 1.693463, 56.445551, 14.429738, 1.061729, 0.159805, -0.074146
4.585042, 1.706569, 56.493043, 14.443481, 1.056464, 0.158805, -0.074146
4.593092, 1.710664, 56.507732, 14.447682, 1.054778, 0.158486, -0.074146
4.617143, 1.722165, 56.548590, 14.459223, 1.049931, 0.157571, -0.074146
4.625180, 1.725746, 56.561186, 14.462735, 1.048385, 0.157280, -0.074146
4.649260, 1.735770, 56.596099, 14.472347, 1.043964, 0.156449, -0.074146
4.657284, 1.738879, 56.606822, 14.475260, 1.042563, 0.156187, -0.074146
4.681342, 1.747541, 56.636416, 14.483192, 1.038575, 0.155441, -0.074146
4.689439, 1.750215, 56.645463, 14.485583, 1.037319, 0.155207, -0.074146
4.713516, 1.757624, 56.670302, 14.492060, 1.033771, 0.154547, -0.074146
4.721542, 1.759896, 56.677850, 14.494000, 1.032663, 0.154341, -0.074146
4.745543, 1.766146, 56.698433, 14.499220, 1.029561, 0.153766, -0.074146
4.753635, 1.768046, 56.704638, 14.500772, 1.028602, 0.153588, -0.074146
4.777671, 1.773221, 56.721401, 14.504910, 1.025950, 0.153098, -0.074146
4.785723, 1.774776, 56.726398, 14.506127, 1.025142, 0.152949, -0.074146
4.809838, 1.778948, 56.739712, 14.509330, 1.022945, 0.152544, -0.074146
4.817923, 1.780178, 56.743613, 14.510258, 1.022289, 0.152424, -0.074146
4.841936, 1.783406, 56.753784, 14.512650, 1.020550, 0.152104, -0.074146
4.849939, 1.784331, 56.756682, 14.513325, 1.020047, 0.152011, -0.074146
4.873993, 1.786662, 56.763954, 14.515003, 1.018768, 0.151777, -0.074146
4.882011, 1.787294, 56.765918, 14.515453, 1.018419, 0.151713, -0.074146
4.906159, 1.788764, 56.770469, 14.516489, 1.017603, 0.151563, -0.074146
4.914243, 1.789113, 56.771548, 14.516733, 1.017408, 0.151527, -0.074146
4.938267, 1.789743, 56.773491, 14.517172, 1.017056, 0.151463, -0.074146
4.946270, 1.789815, 56.773712, 14.517222, 1.017016, 0.151455, -0.074146
4.970300, -0.000000, 54.862114, 17.086802, 0.965071, 0.184154, 0.000000
4.978311, 0.000000, 54.862078, 17.086802, 0.965071, 0.184154, 0.000000
5.002553, 0.000000, 54.862134, 17.086858, 0.965127, 0.184162, 0.000000
5.010536, 0.000000, 54.862134, 17.086858, 0.965127, 0.184162, 0.000000
5.034656, 1.790256, 56.773100, 14.516959, 1.017038, 0.151498, -0.074201
5.042576, 1.790152, 56.772781, 14.516887, 1.017096, 0.151509, -0.074201
5.066661, 1.789425, 56.770535, 14.516378, 1.017503, 0.151584, -0.074201
5.074663, 1.789043, 56.769354, 14.516110, 1.017715, 0.151623, -0.074201
5.098726, 1.787474, 56.764488, 14.514999, 1.018585, 0.151782, -0.074201
5.106876, 1.786808, 56.762416, 14.514523, 1.018952, 0.151849, -0.074201
5.130930, 1.784373, 56.754807, 14.512761, 1.020284, 0.152094, -0.074201
5.138938, 1.783413, 56.751793, 14.512057, 1.020804, 0.152190, -0.074201
5.162947, 1.780076, 56.741255, 14.509569, 1.022596, 0.152519, -0.074201
5.170997, 1.778808, 56.737227, 14.508607, 1.023270, 0.152643, -0.074201
5.195123, 1.774521, 56.723511, 14.505293, 1.025520, 0.153058, -0.074201
5.203140, 1.772926, 56.718374, 14.504037, 1.026346, 0.153211, -0.074201
5.227303, 1.767627, 56.701165, 14.499771, 1.029049, 0.153710, -0.074201
5.235341, 1.765684, 56.694804, 14.498173, 1.030026, 0.153891, -0.074201
5.259329, 1.759300, 56.673724, 14.492804, 1.033179, 0.154476, -0.074201
5.267336, 1.756982, 56.666001, 14.490811, 1.034305, 0.154686, -0.074201
5.291501, 1.749428, 56.640606, 14.484162, 1.037904, 0.155356, -0.074201
5.299535, 1.746704, 56.631364, 14.481709, 1.039177, 0.155593, -0.074201
5.323646, 1.737884, 56.601148, 14.473578, 1.043215, 0.156348, -0.074201
5.331679, 1.734720, 56.590207, 14.470595, 1.044633, 0.156614, -0.074201
5.355732, 1.724525, 56.554599, 14.460755, 1.049104, 0.157454, -0.074201
5.363718, 1.720884, 56.541758, 14.457161, 1.050665, 0.157749, -0.074201
5.387829, 1.709197, 56.500125, 14.445359, 1.055561, 0.158674, -0.074201
5.395824, 1.705038, 56.485163, 14.441067, 1.057263, 0.158996, -0.074201
5.420038, 1.691729, 56.436808, 14.427028, 1.062575, 0.160006, -0.074201
5.427996, 1.687006, 56.419481, 14.421941, 1.064415, 0.160357, -0.074201
5.452033, 1.671938, 56.363646, 14.405365, 1.070135, 0.161451, -0.074201
5.460030, 1.666605, 56.343692, 14.399379, 1.072109, 0.161830, -0.074201
5.484120, 1.649630, 56.279555, 14.379942, 1.078226, 0.163008, -0.074201
5.492215, 1.643637, 56.256690, 14.372946, 1.080331, 0.163415, -0.074201
5.516389, 1.624602, 56.183369, 14.350302, 1.086835, 0.164677, -0.074201
5.524401, 1.617894, 56.157289, 14.342176, 1.089066, 0.165112, -0.074201
5.548413, 1.596638, 56.073843, 14.315957, 1.095944, 0.166458, -0.074201
5.556431, 1.589163, 56.044223, 14.306576, 1.098297, 0.166920, -0.074201
5.580507, 1.565519, 55.949649, 14.276393, 1.105536, 0.168348, -0.074201
5.588529, 1.557220, 55.916147, 14.265624, 1.108007, 0.168838, -0.074201
5.612623, 1.531020, 55.809386, 14.231068, 1.115592, 0.170349, -0.074201
5.620665, 1.521840, 55.771638, 14.218770, 1.118176, 0.170866, -0.074201
5.644726, 1.492912, 55.651574, 14.179414, 1.126091, 0.172457, -0.074201
5.652739, 1.482794, 55.609199, 14.165443, 1.128782, 0.173001, -0.074201
5.676772, 1.450967, 55.474660, 14.120842, 1.137010, 0.174672, -0.074201
5.684779, 1.439854, 55.427258, 14.105047, 1.139803, 0.175242, -0.074201
5.709024, 1.404959, 55.277018, 14.054741, 1.148327, 0.176993, -0.074201
5.716990, 1.392796, 55.224172, 14.036966, 1.151216, 0.177589, -0.074201
5.741055, 1.354669, 55.056954, 13.980482, 1.160015, 0.179416, -0.074201
5.749053, 1.341403, 54.998229, 13.960567, 1.162992, 0.180038, -0.074201
5.773118, 1.299889, 54.812707, 13.897419, 1.172047, 0.181941, -0.074201
5.781133, -0.360222, 52.848373, 16.501789, 1.111434, 0.213128, 0.000000
5.805425, -0.369093, 52.646760, 16.446621, 1.118209, 0.214634, 0.000000
5.813349, -0.372011, 52.577679, 16.427733, 1.120455, 0.215135, 0.000000
5.837514, -0.380645, 52.364824, 16.369581, 1.127154, 0.216632, 0.000000
5.845469, -0.383482, 52.292005, 16.349703, 1.129374, 0.217129, 0.000000
5.869476, -0.391869, 52.067970, 16.288588, 1.135996, 0.218616, 0.000000
5.877486, -0.394622, 51.991436, 16.267725, 1.138190, 0.219110, 0.000000
5.901656, -0.402752, 51.756288, 16.203669, 1.144735, 0.220588, 0.000000
5.909674, -0.405418, 51.676061, 16.181830, 1.146904, 0.221078, 0.000000
5.933762, -0.413281, 51.429870, 16.114854, 1.153371, 0.222545, 0.000000
5.941792, -0.415857, 51.345974, 16.092045, 1.155513, 0.223033, 0.000000
5.965789, -0.423444, 51.088812, 16.022174, 1.161902, 0.224489, 0.000000
5.973809, -0.425927, 51.001272, 15.998403, 1.164019, 0.224973, 0.000000
5.997931, -0.433230, 50.733216, 15.925658, 1.170330, 0.226419, 0.000000
6.006049, -0.435615, 50.642057, 15.900934, 1.172420, 0.226899, 0.000000
6.030103, -0.442625, 50.363186, 15.825340, 1.178652, 0.228334, 0.000000
6.038182, -0.444912, 50.268436, 15.799670, 1.180716, 0.228811, 0.000000
6.062140, -0.451620, 49.978832, 15.721251, 1.186870, 0.230235, 0.000000
6.070142, -0.453805, 49.880519, 15.694644, 1.188908, 0.230708, 0.000000
6.094337, -0.460203, 49.580268, 15.613426, 1.194981, 0.232121, 0.000000
6.102385, -0.462283, 49.478420, 15.585890, 1.196993, 0.232590, 0.000000
6.126458, -0.468364, 49.167611, 15.501898, 1.202987, 0.233992, 0.000000
6.134535, -0.470337, 49.062259, 15.473442, 1.204972, 0.234457, 0.000000
6.158515, -0.476094, 48.740983, 15.386703, 1.210887, 0.235847, 0.000000
6.166491, -0.477957, 48.632157, 15.357335, 1.212845, 0.236308, 0.000000
6.190613, -0.483382, 48.300509, 15.267876, 1.218680, 0.237686, 0.000000
6.198642, -0.485134, 48.188242, 15.237606, 1.220611, 0.238144, 0.000000
6.222756, -0.490220, 47.846319, 15.145454, 1.226366, 0.239510, 0.000000
6.230768, -0.491858, 47.730644, 15.114291, 1.228270, 0.239963, 0.000000
6.254844, -0.496600, 47.378547, 15.019475, 1.233944, 0.241317, 0.000000
6.262815, -0.498122, 47.259498, 14.987428, 1.235822, 0.241767, 0.000000
6.286897, -0.502513, 46.897331, 14.889975, 1.241415, 0.243108, 0.000000
6.294993, -0.503918, 46.774943, 14.857054, 1.243265, 0.243553, 0.000000
6.319138, -0.507953, 46.402811, 14.756994, 1.248777, 0.244882, 0.000000
6.327170, -0.509238, 46.277120, 14.723209, 1.250601, 0.245323, 0.000000
6.351187, -0.512912, 45.895134, 14.620571, 1.256031, 0.246639, 0.000000
6.359174, -0.514076, 45.766177, 14.585932, 1.257828, 0.247076, 0.000000
6.383275, -0.517384, 45.374449, 14.480745, 1.263177, 0.248379, 0.000000
6.391278, -0.518425, 45.242262, 14.445262, 1.264946, 0.248812, 0.000000
6.415482, -0.521363, 44.840907, 14.337559, 1.270213, 0.250102, 0.000000
6.423457, -0.522280, 44.705531, 14.301242, 1.271955, 0.250530, 0.000000
6.447541, -0.524844, 44.294667, 14.191052, 1.277140, 0.251807, 0.000000
6.455563, -0.525636, 44.156141, 14.153911, 1.278855, 0.252230, 0.000000
6.479597, -0.527822, 43.735887, 14.041267, 1.283958, 0.253494, 0.000000
6.487596, -0.528487, 43.594252, 14.003313, 1.285645, 0.253913, 0.000000
6.511746, -0.530293, 43.164733, 13.888246, 1.290666, 0.255163, 0.000000
6.519819, -0.530831, 43.020030, 13.849490, 1.292326, 0.255577, 0.000000
6.543875, -0.532253, 42.581371, 13.732032, 1.297264, 0.256813, 0.000000
6.551869, -0.532662, 42.433643, 13.692485, 1.298896, 0.257223, 0.000000
6.575917, -0.533699, 41.985973, 13.572669, 1.303751, 0.258445, 0.000000
6.583932, -0.533980, 41.835263, 13.532342, 1.305356, 0.258850, 0.000000
6.608131, -0.534628, 41.378712, 13.410202, 1.310128, 0.260058, 0.000000
6.616132, -0.534780, 41.225064, 13.369105, 1.311705, 0.260458, 0.000000
6.640212, -0.535040, 40.759767, 13.244674, 1.316394, 0.261652, 0.000000
6.648252, -0.535061, 40.603227, 13.202819, 1.317943, 0.262048, 0.000000
6.672279, -0.534931, 40.129320, 13.076132, 1.322549, 0.263227, 0.000000
6.680277, -0.534823, 39.969932, 13.033531, 1.324071, 0.263617, 0.000000
6.704509, -1.592182, 37.634997, 15.914522, 1.254182, 0.291955, 0.074201
6.712522, -1.574992, 37.474436, 15.880720, 1.255441, 0.292234, 0.074201
6.736576, -1.524435, 36.999213, 15.780512, 1.259142, 0.293048, 0.074201
6.744568, -1.507930, 36.843037, 15.747523, 1.260350, 0.293313, 0.074201
6.768633, -1.459489, 36.381532, 15.649869, 1.263896, 0.294087, 0.074201
6.776656, -1.443708, 36.230111, 15.617770, 1.265052, 0.294338, 0.074201
6.800729, -1.397486, 35.783398, 15.522896, 1.268441, 0.295072, 0.074201
6.808906, -1.382459, 35.637078, 15.491761, 1.269544, 0.295310, 0.074201
6.832905, -1.338532, 35.206157, 15.399887, 1.272775, 0.296004, 0.074201
6.840988, -1.324279, 35.065260, 15.369788, 1.273825, 0.296229, 0.074201
6.864952, -1.282702, 34.651062, 15.281129, 1.276895, 0.296885, 0.074201
6.873005, -1.269239, 34.515887, 15.252137, 1.277891, 0.297097, 0.074201
6.897087, -1.230048, 34.119277, 15.166903, 1.280800, 0.297714, 0.074201
6.905253, -1.217384, 33.990101, 15.139087, 1.281742, 0.297914, 0.074201
6.929331, -1.180597, 33.611879, 15.057479, 1.284488, 0.298493, 0.074201
6.937288, -1.168735, 33.488959, 15.030904, 1.285377, 0.298680, 0.074201
6.961300, -1.134356, 33.129863, 14.953117, 1.287959, 0.299222, 0.074201
6.969327, -1.123297, 33.013434, 14.927847, 1.288793, 0.299397, 0.074201
6.993424, -1.091319, 32.674144, 14.854067, 1.291212, 0.299902, 0.074201
7.001462, -1.081058, 32.564424, 14.830162, 1.291990, 0.300064, 0.074201
7.025647, -1.051464, 32.245563, 14.760565, 1.294245, 0.300533, 0.074201
7.033636, -1.041994, 32.142750, 14.738084, 1.294969, 0.300684, 0.074201
7.057693, -1.014758, 31.844889, 14.672837, 1.297058, 0.301117, 0.074201
7.065648, -1.006070, 31.749164, 14.651832, 1.297727, 0.301255, 0.074201
7.089725, -0.981163, 31.472820, 14.591093, 1.299652, 0.301653, 0.074201
7.097818, -0.973244, 31.384348, 14.571615, 1.300267, 0.301780, 0.074201
7.122016, -0.950631, 31.129990, 14.515530, 1.302027, 0.302142, 0.074201
7.130018, -0.943471, 31.048920, 14.497627, 1.302586, 0.302257, 0.074201
7.154012, -0.923114, 30.816969, 14.446330, 1.304181, 0.302585, 0.074201
7.162016, -0.916700, 30.743432, 14.430044, 1.304686, 0.302688, 0.074201
7.186101, -0.898562, 30.534265, 14.383660, 1.306116, 0.302981, 0.074201
7.194109, -0.892881, 30.468381, 14.369031, 1.306566, 0.303073, 0.074201
7.218294, -0.876924, 30.282330, 14.327671, 1.307832, 0.303332, 0.074201
7.226303, -0.871964, 30.224201, 14.314734, 1.308227, 0.303413, 0.074201
7.250358, -0.858152, 30.061557, 14.278498, 1.309329, 0.303638, 0.074201
7.258375, -0.853901, 30.011274, 14.267284, 1.309670, 0.303707, 0.074201
7.282417, -0.842200, 29.872287, 14.236260, 1.310608, 0.303898, 0.074201
7.290402, -0.838648, 29.829927, 14.226796, 1.310894, 0.303956, 0.074201
7.314595, -0.829028, 29.714807, 14.201057, 1.311668, 0.304114, 0.074201
7.322683, -0.826165, 29.680434, 14.193366, 1.311900, 0.304161, 0.074201
7.346713, -0.818600, 29.589355, 14.172976, 1.312511, 0.304285, 0.074201
7.354703, -0.816419, 29.563019, 14.167076, 1.312688, 0.304321, 0.074201
7.378760, -0.810888, 29.496115, 14.152083, 1.313136, 0.304412, 0.074201
7.386771, -0.809382, 29.477856, 14.147989, 1.313258, 0.304437, 0.074201
7.410989, -0.805869, 29.435226, 14.138429, 1.313543, 0.304495, 0.074201
7.419012, -0.805034, 29.425071, 14.136151, 1.313611, 0.304509, 0.074201
7.443033, -0.803529, 29.406778, 14.132047, 1.313734, 0.304534, 0.074201
7.451059, -0.803362, 29.404740, 14.131590, 1.313747, 0.304536, 0.074201
7.475078, -0.000000, 31.246052, 10.932878, 1.385226, 0.277640, 0.000000
7.483112, -0.000000, 31.245735, 10.933469, 1.385199, 0.277637, 0.000000
7.507302, 0.000000, 31.245732, 10.932860, 1.385208, 0.277638, 0.000000
7.515281, -0.000000, 31.245547, 10.932978, 1.385202, 0.277637, 0.000000
7.539462, -0.803934, 29.414683, 14.131808, 1.313882, 0.304509, 0.074155
7.547386, -0.804185, 29.417729, 14.132492, 1.313862, 0.304505, 0.074155
7.571456, -0.805938, 29.439041, 14.137275, 1.313719, 0.304476, 0.074155
7.579413, -0.806858, 29.450202, 14.139780, 1.313645, 0.304461, 0.074155
7.603587, -0.810621, 29.495841, 14.150019, 1.313339, 0.304399, 0.074155
7.611643, -0.812212, 29.515101, 14.154338, 1.313210, 0.304373, 0.074155
7.635763, -0.817995, 29.584999, 14.170008, 1.312742, 0.304278, 0.074155
7.643701, -0.820262, 29.612331, 14.176133, 1.312559, 0.304240, 0.074155
7.667760, -0.828083, 29.706386, 14.197196, 1.311927, 0.304112, 0.074155
7.675809, -0.831032, 29.741748, 14.205110, 1.311689, 0.304064, 0.074155
7.699901, -0.840912, 29.859819, 14.231516, 1.310894, 0.303902, 0.074155
7.708025, -0.844551, 29.903158, 14.241201, 1.310602, 0.303842, 0.074155
7.732022, -0.856516, 30.045069, 14.272886, 1.309644, 0.303647, 0.074155
7.740054, -0.860856, 30.096321, 14.284318, 1.309297, 0.303577, 0.074155
7.764086, -0.874937, 30.261855, 14.321205, 1.308174, 0.303348, 0.074155
7.772116, -0.879987, 30.320941, 14.334358, 1.307773, 0.303266, 0.074155
7.796127, -0.896217, 30.509843, 14.376359, 1.306486, 0.303003, 0.074155
7.804302, -0.901990, 30.576672, 14.391200, 1.306030, 0.302909, 0.074155
7.828384, -0.920407, 30.788647, 14.438213, 1.304579, 0.302612, 0.074155
7.836475, -0.926915, 30.863112, 14.454707, 1.304068, 0.302507, 0.074155
7.860489, -0.947555, 31.097822, 14.506619, 1.302453, 0.302175, 0.074155
7.868486, -0.954810, 31.179804, 14.524725, 1.301887, 0.302059, 0.074155
7.892575, -0.977713, 31.436867, 14.581412, 1.300107, 0.301692, 0.074155
7.900654, -0.985728, 31.526231, 14.601087, 1.299486, 0.301564, 0.074155
7.924765, -1.010929, 31.805219, 14.662411, 1.297541, 0.301163, 0.074155
7.932838, -1.019716, 31.901815, 14.683608, 1.296866, 0.301023, 0.074155
7.956870, -1.047249, 32.202254, 14.749422, 1.294756, 0.300585, 0.074155
7.964853, -1.056819, 32.305915, 14.772090, 1.294025, 0.300434, 0.074155
7.988891, -1.086715, 32.627282, 14.842235, 1.291751, 0.299960, 0.074155
7.996965, -1.097077, 32.737825, 14.866319, 1.290966, 0.299796, 0.074155
8.021163, -1.129360, 33.079541, 14.940628, 1.288527, 0.299287, 0.074155
8.029223, -1.140521, 33.196765, 14.966070, 1.287687, 0.299111, 0.074155
8.053226, -1.175206, 33.558201, 15.044364, 1.285084, 0.298564, 0.074155
8.061249, -1.187169, 33.681887, 15.071104, 1.284190, 0.298376, 0.074155
8.085295, -1.224262, 34.062357, 15.153196, 1.281424, 0.297792, 0.074155
8.093315, -1.237028, 34.192265, 15.181170, 1.280475, 0.297591, 0.074155
8.117475, -1.276524, 34.591022, 15.266865, 1.277546, 0.296969, 0.074155
8.125508, -1.290088, 34.726895, 15.296006, 1.276543, 0.296756, 0.074155
8.149590, -1.331965, 35.143130, 15.385101, 1.273454, 0.296095, 0.074155
8.157625, -1.346318, 35.284687, 15.415341, 1.272397, 0.295869, 0.074155
8.181633, -1.390539, 35.717530, 15.507625, 1.269147, 0.295170, 0.074155
8.189648, -1.405664, 35.864469, 15.538893, 1.268038, 0.294930, 0.074155
8.213902, -1.452172, 36.312978, 15.634152, 1.264629, 0.294192, 0.074155
8.221924, -1.468047, 36.464975, 15.666374, 1.263467, 0.293939, 0.074155
8.245924, -1.516761, 36.928142, 15.764386, 1.259902, 0.293160, 0.074155
8.253935, -1.533356, 37.084848, 15.797488, 1.258688, 0.292894, 0.074155
8.277957, -1.584172, 37.561589, 15.898027, 1.254968, 0.292074, 0.074155
8.285970, -0.534501, 39.574820, 12.926665, 1.327975, 0.264565, 0.000000
8.310190, -0.534969, 40.056030, 13.055323, 1.323442, 0.263399, 0.000000
8.318192, -0.535060, 40.215025, 13.097839, 1.321917, 0.263007, 0.000000
8.342308, -0.535137, 40.687746, 13.224269, 1.317300, 0.261826, 0.000000
8.350257, -0.535098, 40.843888, 13.266037, 1.315747, 0.261430, 0.000000
8.374287, -0.534785, 41.307981, 13.390205, 1.311047, 0.260235, 0.000000
8.382287, -0.534616, 41.461225, 13.431213, 1.309466, 0.259834, 0.000000
8.406464, -0.533915, 41.916554, 13.553085, 1.304682, 0.258624, 0.000000
8.414522, -0.533616, 42.066855, 13.593322, 1.303074, 0.258218, 0.000000
8.438583, -0.532527, 42.513288, 13.712864, 1.298208, 0.256994, 0.000000
8.446632, -0.532100, 42.660600, 13.752319, 1.296572, 0.256584, 0.000000
8.470628, -0.530626, 43.098006, 13.869497, 1.291622, 0.255346, 0.000000
8.478680, -0.530071, 43.242288, 13.908159, 1.289959, 0.254931, 0.000000
8.502806, -0.528213, 43.670538, 14.022942, 1.284927, 0.253679, 0.000000
8.510892, -0.527531, 43.811747, 14.060800, 1.283236, 0.253260, 0.000000
8.534979, -0.525293, 44.230716, 14.173155, 1.278121, 0.251995, 0.000000
8.542931, -0.524484, 44.368811, 14.210198, 1.276403, 0.251571, 0.000000
8.566928, -0.521869, 44.778376, 14.320093, 1.271206, 0.250292, 0.000000
8.574950, -0.520935, 44.913316, 14.356311, 1.269460, 0.249863, 0.000000
8.599138, -0.517946, 45.313357, 14.463714, 1.264181, 0.248571, 0.000000
8.607166, -0.516888, 45.445102, 14.499097, 1.262408, 0.248138, 0.000000
8.631332, -0.513530, 45.835501, 14.603978, 1.257048, 0.246833, 0.000000
8.639295, -0.512350, 45.964014, 14.638514, 1.255247, 0.246396, 0.000000
8.663335, -0.508626, 46.344657, 14.740843, 1.249805, 0.245078, 0.000000
8.671336, -0.507325, 46.469899, 14.774523, 1.247978, 0.244637, 0.000000
8.695348, -0.503241, 46.840674, 14.874268, 1.242454, 0.243306, 0.000000
8.703525, -0.501820, 46.962608, 14.907083, 1.240599, 0.242860, 0.000000
8.727592, -0.497381, 47.323406, 15.004216, 1.234995, 0.241517, 0.000000
8.735606, -0.495842, 47.441997, 15.036155, 1.233113, 0.241067, 0.000000
8.759703, -0.491053, 47.792712, 15.130647, 1.227428, 0.239712, 0.000000
8.767706, -0.489399, 47.907925, 15.161701, 1.225519, 0.239258, 0.000000
8.791774, -0.484266, 48.248454, 15.253523, 1.219753, 0.237890, 0.000000
8.799856, -0.482499, 48.360254, 15.283682, 1.217818, 0.237432, 0.000000
8.823974, -0.477028, 48.690497, 15.372806, 1.211971, 0.236052, 0.000000
8.831972, -0.475149, 48.798852, 15.402061, 1.210009, 0.235590, 0.000000
8.856020, -0.469348, 49.118712, 15.488460, 1.204082, 0.234199, 0.000000
8.864054, -0.467360, 49.223590, 15.516803, 1.202094, 0.233733, 0.000000
8.888143, -0.461235, 49.532971, 15.600450, 1.196087, 0.232330, 0.000000
8.896116, -0.459140, 49.634341, 15.627871, 1.194072, 0.231860, 0.000000
8.920315, -0.452699, 49.933154, 15.708740, 1.187986, 0.230445, 0.000000
8.928339, -0.450500, 50.030987, 15.735230, 1.185944, 0.229972, 0.000000
8.952419, -0.443750, 50.319142, 15.813295, 1.179779, 0.228546, 0.000000
8.960364, -0.441449, 50.413408, 15.838847, 1.177711, 0.228069, 0.000000
8.984450, -0.434398, 50.690822, 15.914083, 1.171467, 0.226632, 0.000000
8.992483, -0.431999, 50.781493, 15.938687, 1.169372, 0.226152, 0.000000
9.016697, -0.424656, 51.048082, 16.011070, 1.163049, 0.224704, 0.000000
9.024688, -0.422161, 51.135132, 16.034719, 1.160929, 0.224220, 0.000000
9.048792, -0.414534, 51.390818, 16.104224, 1.154528, 0.222761, 0.000000
9.056751, -0.411946, 51.474221, 16.126910, 1.152381, 0.222274, 0.000000
9.080777, -0.404045, 51.718929, 16.193514, 1.145902, 0.220805, 0.000000
9.088808, -0.401367, 51.798660, 16.215229, 1.143729, 0.220314, 0.000000
9.112952, -0.393200, 52.032317, 16.278910, 1.137173, 0.218835, 0.000000
9.120998, -0.390435, 52.108352, 16.299647, 1.134974, 0.218341, 0.000000
9.145181, -0.382014, 52.330889, 16.360382, 1.128340, 0.216852, 0.000000
9.153141, -0.379165, 52.403206, 16.380133, 1.126116, 0.216354, 0.000000
9.177171, -0.370497, 52.614556, 16.437902, 1.119405, 0.214856, 0.000000
9.185188, -0.367568, 52.683134, 16.456661, 1.117155, 0.214355, 0.000000
9.209321, 1.293299, 54.781782, 13.886927, 1.173619, 0.182232, -0.074155
9.217430, 1.307573, 54.845987, 13.908842, 1.170570, 0.181588, -0.074155
9.241479, 1.348656, 55.029053, 13.971112, 1.161542, 0.179694, -0.074155
9.249472, 1.361782, 55.086988, 13.990744, 1.158575, 0.179075, -0.074155
9.273544, 1.399497, 55.251923, 14.046411, 1.149805, 0.177257, -0.074155
9.281509, 1.411525, 55.304037, 14.063923, 1.146927, 0.176664, -0.074155
9.305645, 1.446027, 55.452161, 14.113471, 1.138436, 0.174923, -0.074155
9.313796, 1.457012, 55.498886, 14.129023, 1.135654, 0.174356, -0.074155
9.337828, 1.488467, 55.631470, 14.172924, 1.127460, 0.172695, -0.074155
9.345893, 1.498464, 55.673220, 14.186670, 1.124781, 0.172154, -0.074155
9.369891, 1.527040, 55.791483, 14.225382, 1.116903, 0.170573, -0.074155
9.377887, 1.536106, 55.828656, 14.237474, 1.114332, 0.170059, -0.074155
9.402062, 1.561975, 55.933763, 14.271441, 1.106787, 0.168559, -0.074155
9.410056, 1.570168, 55.966739, 14.282022, 1.104329, 0.168072, -0.074155
9.434175, 1.593501, 56.059799, 14.311668, 1.097132, 0.166654, -0.074155
9.442259, 1.600877, 56.088937, 14.320878, 1.094793, 0.166195, -0.074155
9.466219, 1.621844, 56.171003, 14.346610, 1.087958, 0.164859, -0.074155
9.474247, 1.628458, 56.196644, 14.354581, 1.085741, 0.164428, -0.074155
9.498290, 1.647224, 56.268710, 14.376785, 1.079282, 0.163176, -0.074155
9.506402, 1.653132, 56.291177, 14.383643, 1.077193, 0.162773, -0.074155
9.530474, 1.669857, 56.354177, 14.402685, 1.071122, 0.161604, -0.074155
9.538564, 1.675110, 56.373771, 14.408547, 1.069164, 0.161229, -0.074155
9.562558, 1.689947, 56.428579, 14.424771, 1.063492, 0.160145, -0.074155
9.570618, 1.694596, 56.445581, 14.429747, 1.061669, 0.159798, -0.074155
9.594618, 1.707692, 56.493011, 14.443473, 1.056405, 0.158798, -0.074155
9.602741, 1.711783, 56.507681, 14.447668, 1.054720, 0.158479, -0.074155
9.626876, 1.723275, 56.548484, 14.459194, 1.049875, 0.157565, -0.074155
9.634919, 1.726853, 56.561063, 14.462702, 1.048330, 0.157274, -0.074155
9.658849, 1.736867, 56.595928, 14.472301, 1.043911, 0.156444, -0.074155
9.666869, 1.739973, 56.606635, 14.475209, 1.042510, 0.156182, -0.074155
9.690955, 1.748627, 56.636186, 14.483129, 1.038525, 0.155437, -0.074155
9.698945, 1.751297, 56.645219, 14.485517, 1.037270, 0.155203, -0.074155
9.723185, 1.758698, 56.670020, 14.491983, 1.033724, 0.154543, -0.074155
9.731286, 1.760967, 56.677556, 14.493920, 1.032617, 0.154338, -0.074155
9.755298, 1.767209, 56.698105, 14.499131, 1.029517, 0.153763, -0.074155
9.763257, 1.769107, 56.704299, 14.500680, 1.028559, 0.153586, -0.074155
9.787323, 1.774275, 56.721032, 14.504810, 1.025910, 0.153097, -0.074155
9.795288, 1.775827, 56.726019, 14.506025, 1.025103, 0.152948, -0.074155
9.819502, 1.779991, 56.739305, 14.509222, 1.022909, 0.152543, -0.074155
9.827524, 1.781220, 56.743197, 14.510147, 1.022254, 0.152423, -0.074155
9.851602, 1.784441, 56.753345, 14.512533, 1.020518, 0.152104, -0.074155
9.859560, 1.785363, 56.756234, 14.513206, 1.020016, 0.152011, -0.074155
9.883646, 1.787688, 56.763484, 14.514879, 1.018741, 0.151777, -0.074155
9.891671, 1.788318, 56.765440, 14.515327, 1.018393, 0.151713, -0.074155
9.915937, 1.789781, 56.769970, 14.516358, 1.017580, 0.151564, -0.074155
9.923885, 1.790128, 56.771042, 14.516601, 1.017386, 0.151529, -0.074155
9.948043, 1.790752, 56.772965, 14.517035, 1.017037, 0.151465, -0.074155
9.955978, 1.790822, 56.773180, 14.517084, 1.016998, 0.151458, -0.074155
9.979994, 0.000000, 54.862260, 17.086803, 0.965146, 0.184168, 0.000000
9.988001, -0.000000, 54.862274, 17.086818, 0.965176, 0.184172, 0.000000
10.012224, 0.000000, 54.862289, 17.086832, 0.965205, 0.184176, 0.000000
10.020274, -0.000000, 54.862286, 17.086830, 0.965203, 0.184172, 0.000000
10.044284, 32.010833, 89.078339, -28.932584, 1.902090, -0.399553, -1.328616
10.052379, 31.954427, 89.071043, -28.941912, 1.911681, -0.398089, -1.328616
10.076293, 31.636275, 89.027324, -29.002258, 1.963071, -0.390155, -1.328616
10.084321, 31.474969, 89.003674, -29.037303, 1.987569, -0.386318, -1.328616
10.108483, 30.791706, 88.894572, -29.212170, 2.082090, -0.371171, -1.328616
10.116541, 30.487243, 88.842088, -29.301380, 2.120257, -0.364894, -1.328616
10.140636, 29.292106, 88.618670, -29.700865, 2.252828, -0.342328, -1.328616
10.148644, 28.785766, 88.517227, -29.888775, 2.302471, -0.333555, -1.328616
10.172639, -2.879088, 53.982038, 16.071195, 1.318105, 0.244234, 0.000000
10.180679, -2.971716, 53.822030, 15.977720, 1.322436, 0.245961, 0.000000
10.204822, -3.241009, 53.288344, 15.686577, 1.334811, 0.251020, 0.000000
10.212809, -3.327707, 53.092666, 15.586098, 1.338732, 0.252665, 0.000000
10.236935, -3.577779, 52.452772, 15.274948, 1.349905, 0.257478, 0.000000
10.245074, -3.657607, 52.221980, 15.168133, 1.353437, 0.259042, 0.000000
10.268980, -3.885737, 51.477688, 14.838970, 1.363467, 0.263610, 0.000000
10.277005, -3.957822, 51.212431, 14.726479, 1.366628, 0.265092, 0.000000
10.301150, -4.161506, 50.365832, 14.381252, 1.375579, 0.269417, 0.000000
10.309203, -4.225054, 50.066855, 14.263723, 1.378391, 0.270818, 0.000000
10.333336, -4.402033, 49.120323, 13.904321, 1.386328, 0.274902, 0.000000
10.341347, -4.456334, 48.788462, 13.782373, 1.388812, 0.276224, 0.000000
10.365323, -4.604619, 47.744640, 13.410608, 1.395803, 0.280071, 0.000000
10.373343, -4.649056, 47.380822, 13.284831, 1.397983, 0.281314, 0.000000
10.397375, -4.766947, 46.242619, 12.902425, 1.404096, 0.284929, 0.000000
10.405537, -4.801006, 45.847856, 12.773377, 1.405996, 0.286097, 0.000000
10.429659, -4.887110, 44.618440, 12.381953, 1.411302, 0.289486, 0.000000
10.437610, -4.910379, 44.193830, 12.250156, 1.412944, 0.290579, 0.000000
10.461656, -4.963630, 42.876615, 11.851221, 1.417514, 0.293749, 0.000000
10.469698, -4.975809, 42.423336, 11.717158, 1.418924, 0.294770, 0.000000
10.493783, -4.995473, 41.021975, 11.312102, 1.422829, 0.297730, 0.000000
10.501830, -4.996376, 40.541283, 11.176215, 1.424029, 0.298682, 0.000000
10.526008, -4.982064, 39.059659, 10.766296, 1.427340, 0.301438, 0.000000
10.534082, -4.971617, 38.552885, 10.628982, 1.428353, 0.302324, 0.000000
10.558075, -4.923287, 36.995095, 10.215325, 1.431140, 0.304886, 0.000000
10.566061, -4.901535, 36.463641, 10.076937, 1.431990, 0.305709, 0.000000
10.590127, -20.125487, 1.920179, 65.984415, 0.110704, 0.782738, 1.328616
10.598093, -19.326180, 1.460891, 66.295960, 0.107638, 0.779218, 1.328616
10.622326, -17.306651, 0.265479, 67.080577, 0.103709, 0.770605, 1.328616
10.630447, -16.756668, -0.069797, 67.293361, 0.103604, 0.768327, 1.328616
10.654410, -15.461761, -0.877987, 67.792269, 0.105039, 0.763074, 1.328616
10.662343, -15.145023, -1.080015, 67.913781, 0.105757, 0.761812, 1.328616
10.686451, -14.527192, -1.479425, 68.150117, 0.107583, 0.759377, 1.328616
10.694417, -14.429934, -1.542967, 68.187232, 0.107923, 0.758997, 1.328616
10.718689, 0.000000, 31.160176, 10.909989, 1.385687, 0.277772, 0.000000
10.726628, -0.000000, 31.193609, 10.921194, 1.385248, 0.277704, 0.000000
10.750751, 0.000000, 31.279883, 10.945111, 1.384281, 0.277586, 0.000000
10.758711, 0.000000, 31.294042, 10.948864, 1.384159, 0.277571, 0.000000
10.782692, -0.000000, 31.312127, 10.959394, 1.383740, 0.277514, 0.000000
10.790700, 0.000000, 31.307224, 10.963860, 1.383526, 0.277480, 0.000000
10.814803, 0.000000, 31.302797, 10.964571, 1.383499, 0.277465, 0.000000
10.822887, 0.000000, 31.301958, 10.963430, 1.383589, 0.277477, 0.000000
10.846960, -0.000000, 31.301039, 10.956767, 1.383947, 0.277523, 0.000000
10.854910, -0.000000, 31.297944, 10.955184, 1.384018, 0.277532, 0.000000
10.878988, -0.000000, 31.280556, 10.951528, 1.384182, 0.277550, 0.000000
10.886986, 0.000000, 31.275188, 10.948882, 1.384300, 0.277562, 0.000000
10.911140, -0.000000, 31.264083, 10.939591, 1.384731, 0.277603, 0.000000
10.919217, -0.000000, 31.265520, 10.934679, 1.384999, 0.277637, 0.000000
10.943228, 0.000000, 31.257973, 10.931667, 1.385125, 0.277654, 0.000000
10.951267, 0.000000, 31.251185, 10.934079, 1.385017, 0.277640, 0.000000
10.975200, 0.000000, 31.245403, 10.933438, 1.385046, 0.277643, 0.000000
10.983289, -0.000000, 31.244340, 10.932376, 1.385093, 0.277649, 0.000000
11.007462, 0.000000, 31.245136, 10.927728, 1.385311, 0.277677, 0.000000
11.015412, -0.000000, 31.243520, 10.927019, 1.385343, 0.277681, 0.000000
11.039500, 0.000000, 31.236801, 10.927256, 1.385332, 0.277680, 0.000000
11.047520, 0.000000, 31.231957, 10.929196, 1.385245, 0.277669, 0.000000
11.071513, -0.000000, 31.232171, 10.928200, 1.385290, 0.277675, 0.000000
11.079530, 0.000000, 31.231826, 10.927855, 1.385315, 0.277678, 0.000000
11.103678, 0.000000, 31.231717, 10.927746, 1.385329, 0.277680, 0.000000
11.111701, 0.000000, 31.231717, 10.927746, 1.385329, 0.277680, 0.000000
11.135782, 0.000000, 31.230729, 10.928573, 1.385292, 0.277675, 0.000000
11.143853, 0.000000, 31.230729, 10.928573, 1.385292, 0.277675, 0.000000
11.167805, 0.000000, 31.230856, 10.928700, 1.385296, 0.277675, 0.000000
11.175848, -0.000000, 31.231092, 10.928936, 1.385285, 0.277674, 0.000000
11.199832, 0.000000, 31.231143, 10.929290, 1.385268, 0.277669, 0.000000
11.208067, 0.000000, 31.231142, 10.929288, 1.385267, 0.277666, 0.000000
11.232055, -0.000000, 31.232153, 10.929997, 1.385235, 0.277662, 0.000000
11.240144, 0.000000, 31.232271, 10.930115, 1.385230, 0.277661, 0.000000
11.264094, 0.000000, 31.233570, 10.931414, 1.385172, 0.277654, 0.000000
11.272171, -0.000000, 31.233502, 10.931649, 1.385160, 0.277649, 0.000000
11.296179, -0.000000, 31.234801, 10.932948, 1.385102, 0.277642, 0.000000
11.304254, 0.000000, 31.235104, 10.932948, 1.385102, 0.277642, 0.000000
11.328347, 0.000000, 31.236705, 10.934247, 1.385044, 0.277634, 0.000000
11.336417, 0.000000, 31.236571, 10.934416, 1.385036, 0.277633, 0.000000
11.360428, -0.000000, 31.237044, 10.934888, 1.385015, 0.277631, 0.000000
11.368395, 0.000000, 31.237160, 10.935005, 1.385008, 0.277627, 0.000000
11.392462, 0.000000, 31.237935, 10.935477, 1.384987, 0.277624, 0.000000
11.400543, 0.000000, 31.237935, 10.935477, 1.384987, 0.277624, 0.000000
11.424633, 0.000000, 31.237935, 10.935477, 1.384987, 0.277624, 0.000000
11.432745, 0.000000, 31.237935, 10.935477, 1.384987, 0.277624, 0.000000
11.456727, 0.000000, 31.237935, 10.935477, 1.384987, 0.277624, 0.000000
11.464691, 0.000000, 31.237935, 10.935477, 1.384987, 0.277624, 0.000000
11.488793, 0.000000, 31.237935, 10.935477, 1.384987, 0.277624, 0.000000
11.496736, 0.000000, 31.237935, 10.935477, 1.384987, 0.277624, 0.000000
11.520828, 0.000000, 31.237935, 10.935477, 1.384987, 0.277624, 0.000000
11.529010, 0.000000, 31.237935, 10.935477, 1.384987, 0.277624, 0.000000
11.553065, 0.000000, 31.238304, 10.935241, 1.384998, 0.277626, 0.000000
11.561043, -0.000000, 31.238370, 10.935005, 1.385008, 0.277627, 0.000000
11.585041, 0.000000, 31.238186, 10.935123, 1.385003, 0.277626, 0.000000
11.593044, 0.000000, 31.238186, 10.935123, 1.385003, 0.277626, 0.000000
11.617167, 0.000000, 31.238252, 10.934887, 1.385014, 0.277628, 0.000000
11.625217, 0.000000, 31.238252, 10.934887, 1.385014, 0.277628, 0.000000
11.649285, -0.000000, 31.238016, 10.934651, 1.385024, 0.277629, 0.000000
11.657263, 0.000000, 31.237898, 10.934533, 1.385030, 0.277630, 0.000000
11.681349, -0.000000, 31.237662, 10.934296, 1.385040, 0.277631, 0.000000
11.689319, -0.000000, 31.237662, 10.934296, 1.385040, 0.277631, 0.000000
11.713487, -0.000000, 31.237671, 10.934305, 1.385049, 0.277632, 0.000000
11.721574, -0.000000, 31.237553, 10.934187, 1.385055, 0.277633, 0.000000
11.745547, 0.000000, 31.237308, 10.933942, 1.385056, 0.277633, 0.000000
11.753584, -0.000000, 31.237317, 10.933951, 1.385065, 0.277634, 0.000000
11.777607, 0.000000, 31.237634, 10.933361, 1.385092, 0.277638, 0.000000
11.785588, 0.000000, 31.237634, 10.933361, 1.385092, 0.277638, 0.000000
11.809746, 0.000000, 31.237399, 10.933126, 1.385103, 0.277642, 0.000000
11.817705, 0.000000, 31.237163, 10.932890, 1.385114, 0.277643, 0.000000
11.841904, -0.000000, 31.237111, 10.932536, 1.385130, 0.277645, 0.000000
11.849838, -0.000000, 31.237111, 10.932536, 1.385130, 0.277645, 0.000000
11.873889, -0.000000, 31.236993, 10.932417, 1.385135, 0.277646, 0.000000
11.881869, -0.000000, 31.236993, 10.932417, 1.385135, 0.277646, 0.000000
11.905965, 0.000000, 31.236691, 10.932417, 1.385135, 0.277646, 0.000000
11.914025, -0.000000, 31.236875, 10.932299, 1.385140, 0.277647, 0.000000
11.938096, -0.000000, 31.236875, 10.932299, 1.385140, 0.277647, 0.000000
11.946184, -0.000000, 31.236875, 10.932299, 1.385140, 0.277647, 0.000000
11.970125, -0.000000, 31.236875, 10.932299, 1.385140, 0.277647, 0.000000
11.978130, -0.000000, 31.236875, 10.932299, 1.385140, 0.277647, 0.000000
12.002255, -0.000000, 31.236757, 10.932181, 1.385146, 0.277647, 0.000000
12.010303, -0.000000, 31.236757, 10.932181, 1.385146, 0.277647, 0.000000
12.034453, -0.000000, 31.236757, 10.932181, 1.385146, 0.277647, 0.000000
12.042402, 0.000000, 31.236573, 10.932299, 1.385140, 0.277647, 0.000000
12.066402, -0.000000, 31.236875, 10.932299, 1.385140, 0.277647, 0.000000
12.074411, -0.000000, 31.236875, 10.932299, 1.385140, 0.277647, 0.000000
12.098483, -0.000000, 31.236875, 10.932299, 1.385140, 0.277647, 0.000000
12.106539, -0.000000, 31.236875, 10.932299, 1.385140, 0.277647, 0.000000
12.130652, 0.000000, 31.236691, 10.932417, 1.385135, 0.277646, 0.000000
12.138765, 0.000000, 31.236691, 10.932417, 1.385135, 0.277646, 0.000000
12.162704, -0.000000, 31.236875, 10.932299, 1.385140, 0.277647, 0.000000
12.170735, -0.000000, 31.236875, 10.932299, 1.385140, 0.277647, 0.000000
12.194771, -0.000000, 31.236875, 10.932299, 1.385140, 0.277647, 0.000000
12.202842, 0.000000, 31.236691, 10.932417, 1.385135, 0.277646, 0.000000
12.226991, -0.000000, 31.236875, 10.932299, 1.385140, 0.277647, 0.000000
12.235058, -0.000000, 31.236875, 10.932299, 1.385140, 0.277647, 0.000000
12.259032, -0.000000, 31.236875, 10.932299, 1.385140, 0.277647, 0.000000
12.267024, 0.000000, 31.236691, 10.932417, 1.385135, 0.277646, 0.000000
12.291069, 0.000000, 31.236691, 10.932417, 1.385135, 0.277646, 0.000000
12.299095, -0.000000, 31.236875, 10.932299, 1.385140, 0.277647, 0.000000
12.323338, -0.000000, 31.236875, 10.932299, 1.385140, 0.277647, 0.000000
12.331242, -0.000000, 31.236875, 10.932299, 1.385140, 0.277647, 0.000000
12.355296, 0.000000, 31.236691, 10.932417, 1.385135, 0.277646, 0.000000
12.363253, 0.000000, 31.236691, 10.932417, 1.385135, 0.277646, 0.000000
12.387311, -0.000000, 31.236875, 10.932299, 1.385140, 0.277647, 0.000000
12.395287, -0.000000, 31.236875, 10.932299, 1.385140, 0.277647, 0.000000
12.419459, 0.000000, 31.236691, 10.932417, 1.385135, 0.277646, 0.000000
12.427563, 0.000000, 31.236691, 10.932417, 1.385135, 0.277646, 0.000000
12.451597, 0.000000, 31.236691, 10.932417, 1.385135, 0.277646, 0.000000
12.459548, 0.000000, 31.236691, 10.932417, 1.385135, 0.277646, 0.000000
12.483600, -0.000000, 31.236875, 10.932299, 1.385140, 0.277647, 0.000000
12.491607, 0.000000, 31.236691, 10.932417, 1.385135, 0.277646, 0.000000
12.515739, 0.000000, 31.236691, 10.932417, 1.385135, 0.277646, 0.000000
12.523863, 0.000000, 31.236691, 10.932417, 1.385135, 0.277646, 0.000000
12.547865, -14.484776, -1.498023, 68.164759, 0.107920, 0.759328, 1.327569
12.555881, -14.618986, -1.410499, 68.113521, 0.107469, 0.759854, 1.327569
12.579944, -15.349872, -0.939851, 67.833699, 0.105478, 0.762745, 1.327569
12.587915, -15.705346, -0.714442, 67.697161, 0.104793, 0.764169, 1.327569
12.612186, -17.120511, 0.162231, 67.151180, 0.103853, 0.769952, 1.327569
12.620104, -17.712001, 0.519638, 66.922022, 0.104287, 0.772425, 1.327569
12.644258, -19.859813, 1.778709, 66.086628, 0.109853, 0.781688, 1.327569
12.652221, -20.702785, 2.258142, 65.757828, 0.113719, 0.785449, 1.327569
12.676229, -4.915205, 36.829265, 10.172451, 1.431498, 0.305127, 0.000000
12.684266, -4.935022, 37.356567, 10.310700, 1.430620, 0.304293, 0.000000
12.708389, -4.977526, 38.901530, 10.723849, 1.427743, 0.301697, 0.000000
12.716437, -4.986027, 39.403907, 10.860963, 1.426698, 0.300799, 0.000000
12.740506, -4.994510, 40.871991, 11.270181, 1.423285, 0.298007, 0.000000
12.748536, -4.991670, 41.348055, 11.405799, 1.422050, 0.297043, 0.000000
12.772601, -4.966233, 42.735198, 11.809936, 1.418030, 0.294047, 0.000000
12.780593, -4.952145, 43.183630, 11.943654, 1.416581, 0.293013, 0.000000
12.804752, -4.893236, 44.485990, 12.341428, 1.411884, 0.289805, 0.000000
12.812815, -4.868106, 44.905547, 12.472795, 1.410198, 0.288699, 0.000000
12.836869, -4.776516, 46.119511, 12.862798, 1.404753, 0.285270, 0.000000
12.844978, -4.740664, 46.509029, 12.991325, 1.402805, 0.284089, 0.000000
12.868984, -4.617517, 47.631225, 13.372026, 1.396541, 0.280434, 0.000000
12.876989, -4.571371, 47.989621, 13.497186, 1.394308, 0.279176, 0.000000
12.901090, -4.418111, 49.016927, 13.866946, 1.387154, 0.275288, 0.000000
12.909057, -4.362205, 49.343203, 13.988173, 1.384613, 0.273952, 0.000000
12.933221, -4.180582, 50.272754, 14.345254, 1.376501, 0.269826, 0.000000
12.941246, -4.115548, 50.565999, 14.461954, 1.373629, 0.268411, 0.000000
12.965320, -3.907599, 51.395199, 14.804529, 1.364491, 0.264043, 0.000000
12.973279, -3.834161, 51.654592, 14.916080, 1.361267, 0.262547, 0.000000
12.997335, -3.602188, 52.381116, 15.242249, 1.351038, 0.257935, 0.000000
13.005457, -3.521155, 52.605930, 15.348008, 1.347440, 0.256357, 0.000000
13.029587, -3.267699, 53.227734, 15.655813, 1.336059, 0.251501, 0.000000
13.037570, -3.179954, 53.417335, 15.755119, 1.332066, 0.249841, 0.000000
13.061741, -2.907770, 53.932661, 16.042562, 1.319474, 0.244740, 0.000000
13.069705, -2.814263, 54.086510, 16.134743, 1.315068, 0.242999, 0.000000
13.093718, 29.125613, 88.580053, -29.759162, 2.268474, -0.339696, -1.327569
13.101763, 29.592871, 88.671366, -29.591798, 2.220560, -0.348045, -1.327569
13.126010, 30.688382, 88.870757, -29.240360, 2.093908, -0.369343, -1.327569
13.133940, 30.964964, 88.917086, -29.163113, 2.057917, -0.375202, -1.327569
13.158048, 31.577790, 89.012154, -29.014234, 1.970377, -0.389116, -1.327569
13.166026, 31.719276, 89.032332, -28.985126, 1.948325, -0.392549, -1.327569
13.190026, 31.985607, 89.068118, -28.936940, 1.904502, -0.399284, -1.327569
13.198007, 32.026461, 89.073326, -28.930396, 1.897483, -0.400353, -1.327569
13.222195, -0.000000, 54.870264, 17.088517, 0.963117, 0.183817, 0.000000
13.230263, -0.000000, 54.866096, 17.088347, 0.963738, 0.183913, 0.000000
13.254309, 0.000000, 54.856050, 17.087652, 0.965166, 0.184113, 0.000000
13.262317, 0.000000, 54.855447, 17.087321, 0.965998, 0.184227, 0.000000
13.286337, 0.000000, 54.855117, 17.086515, 0.967966, 0.184498, 0.000000
13.294326, -0.000000, 54.855402, 17.086581, 0.968259, 0.184538, 0.000000
13.318479, -0.000000, 54.855411, 17.086626, 0.967819, 0.184478, 0.000000
13.326606, -0.000000, 54.855420, 17.086598, 0.967362, 0.184415, 0.000000
13.350598, 0.000000, 54.856859, 17.086486, 0.967326, 0.184413, 0.000000
13.358646, 0.000000, 54.857333, 17.086560, 0.967535, 0.184442, 0.000000
13.382575, 0.000000, 54.858043, 17.086724, 0.966714, 0.184330, 0.000000
13.390639, 0.000000, 54.858146, 17.086717, 0.966191, 0.184258, 0.000000
13.414797, -0.000000, 54.858778, 17.087079, 0.965081, 0.184107, 0.000000
13.422711, 0.000000, 54.859319, 17.087257, 0.965081, 0.184107, 0.000000
13.446951, -0.000000, 54.860829, 17.087120, 0.965108, 0.184110, 0.000000
13.454884, 0.000000, 54.861219, 17.087041, 0.965117, 0.184112, 0.000000
13.478840, 0.000000, 54.862713, 17.086968, 0.965452, 0.184157, 0.000000
13.486884, 0.000000, 54.863125, 17.086914, 0.965531, 0.184168, 0.000000
13.510968, 0.000000, 54.863696, 17.086751, 0.965487, 0.184162, 0.000000
13.519058, 0.000000, 54.863897, 17.086844, 0.965580, 0.184175, 0.000000
13.543226, -0.000000, 54.863973, 17.086884, 0.965472, 0.184160, 0.000000
13.551192, -0.000000, 54.863842, 17.086754, 0.965341, 0.184142, 0.000000
13.575244, 0.000000, 54.863906, 17.086782, 0.965265, 0.184132, 0.000000
13.583156, 0.000000, 54.863986, 17.086898, 0.965366, 0.184146, 0.000000
13.607243, 0.000000, 54.863961, 17.086872, 0.965296, 0.184136, 0.000000
13.615331, -0.000000, 54.863880, 17.086791, 0.965171, 0.184119, 0.000000
13.639409, 0.000000, 54.863977, 17.086888, 0.965253, 0.184130, 0.000000
13.647415, 0.000000, 54.863977, 17.086888, 0.965253, 0.184130, 0.000000
13.671311, -0.000000, 54.863871, 17.086818, 0.965168, 0.184119, 0.000000
13.679331, 0.000000, 54.863964, 17.086911, 0.965261, 0.184131, 0.000000
13.703531, -0.000000, 54.863975, 17.086994, 0.965314, 0.184139, 0.000000
13.711427, -0.000000, 54.863826, 17.086844, 0.965164, 0.184118, 0.000000
13.735573, 0.000000, 54.863698, 17.086860, 0.965121, 0.184112, 0.000000
13.743680, 0.000000, 54.863778, 17.086976, 0.965222, 0.184126, 0.000000
13.767626, 0.000000, 54.863608, 17.086914, 0.965115, 0.184111, 0.000000
13.775651, -0.000000, 54.863576, 17.086918, 0.965104, 0.184110, 0.000000
13.799668, 0.000000, 54.863615, 17.086992, 0.965179, 0.184120, 0.000000
13.807734, 0.000000, 54.863484, 17.086862, 0.965048, 0.184102, 0.000000
13.831868, -0.000000, 54.863282, 17.086911, 0.964993, 0.184098, 0.000000
13.840059, 0.000000, 54.863341, 17.087005, 0.965073, 0.184106, 0.000000
13.863979, -0.000000, 54.863150, 17.086923, 0.964961, 0.184093, 0.000000
13.871931, 0.000000, 54.863086, 17.086931, 0.964939, 0.184090, 0.000000
13.895960, -0.000000, 54.862983, 17.087044, 0.964978, 0.184095, 0.000000
13.904045, -0.000000, 54.862909, 17.086969, 0.964903, 0.184085, 0.000000
13.928281, 0.000000, 54.862781, 17.086913, 0.964847, 0.184078, 0.000000
13.936228, -0.000000, 54.862876, 17.087044, 0.964978, 0.184095, 0.000000
13.960295, 0.000000, 54.862642, 17.087026, 0.964886, 0.184083, 0.000000
13.968291, -0.000000, 54.862485, 17.086941, 0.964771, 0.184067, 0.000000
13.992278, -0.000000, 54.862495, 17.087023, 0.964824, 0.184075, 0.000000
14.000246, -0.000000, 54.862495, 17.087023, 0.964824, 0.184075, 0.000000
14.024409, -0.000000, 54.862405, 17.086933, 0.964793, 0.184070, 0.000000
14.032461, -0.000000, 54.862517, 17.087045, 0.964905, 0.184086, 0.000000
14.056533, 0.000000, 54.862528, 17.087056, 0.964945, 0.184091, 0.000000
14.064525, -0.000000, 54.862397, 17.086925, 0.964815, 0.184073, 0.000000
14.088543, 0.000000, 54.862472, 17.087000, 0.964889, 0.184083, 0.000000
14.096499, -0.000000, 54.862490, 17.087018, 0.964908, 0.184086, 0.000000
14.120700, 0.000000, 54.862412, 17.086940, 0.964844, 0.184077, 0.000000
14.128772, 0.000000, 54.862505, 17.087033, 0.964938, 0.184090, 0.000000
14.152780, -0.000000, 54.862520, 17.087048, 0.964967, 0.184094, 0.000000
14.160890, -0.000000, 54.862389, 17.086917, 0.964837, 0.184076, 0.000000
14.184776, 0.000000, 54.862445, 17.086973, 0.964893, 0.184084, 0.000000
14.192812, 0.000000, 54.862501, 17.087029, 0.964949, 0.184091, 0.000000
14.217018, 0.000000, 54.862408, 17.086936, 0.964855, 0.184079, 0.000000
14.224978, 0.000000, 54.862482, 17.087010, 0.964930, 0.184089, 0.000000
14.249138, -0.000000, 54.862520, 17.087048, 0.964967, 0.184094, 0.000000
14.257128, -0.000000, 54.862389, 17.086917, 0.964837, 0.184076, 0.000000
14.281063, 0.000000, 54.862426, 17.086954, 0.964874, 0.184081, 0.000000
14.289084, 0.000000, 54.862501, 17.087029, 0.964949, 0.184091, 0.000000
14.313161, 0.000000, 54.862426, 17.086954, 0.964874, 0.184081, 0.000000
14.321235, 0.000000, 54.862482, 17.087010, 0.964930, 0.184089, 0.000000
14.345372, -0.000000, 54.862576, 17.087104, 0.965023, 0.184102, 0.000000
14.353325, 0.000000, 54.862408, 17.086936, 0.964855, 0.184079, 0.000000
14.377308, 0.000000, 54.862445, 17.086973, 0.964893, 0.184084, 0.000000
14.385346, -0.000000, 54.862557, 17.087085, 0.965004, 0.184099, 0.000000
14.409392, 0.000000, 54.862426, 17.086954, 0.964874, 0.184081, 0.000000
14.417543, 0.000000, 54.862464, 17.086992, 0.964911, 0.184086, 0.000000
14.441604, 0.000000, 54.862538, 17.087066, 0.964986, 0.184097, 0.000000
14.449569, 0.000000, 54.862426, 17.086954, 0.964874, 0.184081, 0.000000
14.473576, 0.000000, 54.862458, 17.086950, 0.964885, 0.184083, 0.000000
14.481594, 0.000000, 54.862570, 17.087062, 0.964997, 0.184098, 0.000000
14.505671, 0.000000, 54.862496, 17.086988, 0.964922, 0.184088, 0.000000
14.513662, 0.000000, 54.862496, 17.086988, 0.964922, 0.184088, 0.000000
14.537940, 0.000000, 54.862496, 17.086988, 0.964922, 0.184088, 0.000000
14.545912, 0.000000, 54.862496, 17.086988, 0.964922, 0.184088, 0.000000
14.569940, 0.000000, 54.862496, 17.086988, 0.964922, 0.184088, 0.000000
14.577940, 0.000000, 54.862496, 17.086988, 0.964922, 0.184088, 0.000000
14.601983, 0.000000, 54.862496, 17.086988, 0.964922, 0.184088, 0.000000
14.609974, 0.000000, 54.862496, 17.086988, 0.964922, 0.184088, 0.000000
14.634090, 0.000000, 54.862496, 17.086988, 0.964922, 0.184088, 0.000000
14.642205, 0.000000, 54.862496, 17.086988, 0.964922, 0.184088, 0.000000
14.666112, -0.000000, 54.862528, 17.086984, 0.964933, 0.184089, 0.000000
14.674122, -0.000000, 54.862528, 17.086984, 0.964933, 0.184089, 0.000000
14.698151, -0.000000, 54.862528, 17.086984, 0.964933, 0.184089, 0.000000
14.706238, -0.000000, 54.862528, 17.086984, 0.964933, 0.184089, 0.000000
14.730446, -0.000000, 54.862528, 17.086984, 0.964933, 0.184089, 0.000000
14.738387, -0.000000, 54.862528, 17.086984, 0.964933, 0.184089, 0.000000
14.762555, -0.000000, 54.862528, 17.086984, 0.964933, 0.184089, 0.000000
14.770374, -0.000000, 54.862528, 17.086984, 0.964933, 0.184089, 0.000000
14.794447, -0.000000, 54.862560, 17.086980, 0.964944, 0.184091, 0.000000
14.802466, -0.000000, 54.862560, 17.086980, 0.964944, 0.184091, 0.000000
14.826579, -0.000000, 54.862560, 17.086980, 0.964944, 0.184091, 0.000000
14.834600, -0.000000, 54.862560, 17.086980, 0.964944, 0.184091, 0.000000
14.858725, -0.000000, 54.862560, 17.086980, 0.964944, 0.184091, 0.000000
14.866689, -0.000000, 54.862560, 17.086980, 0.964944, 0.184091, 0.000000
14.890741, -0.000000, 54.862560, 17.086980, 0.964944, 0.184091, 0.000000
14.898737, -0.000000, 54.862560, 17.086980, 0.964944, 0.184091, 0.000000
14.922938, 0.000000, 54.862592, 17.086976, 0.964955, 0.184092, 0.000000
14.931046, 0.000000, 54.862592, 17.086976, 0.964955, 0.184092, 0.000000
14.955029, 0.000000, 54.862592, 17.086976, 0.964955, 0.184092, 0.000000
14.963062, 0.000000, 54.862592, 17.086976, 0.964955, 0.184092, 0.000000
14.987065, 0.000000, 54.862592, 17.086976, 0.964955, 0.184092, 0.000000
14.995052, 0.000000, 54.862592, 17.086976, 0.964955, 0.184092, 0.000000
15.019234, 0.000000, 54.862592, 17.086976, 0.964955, 0.184092, 0.000000
15.027229, 0.000000, 54.862592, 17.086976, 0.964955, 0.184092, 0.000000
15.051309, 32.002127, 89.070577, -28.934370, 1.901565, -0.400238, -1.328307
15.059389, 31.945760, 89.063302, -28.943662, 1.911157, -0.398775, -1.328307
15.083356, 31.627825, 89.019704, -29.003816, 1.962554, -0.390843, -1.328307
15.091423, 31.466627, 88.996113, -29.038769, 1.987055, -0.387006, -1.328307
15.115482, 30.783798, 88.887254, -29.213266, 2.081588, -0.371861, -1.328307
15.123564, 30.479522, 88.834874, -29.302322, 2.119760, -0.365585, -1.328307
15.147666, 29.285076, 88.611850, -29.701251, 2.252353, -0.343022, -1.328307
15.155798, 28.779014, 88.510568, -29.888943, 2.302005, -0.334249, -1.328307
15.179722, -2.877480, 53.983600, 16.072740, 1.317927, 0.244151, 0.000000
15.187741, -2.970088, 53.823690, 15.979315, 1.322264, 0.245880, 0.000000
15.211827, -3.239324, 53.290300, 15.688313, 1.334653, 0.250943, 0.000000
15.219933, -3.326005, 53.094722, 15.587877, 1.338579, 0.252590, 0.000000
15.244055, -3.576035, 52.455130, 15.276852, 1.349767, 0.257408, 0.000000
15.252032, -3.655851, 52.224438, 15.170076, 1.353302, 0.258973, 0.000000
15.276096, -3.883953, 51.480449, 14.841020, 1.363347, 0.263545, 0.000000
15.284100, -3.956032, 51.215294, 14.728562, 1.366512, 0.265029, 0.000000
15.308175, -4.159704, 50.369001, 14.383425, 1.375477, 0.269358, 0.000000
15.316191, -4.223249, 50.070126, 14.265925, 1.378293, 0.270761, 0.000000
15.340354, -4.400232, 49.123899, 13.906596, 1.386243, 0.274849, 0.000000
15.348440, -4.454537, 48.792140, 13.784671, 1.388732, 0.276172, 0.000000
15.372461, -4.602841, 47.748623, 13.412962, 1.395735, 0.280023, 0.000000
15.380420, -4.647287, 47.384906, 13.287202, 1.397919, 0.281268, 0.000000
15.404538, -4.765212, 46.247006, 12.904837, 1.404044, 0.284887, 0.000000
15.412522, -4.799285, 45.852344, 12.775800, 1.405948, 0.286056, 0.000000
15.436726, -4.885440, 44.623227, 12.384401, 1.411265, 0.289449, 0.000000
15.444720, -4.908729, 44.198716, 12.252609, 1.412911, 0.290543, 0.000000
15.468759, -4.962044, 42.881795, 11.853684, 1.417492, 0.293718, 0.000000
15.476754, -4.974248, 42.428613, 11.719622, 1.418905, 0.294740, 0.000000
15.500853, -4.993992, 41.027541, 11.314559, 1.422821, 0.297703, 0.000000
15.508900, -4.994923, 40.546944, 11.178667, 1.424023, 0.298656, 0.000000
15.533110, -4.980704, 39.065601, 10.768727, 1.427344, 0.301416, 0.000000
15.541109, -4.970290, 38.558920, 10.631404, 1.428360, 0.302303, 0.000000
15.565143, -4.922066, 37.001403, 10.217712, 1.431156, 0.304869, 0.000000
15.573236, -4.900351, 36.470038, 10.079310, 1.432009, 0.305693, 0.000000
15.597158, -20.127644, 1.930977, 65.982446, 0.110874, 0.783341, 1.328307
15.605280, -19.327866, 1.471251, 66.294159, 0.107792, 0.779818, 1.328307
15.629348, -17.306864, 0.274531, 67.079309, 0.103829, 0.771195, 1.328307
15.637452, -16.756374, -0.061179, 67.292277, 0.103716, 0.768914, 1.328307
15.661493, -15.459915, -0.870652, 67.791754, 0.105136, 0.763653, 1.328307
15.669478, -15.142648, -1.073101, 67.913462, 0.105852, 0.762389, 1.328307
15.693524, -14.523180, -1.473744, 68.150406, 0.107677, 0.759947, 1.328307
15.701547, -14.425357, -1.537686, 68.187734, 0.108018, 0.759564, 1.328307
15.725706, 0.000000, 31.161591, 10.911405, 1.385620, 0.277755, 0.000000
15.733833, -0.000000, 31.194682, 10.922266, 1.385209, 0.277699, 0.000000
15.757910, 0.000000, 31.281523, 10.950681, 1.384004, 0.277536, 0.000000
15.765922, -0.000000, 31.296214, 10.956002, 1.383798, 0.277521, 0.000000
15.789865, 0.000000, 31.312611, 10.958670, 1.383755, 0.277519, 0.000000
15.797809, 0.000000, 31.306638, 10.963273, 1.383555, 0.277490, 0.000000
15.822036, 0.000000, 31.301876, 10.963649, 1.383562, 0.277479, 0.000000
15.830001, -0.000000, 31.301120, 10.962289, 1.383680, 0.277491, 0.000000
15.854120, -0.000000, 31.300215, 10.955944, 1.383985, 0.277531, 0.000000
15.862108, -0.000000, 31.297710, 10.954950, 1.384030, 0.277536, 0.000000
15.886095, 0.000000, 31.279327, 10.949998, 1.384254, 0.277565, 0.000000
15.894117, 0.000000, 31.273841, 10.947232, 1.384376, 0.277575, 0.000000
15.918179, -0.000000, 31.263166, 10.938674, 1.384801, 0.277612, 0.000000
15.926287, 0.000000, 31.264199, 10.933358, 1.385088, 0.277652, 0.000000
15.950354, 0.000000, 31.257335, 10.931331, 1.385159, 0.277658, 0.000000
15.958382, 0.000000, 31.250907, 10.933802, 1.385039, 0.277642, 0.000000
15.982331, -0.000000, 31.245294, 10.933329, 1.385060, 0.277645, 0.000000
15.990347, -0.000000, 31.244297, 10.932030, 1.385118, 0.277653, 0.000000
16.014433, -0.000000, 31.241658, 10.929391, 1.385246, 0.277669, 0.000000
16.022571, 0.000000, 31.240528, 10.928564, 1.385283, 0.277674, 0.000000
16.046654, 0.000000, 31.235525, 10.927492, 1.385322, 0.277679, 0.000000
16.054689, -0.000000, 31.234063, 10.927845, 1.385304, 0.277674, 0.000000
16.078694, -0.000000, 31.233062, 10.927449, 1.385332, 0.277677, 0.000000
16.086637, -0.000000, 31.232944, 10.927331, 1.385337, 0.277678, 0.000000
16.110725, -0.000000, 31.232768, 10.927457, 1.385340, 0.277675, 0.000000
16.118753, 0.000000, 31.232399, 10.927693, 1.385329, 0.277674, 0.000000
16.142860, 0.000000, 31.231951, 10.927980, 1.385316, 0.277672, 0.000000
16.150923, -0.000000, 31.232069, 10.928098, 1.385311, 0.277672, 0.000000
16.174917, -0.000000, 31.232077, 10.928106, 1.385319, 0.277670, 0.000000
16.182895, 0.000000, 31.232195, 10.928224, 1.385314, 0.277669, 0.000000
16.206988, 0.000000, 31.231692, 10.928932, 1.385281, 0.277662, 0.000000
16.214985, -0.000000, 31.231508, 10.929050, 1.385275, 0.277661, 0.000000
16.239143, -0.000000, 31.233139, 10.929168, 1.385270, 0.277660, 0.000000
16.247168, -0.000000, 31.233257, 10.929286, 1.385265, 0.277660, 0.000000
16.271071, 0.000000, 31.234371, 10.930703, 1.385201, 0.277652, 0.000000
16.279228, 0.000000, 31.234239, 10.931176, 1.385180, 0.277649, 0.000000
16.303229, 0.000000, 31.235051, 10.932593, 1.385117, 0.277641, 0.000000
16.311266, 0.000000, 31.235641, 10.933183, 1.385090, 0.277637, 0.000000
16.335405, -0.000000, 31.236359, 10.933900, 1.385067, 0.277634, 0.000000
16.343428, 0.000000, 31.236764, 10.934305, 1.385049, 0.277632, 0.000000
16.367581, 0.000000, 31.237000, 10.934542, 1.385039, 0.277631, 0.000000
16.375516, 0.000000, 31.237354, 10.934896, 1.385023, 0.277629, 0.000000
16.399495, 0.000000, 31.237590, 10.935132, 1.385012, 0.277627, 0.000000
16.407573, -0.000000, 31.237708, 10.935250, 1.385007, 0.277627, 0.000000
16.431675, -0.000000, 31.237708, 10.935250, 1.385007, 0.277627, 0.000000
16.439785, -0.000000, 31.237708, 10.935250, 1.385007, 0.277627, 0.000000
16.463739, -0.000000, 31.237708, 10.935250, 1.385007, 0.277627, 0.000000
16.471809, -0.000000, 31.237708, 10.935250, 1.385007, 0.277627, 0.000000
16.495805, -0.000000, 31.237708, 10.935250, 1.385007, 0.277627, 0.000000
16.503832, -0.000000, 31.237708, 10.935250, 1.385007, 0.277627, 0.000000
16.527982, -0.000000, 31.237708, 10.935250, 1.385007, 0.277627, 0.000000
16.536093, -0.000000, 31.237708, 10.935250, 1.385007, 0.277627, 0.000000
16.560057, 0.000000, 31.237590, 10.935132, 1.385012, 0.277627, 0.000000
16.568133, 0.000000, 31.237590, 10.935132, 1.385012, 0.277627, 0.000000
16.592044, 0.000000, 31.237590, 10.935132, 1.385012, 0.277627, 0.000000
16.600102, 0.000000, 31.237590, 10.935132, 1.385012, 0.277627, 0.000000
16.624273, 0.000000, 31.237774, 10.935014, 1.385017, 0.277628, 0.000000
16.632261, 0.000000, 31.237774, 10.935014, 1.385017, 0.277628, 0.000000
16.656242, -0.000000, 31.237656, 10.934896, 1.385023, 0.277629, 0.000000
16.664361, -0.000000, 31.237538, 10.934778, 1.385028, 0.277629, 0.000000
16.688353, 0.000000, 31.237540, 10.934779, 1.385029, 0.277632, 0.000000
16.696328, -0.000000, 31.237422, 10.934661, 1.385035, 0.277633, 0.000000
16.720424, 0.000000, 31.237488, 10.934425, 1.385045, 0.277635, 0.000000
16.728456, 0.000000, 31.237370, 10.934307, 1.385050, 0.277635, 0.000000
16.752618, -0.000000, 31.237252, 10.934189, 1.385056, 0.277636, 0.000000
16.760611, 0.000000, 31.237134, 10.934071, 1.385061, 0.277637, 0.000000
16.784612, 0.000000, 31.237134, 10.934071, 1.385061, 0.277637, 0.000000
16.792595, -0.000000, 31.237318, 10.933952, 1.385066, 0.277637, 0.000000
16.816677, -0.000000, 31.237318, 10.933952, 1.385066, 0.277637, 0.000000
16.824828, -0.000000, 31.237318, 10.933952, 1.385066, 0.277637, 0.000000
16.848937, 0.000000, 31.236846, 10.933480, 1.385088, 0.277640, 0.000000
16.856863, 0.000000, 31.236846, 10.933480, 1.385088, 0.277640, 0.000000
16.880899, -0.000000, 31.236921, 10.933253, 1.385107, 0.277642, 0.000000
16.888864, -0.000000, 31.236921, 10.933253, 1.385107, 0.277642, 0.000000
16.912965, -0.000000, 31.236440, 10.932772, 1.385119, 0.277644, 0.000000
16.920985, -0.000000, 31.236331, 10.932663, 1.385134, 0.277646, 0.000000
16.945152, -0.000000, 31.236213, 10.932545, 1.385139, 0.277647, 0.000000
16.953130, -0.000000, 31.236397, 10.932427, 1.385144, 0.277647, 0.000000
16.977125, -0.000000, 31.236213, 10.932545, 1.385139, 0.277647, 0.000000
16.985158, -0.000000, 31.236213, 10.932545, 1.385139, 0.277647, 0.000000
17.009207, -0.000000, 31.236397, 10.932427, 1.385144, 0.277647, 0.000000
17.017191, -0.000000, 31.236397, 10.932427, 1.385144, 0.277647, 0.000000
17.041412, -0.000000, 31.236397, 10.932427, 1.385144, 0.277647, 0.000000
17.049389, -0.000000, 31.236397, 10.932427, 1.385144, 0.277647, 0.000000
17.073479, -0.000000, 31.236397, 10.932427, 1.385144, 0.277647, 0.000000
17.081411, -0.000000, 31.236397, 10.932427, 1.385144, 0.277647, 0.000000
17.105504, -0.000000, 31.236397, 10.932427, 1.385144, 0.277647, 0.000000
17.113514, -0.000000, 31.236397, 10.932427, 1.385144, 0.277647, 0.000000
17.137880, -0.000000, 31.236397, 10.932427, 1.385144, 0.277647, 0.000000
17.145697, -0.000000, 31.236397, 10.932427, 1.385144, 0.277647, 0.000000
17.169865, -0.000000, 31.236397, 10.932427, 1.385144, 0.277647, 0.000000
17.177756, -0.000000, 31.236397, 10.932427, 1.385144, 0.277647, 0.000000
17.201835, -0.000000, 31.236397, 10.932427, 1.385144, 0.277647, 0.000000
17.209829, -0.000000, 31.236397, 10.932427, 1.385144, 0.277647, 0.000000
17.233991, -0.000000, 31.236397, 10.932427, 1.385144, 0.277647, 0.000000
17.242072, -0.000000, 31.236397, 10.932427, 1.385144, 0.277647, 0.000000
17.266139, -0.000000, 31.236397, 10.932427, 1.385144, 0.277647, 0.000000
17.274065, -0.000000, 31.236397, 10.932427, 1.385144, 0.277647, 0.000000
17.298130, -0.000000, 31.236397, 10.932427, 1.385144, 0.277647, 0.000000
17.306189, -0.000000, 31.236397, 10.932427, 1.385144, 0.277647, 0.000000
17.330224, -0.000000, 31.236397, 10.932427, 1.385144, 0.277647, 0.000000
17.338335, -0.000000, 31.236397, 10.932427, 1.385144, 0.277647, 0.000000
17.362392, 0.000000, 31.236515, 10.932545, 1.385139, 0.277647, 0.000000
17.370406, 0.000000, 31.236515, 10.932545, 1.385139, 0.277647, 0.000000
17.394396, 0.000000, 31.236515, 10.932545, 1.385139, 0.277647, 0.000000
17.402370, -0.000000, 31.236515, 10.932545, 1.385139, 0.277647, 0.000000
17.426518, 0.000000, 31.236700, 10.932427, 1.385144, 0.277647, 0.000000
17.434508, 0.000000, 31.236700, 10.932427, 1.385144, 0.277647, 0.000000
17.458652, 0.000000, 31.236700, 10.932427, 1.385144, 0.277647, 0.000000
17.466612, 0.000000, 31.236700, 10.932427, 1.385144, 0.277647, 0.000000
17.490636, 0.000000, 31.236700, 10.932427, 1.385144, 0.277647, 0.000000
17.498598, 0.000000, 31.236700, 10.932427, 1.385144, 0.277647, 0.000000
17.522816, 0.000000, 31.236700, 10.932427, 1.385144, 0.277647, 0.000000
17.530797, 0.000000, 31.236700, 10.932427, 1.385144, 0.277647, 0.000000
17.554955, -14.484782, -1.497975, 68.164799, 0.107987, 0.759334, 1.327569
17.562885, -14.618992, -1.410452, 68.113560, 0.107535, 0.759859, 1.327569
17.586911, -15.349878, -0.939804, 67.833737, 0.105544, 0.762751, 1.327569
17.594926, -15.705353, -0.714395, 67.697199, 0.104859, 0.764174, 1.327569
17.619056, -17.120518, 0.162277, 67.151216, 0.103917, 0.769957, 1.327569
17.627163, -17.712008, 0.519684, 66.922057, 0.104351, 0.772430, 1.327569
17.651199, -19.859821, 1.778753, 66.086660, 0.109915, 0.781692, 1.327569
17.659215, -20.702794, 2.258185, 65.757859, 0.113780, 0.785453, 1.327569
17.683261, -4.915206, 36.829270, 10.172454, 1.431503, 0.305127, 0.000000
17.691227, -4.935024, 37.356572, 10.310703, 1.430626, 0.304293, 0.000000
17.715400, -4.977527, 38.901535, 10.723852, 1.427749, 0.301697, 0.000000
17.723517, -4.986029, 39.403912, 10.860966, 1.426704, 0.300800, 0.000000
17.747554, -4.994511, 40.871996, 11.270184, 1.423291, 0.298008, 0.000000
17.755620, -4.991671, 41.348059, 11.405802, 1.422055, 0.297044, 0.000000
17.779551, -4.966233, 42.735202, 11.809939, 1.418036, 0.294048, 0.000000
17.787541, -4.952145, 43.183634, 11.943656, 1.416587, 0.293014, 0.000000
17.811643, -4.893236, 44.485993, 12.341430, 1.411890, 0.289805, 0.000000
17.819721, -4.868106, 44.905550, 12.472798, 1.410203, 0.288699, 0.000000
17.843907, -4.776516, 46.119514, 12.862800, 1.404758, 0.285270, 0.000000
17.851919, -4.740664, 46.509032, 12.991327, 1.402810, 0.284090, 0.000000
17.876000, -4.617516, 47.631228, 13.372028, 1.396546, 0.280434, 0.000000
17.883971, -4.571370, 47.989623, 13.497187, 1.394313, 0.279177, 0.000000
17.908034, -4.418110, 49.016929, 13.866948, 1.387159, 0.275288, 0.000000
17.916041, -4.362204, 49.343204, 13.988175, 1.384618, 0.273953, 0.000000
17.940252, -4.180581, 50.272755, 14.345255, 1.376505, 0.269826, 0.000000
17.948261, -4.115546, 50.566000, 14.461955, 1.373633, 0.268411, 0.000000
17.972372, -3.907597, 51.395199, 14.804530, 1.364495, 0.264043, 0.000000
17.980293, -3.834159, 51.654592, 14.916081, 1.361270, 0.262547, 0.000000
18.004352, -3.602186, 52.381116, 15.242249, 1.351041, 0.257936, 0.000000
18.012373, -3.521152, 52.605929, 15.348008, 1.347443, 0.256358, 0.000000
18.036491, -3.267696, 53.227733, 15.655813, 1.336061, 0.251501, 0.000000
18.044554, -3.179951, 53.417333, 15.755119, 1.332068, 0.249841, 0.000000
18.068738, -2.907767, 53.932659, 16.042561, 1.319476, 0.244740, 0.000000
18.076680, -2.814260, 54.086507, 16.134743, 1.315070, 0.242999, 0.000000
18.100720, 29.125620, 88.580027, -29.759174, 2.268435, -0.339696, -1.327569
18.108758, 29.592878, 88.671341, -29.591810, 2.220521, -0.348045, -1.327569
18.132932, 30.688387, 88.870733, -29.240371, 2.093869, -0.369344, -1.327569
18.140988, 30.964968, 88.917063, -29.163125, 2.057878, -0.375203, -1.327569
18.165058, 31.577794, 89.012131, -29.014245, 1.970337, -0.389117, -1.327569
18.173034, 31.719279, 89.032310, -28.985137, 1.948285, -0.392549, -1.327569
18.197053, 31.985610, 89.068096, -28.936951, 1.904462, -0.399285, -1.327569
18.205058, 32.026463, 89.073304, -28.930407, 1.897443, -0.400353, -1.327569
18.229255, -0.000000, 54.870139, 17.088605, 0.963292, 0.183818, 0.000000
18.237187, 0.000000, 54.865913, 17.088272, 0.963677, 0.183868, 0.000000
18.261284, 0.000000, 54.855954, 17.087592, 0.965121, 0.184067, 0.000000
18.269336, 0.000000, 54.855249, 17.087343, 0.965916, 0.184209, 0.000000
18.293289, 0.000000, 54.855065, 17.086573, 0.967866, 0.184458, 0.000000
18.301314, 0.000000, 54.855251, 17.086503, 0.968151, 0.184530, 0.000000
18.325384, 0.000000, 54.855202, 17.086453, 0.967662, 0.184436, 0.000000
18.333481, -0.000000, 54.855441, 17.086656, 0.967405, 0.184439, 0.000000
18.357575, 0.000000, 54.856795, 17.086532, 0.967327, 0.184409, 0.000000
18.365574, 0.000000, 54.857166, 17.086502, 0.967402, 0.184439, 0.000000
18.389641, 0.000000, 54.857957, 17.086747, 0.966677, 0.184331, 0.000000
18.397581, 0.000000, 54.858201, 17.086845, 0.966274, 0.184274, 0.000000
18.421698, 0.000000, 54.858711, 17.087194, 0.965107, 0.184128, 0.000000
18.429833, -0.000000, 54.859132, 17.087215, 0.964965, 0.184084, 0.000000
18.453927, -0.000000, 54.860745, 17.087180, 0.965094, 0.184132, 0.000000
18.461881, 0.000000, 54.861158, 17.087124, 0.965126, 0.184101, 0.000000
18.485898, 0.000000, 54.862612, 17.087047, 0.965457, 0.184181, 0.000000
18.493918, -0.000000, 54.863008, 17.086976, 0.965504, 0.184166, 0.000000
18.517962, -0.000000, 54.863793, 17.086920, 0.965626, 0.184194, 0.000000
18.525969, 0.000000, 54.863930, 17.086913, 0.965605, 0.184180, 0.000000
18.550129, 0.000000, 54.864096, 17.086936, 0.965553, 0.184175, 0.000000
18.558196, -0.000000, 54.864146, 17.086950, 0.965553, 0.184186, 0.000000
18.582196, 0.000000, 54.864142, 17.086946, 0.965489, 0.184156, 0.000000
18.590170, 0.000000, 54.864160, 17.086963, 0.965477, 0.184184, 0.000000
18.614252, -0.000000, 54.864139, 17.086942, 0.965411, 0.184140, 0.000000
18.622255, 0.000000, 54.864182, 17.086986, 0.965425, 0.184180, 0.000000
18.646403, -0.000000, 54.864113, 17.086952, 0.965362, 0.184147, 0.000000
18.654465, 0.000000, 54.864126, 17.086965, 0.965374, 0.184162, 0.000000
18.678484, -0.000000, 54.864115, 17.086955, 0.965364, 0.184150, 0.000000
18.686479, -0.000000, 54.864120, 17.086960, 0.965369, 0.184156, 0.000000
18.710544, 0.000000, 54.864022, 17.086970, 0.965334, 0.184148, 0.000000
18.718543, 0.000000, 54.863956, 17.086975, 0.965310, 0.184142, 0.000000
18.742760, -0.000000, 54.863873, 17.087000, 0.965290, 0.184153, 0.000000
18.750684, 0.000000, 54.863787, 17.086985, 0.965245, 0.184123, 0.000000
18.774850, 0.000000, 54.863684, 17.087026, 0.965227, 0.184147, 0.000000
18.782750, -0.000000, 54.863630, 17.087007, 0.965194, 0.184118, 0.000000
18.806813, -0.000000, 54.863615, 17.087029, 0.965201, 0.184138, 0.000000
18.814762, -0.000000, 54.863596, 17.087010, 0.965196, 0.184121, 0.000000
18.838862, 0.000000, 54.863348, 17.087049, 0.965117, 0.184119, 0.000000
18.846967, -0.000000, 54.863351, 17.087052, 0.965120, 0.184122, 0.000000
18.871042, 0.000000, 54.863176, 17.087056, 0.965050, 0.184096, 0.000000
18.879039, -0.000000, 54.863087, 17.087075, 0.965024, 0.184120, 0.000000
18.903029, 0.000000, 54.862927, 17.087059, 0.964964, 0.184081, 0.000000
18.911048, 0.000000, 54.862923, 17.087091, 0.964981, 0.184114, 0.000000
18.935215, 0.000000, 54.862833, 17.087073, 0.964963, 0.184092, 0.000000
18.943275, 0.000000, 54.862841, 17.087081, 0.964971, 0.184101, 0.000000
18.967296, 0.000000, 54.862617, 17.087109, 0.964910, 0.184099, 0.000000
18.975301, -0.000000, 54.862568, 17.087096, 0.964882, 0.184076, 0.000000
18.999316, 0.000000, 54.862554, 17.087118, 0.964905, 0.184103, 0.000000
19.007339, -0.000000, 54.862526, 17.087090, 0.964877, 0.184069, 0.000000
19.031500, -0.000000, 54.862544, 17.087108, 0.964924, 0.184103, 0.000000
19.039421, -0.000000, 54.862534, 17.087098, 0.964914, 0.184091, 0.000000
19.063632, -0.000000, 54.862526, 17.087090, 0.964935, 0.184094, 0.000000
19.071642, 0.000000, 54.862528, 17.087092, 0.964938, 0.184097, 0.000000
19.095611, -0.000000, 54.862516, 17.087080, 0.964925, 0.184082, 0.000000
19.103642, -0.000000, 54.862539, 17.087103, 0.964948, 0.184109, 0.000000
19.127697, -0.000000, 54.862500, 17.087064, 0.964939, 0.184075, 0.000000
19.135807, -0.000000, 54.862533, 17.087097, 0.964972, 0.184115, 0.000000
19.159956, -0.000000, 54.862506, 17.087070, 0.964960, 0.184089, 0.000000
19.167913, 0.000000, 54.862519, 17.087083, 0.964973, 0.184104, 0.000000
19.191927, -0.000000, 54.862497, 17.087061, 0.964965, 0.184103, 0.000000
19.199935, -0.000000, 54.862484, 17.087048, 0.964953, 0.184088, 0.000000
19.224003, -0.000000, 54.862504, 17.087068, 0.964973, 0.184113, 0.000000
19.232112, 0.000000, 54.862476, 17.087040, 0.964945, 0.184079, 0.000000
19.256193, 0.000000, 54.862502, 17.087066, 0.964970, 0.184110, 0.000000
19.264141, -0.000000, 54.862481, 17.087045, 0.964950, 0.184085, 0.000000
19.288180, 0.000000, 54.862486, 17.087050, 0.964955, 0.184091, 0.000000
19.296161, 0.000000, 54.862499, 17.087063, 0.964968, 0.184106, 0.000000
19.320248, -0.000000, 54.862481, 17.087045, 0.964950, 0.184085, 0.000000
19.328247, -0.000000, 54.862507, 17.087071, 0.964975, 0.184116, 0.000000
19.352441, -0.000000, 54.862479, 17.087043, 0.964947, 0.184082, 0.000000
19.360403, -0.000000, 54.862497, 17.087061, 0.964965, 0.184103, 0.000000
19.384465, 0.000000, 54.862495, 17.087059, 0.964979, 0.184108, 0.000000
19.392433, -0.000000, 54.862475, 17.087039, 0.964958, 0.184083, 0.000000
19.416506, -0.000000, 54.862503, 17.087067, 0.964986, 0.184117, 0.000000
19.424493, 0.000000, 54.862472, 17.087036, 0.964956, 0.184080, 0.000000
19.448700, -0.000000, 54.862530, 17.087058, 0.964992, 0.184112, 0.000000
19.456810, 0.000000, 54.862512, 17.087040, 0.964974, 0.184091, 0.000000
19.480782, 0.000000, 54.862514, 17.087042, 0.964977, 0.184094, 0.000000
19.488731, 0.000000, 54.862527, 17.087055, 0.964990, 0.184109, 0.000000
19.512761, 0.000000, 54.862502, 17.087030, 0.964964, 0.184079, 0.000000
19.520811, 0.000000, 54.862535, 17.087063, 0.964997, 0.184119, 0.000000
19.545030, -0.000000, 54.862507, 17.087035, 0.964969, 0.184085, 0.000000
19.552979, 0.000000, 54.862527, 17.087055, 0.964990, 0.184109, 0.000000
19.577063, 0.000000, 54.862557, 17.087049, 0.964998, 0.184108, 0.000000
19.585030, 0.000000, 54.862544, 17.087036, 0.964985, 0.184092, 0.000000
19.609062, 0.000000, 54.862567, 17.087059, 0.965008, 0.184120, 0.000000
19.617118, -0.000000, 54.862536, 17.087028, 0.964977, 0.184083, 0.000000
19.641207, 0.000000, 54.862562, 17.087054, 0.965003, 0.184114, 0.000000
19.649247, 0.000000, 54.862544, 17.087036, 0.964985, 0.184092, 0.000000
19.673345, -0.000000, 54.862584, 17.087040, 0.965004, 0.184103, 0.000000
19.681343, 0.000000, 54.862589, 17.087045, 0.965009, 0.184109, 0.000000
19.705342, -0.000000, 54.862568, 17.087024, 0.964988, 0.184085, 0.000000
19.713378, -0.000000, 54.862599, 17.087055, 0.965019, 0.184122, 0.000000
19.737505, -0.000000, 54.862607, 17.087027, 0.964991, 0.184088, 0.000000
19.745684, -0.000000, 54.862627, 17.087047, 0.965011, 0.184112, 0.000000
19.769711, -0.000000, 54.862622, 17.087042, 0.965006, 0.184106, 0.000000
19.777710, -0.000000, 54.862612, 17.087032, 0.964996, 0.184094, 0.000000
19.801664, -0.000000, 54.862635, 17.087055, 0.965019, 0.184122, 0.000000
19.809659, 0.000000, 54.862604, 17.087024, 0.964988, 0.184085, 0.000000
19.833859, -0.000000, 54.862659, 17.087043, 0.965022, 0.184114, 0.000000
19.841763, -0.000000, 54.862647, 17.087031, 0.965009, 0.184098, 0.000000
19.865945, 0.000000, 54.862644, 17.087028, 0.965007, 0.184095, 0.000000
19.873936, 0.000000, 54.862662, 17.087046, 0.965025, 0.184117, 0.000000
19.897931, 0.000000, 54.862615, 17.086999, 0.964978, 0.184081, 0.000000
19.905948, 0.000000, 54.862667, 17.087051, 0.965030, 0.184123, 0.000000
19.930021, -0.000000, 54.862628, 17.087012, 0.964991, 0.184096, 0.000000
19.938115, -0.000000, 54.862652, 17.087036, 0.965014, 0.184105, 0.000000
19.962208, -0.000000, 54.862694, 17.087042, 0.965036, 0.184118, 0.000000
19.970202, -0.000000, 54.862650, 17.086998, 0.964991, 0.184085, 0.000000
19.994207, -0.000000, 54.862699, 17.087047, 0.965041, 0.184125, 0.000000
20.002226, -0.000000, 54.862650, 17.086998, 0.964991, 0.184085, 0.000000
20.026379, -0.000000, 54.862684, 17.087032, 0.965025, 0.184106, 0.000000
20.034436, 0.000000, 54.862665, 17.087013, 0.965007, 0.184104, 0.000000
20.058478, 1.789516, 56.772599, 14.516884, 1.017067, 0.151439, -0.074187
20.066470, 1.789273, 56.771852, 14.516715, 1.017202, 0.151463, -0.074187
20.090495, 1.788128, 56.768312, 14.515913, 1.017840, 0.151580, -0.074187
20.098566, 1.787606, 56.766693, 14.515544, 1.018130, 0.151634, -0.074187
20.122632, 1.785609, 56.760483, 14.514119, 1.019231, 0.151836, -0.074187
20.130651, 1.784798, 56.757952, 14.513534, 1.019675, 0.151917, -0.074187
20.154853, 1.781919, 56.748918, 14.511426, 1.021238, 0.152204, -0.074187
20.162924, 1.780808, 56.745412, 14.510599, 1.021835, 0.152314, -0.074187
20.186863, 1.777005, 56.733337, 14.507720, 1.023857, 0.152686, -0.074187
20.194862, 1.775578, 56.728773, 14.506620, 1.024607, 0.152825, -0.074187
20.218974, 1.770796, 56.713374, 14.502857, 1.027084, 0.153282, -0.074187
20.226969, 1.769031, 56.707648, 14.501440, 1.027985, 0.153449, -0.074187
20.251188, 1.763203, 56.688579, 14.496654, 1.030915, 0.153991, -0.074187
20.259151, 1.761077, 56.681564, 14.494870, 1.031966, 0.154186, -0.074187
20.283234, 1.754124, 56.658413, 14.488898, 1.035344, 0.154814, -0.074187
20.291189, 1.751608, 56.649961, 14.486688, 1.036543, 0.155038, -0.074187
20.315288, 1.743439, 56.622255, 14.479341, 1.040363, 0.155750, -0.074187
20.323327, 1.740502, 56.612198, 14.476637, 1.041709, 0.156002, -0.074187
20.347586, 1.731014, 56.579396, 14.467699, 1.045965, 0.156800, -0.074187
20.355506, 1.727619, 56.567544, 14.464426, 1.047455, 0.157080, -0.074187
20.379628, 1.716700, 56.529046, 14.453657, 1.052140, 0.157963, -0.074187
20.387588, 1.712807, 56.515186, 14.449732, 1.053772, 0.158271, -0.074187
20.411656, 1.700333, 56.470326, 14.436869, 1.058878, 0.159239, -0.074187
20.419676, 1.695900, 56.454228, 14.432198, 1.060649, 0.159576, -0.074187
20.443753, 1.681737, 56.402278, 14.416952, 1.066167, 0.160628, -0.074187
20.451905, 1.676718, 56.383688, 14.411437, 1.068075, 0.160993, -0.074187
20.476001, 1.660725, 56.323859, 14.393496, 1.073996, 0.162130, -0.074187
20.483974, 1.655070, 56.302504, 14.387028, 1.076035, 0.162522, -0.074187
20.507975, 1.637095, 56.233943, 14.366057, 1.082349, 0.163743, -0.074187
20.516003, 1.630754, 56.209528, 14.358521, 1.084517, 0.164164, -0.074187
20.540156, 1.610639, 56.131325, 14.334163, 1.091211, 0.165468, -0.074187
20.548252, 1.603559, 56.103536, 14.325436, 1.093504, 0.165917, -0.074187
20.572284, 1.581141, 56.014718, 14.297313, 1.100565, 0.167305, -0.074187
20.580298, 1.573265, 55.983222, 14.287265, 1.102978, 0.167781, -0.074187
20.604330, 1.548376, 55.882758, 14.254978, 1.110392, 0.169251, -0.074187
20.612339, 1.539648, 55.847201, 14.243472, 1.112921, 0.169754, -0.074187
20.636496, 1.512118, 55.734003, 14.206603, 1.120674, 0.171305, -0.074187
20.644432, 1.502481, 55.694014, 14.193498, 1.123313, 0.171836, -0.074187
20.668719, 1.472138, 55.566936, 14.151609, 1.131388, 0.173468, -0.074187
20.676690, 1.461535, 55.522124, 14.136756, 1.134131, 0.174025, -0.074187
20.700714, 1.428209, 55.379969, 14.089396, 1.142511, 0.175737, -0.074187
20.708654, 1.416584, 55.329925, 14.072642, 1.145353, 0.176320, -0.074187
20.732761, 1.380108, 55.171441, 14.019343, 1.154019, 0.178110, -0.074187
20.740865, 1.367405, 55.115739, 14.000530, 1.156953, 0.178719, -0.074187
20.765021, 1.327620, 54.939624, 13.940812, 1.165884, 0.180585, -0.074187
20.773057, 1.313789, 54.877822, 13.919779, 1.168903, 0.181220, -0.074187
