0.188833, -0.000001, -0.000001, -0.000001, -0.000001, -0.000001, -0.000001
0.196401, -0.000001, -0.000001, -0.000001, -0.000001, -0.000001, -0.000001
0.204412, -0.000001, -0.000001, -0.000001, -0.000001, -0.000001, -0.000001
0.212399, -0.000001, -0.000001, -0.000001, -0.000001, -0.000001, -0.000001
0.220406, -0.000001, -0.000001, -0.000001, -0.000001, -0.000001, -0.000001
0.228542, -0.000001, -0.000001, -0.000001, -0.000001, -0.000001, -0.000001
0.236569, -0.000001, -0.000001, -0.000001, -0.000001, -0.000001, -0.000001
0.244571, -0.000001, -0.000001, -0.000001, -0.000001, -0.000001, -0.000001
0.252504, -0.000001, -0.000001, -0.000001, -0.000001, -0.000001, -0.000001
0.260688, -0.000001, -0.000001, -0.000001, -0.000001, -0.000001, -0.000001
0.268701, -0.000001, -0.000001, -0.000001, -0.000001, -0.000001, -0.000001
0.276685, -0.000001, -0.000001, -0.000001, -0.000001, -0.000001, -0.000001
0.284697, -0.000001, -0.000001, -0.000001, -0.000001, -0.000001, -0.000001
0.292667, -0.000001, -0.000001, -0.000001, -0.000001, -0.000001, -0.000001
0.300649, -0.000001, -0.000001, -0.000001, -0.000001, -0.000001, -0.000001
0.308832, -0.000001, -0.000001, -0.000001, -0.000001, -0.000001, -0.000001
0.316845, -0.000001, -0.000001, -0.000001, -0.000001, -0.000001, -0.000001
0.324664, -0.000001, -0.000001, -0.000001, -0.000001, -0.000001, -0.000001
0.332971, -0.000001, -0.000001, -0.000001, -0.000001, -0.000001, -0.000001
0.340811, -0.000001, -0.000001, -0.000001, -0.000001, -0.000001, -0.000001
0.348843, -0.000001, -0.000001, -0.000001, -0.000001, -0.000001, -0.000001
0.356961, -0.000001, -0.000001, -0.000001, -0.000001, -0.000001, -0.000001
0.364971, -0.000001, -0.000001, -0.000001, -0.000001, -0.000001, -0.000001
0.372956, -0.000001, -0.000001, -0.000001, -0.000001, -0.000001, -0.000001
0.380978, -0.000001, -0.000001, -0.000001, -0.000001, -0.000001, -0.000001
0.389101, -0.000001, -0.000001, -0.000001, -0.000001, -0.000001, -0.000001
0.397120, -0.000001, -0.000001, -0.000001, -0.000001, -0.000001, -0.000001
0.405115, -0.000001, -0.000001, -0.000001, -0.000001, -0.000001, -0.000001
0.429246, -0.000001, -0.000001, -0.000001, -0.000001, -0.000001, -0.000001
0.437262, -0.000001, -0.000001, -0.000001, -0.000001, -0.000001, -0.000001
0.461406, -0.000001, -0.000001, -0.000001, -0.000001, -0.000001, -0.000001
0.469372, -0.000001, -0.000001, -0.000001, -0.000001, -0.000001, -0.000001
0.493389, -0.000001, -0.000001, -0.000001, -0.000001, -0.000001, -0.000001
0.501380, -0.000001, -0.000001, -0.000001, -0.000001, -0.000001, -0.000001
0.525609, -0.000001, -0.000001, -0.000001, -0.000001, -0.000001, -0.000001
0.533541, -0.000001, -0.000001, -0.000001, -0.000001, -0.000001, -0.000001
0.557521, -0.000001, -0.000001, -0.000001, -0.000001, -0.000001, -0.000001
0.565774, -0.000001, -0.000001, -0.000001, -0.000001, -0.000001, -0.000001
0.589868, -0.000001, -0.000001, -0.000001, -0.000001, -0.000001, -0.000001
0.597854, -0.000001, -0.000001, -0.000001, -0.000001, -0.000001, -0.000001
0.621939, -0.000001, -0.000001, -0.000001, -0.000001, -0.000001, -0.000001
0.629956, -0.000001, -0.000001, -0.000001, -0.000001, -0.000001, -0.000001
0.654094, -0.000001, -0.000001, -0.000001, -0.000001, -0.000001, -0.000001
0.662140, -0.000001, -0.000001, -0.000001, -0.000001, -0.000001, -0.000001
0.686122, -0.000001, -0.000001, -0.000001, -0.000001, -0.000001, -0.000001
0.694119, -0.000001, -0.000001, -0.000001, -0.000001, -0.000001, -0.000001
0.718283, -0.000001, -0.000001, -0.000001, -0.000001, -0.000001, -0.000001
0.726247, -0.000001, -0.000001, -0.000001, -0.000001, -0.000001, -0.000001
0.750239, -0.000001, -0.000001, -0.000001, -0.000001, -0.000001, -0.000001
0.758381, -0.000001, -0.000001, -0.000001, -0.000001, -0.000001, -0.000001
0.782385, -0.000001, -0.000001, -0.000001, -0.000001, -0.000001, -0.000001
0.790552, -0.000001, -0.000001, -0.000001, -0.000001, -0.000001, -0.000001
0.814591, -0.000001, -0.000001, -0.000001, -0.000001, -0.000001, -0.000001
0.822550, -0.000001, -0.000001, -0.000001, -0.000001, -0.000001, -0.000001
0.846730, -0.000001, -0.000001, -0.000001, -0.000001, -0.000001, -0.000001
0.854711, -0.000001, -0.000001, -0.000001, -0.000001, -0.000001, -0.000001
0.878868, -0.000001, -0.000001, -0.000001, -0.000001, -0.000001, -0.000001
0.886861, -0.000001, -0.000001, -0.000001, -0.000001, -0.000001, -0.000001
0.910862, -0.000001, -0.000001, -0.000001, -0.000001, -0.000001, -0.000001
0.918840, -0.000001, -0.000001, -0.000001, -0.000001, -0.000001, -0.000001
0.942985, -0.000001, -0.000001, -0.000001, -0.000001, -0.000001, -0.000001
0.950988, -0.000001, -0.000001, -0.000001, -0.000001, -0.000001, -0.000001
0.975120, -0.000001, -0.000001, -0.000001, -0.000001, -0.000001, -0.000001
0.983167, -0.000001, -0.000001, -0.000001, -0.000001, -0.000001, -0.000001
1.007281, -0.000001, -0.000001, -0.000001, -0.000001, -0.000001, -0.000001
1.015284, -0.000001, -0.000001, -0.000001, -0.000001, -0.000001, -0.000001
1.039277, -0.000001, -0.000001, -0.000001, -0.000001, -0.000001, -0.000001
1.047448, -0.000001, -0.000001, -0.000001, -0.000001, -0.000001, -0.000001
1.071432, -0.000001, -0.000001, -0.000001, -0.000001, -0.000001, -0.000001
1.079550, -0.000001, -0.000001, -0.000001, -0.000001, -0.000001, -0.000001
1.103582, -0.000001, -0.000001, -0.000001, -0.000001, -0.000001, -0.000001
1.111583, -0.000001, -0.000001, -0.000001, -0.000001, -0.000001, -0.000001
1.135742, -0.000001, -0.000001, -0.000001, -0.000001, -0.000001, -0.000001
1.143716, -0.000001, -0.000001, -0.000001, -0.000001, -0.000001, -0.000001
1.168000, -0.000001, -0.000001, -0.000001, -0.000001, -0.000001, -0.000001
1.175857, -0.000001, -0.000001, -0.000001, -0.000001, -0.000001, -0.000001
1.199892, -0.000001, -0.000001, -0.000001, -0.000001, -0.000001, -0.000001
1.207991, -0.000001, -0.000001, -0.000001, -0.000001, -0.000001, -0.000001
1.232159, -0.000001, -0.000001, -0.000001, -0.000001, -0.000001, -0.000001
1.239988, -0.000001, -0.000001, -0.000001, -0.000001, -0.000001, -0.000001
1.264147, -0.000001, -0.000001, -0.000001, -0.000001, -0.000001, -0.000001
1.271917, -0.000001, -0.000001, -0.000001, -0.000001, -0.000001, -0.000001
1.296310, -0.000001, -0.000001, -0.000001, -0.000001, -0.000001, -0.000001
1.304285, -0.000001, -0.000001, -0.000001, -0.000001, -0.000001, -0.000001
1.328476, -0.000001, -0.000001, -0.000001, -0.000001, -0.000001, -0.000001
1.336435, -0.000001, -0.000001, -0.000001, -0.000001, -0.000001, -0.000001
1.360467, -0.000001, -0.000001, -0.000001, -0.000001, -0.000001, -0.000001
1.368582, -0.000001, -0.000001, -0.000001, -0.000001, -0.000001, -0.000001
1.392622, -0.000001, -0.000001, -0.000001, -0.000001, -0.000001, -0.000001
1.400590, -0.000001, -0.000001, -0.000001, -0.000001, -0.000001, -0.000001
1.424748, -0.000001, -0.000001, -0.000001, -0.000001, -0.000001, -0.000001
1.432730, -0.000001, -0.000001, -0.000001, -0.000001, -0.000001, -0.000001
1.456867, -0.000001, -0.000001, -0.000001, -0.000001, -0.000001, -0.000001
1.464891, -0.000001, -0.000001, -0.000001, -0.000001, -0.000001, -0.000001
1.488864, -0.000001, -0.000001, -0.000001, -0.000001, -0.000001, -0.000001
1.496902, -0.000001, -0.000001, -0.000001, -0.000001, -0.000001, -0.000001
1.521029, -0.000001, -0.000001, -0.000001, -0.000001, -0.000001, -0.000001
1.528871, -0.000001, -0.000001, -0.000001, -0.000001, -0.000001, -0.000001
1.553014, -0.000001, -0.000001, -0.000001, -0.000001, -0.000001, -0.000001
1.561157, -0.000001, -0.000001, -0.000001, -0.000001, -0.000001, -0.000001
1.585204, -0.000001, -0.000001, -0.000001, -0.000001, -0.000001, -0.000001
1.593188, -0.000001, -0.000001, -0.000001, -0.000001, -0.000001, -0.000001
1.617321, -0.000001, -0.000001, -0.000001, -0.000001, -0.000001, -0.000001
1.625309, -0.000001, -0.000001, -0.000001, -0.000001, -0.000001, -0.000001
1.649335, -0.000001, -0.000001, -0.000001, -0.000001, -0.000001, -0.000001
1.657583, -0.000001, -0.000001, -0.000001, -0.000001, -0.000001, -0.000001
1.681605, -0.000001, -0.000001, -0.000001, -0.000001, -0.000001, -0.000001
1.689635, -0.000001, -0.000001, -0.000001, -0.000001, -0.000001, -0.000001
1.713614, -0.000001, -0.000001, -0.000001, -0.000001, -0.000001, -0.000001
1.721759, -0.000001, -0.000001, -0.000001, -0.000001, -0.000001, -0.000001
1.745789, -0.000001, -0.000001, -0.000001, -0.000001, -0.000001, -0.000001
1.753902, -0.000001, -0.000001, -0.000001, -0.000001, -0.000001, -0.000001
1.777889, -0.000001, -0.000001, -0.000001, -0.000001, -0.000001, -0.000001
1.785897, -0.000001, -0.000001, -0.000001, -0.000001, -0.000001, -0.000001
1.810081, -0.000001, -0.000001, -0.000001, -0.000001, -0.000001, -0.000001
1.817899, -0.000001, -0.000001, -0.000001, -0.000001, -0.000001, -0.000001
1.842187, -0.000001, -0.000001, -0.000001, -0.000001, -0.000001, -0.000001
1.850024, -0.000001, -0.000001, -0.000001, -0.000001, -0.000001, -0.000001
1.874389, -0.000001, -0.000001, -0.000001, -0.000001, -0.000001, -0.000001
1.882333, -0.000001, -0.000001, -0.000001, -0.000001, -0.000001, -0.000001
1.906444, -0.000001, -0.000001, -0.000001, -0.000001, -0.000001, -0.000001
1.914298, -0.000001, -0.000001, -0.000001, -0.000001, -0.000001, -0.000001
1.938499, -0.000001, -0.000001, -0.000001, -0.000001, -0.000001, -0.000001
1.946485, -0.000001, -0.000001, -0.000001, -0.000001, -0.000001, -0.000001
1.970639, -0.000001, -0.000001, -0.000001, -0.000001, -0.000001, -0.000001
1.978637, -0.000001, -0.000001, -0.000001, -0.000001, -0.000001, -0.000001
2.002829, -0.000001, -0.000001, -0.000001, -0.000001, -0.000001, -0.000001
2.010615, -0.000001, -0.000001, -0.000001, -0.000001, -0.000001, -0.000001
2.034774, -0.000001, -0.000001, -0.000001, -0.000001, -0.000001, -0.000001
2.042775, -0.000001, -0.000001, -0.000001, -0.000001, -0.000001, -0.000001
2.066949, -0.000001, -0.000001, -0.000001, -0.000001, -0.000001, -0.000001
2.074883, -0.000001, -0.000001, -0.000001, -0.000001, -0.000001, -0.000001
2.099077, -0.000001, -0.000001, -0.000001, -0.000001, -0.000001, -0.000001
2.107049, -0.000001, -0.000001, -0.000001, -0.000001, -0.000001, -0.000001
2.131219, -0.000001, -0.000001, -0.000001, -0.000001, -0.000001, -0.000001
2.138808, -0.000001, -0.000001, -0.000001, -0.000001, -0.000001, -0.000001
2.163210, -0.000001, -0.000001, -0.000001, -0.000001, -0.000001, -0.000001
2.171360, -0.000001, -0.000001, -0.000001, -0.000001, -0.000001, -0.000001
2.195346, -0.000001, -0.000001, -0.000001, -0.000001, -0.000001, -0.000001
2.203480, -0.000001, -0.000001, -0.000001, -0.000001, -0.000001, -0.000001
2.227453, -0.000001, -0.000001, -0.000001, -0.000001, -0.000001, -0.000001
2.235607, -0.000001, -0.000001, -0.000001, -0.000001, -0.000001, -0.000001
2.259669, -0.000001, -0.000001, -0.000001, -0.000001, -0.000001, -0.000001
2.267601, -0.000001, -0.000001, -0.000001, -0.000001, -0.000001, -0.000001
2.291607, -0.000001, -0.000001, -0.000001, -0.000001, -0.000001, -0.000001
2.299733, -0.000001, -0.000001, -0.000001, -0.000001, -0.000001, -0.000001
2.323782, -0.000001, -0.000001, -0.000001, -0.000001, -0.000001, -0.000001
2.331784, -0.000001, -0.000001, -0.000001, -0.000001, -0.000001, -0.000001
2.356070, -0.000001, -0.000001, -0.000001, -0.000001, -0.000001, -0.000001
2.363943, -0.000001, -0.000001, -0.000001, -0.000001, -0.000001, -0.000001
2.388083, -0.000001, -0.000001, -0.000001, -0.000001, -0.000001, -0.000001
2.396072, -0.000001, -0.000001, -0.000001, -0.000001, -0.000001, -0.000001
2.420089, -0.000001, -0.000001, -0.000001, -0.000001, -0.000001, -0.000001
2.428225, -0.000001, -0.000001, -0.000001, -0.000001, -0.000001, -0.000001
2.452385, -0.000001, -0.000001, -0.000001, -0.000001, -0.000001, -0.000001
2.460346, -0.000001, -0.000001, -0.000001, -0.000001, -0.000001, -0.000001
2.484387, -0.000001, -0.000001, -0.000001, -0.000001, -0.000001, -0.000001
2.492495, -0.000001, -0.000001, -0.000001, -0.000001, -0.000001, -0.000001
2.516530, -0.000001, -0.000001, -0.000001, -0.000001, -0.000001, -0.000001
2.524497, -0.000001, -0.000001, -0.000001, -0.000001, -0.000001, -0.000001
2.548537, -0.000001, -0.000001, -0.000001, -0.000001, -0.000001, -0.000001
2.556641, -0.000001, -0.000001, -0.000001, -0.000001, -0.000001, -0.000001
2.580825, -0.000001, -0.000001, -0.000001, -0.000001, -0.000001, -0.000001
2.588815, -0.000001, -0.000001, -0.000001, -0.000001, -0.000001, -0.000001
2.612822, -0.000001, -0.000001, -0.000001, -0.000001, -0.000001, -0.000001
2.620801, -0.000001, -0.000001, -0.000001, -0.000001, -0.000001, -0.000001
2.644955, -0.000001, -0.000001, -0.000001, -0.000001, -0.000001, -0.000001
2.652945, -0.000001, -0.000001, -0.000001, -0.000001, -0.000001, -0.000001
2.677094, -0.000001, -0.000001, -0.000001, -0.000001, -0.000001, -0.000001
2.685104, -0.000001, -0.000001, -0.000001, -0.000001, -0.000001, -0.000001
2.709233, -0.000001, -0.000001, -0.000001, -0.000001, -0.000001, -0.000001
2.717244, -0.000001, -0.000001, -0.000001, -0.000001, -0.000001, -0.000001
2.741244, -0.000001, -0.000001, -0.000001, -0.000001, -0.000001, -0.000001
2.749387, -0.000001, -0.000001, -0.000001, -0.000001, -0.000001, -0.000001
2.773352, -0.000001, -0.000001, -0.000001, -0.000001, -0.000001, -0.000001
2.781513, -0.000001, -0.000001, -0.000001, -0.000001, -0.000001, -0.000001
2.805533, -0.000001, -0.000001, -0.000001, -0.000001, -0.000001, -0.000001
2.813527, -0.000001, -0.000001, -0.000001, -0.000001, -0.000001, -0.000001
2.837522, -0.000001, -0.000001, -0.000001, -0.000001, -0.000001, -0.000001
2.845707, -0.000001, -0.000001, -0.000001, -0.000001, -0.000001, -0.000001
2.869859, -0.000001, -0.000001, -0.000001, -0.000001, -0.000001, -0.000001
2.877817, -0.000001, -0.000001, -0.000001, -0.000001, -0.000001, -0.000001
2.901801, -0.000001, -0.000001, -0.000001, -0.000001, -0.000001, -0.000001
2.909851, -0.000001, -0.000001, -0.000001, -0.000001, -0.000001, -0.000001
2.933982, -0.000001, -0.000001, -0.000001, -0.000001, -0.000001, -0.000001
2.941928, -0.000001, -0.000001, -0.000001, -0.000001, -0.000001, -0.000001
2.966107, -0.000001, -0.000001, -0.000001, -0.000001, -0.000001, -0.000001
2.974138, -0.000001, -0.000001, -0.000001, -0.000001, -0.000001, -0.000001
2.998102, -0.000001, -0.000001, -0.000001, -0.000001, -0.000001, -0.000001
3.006221, -0.000001, -0.000001, -0.000001, -0.000001, -0.000001, -0.000001
3.030267, -0.000001, -0.000001, -0.000001, -0.000001, -0.000001, -0.000001
3.038219, -0.000001, -0.000001, -0.000001, -0.000001, -0.000001, -0.000001
3.062368, -0.000001, -0.000001, -0.000001, -0.000001, -0.000001, -0.000001
3.070530, -0.000001, -0.000001, -0.000001, -0.000001, -0.000001, -0.000001
3.094566, -0.000001, -0.000001, -0.000001, -0.000001, -0.000001, -0.000001
3.102534, -0.000001, -0.000001, -0.000001, -0.000001, -0.000001, -0.000001
3.126569, -0.000001, -0.000001, -0.000001, -0.000001, -0.000001, -0.000001
3.134538, -0.000001, -0.000001, -0.000001, -0.000001, -0.000001, -0.000001
3.158673, -0.000001, -0.000001, -0.000001, -0.000001, -0.000001, -0.000001
3.166828, -0.000001, -0.000001, -0.000001, -0.000001, -0.000001, -0.000001
3.190844, -0.000001, -0.000001, -0.000001, -0.000001, -0.000001, -0.000001
3.198820, -0.000001, -0.000001, -0.000001, -0.000001, -0.000001, -0.000001
3.222848, -0.000001, -0.000001, -0.000001, -0.000001, -0.000001, -0.000001
3.230852, -0.000001, -0.000001, -0.000001, -0.000001, -0.000001, -0.000001
3.255102, -0.000001, -0.000001, -0.000001, -0.000001, -0.000001, -0.000001
3.263126, -0.000001, -0.000001, -0.000001, -0.000001, -0.000001, -0.000001
3.287132, -0.000001, -0.000001, -0.000001, -0.000001, -0.000001, -0.000001
3.295125, -0.000001, -0.000001, -0.000001, -0.000001, -0.000001, -0.000001
3.319260, -0.000001, -0.000001, -0.000001, -0.000001, -0.000001, -0.000001
3.327265, -0.000001, -0.000001, -0.000001, -0.000001, -0.000001, -0.000001
3.351266, -0.000001, -0.000001, -0.000001, -0.000001, -0.000001, -0.000001
3.359204, -0.000001, -0.000001, -0.000001, -0.000001, -0.000001, -0.000001
3.383424, -0.000001, -0.000001, -0.000001, -0.000001, -0.000001, -0.000001
3.391557, -0.000001, -0.000001, -0.000001, -0.000001, -0.000001, -0.000001
3.415529, -0.000001, -0.000001, -0.000001, -0.000001, -0.000001, -0.000001
3.423699, -0.000001, -0.000001, -0.000001, -0.000001, -0.000001, -0.000001
3.447718, -0.000001, -0.000001, -0.000001, -0.000001, -0.000001, -0.000001
3.455840, -0.000001, -0.000001, -0.000001, -0.000001, -0.000001, -0.000001
3.479843, -0.000001, -0.000001, -0.000001, -0.000001, -0.000001, -0.000001
3.487840, -0.000001, -0.000001, -0.000001, -0.000001, -0.000001, -0.000001
3.511959, -0.000001, -0.000001, -0.000001, -0.000001, -0.000001, -0.000001
3.519968, -0.000001, -0.000001, -0.000001, -0.000001, -0.000001, -0.000001
3.543959, -0.000001, -0.000001, -0.000001, -0.000001, -0.000001, -0.000001
3.552090, -0.000001, -0.000001, -0.000001, -0.000001, -0.000001, -0.000001
3.576316, -0.000001, -0.000001, -0.000001, -0.000001, -0.000001, -0.000001
3.584322, -0.000001, -0.000001, -0.000001, -0.000001, -0.000001, -0.000001
3.608452, -0.000001, -0.000001, -0.000001, -0.000001, -0.000001, -0.000001
3.616440, -0.000001, -0.000001, -0.000001, -0.000001, -0.000001, -0.000001
3.640455, -0.000001, -0.000001, -0.000001, -0.000001, -0.000001, -0.000001
3.648419, -0.000001, -0.000001, -0.000001, -0.000001, -0.000001, -0.000001
3.672455, -0.000001, -0.000001, -0.000001, -0.000001, -0.000001, -0.000001
3.680564, -0.000001, -0.000001, -0.000001, -0.000001, -0.000001, -0.000001
3.704742, -0.000001, -0.000001, -0.000001, -0.000001, -0.000001, -0.000001
3.712566, -0.000001, -0.000001, -0.000001, -0.000001, -0.000001, -0.000001
3.736722, -0.000001, -0.000001, -0.000001, -0.000001, -0.000001, -0.000001
3.744712, -0.000001, -0.000001, -0.000001, -0.000001, -0.000001, -0.000001
3.768846, -0.000001, -0.000001, -0.000001, -0.000001, -0.000001, -0.000001
3.776841, -0.000001, -0.000001, -0.000001, -0.000001, -0.000001, -0.000001
3.800882, -0.000001, -0.000001, -0.000001, -0.000001, -0.000001, -0.000001
3.809016, -0.000001, -0.000001, -0.000001, -0.000001, -0.000001, -0.000001
3.833148, -0.000001, -0.000001, -0.000001, -0.000001, -0.000001, -0.000001
3.841022, -0.000001, -0.000001, -0.000001, -0.000001, -0.000001, -0.000001
3.865181, -0.000001, -0.000001, -0.000001, -0.000001, -0.000001, -0.000001
3.873125, -0.000001, -0.000001, -0.000001, -0.000001, -0.000001, -0.000001
3.897326, -0.000001, -0.000001, -0.000001, -0.000001, -0.000001, -0.000001
3.905307, -0.000001, -0.000001, -0.000001, -0.000001, -0.000001, -0.000001
3.929448, -0.000001, -0.000001, -0.000001, -0.000001, -0.000001, -0.000001
3.937452, -0.000001, -0.000001, -0.000001, -0.000001, -0.000001, -0.000001
3.961442, -0.000001, -0.000001, -0.000001, -0.000001, -0.000001, -0.000001
3.969586, -0.000001, -0.000001, -0.000001, -0.000001, -0.000001, -0.000001
3.993759, -0.000001, -0.000001, -0.000001, -0.000001, -0.000001, -0.000001
4.001695, -0.000001, -0.000001, -0.000001, -0.000001, -0.000001, -0.000001
4.025566, -0.000001, -0.000001, -0.000001, -0.000001, -0.000001, -0.000001
4.033844, -0.000001, -0.000001, -0.000001, -0.000001, -0.000001, -0.000001
4.057984, -0.000001, -0.000001, -0.000001, -0.000001, -0.000001, -0.000001
4.065863, -0.000001, -0.000001, -0.000001, -0.000001, -0.000001, -0.000001
4.090008, -0.000001, -0.000001, -0.000001, -0.000001, -0.000001, -0.000001
4.097999, -0.000001, -0.000001, -0.000001, -0.000001, -0.000001, -0.000001
4.122187, -0.000001, -0.000001, -0.000001, -0.000001, -0.000001, -0.000001
4.130142, -0.000001, -0.000001, -0.000001, -0.000001, -0.000001, -0.000001
4.154353, -0.000001, -0.000001, -0.000001, -0.000001, -0.000001, -0.000001
4.162182, -0.000001, -0.000001, -0.000001, -0.000001, -0.000001, -0.000001
4.186336, -0.000001, -0.000001, -0.000001, -0.000001, -0.000001, -0.000001
4.194308, -0.000001, -0.000001, -0.000001, -0.000001, -0.000001, -0.000001
4.218497, -0.000001, -0.000001, -0.000001, -0.000001, -0.000001, -0.000001
4.226499, -0.000001, -0.000001, -0.000001, -0.000001, -0.000001, -0.000001
4.250622, -0.000001, -0.000001, -0.000001, -0.000001, -0.000001, -0.000001
4.258578, -0.000001, -0.000001, -0.000001, -0.000001, -0.000001, -0.000001
4.282755, -0.000001, -0.000001, -0.000001, -0.000001, -0.000001, -0.000001
4.290747, -0.000001, -0.000001, -0.000001, -0.000001, -0.000001, -0.000001
4.314771, -0.000001, -0.000001, -0.000001, -0.000001, -0.000001, -0.000001
4.322899, -0.000001, -0.000001, -0.000001, -0.000001, -0.000001, -0.000001
4.346935, -0.000001, -0.000001, -0.000001, -0.000001, -0.000001, -0.000001
4.354876, -0.000001, -0.000001, -0.000001, -0.000001, -0.000001, -0.000001
4.379052, -0.000001, -0.000001, -0.000001, -0.000001, -0.000001, -0.000001
4.387014, -0.000001, -0.000001, -0.000001, -0.000001, -0.000001, -0.000001
4.411184, -0.000001, -0.000001, -0.000001, -0.000001, -0.000001, -0.000001
4.419198, -0.000001, -0.000001, -0.000001, -0.000001, -0.000001, -0.000001
4.443330, -0.000001, -0.000001, -0.000001, -0.000001, -0.000001, -0.000001
4.451207, -0.000001, -0.000001, -0.000001, -0.000001, -0.000001, -0.000001
4.475460, -0.000001, -0.000001, -0.000001, -0.000001, -0.000001, -0.000001
4.483498, -0.000001, -0.000001, -0.000001, -0.000001, -0.000001, -0.000001
4.507479, -0.000001, -0.000001, -0.000001, -0.000001, -0.000001, -0.000001
4.515611, -0.000001, -0.000001, -0.000001, -0.000001, -0.000001, -0.000001
4.539636, -0.000001, -0.000001, -0.000001, -0.000001, -0.000001, -0.000001
4.547587, -0.000001, -0.000001, -0.000001, -0.000001, -0.000001, -0.000001
4.571619, -0.000001, -0.000001, -0.000001, -0.000001, -0.000001, -0.000001
4.579796, -0.000001, -0.000001, -0.000001, -0.000001, -0.000001, -0.000001
4.603947, -0.000001, -0.000001, -0.000001, -0.000001, -0.000001, -0.000001
4.611794, -0.000001, -0.000001, -0.000001, -0.000001, -0.000001, -0.000001
4.635949, -0.000001, -0.000001, -0.000001, -0.000001, -0.000001, -0.000001
4.643926, -0.000001, -0.000001, -0.000001, -0.000001, -0.000001, -0.000001
4.668052, -0.000001, -0.000001, -0.000001, -0.000001, -0.000001, -0.000001
4.676063, -0.000001, -0.000001, -0.000001, -0.000001, -0.000001, -0.000001
4.700211, -0.000001, -0.000001, -0.000001, -0.000001, -0.000001, -0.000001
4.708202, -0.000001, -0.000001, -0.000001, -0.000001, -0.000001, -0.000001
4.732338, -0.000001, -0.000001, -0.000001, -0.000001, -0.000001, -0.000001
4.740338, -0.000001, -0.000001, -0.000001, -0.000001, -0.000001, -0.000001
4.764501, -0.000001, -0.000001, -0.000001, -0.000001, -0.000001, -0.000001
4.772343, -0.000001, -0.000001, -0.000001, -0.000001, -0.000001, -0.000001
4.796640, -0.000001, -0.000001, -0.000001, -0.000001, -0.000001, -0.000001
4.804580, -0.000001, -0.000001, -0.000001, -0.000001, -0.000001, -0.000001
4.828644, -0.000001, -0.000001, -0.000001, -0.000001, -0.000001, -0.000001
4.836617, -0.000001, -0.000001, -0.000001, -0.000001, -0.000001, -0.000001
4.860799, -0.000001, -0.000001, -0.000001, -0.000001, -0.000001, -0.000001
4.868772, -0.000001, -0.000001, -0.000001, -0.000001, -0.000001, -0.000001
4.892957, -0.000001, -0.000001, -0.000001, -0.000001, -0.000001, -0.000001
4.900796, -0.000001, -0.000001, -0.000001, -0.000001, -0.000001, -0.000001
4.924956, -0.000001, -0.000001, -0.000001, -0.000001, -0.000001, -0.000001
4.932899, -0.000001, -0.000001, -0.000001, -0.000001, -0.000001, -0.000001
4.957078, -0.000001, -0.000001, -0.000001, -0.000001, -0.000001, -0.000001
4.965061, -0.000001, -0.000001, -0.000001, -0.000001, -0.000001, -0.000001
4.989245, -0.000001, -0.000001, -0.000001, -0.000001, -0.000001, -0.000001
4.997226, -0.000001, -0.000001, -0.000001, -0.000001, -0.000001, -0.000001
5.021384, -0.000001, -0.000001, -0.000001, -0.000001, -0.000001, -0.000001
5.029239, -0.000001, -0.000001, -0.000001, -0.000001, -0.000001, -0.000001
5.053511, -0.000001, -0.000001, -0.000001, -0.000001, -0.000001, -0.000001
5.061521, -0.000001, -0.000001, -0.000001, -0.000001, -0.000001, -0.000001
5.085491, -0.000001, -0.000001, -0.000001, -0.000001, -0.000001, -0.000001
5.093622, -0.000001, -0.000001, -0.000001, -0.000001, -0.000001, -0.000001
5.117642, -0.000001, -0.000001, -0.000001, -0.000001, -0.000001, -0.000001
5.125677, -0.000001, -0.000001, -0.000001, -0.000001, -0.000001, -0.000001
5.149677, -0.000001, -0.000001, -0.000001, -0.000001, -0.000001, -0.000001
5.157737, -0.000001, -0.000001, -0.000001, -0.000001, -0.000001, -0.000001
5.181772, -0.000001, -0.000001, -0.000001, -0.000001, -0.000001, -0.000001
5.189934, -0.000001, -0.000001, -0.000001, -0.000001, -0.000001, -0.000001
5.213928, -0.000001, -0.000001, -0.000001, -0.000001, -0.000001, -0.000001
5.222056, -0.000001, -0.000001, -0.000001, -0.000001, -0.000001, -0.000001
5.246071, -0.000001, -0.000001, -0.000001, -0.000001, -0.000001, -0.000001
5.254211, -0.000001, -0.000001, -0.000001, -0.000001, -0.000001, -0.000001
5.278243, -0.000001, -0.000001, -0.000001, -0.000001, -0.000001, -0.000001
5.286375, -0.000001, -0.000001, -0.000001, -0.000001, -0.000001, -0.000001
5.310357, -0.000001, -0.000001, -0.000001, -0.000001, -0.000001, -0.000001
5.318337, -0.000001, -0.000001, -0.000001, -0.000001, -0.000001, -0.000001
5.342490, -0.000001, -0.000001, -0.000001, -0.000001, -0.000001, -0.000001
5.350501, -0.000001, -0.000001, -0.000001, -0.000001, -0.000001, -0.000001
5.374542, -0.000001, -0.000001, -0.000001, -0.000001, -0.000001, -0.000001
5.382688, -0.000001, -0.000001, -0.000001, -0.000001, -0.000001, -0.000001
5.406698, -0.000001, -0.000001, -0.000001, -0.000001, -0.000001, -0.000001
5.414682, -0.000001, -0.000001, -0.000001, -0.000001, -0.000001, -0.000001
5.438812, -0.000001, -0.000001, -0.000001, -0.000001, -0.000001, -0.000001
5.446819, -0.000001, -0.000001, -0.000001, -0.000001, -0.000001, -0.000001
5.470821, -0.000001, -0.000001, -0.000001, -0.000001, -0.000001, -0.000001
5.478950, -0.000001, -0.000001, -0.000001, -0.000001, -0.000001, -0.000001
5.503083, -0.000001, -0.000001, -0.000001, -0.000001, -0.000001, -0.000001
5.510945, -0.000001, -0.000001, -0.000001, -0.000001, -0.000001, -0.000001
5.535126, -0.000001, -0.000001, -0.000001, -0.000001, -0.000001, -0.000001
5.543110, -0.000001, -0.000001, -0.000001, -0.000001, -0.000001, -0.000001
5.567241, -0.000001, -0.000001, -0.000001, -0.000001, -0.000001, -0.000001
5.575242, -0.000001, -0.000001, -0.000001, -0.000001, -0.000001, -0.000001
5.599415, -0.000001, -0.000001, -0.000001, -0.000001, -0.000001, -0.000001
5.607414, -0.000001, -0.000001, -0.000001, -0.000001, -0.000001, -0.000001
5.631545, -0.000001, -0.000001, -0.000001, -0.000001, -0.000001, -0.000001
5.639557, -0.000001, -0.000001, -0.000001, -0.000001, -0.000001, -0.000001
5.663522, -0.000001, -0.000001, -0.000001, -0.000001, -0.000001, -0.000001
5.671663, -0.000001, -0.000001, -0.000001, -0.000001, -0.000001, -0.000001
5.695689, -0.000001, -0.000001, -0.000001, -0.000001, -0.000001, -0.000001
5.703837, -0.000001, -0.000001, -0.000001, -0.000001, -0.000001, -0.000001
5.727839, -0.000001, -0.000001, -0.000001, -0.000001, -0.000001, -0.000001
5.735843, -0.000001, -0.000001, -0.000001, -0.000001, -0.000001, -0.000001
5.759982, -0.000001, -0.000001, -0.000001, -0.000001, -0.000001, -0.000001
5.767946, -0.000001, -0.000001, -0.000001, -0.000001, -0.000001, -0.000001
5.792116, -0.000001, -0.000001, -0.000001, -0.000001, -0.000001, -0.000001
5.800109, -0.000001, -0.000001, -0.000001, -0.000001, -0.000001, -0.000001
5.824113, -0.000001, -0.000001, -0.000001, -0.000001, -0.000001, -0.000001
5.832232, -0.000001, -0.000001, -0.000001, -0.000001, -0.000001, -0.000001
5.856266, -0.000001, -0.000001, -0.000001, -0.000001, -0.000001, -0.000001
5.864424, -0.000001, -0.000001, -0.000001, -0.000001, -0.000001, -0.000001
5.888430, -0.000001, -0.000001, -0.000001, -0.000001, -0.000001, -0.000001
5.896406, -0.000001, -0.000001, -0.000001, -0.000001, -0.000001, -0.000001
5.920570, -0.000001, -0.000001, -0.000001, -0.000001, -0.000001, -0.000001
5.928545, -0.000001, -0.000001, -0.000001, -0.000001, -0.000001, -0.000001
5.952571, -0.000001, -0.000001, -0.000001, -0.000001, -0.000001, -0.000001
5.960557, -0.000001, -0.000001, -0.000001, -0.000001, -0.000001, -0.000001
5.984702, -0.000001, -0.000001, -0.000001, -0.000001, -0.000001, -0.000001
5.992686, -0.000001, -0.000001, -0.000001, -0.000001, -0.000001, -0.000001
6.016862, -0.000001, -0.000001, -0.000001, -0.000001, -0.000001, -0.000001
6.024856, -0.000001, -0.000001, -0.000001, -0.000001, -0.000001, -0.000001
6.048858, -0.000001, -0.000001, -0.000001, -0.000001, -0.000001, -0.000001
6.056972, -0.000001, -0.000001, -0.000001, -0.000001, -0.000001, -0.000001
6.081005, -0.000001, -0.000001, -0.000001, -0.000001, -0.000001, -0.000001
6.088986, -0.000001, -0.000001, -0.000001, -0.000001, -0.000001, -0.000001
6.113132, -0.000001, -0.000001, -0.000001, -0.000001, -0.000001, -0.000001
6.121275, -0.000001, -0.000001, -0.000001, -0.000001, -0.000001, -0.000001
6.145285, -0.000001, -0.000001, -0.000001, -0.000001, -0.000001, -0.000001
6.153282, -0.000001, -0.000001, -0.000001, -0.000001, -0.000001, -0.000001
6.177442, -0.000001, -0.000001, -0.000001, -0.000001, -0.000001, -0.000001
6.185434, -0.000001, -0.000001, -0.000001, -0.000001, -0.000001, -0.000001
6.209429, -0.000001, -0.000001, -0.000001, -0.000001, -0.000001, -0.000001
6.217571, -0.000001, -0.000001, -0.000001, -0.000001, -0.000001, -0.000001
6.241559, -0.000001, -0.000001, -0.000001, -0.000001, -0.000001, -0.000001
6.249551, -0.000001, -0.000001, -0.000001, -0.000001, -0.000001, -0.000001
6.273538, -0.000001, -0.000001, -0.000001, -0.000001, -0.000001, -0.000001
6.281869, -0.000001, -0.000001, -0.000001, -0.000001, -0.000001, -0.000001
6.305870, -0.000001, -0.000001, -0.000001, -0.000001, -0.000001, -0.000001
6.313853, -0.000001, -0.000001, -0.000001, -0.000001, -0.000001, -0.000001
6.337990, -0.000001, -0.000001, -0.000001, -0.000001, -0.000001, -0.000001
6.346024, -0.000001, -0.000001, -0.000001, -0.000001, -0.000001, -0.000001
6.370000, -0.000001, -0.000001, -0.000001, -0.000001, -0.000001, -0.000001
6.378174, -0.000001, -0.000001, -0.000001, -0.000001, -0.000001, -0.000001
6.402333, -0.000001, -0.000001, -0.000001, -0.000001, -0.000001, -0.000001
6.410159, -0.000001, -0.000001, -0.000001, -0.000001, -0.000001, -0.000001
6.434334, -0.000001, -0.000001, -0.000001, -0.000001, -0.000001, -0.000001
6.442261, -0.000001, -0.000001, -0.000001, -0.000001, -0.000001, -0.000001
6.466405, -0.000001, -0.000001, -0.000001, -0.000001, -0.000001, -0.000001
6.474427, -0.000001, -0.000001, -0.000001, -0.000001, -0.000001, -0.000001
6.498616, -0.000001, -0.000001, -0.000001, -0.000001, -0.000001, -0.000001
6.506563, -0.000001, -0.000001, -0.000001, -0.000001, -0.000001, -0.000001
6.530608, -0.000001, -0.000001, -0.000001, -0.000001, -0.000001, -0.000001
6.538566, -0.000001, -0.000001, -0.000001, -0.000001, -0.000001, -0.000001
6.562733, -0.000001, -0.000001, -0.000001, -0.000001, -0.000001, -0.000001
6.570902, -0.000001, -0.000001, -0.000001, -0.000001, -0.000001, -0.000001
6.594884, -0.000001, -0.000001, -0.000001, -0.000001, -0.000001, -0.000001
6.602900, -0.000001, -0.000001, -0.000001, -0.000001, -0.000001, -0.000001
6.627048, -0.000001, -0.000001, -0.000001, -0.000001, -0.000001, -0.000001
6.635007, -0.000001, -0.000001, -0.000001, -0.000001, -0.000001, -0.000001
6.659179, -0.000001, -0.000001, -0.000001, -0.000001, -0.000001, -0.000001
6.667123, -0.000001, -0.000001, -0.000001, -0.000001, -0.000001, -0.000001
6.691178, -0.000001, -0.000001, -0.000001, -0.000001, -0.000001, -0.000001
6.699175, -0.000001, -0.000001, -0.000001, -0.000001, -0.000001, -0.000001
6.723321, -0.000001, -0.000001, -0.000001, -0.000001, -0.000001, -0.000001
6.731277, -0.000001, -0.000001, -0.000001, -0.000001, -0.000001, -0.000001
6.755469, -0.000001, -0.000001, -0.000001, -0.000001, -0.000001, -0.000001
6.763476, -0.000001, -0.000001, -0.000001, -0.000001, -0.000001, -0.000001
6.787605, -0.000001, -0.000001, -0.000001, -0.000001, -0.000001, -0.000001
6.795650, -0.000001, -0.000001, -0.000001, -0.000001, -0.000001, -0.000001
6.819570, -0.000001, -0.000001, -0.000001, -0.000001, -0.000001, -0.000001
6.827805, -0.000001, -0.000001, -0.000001, -0.000001, -0.000001, -0.000001
6.851753, -0.000001, -0.000001, -0.000001, -0.000001, -0.000001, -0.000001
6.859777, -0.000001, -0.000001, -0.000001, -0.000001, -0.000001, -0.000001
6.883926, -0.000001, -0.000001, -0.000001, -0.000001, -0.000001, -0.000001
6.891903, -0.000001, -0.000001, -0.000001, -0.000001, -0.000001, -0.000001
6.916056, -0.000001, -0.000001, -0.000001, -0.000001, -0.000001, -0.000001
6.924025, -0.000001, -0.000001, -0.000001, -0.000001, -0.000001, -0.000001
6.948068, -0.000001, -0.000001, -0.000001, -0.000001, -0.000001, -0.000001
6.956182, -0.000001, -0.000001, -0.000001, -0.000001, -0.000001, -0.000001
6.980182, -0.000001, -0.000001, -0.000001, -0.000001, -0.000001, -0.000001
6.988165, -0.000001, -0.000001, -0.000001, -0.000001, -0.000001, -0.000001
7.012189, -0.000001, -0.000001, -0.000001, -0.000001, -0.000001, -0.000001
7.020328, -0.000001, -0.000001, -0.000001, -0.000001, -0.000001, -0.000001
7.044350, -0.000001, -0.000001, -0.000001, -0.000001, -0.000001, -0.000001
7.052468, -0.000001, -0.000001, -0.000001, -0.000001, -0.000001, -0.000001
7.076497, -0.000001, -0.000001, -0.000001, -0.000001, -0.000001, -0.000001
7.084647, -0.000001, -0.000001, -0.000001, -0.000001, -0.000001, -0.000001
7.108653, -0.000001, -0.000001, -0.000001, -0.000001, -0.000001, -0.000001
7.116592, -0.000001, -0.000001, -0.000001, -0.000001, -0.000001, -0.000001
7.140794, -0.000001, -0.000001, -0.000001, -0.000001, -0.000001, -0.000001
7.148707, -0.000001, -0.000001, -0.000001, -0.000001, -0.000001, -0.000001
7.172933, -0.000001, -0.000001, -0.000001, -0.000001, -0.000001, -0.000001
7.180507, -0.000001, -0.000001, -0.000001, -0.000001, -0.000001, -0.000001
7.205061, -0.000001, -0.000001, -0.000001, -0.000001, -0.000001, -0.000001
7.213039, -0.000001, -0.000001, -0.000001, -0.000001, -0.000001, -0.000001
7.237185, -0.000001, -0.000001, -0.000001, -0.000001, -0.000001, -0.000001
7.245042, -0.000001, -0.000001, -0.000001, -0.000001, -0.000001, -0.000001
7.269353, -0.000001, -0.000001, -0.000001, -0.000001, -0.000001, -0.000001
7.277194, -0.000001, -0.000001, -0.000001, -0.000001, -0.000001, -0.000001
7.301345, -0.000001, -0.000001, -0.000001, -0.000001, -0.000001, -0.000001
7.309341, -0.000001, -0.000001, -0.000001, -0.000001, -0.000001, -0.000001
7.333485, -0.000001, -0.000001, -0.000001, -0.000001, -0.000001, -0.000001
7.341455, -0.000001, -0.000001, -0.000001, -0.000001, -0.000001, -0.000001
7.365468, -0.000001, -0.000001, -0.000001, -0.000001, -0.000001, -0.000001
7.373597, -0.000001, -0.000001, -0.000001, -0.000001, -0.000001, -0.000001
7.397626, -0.000001, -0.000001, -0.000001, -0.000001, -0.000001, -0.000001
7.405780, -0.000001, -0.000001, -0.000001, -0.000001, -0.000001, -0.000001
7.429789, -0.000001, -0.000001, -0.000001, -0.000001, -0.000001, -0.000001
7.437779, -0.000001, -0.000001, -0.000001, -0.000001, -0.000001, -0.000001
7.461876, -0.000001, -0.000001, -0.000001, -0.000001, -0.000001, -0.000001
7.470034, -0.000001, -0.000001, -0.000001, -0.000001, -0.000001, -0.000001
7.494063, -0.000001, -0.000001, -0.000001, -0.000001, -0.000001, -0.000001
7.502176, -0.000001, -0.000001, -0.000001, -0.000001, -0.000001, -0.000001
7.526219, -0.000001, -0.000001, -0.000001, -0.000001, -0.000001, -0.000001
7.534171, -0.000001, -0.000001, -0.000001, -0.000001, -0.000001, -0.000001
7.558371, -0.000001, -0.000001, -0.000001, -0.000001, -0.000001, -0.000001
7.566314, -0.000001, -0.000001, -0.000001, -0.000001, -0.000001, -0.000001
7.590470, -0.000001, -0.000001, -0.000001, -0.000001, -0.000001, -0.000001
7.598458, -0.000001, -0.000001, -0.000001, -0.000001, -0.000001, -0.000001
7.622522, -0.000001, -0.000001, -0.000001, -0.000001, -0.000001, -0.000001
7.630515, -0.000001, -0.000001, -0.000001, -0.000001, -0.000001, -0.000001
7.654664, -0.000001, -0.000001, -0.000001, -0.000001, -0.000001, -0.000001
7.662305, -0.000001, -0.000001, -0.000001, -0.000001, -0.000001, -0.000001
7.686792, -0.000001, -0.000001, -0.000001, -0.000001, -0.000001, -0.000001
7.694777, -0.000001, -0.000001, -0.000001, -0.000001, -0.000001, -0.000001
7.718800, -0.000001, -0.000001, -0.000001, -0.000001, -0.000001, -0.000001
7.726782, -0.000001, -0.000001, -0.000001, -0.000001, -0.000001, -0.000001
7.750968, -0.000001, -0.000001, -0.000001, -0.000001, -0.000001, -0.000001
7.758923, -0.000001, -0.000001, -0.000001, -0.000001, -0.000001, -0.000001
7.782925, -0.000001, -0.000001, -0.000001, -0.000001, -0.000001, -0.000001
7.791053, -0.000001, -0.000001, -0.000001, -0.000001, -0.000001, -0.000001
7.815200, -0.000001, -0.000001, -0.000001, -0.000001, -0.000001, -0.000001
7.823189, -0.000001, -0.000001, -0.000001, -0.000001, -0.000001, -0.000001
7.847214, -0.000001, -0.000001, -0.000001, -0.000001, -0.000001, -0.000001
7.855370, -0.000001, -0.000001, -0.000001, -0.000001, -0.000001, -0.000001
7.879391, -0.000001, -0.000001, -0.000001, -0.000001, -0.000001, -0.000001
7.887374, -0.000001, -0.000001, -0.000001, -0.000001, -0.000001, -0.000001
7.911516, -0.000001, -0.000001, -0.000001, -0.000001, -0.000001, -0.000001
7.919532, -0.000001, -0.000001, -0.000001, -0.000001, -0.000001, -0.000001
7.943658, -0.000001, -0.000001, -0.000001, -0.000001, -0.000001, -0.000001
7.951655, -0.000001, -0.000001, -0.000001, -0.000001, -0.000001, -0.000001
7.975642, -0.000001, -0.000001, -0.000001, -0.000001, -0.000001, -0.000001
7.983783, -0.000001, -0.000001, -0.000001, -0.000001, -0.000001, -0.000001
8.007794, -0.000001, -0.000001, -0.000001, -0.000001, -0.000001, -0.000001
8.015795, -0.000001, -0.000001, -0.000001, -0.000001, -0.000001, -0.000001
8.039962, -0.000001, -0.000001, -0.000001, -0.000001, -0.000001, -0.000001
8.047921, -0.000001, -0.000001, -0.000001, -0.000001, -0.000001, -0.000001
8.072096, -0.000001, -0.000001, -0.000001, -0.000001, -0.000001, -0.000001
8.080084, -0.000001, -0.000001, -0.000001, -0.000001, -0.000001, -0.000001
8.104262, -0.000001, -0.000001, -0.000001, -0.000001, -0.000001, -0.000001
8.112209, -0.000001, -0.000001, -0.000001, -0.000001, -0.000001, -0.000001
8.136414, -0.000001, -0.000001, -0.000001, -0.000001, -0.000001, -0.000001
8.144361, -0.000001, -0.000001, -0.000001, -0.000001, -0.000001, -0.000001
8.168404, -0.000001, -0.000001, -0.000001, -0.000001, -0.000001, -0.000001
8.176396, -0.000001, -0.000001, -0.000001, -0.000001, -0.000001, -0.000001
8.200547, -0.000001, -0.000001, -0.000001, -0.000001, -0.000001, -0.000001
8.208510, -0.000001, -0.000001, -0.000001, -0.000001, -0.000001, -0.000001
8.232676, -0.000001, -0.000001, -0.000001, -0.000001, -0.000001, -0.000001
8.240656, -0.000001, -0.000001, -0.000001, -0.000001, -0.000001, -0.000001
8.264799, -0.000001, -0.000001, -0.000001, -0.000001, -0.000001, -0.000001
8.272793, -0.000001, -0.000001, -0.000001, -0.000001, -0.000001, -0.000001
8.296808, -0.000001, -0.000001, -0.000001, -0.000001, -0.000001, -0.000001
8.304916, -0.000001, -0.000001, -0.000001, -0.000001, -0.000001, -0.000001
8.329011, -0.000001, -0.000001, -0.000001, -0.000001, -0.000001, -0.000001
8.336983, -0.000001, -0.000001, -0.000001, -0.000001, -0.000001, -0.000001
8.361139, -0.000001, -0.000001, -0.000001, -0.000001, -0.000001, -0.000001
8.369107, -0.000001, -0.000001, -0.000001, -0.000001, -0.000001, -0.000001
8.393277, -0.000001, -0.000001, -0.000001, -0.000001, -0.000001, -0.000001
8.400894, -0.000001, -0.000001, -0.000001, -0.000001, -0.000001, -0.000001
8.425284, -0.000001, -0.000001, -0.000001, -0.000001, -0.000001, -0.000001
8.433223, -0.000001, -0.000001, -0.000001, -0.000001, -0.000001, -0.000001
8.457427, -0.000001, -0.000001, -0.000001, -0.000001, -0.000001, -0.000001
8.465411, -0.000001, -0.000001, -0.000001, -0.000001, -0.000001, -0.000001
8.489570, -0.000001, -0.000001, -0.000001, -0.000001, -0.000001, -0.000001
8.497542, -0.000001, -0.000001, -0.000001, -0.000001, -0.000001, -0.000001
8.521545, -0.000001, -0.000001, -0.000001, -0.000001, -0.000001, -0.000001
8.529682, -0.000001, -0.000001, -0.000001, -0.000001, -0.000001, -0.000001
8.553665, -0.000001, -0.000001, -0.000001, -0.000001, -0.000001, -0.000001
8.561835, -0.000001, -0.000001, -0.000001, -0.000001, -0.000001, -0.000001
8.585814, -0.000001, -0.000001, -0.000001, -0.000001, -0.000001, -0.000001
8.594009, -0.000001, -0.000001, -0.000001, -0.000001, -0.000001, -0.000001
8.617930, -0.000001, -0.000001, -0.000001, -0.000001, -0.000001, -0.000001
8.625952, -0.000001, -0.000001, -0.000001, -0.000001, -0.000001, -0.000001
8.649955, -0.000001, -0.000001, -0.000001, -0.000001, -0.000001, -0.000001
8.658109, -0.000001, -0.000001, -0.000001, -0.000001, -0.000001, -0.000001
8.682237, -0.000001, -0.000001, -0.000001, -0.000001, -0.000001, -0.000001
8.690250, -0.000001, -0.000001, -0.000001, -0.000001, -0.000001, -0.000001
8.714243, -0.000001, -0.000001, -0.000001, -0.000001, -0.000001, -0.000001
8.722221, -0.000001, -0.000001, -0.000001, -0.000001, -0.000001, -0.000001
8.746527, -0.000001, -0.000001, -0.000001, -0.000001, -0.000001, -0.000001
8.754566, -0.000001, -0.000001, -0.000001, -0.000001, -0.000001, -0.000001
8.778527, -0.000001, -0.000001, -0.000001, -0.000001, -0.000001, -0.000001
8.786554, -0.000001, -0.000001, -0.000001, -0.000001, -0.000001, -0.000001
8.810584, -0.000001, -0.000001, -0.000001, -0.000001, -0.000001, -0.000001
8.818522, -0.000001, -0.000001, -0.000001, -0.000001, -0.000001, -0.000001
8.842710, -0.000001, -0.000001, -0.000001, -0.000001, -0.000001, -0.000001
8.850702, -0.000001, -0.000001, -0.000001, -0.000001, -0.000001, -0.000001
8.874870, -0.000001, -0.000001, -0.000001, -0.000001, -0.000001, -0.000001
8.882863, -0.000001, -0.000001, -0.000001, -0.000001, -0.000001, -0.000001
8.906996, -0.000001, -0.000001, -0.000001, -0.000001, -0.000001, -0.000001
8.914982, -0.000001, -0.000001, -0.000001, -0.000001, -0.000001, -0.000001
8.939166, -0.000001, -0.000001, -0.000001, -0.000001, -0.000001, -0.000001
8.947006, -0.000001, -0.000001, -0.000001, -0.000001, -0.000001, -0.000001
8.971161, -0.000001, -0.000001, -0.000001, -0.000001, -0.000001, -0.000001
8.979139, -0.000001, -0.000001, -0.000001, -0.000001, -0.000001, -0.000001
9.003419, -0.000001, -0.000001, -0.000001, -0.000001, -0.000001, -0.000001
9.011297, -0.000001, -0.000001, -0.000001, -0.000001, -0.000001, -0.000001
9.035450, -0.000001, -0.000001, -0.000001, -0.000001, -0.000001, -0.000001
9.043449, -0.000001, -0.000001, -0.000001, -0.000001, -0.000001, -0.000001
9.067449, -0.000001, -0.000001, -0.000001, -0.000001, -0.000001, -0.000001
9.075397, -0.000001, -0.000001, -0.000001, -0.000001, -0.000001, -0.000001
9.099731, -0.000001, -0.000001, -0.000001, -0.000001, -0.000001, -0.000001
9.107730, -0.000001, -0.000001, -0.000001, -0.000001, -0.000001, -0.000001
9.131706, -0.000001, -0.000001, -0.000001, -0.000001, -0.000001, -0.000001
9.139752, -0.000001, -0.000001, -0.000001, -0.000001, -0.000001, -0.000001
9.163709, -0.000001, -0.000001, -0.000001, -0.000001, -0.000001, -0.000001
9.171906, -0.000001, -0.000001, -0.000001, -0.000001, -0.000001, -0.000001
9.195899, -0.000001, -0.000001, -0.000001, -0.000001, -0.000001, -0.000001
9.203986, -0.000001, -0.000001, -0.000001, -0.000001, -0.000001, -0.000001
9.227943, -0.000001, -0.000001, -0.000001, -0.000001, -0.000001, -0.000001
9.236026, -0.000001, -0.000001, -0.000001, -0.000001, -0.000001, -0.000001
9.260368, -0.000001, -0.000001, -0.000001, -0.000001, -0.000001, -0.000001
9.268134, -0.000001, -0.000001, -0.000001, -0.000001, -0.000001, -0.000001
9.292305, -0.000001, -0.000001, -0.000001, -0.000001, -0.000001, -0.000001
9.300305, -0.000001, -0.000001, -0.000001, -0.000001, -0.000001, -0.000001
9.324447, -0.000001, -0.000001, -0.000001, -0.000001, -0.000001, -0.000001
9.332455, -0.000001, -0.000001, -0.000001, -0.000001, -0.000001, -0.000001
9.356632, -0.000001, -0.000001, -0.000001, -0.000001, -0.000001, -0.000001
9.364460, -0.000001, -0.000001, -0.000001, -0.000001, -0.000001, -0.000001
9.388623, -0.000001, -0.000001, -0.000001, -0.000001, -0.000001, -0.000001
9.396722, -0.000001, -0.000001, -0.000001, -0.000001, -0.000001, -0.000001
9.420740, -0.000001, -0.000001, -0.000001, -0.000001, -0.000001, -0.000001
9.428735, -0.000001, -0.000001, -0.000001, -0.000001, -0.000001, -0.000001
9.452918, -0.000001, -0.000001, -0.000001, -0.000001, -0.000001, -0.000001
9.460886, -0.000001, -0.000001, -0.000001, -0.000001, -0.000001, -0.000001
9.485039, -0.000001, -0.000001, -0.000001, -0.000001, -0.000001, -0.000001
9.493029, -0.000001, -0.000001, -0.000001, -0.000001, -0.000001, -0.000001
9.517036, -0.000001, -0.000001, -0.000001, -0.000001, -0.000001, -0.000001
9.525152, -0.000001, -0.000001, -0.000001, -0.000001, -0.000001, -0.000001
9.549166, -0.000001, -0.000001, -0.000001, -0.000001, -0.000001, -0.000001
9.557320, -0.000001, -0.000001, -0.000001, -0.000001, -0.000001, -0.000001
9.581340, -0.000001, -0.000001, -0.000001, -0.000001, -0.000001, -0.000001
9.589327, -0.000001, -0.000001, -0.000001, -0.000001, -0.000001, -0.000001
9.613497, -0.000001, -0.000001, -0.000001, -0.000001, -0.000001, -0.000001
9.621439, -0.000001, -0.000001, -0.000001, -0.000001, -0.000001, -0.000001
9.645474, -0.000001, -0.000001, -0.000001, -0.000001, -0.000001, -0.000001
9.653612, -0.000001, -0.000001, -0.000001, -0.000001, -0.000001, -0.000001
9.677597, -0.000001, -0.000001, -0.000001, -0.000001, -0.000001, -0.000001
9.685761, -0.000001, -0.000001, -0.000001, -0.000001, -0.000001, -0.000001
9.709580, -0.000001, -0.000001, -0.000001, -0.000001, -0.000001, -0.000001
9.717920, -0.000001, -0.000001, -0.000001, -0.000001, -0.000001, -0.000001
9.741906, -0.000001, -0.000001, -0.000001, -0.000001, -0.000001, -0.000001
9.749887, -0.000001, -0.000001, -0.000001, -0.000001, -0.000001, -0.000001
9.773901, -0.000001, -0.000001, -0.000001, -0.000001, -0.000001, -0.000001
9.782010, -0.000001, -0.000001, -0.000001, -0.000001, -0.000001, -0.000001
9.806178, -0.000001, -0.000001, -0.000001, -0.000001, -0.000001, -0.000001
9.814137, -0.000001, -0.000001, -0.000001, -0.000001, -0.000001, -0.000001
9.838297, -0.000001, -0.000001, -0.000001, -0.000001, -0.000001, -0.000001
9.846335, -0.000001, -0.000001, -0.000001, -0.000001, -0.000001, -0.000001
9.870447, -0.000001, -0.000001, -0.000001, -0.000001, -0.000001, -0.000001
9.878440, -0.000001, -0.000001, -0.000001, -0.000001, -0.000001, -0.000001
9.902619, -0.000001, -0.000001, -0.000001, -0.000001, -0.000001, -0.000001
9.910493, -0.000001, -0.000001, -0.000001, -0.000001, -0.000001, -0.000001
9.934503, -0.000001, -0.000001, -0.000001, -0.000001, -0.000001, -0.000001
9.942643, -0.000001, -0.000001, -0.000001, -0.000001, -0.000001, -0.000001
9.966778, -0.000001, -0.000001, -0.000001, -0.000001, -0.000001, -0.000001
9.974773, -0.000001, -0.000001, -0.000001, -0.000001, -0.000001, -0.000001
9.998947, -0.000001, -0.000001, -0.000001, -0.000001, -0.000001, -0.000001
10.006900, -0.000001, -0.000001, -0.000001, -0.000001, -0.000001, -0.000001
10.030900, -0.000001, -0.000001, -0.000001, -0.000001, -0.000001, -0.000001
10.039066, -0.000001, -0.000001, -0.000001, -0.000001, -0.000001, -0.000001
10.063068, -0.000001, -0.000001, -0.000001, -0.000001, -0.000001, -0.000001
10.071063, -0.000001, -0.000001, -0.000001, -0.000001, -0.000001, -0.000001
10.095230, -0.000001, -0.000001, -0.000001, -0.000001, -0.000001, -0.000001
10.103177, -0.000001, -0.000001, -0.000001, -0.000001, -0.000001, -0.000001
10.127351, -0.000001, -0.000001, -0.000001, -0.000001, -0.000001, -0.000001
10.135321, -0.000001, -0.000001, -0.000001, -0.000001, -0.000001, -0.000001
10.159481, -0.000001, -0.000001, -0.000001, -0.000001, -0.000001, -0.000001
10.167476, -0.000001, -0.000001, -0.000001, -0.000001, -0.000001, -0.000001
10.191501, -0.000001, -0.000001, -0.000001, -0.000001, -0.000001, -0.000001
10.199491, -0.000001, -0.000001, -0.000001, -0.000001, -0.000001, -0.000001
10.223668, -0.000001, -0.000001, -0.000001, -0.000001, -0.000001, -0.000001
10.231654, -0.000001, -0.000001, -0.000001, -0.000001, -0.000001, -0.000001
10.255771, -0.000001, -0.000001, -0.000001, -0.000001, -0.000001, -0.000001
10.263760, -0.000001, -0.000001, -0.000001, -0.000001, -0.000001, -0.000001
10.287790, -0.000001, -0.000001, -0.000001, -0.000001, -0.000001, -0.000001
10.295892, -0.000001, -0.000001, -0.000001, -0.000001, -0.000001, -0.000001
10.320094, -0.000001, -0.000001, -0.000001, -0.000001, -0.000001, -0.000001
10.328056, -0.000001, -0.000001, -0.000001, -0.000001, -0.000001, -0.000001
10.352065, -0.000001, -0.000001, -0.000001, -0.000001, -0.000001, -0.000001
10.360109, -0.000001, -0.000001, -0.000001, -0.000001, -0.000001, -0.000001
10.384239, -0.000001, -0.000001, -0.000001, -0.000001, -0.000001, -0.000001
10.392177, -0.000001, -0.000001, -0.000001, -0.000001, -0.000001, -0.000001
10.416375, -0.000001, -0.000001, -0.000001, -0.000001, -0.000001, -0.000001
10.424366, -0.000001, -0.000001, -0.000001, -0.000001, -0.000001, -0.000001
10.448343, -0.000001, -0.000001, -0.000001, -0.000001, -0.000001, -0.000001
10.456480, -0.000001, -0.000001, -0.000001, -0.000001, -0.000001, -0.000001
10.480565, -0.000001, -0.000001, -0.000001, -0.000001, -0.000001, -0.000001
10.488511, -0.000001, -0.000001, -0.000001, -0.000001, -0.000001, -0.000001
10.512683, -0.000001, -0.000001, -0.000001, -0.000001, -0.000001, -0.000001
10.520516, -0.000001, -0.000001, -0.000001, -0.000001, -0.000001, -0.000001
10.544685, -0.000001, -0.000001, -0.000001, -0.000001, -0.000001, -0.000001
10.552641, -0.000001, -0.000001, -0.000001, -0.000001, -0.000001, -0.000001
10.576812, -0.000001, -0.000001, -0.000001, -0.000001, -0.000001, -0.000001
10.584814, -0.000001, -0.000001, -0.000001, -0.000001, -0.000001, -0.000001
10.609100, -0.000001, -0.000001, -0.000001, -0.000001, -0.000001, -0.000001
10.616982, -0.000001, -0.000001, -0.000001, -0.000001, -0.000001, -0.000001
10.641119, -0.000001, -0.000001, -0.000001, -0.000001, -0.000001, -0.000001
10.649059, -0.000001, -0.000001, -0.000001, -0.000001, -0.000001, -0.000001
10.673261, -0.000001, -0.000001, -0.000001, -0.000001, -0.000001, -0.000001
10.681237, -0.000001, -0.000001, -0.000001, -0.000001, -0.000001, -0.000001
10.705405, -0.000001, -0.000001, -0.000001, -0.000001, -0.000001, -0.000001
10.713245, -0.000001, -0.000001, -0.000001, -0.000001, -0.000001, -0.000001
10.737391, -0.000001, -0.000001, -0.000001, -0.000001, -0.000001, -0.000001
10.745406, -0.000001, -0.000001, -0.000001, -0.000001, -0.000001, -0.000001
10.769392, -0.000001, -0.000001, -0.000001, -0.000001, -0.000001, -0.000001
10.777514, -0.000001, -0.000001, -0.000001, -0.000001, -0.000001, -0.000001
10.801696, -0.000001, -0.000001, -0.000001, -0.000001, -0.000001, -0.000001
10.809701, -0.000001, -0.000001, -0.000001, -0.000001, -0.000001, -0.000001
10.833664, -0.000001, -0.000001, -0.000001, -0.000001, -0.000001, -0.000001
10.841810, -0.000001, -0.000001, -0.000001, -0.000001, -0.000001, -0.000001
10.865784, -0.000001, -0.000001, -0.000001, -0.000001, -0.000001, -0.000001
10.873823, -0.000001, -0.000001, -0.000001, -0.000001, -0.000001, -0.000001
10.897956, -0.000001, -0.000001, -0.000001, -0.000001, -0.000001, -0.000001
10.906119, -0.000001, -0.000001, -0.000001, -0.000001, -0.000001, -0.000001
10.930116, -0.000001, -0.000001, -0.000001, -0.000001, -0.000001, -0.000001
10.938085, -0.000001, -0.000001, -0.000001, -0.000001, -0.000001, -0.000001
10.962269, -0.000001, -0.000001, -0.000001, -0.000001, -0.000001, -0.000001
10.970246, -0.000001, -0.000001, -0.000001, -0.000001, -0.000001, -0.000001
10.994361, -0.000001, -0.000001, -0.000001, -0.000001, -0.000001, -0.000001
11.002355, -0.000001, -0.000001, -0.000001, -0.000001, -0.000001, -0.000001
11.026361, -0.000001, -0.000001, -0.000001, -0.000001, -0.000001, -0.000001
11.034413, -0.000001, -0.000001, -0.000001, -0.000001, -0.000001, -0.000001
11.058540, -0.000001, -0.000001, -0.000001, -0.000001, -0.000001, -0.000001
11.066542, -0.000001, -0.000001, -0.000001, -0.000001, -0.000001, -0.000001
11.090564, -0.000001, -0.000001, -0.000001, -0.000001, -0.000001, -0.000001
11.098680, -0.000001, -0.000001, -0.000001, -0.000001, -0.000001, -0.000001
11.122862, -0.000001, -0.000001, -0.000001, -0.000001, -0.000001, -0.000001
11.130884, -0.000001, -0.000001, -0.000001, -0.000001, -0.000001, -0.000001
11.155008, -0.000001, -0.000001, -0.000001, -0.000001, -0.000001, -0.000001
11.162981, -0.000001, -0.000001, -0.000001, -0.000001, -0.000001, -0.000001
11.187001, -0.000001, -0.000001, -0.000001, -0.000001, -0.000001, -0.000001
11.194987, -0.000001, -0.000001, -0.000001, -0.000001, -0.000001, -0.000001
11.219147, -0.000001, -0.000001, -0.000001, -0.000001, -0.000001, -0.000001
11.227131, -0.000001, -0.000001, -0.000001, -0.000001, -0.000001, -0.000001
11.251275, -0.000001, -0.000001, -0.000001, -0.000001, -0.000001, -0.000001
11.259261, -0.000001, -0.000001, -0.000001, -0.000001, -0.000001, -0.000001
11.283275, -0.000001, -0.000001, -0.000001, -0.000001, -0.000001, -0.000001
11.291412, -0.000001, -0.000001, -0.000001, -0.000001, -0.000001, -0.000001
11.315429, -0.000001, -0.000001, -0.000001, -0.000001, -0.000001, -0.000001
11.323417, -0.000001, -0.000001, -0.000001, -0.000001, -0.000001, -0.000001
11.347561, -0.000001, -0.000001, -0.000001, -0.000001, -0.000001, -0.000001
11.355552, -0.000001, -0.000001, -0.000001, -0.000001, -0.000001, -0.000001
11.379583, -0.000001, -0.000001, -0.000001, -0.000001, -0.000001, -0.000001
11.387678, -0.000001, -0.000001, -0.000001, -0.000001, -0.000001, -0.000001
11.411693, -0.000001, -0.000001, -0.000001, -0.000001, -0.000001, -0.000001
11.419858, -0.000001, -0.000001, -0.000001, -0.000001, -0.000001, -0.000001
11.443837, -0.000001, -0.000001, -0.000001, -0.000001, -0.000001, -0.000001
11.452001, -0.000001, -0.000001, -0.000001, -0.000001, -0.000001, -0.000001
11.476171, -0.000001, -0.000001, -0.000001, -0.000001, -0.000001, -0.000001
11.483992, -0.000001, -0.000001, -0.000001, -0.000001, -0.000001, -0.000001
11.508141, -0.000001, -0.000001, -0.000001, -0.000001, -0.000001, -0.000001
11.516126, -0.000001, -0.000001, -0.000001, -0.000001, -0.000001, -0.000001
11.540307, -0.000001, -0.000001, -0.000001, -0.000001, -0.000001, -0.000001
11.548269, -0.000001, -0.000001, -0.000001, -0.000001, -0.000001, -0.000001
11.572292, -0.000001, -0.000001, -0.000001, -0.000001, -0.000001, -0.000001
11.580416, -0.000001, -0.000001, -0.000001, -0.000001, -0.000001, -0.000001
11.604609, -0.000001, -0.000001, -0.000001, -0.000001, -0.000001, -0.000001
11.612566, -0.000001, -0.000001, -0.000001, -0.000001, -0.000001, -0.000001
11.636570, -0.000001, -0.000001, -0.000001, -0.000001, -0.000001, -0.000001
11.644698, -0.000001, -0.000001, -0.000001, -0.000001, -0.000001, -0.000001
11.668740, -0.000001, -0.000001, -0.000001, -0.000001, -0.000001, -0.000001
11.676739, -0.000001, -0.000001, -0.000001, -0.000001, -0.000001, -0.000001
11.700998, -0.000001, -0.000001, -0.000001, -0.000001, -0.000001, -0.000001
11.709016, -0.000001, -0.000001, -0.000001, -0.000001, -0.000001, -0.000001
11.733011, -0.000001, -0.000001, -0.000001, -0.000001, -0.000001, -0.000001
11.741007, -0.000001, -0.000001, -0.000001, -0.000001, -0.000001, -0.000001
11.765125, -0.000001, -0.000001, -0.000001, -0.000001, -0.000001, -0.000001
11.773133, -0.000001, -0.000001, -0.000001, -0.000001, -0.000001, -0.000001
11.797323, -0.000001, -0.000001, -0.000001, -0.000001, -0.000001, -0.000001
11.805310, -0.000001, -0.000001, -0.000001, -0.000001, -0.000001, -0.000001
11.829323, -0.000001, -0.000001, -0.000001, -0.000001, -0.000001, -0.000001
11.837291, -0.000001, -0.000001, -0.000001, -0.000001, -0.000001, -0.000001
11.861314, -0.000001, -0.000001, -0.000001, -0.000001, -0.000001, -0.000001
11.869319, -0.000001, -0.000001, -0.000001, -0.000001, -0.000001, -0.000001
11.893477, -0.000001, -0.000001, -0.000001, -0.000001, -0.000001, -0.000001
11.901552, -0.000001, -0.000001, -0.000001, -0.000001, -0.000001, -0.000001
11.925605, -0.000001, -0.000001, -0.000001, -0.000001, -0.000001, -0.000001
11.933571, -0.000001, -0.000001, -0.000001, -0.000001, -0.000001, -0.000001
11.957738, -0.000001, -0.000001, -0.000001, -0.000001, -0.000001, -0.000001
11.965698, -0.000001, -0.000001, -0.000001, -0.000001, -0.000001, -0.000001
11.989854, -0.000001, -0.000001, -0.000001, -0.000001, -0.000001, -0.000001
11.997965, -0.000001, -0.000001, -0.000001, -0.000001, -0.000001, -0.000001
12.021850, -0.000001, -0.000001, -0.000001, -0.000001, -0.000001, -0.000001
12.030005, -0.000001, -0.000001, -0.000001, -0.000001, -0.000001, -0.000001
12.054036, -0.000001, -0.000001, -0.000001, -0.000001, -0.000001, -0.000001
12.062221, -0.000001, -0.000001, -0.000001, -0.000001, -0.000001, -0.000001
12.086186, -0.000001, -0.000001, -0.000001, -0.000001, -0.000001, -0.000001
12.094141, -0.000001, -0.000001, -0.000001, -0.000001, -0.000001, -0.000001
12.118280, -0.000001, -0.000001, -0.000001, -0.000001, -0.000001, -0.000001
12.126276, -0.000001, -0.000001, -0.000001, -0.000001, -0.000001, -0.000001
12.150424, -0.000001, -0.000001, -0.000001, -0.000001, -0.000001, -0.000001
12.158456, -0.000001, -0.000001, -0.000001, -0.000001, -0.000001, -0.000001
12.182476, -0.000001, -0.000001, -0.000001, -0.000001, -0.000001, -0.000001
12.190448, -0.000001, -0.000001, -0.000001, -0.000001, -0.000001, -0.000001
12.214608, -0.000001, -0.000001, -0.000001, -0.000001, -0.000001, -0.000001
12.222726, -0.000001, -0.000001, -0.000001, -0.000001, -0.000001, -0.000001
12.246754, -0.000001, -0.000001, -0.000001, -0.000001, -0.000001, -0.000001
12.254874, -0.000001, -0.000001, -0.000001, -0.000001, -0.000001, -0.000001
12.278926, -0.000001, -0.000001, -0.000001, -0.000001, -0.000001, -0.000001
12.286875, -0.000001, -0.000001, -0.000001, -0.000001, -0.000001, -0.000001
12.311057, -0.000001, -0.000001, -0.000001, -0.000001, -0.000001, -0.000001
12.319041, -0.000001, -0.000001, -0.000001, -0.000001, -0.000001, -0.000001
12.343101, -0.000001, -0.000001, -0.000001, -0.000001, -0.000001, -0.000001
12.351036, -0.000001, -0.000001, -0.000001, -0.000001, -0.000001, -0.000001
12.375223, -0.000001, -0.000001, -0.000001, -0.000001, -0.000001, -0.000001
12.383217, -0.000001, -0.000001, -0.000001, -0.000001, -0.000001, -0.000001
12.407492, -0.000001, -0.000001, -0.000001, -0.000001, -0.000001, -0.000001
12.415448, -0.000001, -0.000001, -0.000001, -0.000001, -0.000001, -0.000001
12.439501, -0.000001, -0.000001, -0.000001, -0.000001, -0.000001, -0.000001
12.447336, -0.000001, -0.000001, -0.000001, -0.000001, -0.000001, -0.000001
12.471644, -0.000001, -0.000001, -0.000001, -0.000001, -0.000001, -0.000001
12.479484, -0.000001, -0.000001, -0.000001, -0.000001, -0.000001, -0.000001
12.503616, -0.000001, -0.000001, -0.000001, -0.000001, -0.000001, -0.000001
12.511795, -0.000001, -0.000001, -0.000001, -0.000001, -0.000001, -0.000001
12.535757, -0.000001, -0.000001, -0.000001, -0.000001, -0.000001, -0.000001
12.543791, -0.000001, -0.000001, -0.000001, -0.000001, -0.000001, -0.000001
12.567908, -0.000001, -0.000001, -0.000001, -0.000001, -0.000001, -0.000001
12.575928, -0.000001, -0.000001, -0.000001, -0.000001, -0.000001, -0.000001
12.599907, -0.000001, -0.000001, -0.000001, -0.000001, -0.000001, -0.000001
12.608029, -0.000001, -0.000001, -0.000001, -0.000001, -0.000001, -0.000001
12.632020, -0.000001, -0.000001, -0.000001, -0.000001, -0.000001, -0.000001
12.640208, -0.000001, -0.000001, -0.000001, -0.000001, -0.000001, -0.000001
12.664227, -0.000001, -0.000001, -0.000001, -0.000001, -0.000001, -0.000001
12.672214, -0.000001, -0.000001, -0.000001, -0.000001, -0.000001, -0.000001
12.696371, -0.000001, -0.000001, -0.000001, -0.000001, -0.000001, -0.000001
12.704364, -0.000001, -0.000001, -0.000001, -0.000001, -0.000001, -0.000001
12.728513, -0.000001, -0.000001, -0.000001, -0.000001, -0.000001, -0.000001
12.736355, -0.000001, -0.000001, -0.000001, -0.000001, -0.000001, -0.000001
12.760506, -0.000001, -0.000001, -0.000001, -0.000001, -0.000001, -0.000001
12.768620, -0.000001, -0.000001, -0.000001, -0.000001, -0.000001, -0.000001
12.792631, -0.000001, -0.000001, -0.000001, -0.000001, -0.000001, -0.000001
12.800784, -0.000001, -0.000001, -0.000001, -0.000001, -0.000001, -0.000001
12.824794, -0.000001, -0.000001, -0.000001, -0.000001, -0.000001, -0.000001
12.832751, -0.000001, -0.000001, -0.000001, -0.000001, -0.000001, -0.000001
12.856970, -0.000001, -0.000001, -0.000001, -0.000001, -0.000001, -0.000001
12.864782, -0.000001, -0.000001, -0.000001, -0.000001, -0.000001, -0.000001
12.889090, -0.000001, -0.000001, -0.000001, -0.000001, -0.000001, -0.000001
12.897089, -0.000001, -0.000001, -0.000001, -0.000001, -0.000001, -0.000001
12.921094, -0.000001, -0.000001, -0.000001, -0.000001, -0.000001, -0.000001
12.929088, -0.000001, -0.000001, -0.000001, -0.000001, -0.000001, -0.000001
12.953236, -0.000001, -0.000001, -0.000001, -0.000001, -0.000001, -0.000001
12.961219, -0.000001, -0.000001, -0.000001, -0.000001, -0.000001, -0.000001
12.985397, -0.000001, -0.000001, -0.000001, -0.000001, -0.000001, -0.000001
12.993365, -0.000001, -0.000001, -0.000001, -0.000001, -0.000001, -0.000001
13.017504, -0.000001, -0.000001, -0.000001, -0.000001, -0.000001, -0.000001
13.025488, -0.000001, -0.000001, -0.000001, -0.000001, -0.000001, -0.000001
13.049533, -0.000001, -0.000001, -0.000001, -0.000001, -0.000001, -0.000001
13.057660, -0.000001, -0.000001, -0.000001, -0.000001, -0.000001, -0.000001
13.081676, -0.000001, -0.000001, -0.000001, -0.000001, -0.000001, -0.000001
13.089621, -0.000001, -0.000001, -0.000001, -0.000001, -0.000001, -0.000001
13.113668, -0.000001, -0.000001, -0.000001, -0.000001, -0.000001, -0.000001
13.121761, -0.000001, -0.000001, -0.000001, -0.000001, -0.000001, -0.000001
13.145961, -0.000001, -0.000001, -0.000001, -0.000001, -0.000001, -0.000001
13.153893, -0.000001, -0.000001, -0.000001, -0.000001, -0.000001, -0.000001
13.177915, -0.000001, -0.000001, -0.000001, -0.000001, -0.000001, -0.000001
13.186014, -0.000001, -0.000001, -0.000001, -0.000001, -0.000001, -0.000001
13.210234, -0.000001, -0.000001, -0.000001, -0.000001, -0.000001, -0.000001
13.218186, -0.000001, -0.000001, -0.000001, -0.000001, -0.000001, -0.000001
13.242239, -0.000001, -0.000001, -0.000001, -0.000001, -0.000001, -0.000001
13.250229, -0.000001, -0.000001, -0.000001, -0.000001, -0.000001, -0.000001
13.274363, -0.000001, -0.000001, -0.000001, -0.000001, -0.000001, -0.000001
13.282369, -0.000001, -0.000001, -0.000001, -0.000001, -0.000001, -0.000001
13.306523, -0.000001, -0.000001, -0.000001, -0.000001, -0.000001, -0.000001
13.314480, -0.000001, -0.000001, -0.000001, -0.000001, -0.000001, -0.000001
13.338513, -0.000001, -0.000001, -0.000001, -0.000001, -0.000001, -0.000001
13.346523, -0.000001, -0.000001, -0.000001, -0.000001, -0.000001, -0.000001
13.370672, -0.000001, -0.000001, -0.000001, -0.000001, -0.000001, -0.000001
13.378657, -0.000001, -0.000001, -0.000001, -0.000001, -0.000001, -0.000001
13.402840, -0.000001, -0.000001, -0.000001, -0.000001, -0.000001, -0.000001
13.410818, -0.000001, -0.000001, -0.000001, -0.000001, -0.000001, -0.000001
13.434977, -0.000001, -0.000001, -0.000001, -0.000001, -0.000001, -0.000001
13.442960, -0.000001, -0.000001, -0.000001, -0.000001, -0.000001, -0.000001
13.467117, -0.000001, -0.000001, -0.000001, -0.000001, -0.000001, -0.000001
13.475096, -0.000001, -0.000001, -0.000001, -0.000001, -0.000001, -0.000001
13.499272, -0.000001, -0.000001, -0.000001, -0.000001, -0.000001, -0.000001
13.507235, -0.000001, -0.000001, -0.000001, -0.000001, -0.000001, -0.000001
13.531241, -0.000001, -0.000001, -0.000001, -0.000001, -0.000001, -0.000001
13.539397, -0.000001, -0.000001, -0.000001, -0.000001, -0.000001, -0.000001
13.563414, -0.000001, -0.000001, -0.000001, -0.000001, -0.000001, -0.000001
13.571391, -0.000001, -0.000001, -0.000001, -0.000001, -0.000001, -0.000001
13.595531, -0.000001, -0.000001, -0.000001, -0.000001, -0.000001, -0.000001
13.603523, -0.000001, -0.000001, -0.000001, -0.000001, -0.000001, -0.000001
13.627568, -0.000001, -0.000001, -0.000001, -0.000001, -0.000001, -0.000001
13.635529, -0.000001, -0.000001, -0.000001, -0.000001, -0.000001, -0.000001
13.659705, -0.000001, -0.000001, -0.000001, -0.000001, -0.000001, -0.000001
13.667693, -0.000001, -0.000001, -0.000001, -0.000001, -0.000001, -0.000001
13.691838, -0.000001, -0.000001, -0.000001, -0.000001, -0.000001, -0.000001
13.699818, -0.000001, -0.000001, -0.000001, -0.000001, -0.000001, -0.000001
13.723977, -0.000001, -0.000001, -0.000001, -0.000001, -0.000001, -0.000001
13.731974, -0.000001, -0.000001, -0.000001, -0.000001, -0.000001, -0.000001
13.756116, -0.000001, -0.000001, -0.000001, -0.000001, -0.000001, -0.000001
13.764090, -0.000001, -0.000001, -0.000001, -0.000001, -0.000001, -0.000001
13.788077, -0.000001, -0.000001, -0.000001, -0.000001, -0.000001, -0.000001
13.796254, -0.000001, -0.000001, -0.000001, -0.000001, -0.000001, -0.000001
13.820295, -0.000001, -0.000001, -0.000001, -0.000001, -0.000001, -0.000001
13.828219, -0.000001, -0.000001, -0.000001, -0.000001, -0.000001, -0.000001
13.852429, -0.000001, -0.000001, -0.000001, -0.000001, -0.000001, -0.000001
13.860402, -0.000001, -0.000001, -0.000001, -0.000001, -0.000001, -0.000001
13.884577, -0.000001, -0.000001, -0.000001, -0.000001, -0.000001, -0.000001
13.892547, -0.000001, -0.000001, -0.000001, -0.000001, -0.000001, -0.000001
13.916690, -0.000001, -0.000001, -0.000001, -0.000001, -0.000001, -0.000001
13.924698, -0.000001, -0.000001, -0.000001, -0.000001, -0.000001, -0.000001
13.948716, -0.000001, -0.000001, -0.000001, -0.000001, -0.000001, -0.000001
13.956841, -0.000001, -0.000001, -0.000001, -0.000001, -0.000001, -0.000001
13.980983, -0.000001, -0.000001, -0.000001, -0.000001, -0.000001, -0.000001
13.988983, -0.000001, -0.000001, -0.000001, -0.000001, -0.000001, -0.000001
14.013119, -0.000001, -0.000001, -0.000001, -0.000001, -0.000001, -0.000001
14.021109, -0.000001, -0.000001, -0.000001, -0.000001, -0.000001, -0.000001
14.045114, -0.000001, -0.000001, -0.000001, -0.000001, -0.000001, -0.000001
14.053092, -0.000001, -0.000001, -0.000001, -0.000001, -0.000001, -0.000001
14.077303, -0.000001, -0.000001, -0.000001, -0.000001, -0.000001, -0.000001
14.085287, -0.000001, -0.000001, -0.000001, -0.000001, -0.000001, -0.000001
14.109328, -0.000001, -0.000001, -0.000001, -0.000001, -0.000001, -0.000001
14.117283, -0.000001, -0.000001, -0.000001, -0.000001, -0.000001, -0.000001
14.141425, -0.000001, -0.000001, -0.000001, -0.000001, -0.000001, -0.000001
14.149411, -0.000001, -0.000001, -0.000001, -0.000001, -0.000001, -0.000001
14.173581, -0.000001, -0.000001, -0.000001, -0.000001, -0.000001, -0.000001
14.181562, -0.000001, -0.000001, -0.000001, -0.000001, -0.000001, -0.000001
14.205739, -0.000001, -0.000001, -0.000001, -0.000001, -0.000001, -0.000001
14.213721, -0.000001, -0.000001, -0.000001, -0.000001, -0.000001, -0.000001
14.237855, -0.000001, -0.000001, -0.000001, -0.000001, -0.000001, -0.000001
14.245853, -0.000001, -0.000001, -0.000001, -0.000001, -0.000001, -0.000001
14.269856, -0.000001, -0.000001, -0.000001, -0.000001, -0.000001, -0.000001
14.277957, -0.000001, -0.000001, -0.000001, -0.000001, -0.000001, -0.000001
14.302007, -0.000001, -0.000001, -0.000001, -0.000001, -0.000001, -0.000001
14.310143, -0.000001, -0.000001, -0.000001, -0.000001, -0.000001, -0.000001
14.334167, -0.000001, -0.000001, -0.000001, -0.000001, -0.000001, -0.000001
14.342121, -0.000001, -0.000001, -0.000001, -0.000001, -0.000001, -0.000001
14.366125, -0.000001, -0.000001, -0.000001, -0.000001, -0.000001, -0.000001
14.374265, -0.000001, -0.000001, -0.000001, -0.000001, -0.000001, -0.000001
14.398304, -0.000001, -0.000001, -0.000001, -0.000001, -0.000001, -0.000001
14.406394, -0.000001, -0.000001, -0.000001, -0.000001, -0.000001, -0.000001
14.430544, -0.000001, -0.000001, -0.000001, -0.000001, -0.000001, -0.000001
14.438425, -0.000001, -0.000001, -0.000001, -0.000001, -0.000001, -0.000001
14.462568, -0.000001, -0.000001, -0.000001, -0.000001, -0.000001, -0.000001
14.470574, -0.000001, -0.000001, -0.000001, -0.000001, -0.000001, -0.000001
14.494738, -0.000001, -0.000001, -0.000001, -0.000001, -0.000001, -0.000001
14.502705, -0.000001, -0.000001, -0.000001, -0.000001, -0.000001, -0.000001
14.526736, -0.000001, -0.000001, -0.000001, -0.000001, -0.000001, -0.000001
14.534851, -0.000001, -0.000001, -0.000001, -0.000001, -0.000001, -0.000001
14.558859, -0.000001, -0.000001, -0.000001, -0.000001, -0.000001, -0.000001
14.566827, -0.000001, -0.000001, -0.000001, -0.000001, -0.000001, -0.000001
14.591018, -0.000001, -0.000001, -0.000001, -0.000001, -0.000001, -0.000001
14.598980, -0.000001, -0.000001, -0.000001, -0.000001, -0.000001, -0.000001
14.623167, -0.000001, -0.000001, -0.000001, -0.000001, -0.000001, -0.000001
14.631142, -0.000001, -0.000001, -0.000001, -0.000001, -0.000001, -0.000001
14.655318, -0.000001, -0.000001, -0.000001, -0.000001, -0.000001, -0.000001
14.663142, -0.000001, -0.000001, -0.000001, -0.000001, -0.000001, -0.000001
14.687324, -0.000001, -0.000001, -0.000001, -0.000001, -0.000001, -0.000001
14.695322, -0.000001, -0.000001, -0.000001, -0.000001, -0.000001, -0.000001
14.719463, -0.000001, -0.000001, -0.000001, -0.000001, -0.000001, -0.000001
14.727443, -0.000001, -0.000001, -0.000001, -0.000001, -0.000001, -0.000001
14.751603, -0.000001, -0.000001, -0.000001, -0.000001, -0.000001, -0.000001
14.759580, -0.000001, -0.000001, -0.000001, -0.000001, -0.000001, -0.000001
14.783721, -0.000001, -0.000001, -0.000001, -0.000001, -0.000001, -0.000001
14.791735, -0.000001, -0.000001, -0.000001, -0.000001, -0.000001, -0.000001
14.815853, -0.000001, -0.000001, -0.000001, -0.000001, -0.000001, -0.000001
14.823943, -0.000001, -0.000001, -0.000001, -0.000001, -0.000001, -0.000001
14.847892, -0.000001, -0.000001, -0.000001, -0.000001, -0.000001, -0.000001
14.856017, -0.000001, -0.000001, -0.000001, -0.000001, -0.000001, -0.000001
14.879865, -0.000001, -0.000001, -0.000001, -0.000001, -0.000001, -0.000001
14.888025, -0.000001, -0.000001, -0.000001, -0.000001, -0.000001, -0.000001
14.912142, -0.000001, -0.000001, -0.000001, -0.000001, -0.000001, -0.000001
14.920177, -0.000001, -0.000001, -0.000001, -0.000001, -0.000001, -0.000001
14.944195, -0.000001, -0.000001, -0.000001, -0.000001, -0.000001, -0.000001
14.952189, -0.000001, -0.000001, -0.000001, -0.000001, -0.000001, -0.000001
14.976361, -0.000001, -0.000001, -0.000001, -0.000001, -0.000001, -0.000001
14.984457, -0.000001, -0.000001, -0.000001, -0.000001, -0.000001, -0.000001
15.008638, -0.000001, -0.000001, -0.000001, -0.000001, -0.000001, -0.000001
15.016462, -0.000001, -0.000001, -0.000001, -0.000001, -0.000001, -0.000001
15.040609, -0.000001, -0.000001, -0.000001, -0.000001, -0.000001, -0.000001
15.048574, -0.000001, -0.000001, -0.000001, -0.000001, -0.000001, -0.000001
15.072762, -0.000001, -0.000001, -0.000001, -0.000001, -0.000001, -0.000001
15.080765, -0.000001, -0.000001, -0.000001, -0.000001, -0.000001, -0.000001
15.104942, -0.000001, -0.000001, -0.000001, -0.000001, -0.000001, -0.000001
15.112914, -0.000001, -0.000001, -0.000001, -0.000001, -0.000001, -0.000001
15.136940, -0.000001, -0.000001, -0.000001, -0.000001, -0.000001, -0.000001
15.144917, -0.000001, -0.000001, -0.000001, -0.000001, -0.000001, -0.000001
15.169065, -0.000001, -0.000001, -0.000001, -0.000001, -0.000001, -0.000001
15.177064, -0.000001, -0.000001, -0.000001, -0.000001, -0.000001, -0.000001
15.201206, -0.000001, -0.000001, -0.000001, -0.000001, -0.000001, -0.000001
15.209196, -0.000001, -0.000001, -0.000001, -0.000001, -0.000001, -0.000001
15.233375, -0.000001, -0.000001, -0.000001, -0.000001, -0.000001, -0.000001
15.241331, -0.000001, -0.000001, -0.000001, -0.000001, -0.000001, -0.000001
15.265364, -0.000001, -0.000001, -0.000001, -0.000001, -0.000001, -0.000001
15.273320, -0.000001, -0.000001, -0.000001, -0.000001, -0.000001, -0.000001
15.297499, -0.000001, -0.000001, -0.000001, -0.000001, -0.000001, -0.000001
15.305466, -0.000001, -0.000001, -0.000001, -0.000001, -0.000001, -0.000001
15.329637, -0.000001, -0.000001, -0.000001, -0.000001, -0.000001, -0.000001
15.337615, -0.000001, -0.000001, -0.000001, -0.000001, -0.000001, -0.000001
15.361801, -0.000001, -0.000001, -0.000001, -0.000001, -0.000001, -0.000001
15.369775, -0.000001, -0.000001, -0.000001, -0.000001, -0.000001, -0.000001
15.393774, -0.000001, -0.000001, -0.000001, -0.000001, -0.000001, -0.000001
15.401908, -0.000001, -0.000001, -0.000001, -0.000001, -0.000001, -0.000001
15.425901, -0.000001, -0.000001, -0.000001, -0.000001, -0.000001, -0.000001
15.434071, -0.000001, -0.000001, -0.000001, -0.000001, -0.000001, -0.000001
15.458053, -0.000001, -0.000001, -0.000001, -0.000001, -0.000001, -0.000001
15.466068, -0.000001, -0.000001, -0.000001, -0.000001, -0.000001, -0.000001
15.490055, -0.000001, -0.000001, -0.000001, -0.000001, -0.000001, -0.000001
15.498196, -0.000001, -0.000001, -0.000001, -0.000001, -0.000001, -0.000001
15.522195, -0.000001, -0.000001, -0.000001, -0.000001, -0.000001, -0.000001
15.530323, -0.000001, -0.000001, -0.000001, -0.000001, -0.000001, -0.000001
15.554460, -0.000001, -0.000001, -0.000001, -0.000001, -0.000001, -0.000001
15.562443, -0.000001, -0.000001, -0.000001, -0.000001, -0.000001, -0.000001
15.586637, -0.000001, -0.000001, -0.000001, -0.000001, -0.000001, -0.000001
15.594494, -0.000001, -0.000001, -0.000001, -0.000001, -0.000001, -0.000001
15.618632, -0.000001, -0.000001, -0.000001, -0.000001, -0.000001, -0.000001
15.626785, -0.000001, -0.000001, -0.000001, -0.000001, -0.000001, -0.000001
15.650872, -0.000001, -0.000001, -0.000001, -0.000001, -0.000001, -0.000001
15.658806, -0.000001, -0.000001, -0.000001, -0.000001, -0.000001, -0.000001
15.682958, -0.000001, -0.000001, -0.000001, -0.000001, -0.000001, -0.000001
15.690945, -0.000001, -0.000001, -0.000001, -0.000001, -0.000001, -0.000001
15.715094, -0.000001, -0.000001, -0.000001, -0.000001, -0.000001, -0.000001
15.723082, -0.000001, -0.000001, -0.000001, -0.000001, -0.000001, -0.000001
15.747097, -0.000001, -0.000001, -0.000001, -0.000001, -0.000001, -0.000001
15.755218, -0.000001, -0.000001, -0.000001, -0.000001, -0.000001, -0.000001
15.779239, -0.000001, -0.000001, -0.000001, -0.000001, -0.000001, -0.000001
15.787212, -0.000001, -0.000001, -0.000001, -0.000001, -0.000001, -0.000001
15.811399, -0.000001, -0.000001, -0.000001, -0.000001, -0.000001, -0.000001
15.819323, -0.000001, -0.000001, -0.000001, -0.000001, -0.000001, -0.000001
15.843529, -0.000001, -0.000001, -0.000001, -0.000001, -0.000001, -0.000001
15.851502, -0.000001, -0.000001, -0.000001, -0.000001, -0.000001, -0.000001
15.875559, -0.000001, -0.000001, -0.000001, -0.000001, -0.000001, -0.000001
15.883515, -0.000001, -0.000001, -0.000001, -0.000001, -0.000001, -0.000001
15.907687, -0.000001, -0.000001, -0.000001, -0.000001, -0.000001, -0.000001
15.915674, -0.000001, -0.000001, -0.000001, -0.000001, -0.000001, -0.000001
15.939681, -0.000001, -0.000001, -0.000001, -0.000001, -0.000001, -0.000001
15.947669, -0.000001, -0.000001, -0.000001, -0.000001, -0.000001, -0.000001
15.971961, -0.000001, -0.000001, -0.000001, -0.000001, -0.000001, -0.000001
15.979946, -0.000001, -0.000001, -0.000001, -0.000001, -0.000001, -0.000001
16.004088, -0.000001, -0.000001, -0.000001, -0.000001, -0.000001, -0.000001
16.012092, -0.000001, -0.000001, -0.000001, -0.000001, -0.000001, -0.000001
16.036082, -0.000001, -0.000001, -0.000001, -0.000001, -0.000001, -0.000001
16.044089, -0.000001, -0.000001, -0.000001, -0.000001, -0.000001, -0.000001
16.068236, -0.000001, -0.000001, -0.000001, -0.000001, -0.000001, -0.000001
16.076231, -0.000001, -0.000001, -0.000001, -0.000001, -0.000001, -0.000001
16.100385, -0.000001, -0.000001, -0.000001, -0.000001, -0.000001, -0.000001
16.108388, -0.000001, -0.000001, -0.000001, -0.000001, -0.000001, -0.000001
16.132496, -0.000001, -0.000001, -0.000001, -0.000001, -0.000001, -0.000001
16.140553, -0.000001, -0.000001, -0.000001, -0.000001, -0.000001, -0.000001
16.164560, -0.000001, -0.000001, -0.000001, -0.000001, -0.000001, -0.000001
16.172554, -0.000001, -0.000001, -0.000001, -0.000001, -0.000001, -0.000001
16.196689, -0.000001, -0.000001, -0.000001, -0.000001, -0.000001, -0.000001
16.204714, -0.000001, -0.000001, -0.000001, -0.000001, -0.000001, -0.000001
16.228832, -0.000001, -0.000001, -0.000001, -0.000001, -0.000001, -0.000001
16.236827, -0.000001, -0.000001, -0.000001, -0.000001, -0.000001, -0.000001
16.260844, -0.000001, -0.000001, -0.000001, -0.000001, -0.000001, -0.000001
16.268589, -0.000001, -0.000001, -0.000001, -0.000001, -0.000001, -0.000001
16.292957, -0.000001, -0.000001, -0.000001, -0.000001, -0.000001, -0.000001
16.301087, -0.000001, -0.000001, -0.000001, -0.000001, -0.000001, -0.000001
16.325141, -0.000001, -0.000001, -0.000001, -0.000001, -0.000001, -0.000001
16.333097, -0.000001, -0.000001, -0.000001, -0.000001, -0.000001, -0.000001
16.357274, -0.000001, -0.000001, -0.000001, -0.000001, -0.000001, -0.000001
16.365285, -0.000001, -0.000001, -0.000001, -0.000001, -0.000001, -0.000001
16.389458, -0.000001, -0.000001, -0.000001, -0.000001, -0.000001, -0.000001
16.397440, -0.000001, -0.000001, -0.000001, -0.000001, -0.000001, -0.000001
16.421568, -0.000001, -0.000001, -0.000001, -0.000001, -0.000001, -0.000001
16.429557, -0.000001, -0.000001, -0.000001, -0.000001, -0.000001, -0.000001
16.453565, -0.000001, -0.000001, -0.000001, -0.000001, -0.000001, -0.000001
16.461550, -0.000001, -0.000001, -0.000001, -0.000001, -0.000001, -0.000001
16.485723, -0.000001, -0.000001, -0.000001, -0.000001, -0.000001, -0.000001
16.493715, -0.000001, -0.000001, -0.000001, -0.000001, -0.000001, -0.000001
16.517858, -0.000001, -0.000001, -0.000001, -0.000001, -0.000001, -0.000001
16.525832, -0.000001, -0.000001, -0.000001, -0.000001, -0.000001, -0.000001
16.549854, -0.000001, -0.000001, -0.000001, -0.000001, -0.000001, -0.000001
16.557945, -0.000001, -0.000001, -0.000001, -0.000001, -0.000001, -0.000001
16.581982, -0.000001, -0.000001, -0.000001, -0.000001, -0.000001, -0.000001
16.590095, -0.000001, -0.000001, -0.000001, -0.000001, -0.000001, -0.000001
16.614128, -0.000001, -0.000001, -0.000001, -0.000001, -0.000001, -0.000001
16.622233, -0.000001, -0.000001, -0.000001, -0.000001, -0.000001, -0.000001
16.646422, -0.000001, -0.000001, -0.000001, -0.000001, -0.000001, -0.000001
16.654374, -0.000001, -0.000001, -0.000001, -0.000001, -0.000001, -0.000001
16.678290, -0.000001, -0.000001, -0.000001, -0.000001, -0.000001, -0.000001
16.686381, -0.000001, -0.000001, -0.000001, -0.000001, -0.000001, -0.000001
16.710384, -0.000001, -0.000001, -0.000001, -0.000001, -0.000001, -0.000001
16.718483, -0.000001, -0.000001, -0.000001, -0.000001, -0.000001, -0.000001
16.742679, -0.000001, -0.000001, -0.000001, -0.000001, -0.000001, -0.000001
16.750689, -0.000001, -0.000001, -0.000001, -0.000001, -0.000001, -0.000001
16.774693, -0.000001, -0.000001, -0.000001, -0.000001, -0.000001, -0.000001
16.782670, -0.000001, -0.000001, -0.000001, -0.000001, -0.000001, -0.000001
16.806904, -0.000001, -0.000001, -0.000001, -0.000001, -0.000001, -0.000001
16.814812, -0.000001, -0.000001, -0.000001, -0.000001, -0.000001, -0.000001
16.839000, -0.000001, -0.000001, -0.000001, -0.000001, -0.000001, -0.000001
16.847043, -0.000001, -0.000001, -0.000001, -0.000001, -0.000001, -0.000001
16.871177, -0.000001, -0.000001, -0.000001, -0.000001, -0.000001, -0.000001
16.878993, -0.000001, -0.000001, -0.000001, -0.000001, -0.000001, -0.000001
16.903105, -0.000001, -0.000001, -0.000001, -0.000001, -0.000001, -0.000001
16.911126, -0.000001, -0.000001, -0.000001, -0.000001, -0.000001, -0.000001
16.935264, -0.000001, -0.000001, -0.000001, -0.000001, -0.000001, -0.000001
16.943281, -0.000001, -0.000001, -0.000001, -0.000001, -0.000001, -0.000001
16.967474, -0.000001, -0.000001, -0.000001, -0.000001, -0.000001, -0.000001
16.975425, -0.000001, -0.000001, -0.000001, -0.000001, -0.000001, -0.000001
16.999449, -0.000001, -0.000001, -0.000001, -0.000001, -0.000001, -0.000001
17.007558, -0.000001, -0.000001, -0.000001, -0.000001, -0.000001, -0.000001
17.031579, -0.000001, -0.000001, -0.000001, -0.000001, -0.000001, -0.000001
17.039563, -0.000001, -0.000001, -0.000001, -0.000001, -0.000001, -0.000001
17.063712, -0.000001, -0.000001, -0.000001, -0.000001, -0.000001, -0.000001
17.071715, -0.000001, -0.000001, -0.000001, -0.000001, -0.000001, -0.000001
17.095866, -0.000001, -0.000001, -0.000001, -0.000001, -0.000001, -0.000001
17.103848, -0.000001, -0.000001, -0.000001, -0.000001, -0.000001, -0.000001
17.127988, -0.000001, -0.000001, -0.000001, -0.000001, -0.000001, -0.000001
17.135995, -0.000001, -0.000001, -0.000001, -0.000001, -0.000001, -0.000001
17.160016, -0.000001, -0.000001, -0.000001, -0.000001, -0.000001, -0.000001
17.168114, -0.000001, -0.000001, -0.000001, -0.000001, -0.000001, -0.000001
17.192119, -0.000001, -0.000001, -0.000001, -0.000001, -0.000001, -0.000001
17.200280, -0.000001, -0.000001, -0.000001, -0.000001, -0.000001, -0.000001
17.224483, -0.000001, -0.000001, -0.000001, -0.000001, -0.000001, -0.000001
17.232315, -0.000001, -0.000001, -0.000001, -0.000001, -0.000001, -0.000001
17.256265, -0.000001, -0.000001, -0.000001, -0.000001, -0.000001, -0.000001
17.264461, -0.000001, -0.000001, -0.000001, -0.000001, -0.000001, -0.000001
17.288469, -0.000001, -0.000001, -0.000001, -0.000001, -0.000001, -0.000001
17.296447, -0.000001, -0.000001, -0.000001, -0.000001, -0.000001, -0.000001
17.320753, -0.000001, -0.000001, -0.000001, -0.000001, -0.000001, -0.000001
17.328570, -0.000001, -0.000001, -0.000001, -0.000001, -0.000001, -0.000001
17.352743, -0.000001, -0.000001, -0.000001, -0.000001, -0.000001, -0.000001
17.360687, -0.000001, -0.000001, -0.000001, -0.000001, -0.000001, -0.000001
17.384746, -0.000001, -0.000001, -0.000001, -0.000001, -0.000001, -0.000001
17.392858, -0.000001, -0.000001, -0.000001, -0.000001, -0.000001, -0.000001
17.417046, -0.000001, -0.000001, -0.000001, -0.000001, -0.000001, -0.000001
17.424987, -0.000001, -0.000001, -0.000001, -0.000001, -0.000001, -0.000001
17.449070, -0.000001, -0.000001, -0.000001, -0.000001, -0.000001, -0.000001
17.457016, -0.000001, -0.000001, -0.000001, -0.000001, -0.000001, -0.000001
17.481175, -0.000001, -0.000001, -0.000001, -0.000001, -0.000001, -0.000001
17.489127, -0.000001, -0.000001, -0.000001, -0.000001, -0.000001, -0.000001
17.513321, -0.000001, -0.000001, -0.000001, -0.000001, -0.000001, -0.000001
17.521297, -0.000001, -0.000001, -0.000001, -0.000001, -0.000001, -0.000001
17.545280, -0.000001, -0.000001, -0.000001, -0.000001, -0.000001, -0.000001
17.553471, -0.000001, -0.000001, -0.000001, -0.000001, -0.000001, -0.000001
17.577469, -0.000001, -0.000001, -0.000001, -0.000001, -0.000001, -0.000001
17.585458, -0.000001, -0.000001, -0.000001, -0.000001, -0.000001, -0.000001
17.609580, -0.000001, -0.000001, -0.000001, -0.000001, -0.000001, -0.000001
17.617603, -0.000001, -0.000001, -0.000001, -0.000001, -0.000001, -0.000001
17.641771, -0.000001, -0.000001, -0.000001, -0.000001, -0.000001, -0.000001
17.649725, -0.000001, -0.000001, -0.000001, -0.000001, -0.000001, -0.000001
17.673915, -0.000001, -0.000001, -0.000001, -0.000001, -0.000001, -0.000001
17.681731, -0.000001, -0.000001, -0.000001, -0.000001, -0.000001, -0.000001
17.705937, -0.000001, -0.000001, -0.000001, -0.000001, -0.000001, -0.000001
17.714011, -0.000001, -0.000001, -0.000001, -0.000001, -0.000001, -0.000001
17.738056, -0.000001, -0.000001, -0.000001, -0.000001, -0.000001, -0.000001
17.746033, -0.000001, -0.000001, -0.000001, -0.000001, -0.000001, -0.000001
17.770205, -0.000001, -0.000001, -0.000001, -0.000001, -0.000001, -0.000001
17.778171, -0.000001, -0.000001, -0.000001, -0.000001, -0.000001, -0.000001
17.802213, -0.000001, -0.000001, -0.000001, -0.000001, -0.000001, -0.000001
17.810330, -0.000001, -0.000001, -0.000001, -0.000001, -0.000001, -0.000001
17.834464, -0.000001, -0.000001, -0.000001, -0.000001, -0.000001, -0.000001
17.842435, -0.000001, -0.000001, -0.000001, -0.000001, -0.000001, -0.000001
17.866453, -0.000001, -0.000001, -0.000001, -0.000001, -0.000001, -0.000001
17.874441, -0.000001, -0.000001, -0.000001, -0.000001, -0.000001, -0.000001
17.898638, -0.000001, -0.000001, -0.000001, -0.000001, -0.000001, -0.000001
17.906632, -0.000001, -0.000001, -0.000001, -0.000001, -0.000001, -0.000001
17.930772, -0.000001, -0.000001, -0.000001, -0.000001, -0.000001, -0.000001
17.938784, -0.000001, -0.000001, -0.000001, -0.000001, -0.000001, -0.000001
17.962791, -0.000001, -0.000001, -0.000001, -0.000001, -0.000001, -0.000001
17.970772, -0.000001, -0.000001, -0.000001, -0.000001, -0.000001, -0.000001
17.994939, -0.000001, -0.000001, -0.000001, -0.000001, -0.000001, -0.000001
18.003066, -0.000001, -0.000001, -0.000001, -0.000001, -0.000001, -0.000001
18.027070, -0.000001, -0.000001, -0.000001, -0.000001, -0.000001, -0.000001
18.035064, -0.000001, -0.000001, -0.000001, -0.000001, -0.000001, -0.000001
18.059200, -0.000001, -0.000001, -0.000001, -0.000001, -0.000001, -0.000001
18.067204, -0.000001, -0.000001, -0.000001, -0.000001, -0.000001, -0.000001
18.091357, -0.000001, -0.000001, -0.000001, -0.000001, -0.000001, -0.000001
18.099359, -0.000001, -0.000001, -0.000001, -0.000001, -0.000001, -0.000001
18.123359, -0.000001, -0.000001, -0.000001, -0.000001, -0.000001, -0.000001
18.131346, -0.000001, -0.000001, -0.000001, -0.000001, -0.000001, -0.000001
18.155662, -0.000001, -0.000001, -0.000001, -0.000001, -0.000001, -0.000001
18.163509, -0.000001, -0.000001, -0.000001, -0.000001, -0.000001, -0.000001
18.187660, -0.000001, -0.000001, -0.000001, -0.000001, -0.000001, -0.000001
18.195604, -0.000001, -0.000001, -0.000001, -0.000001, -0.000001, -0.000001
18.219658, -0.000001, -0.000001, -0.000001, -0.000001, -0.000001, -0.000001
18.227798, -0.000001, -0.000001, -0.000001, -0.000001, -0.000001, -0.000001
18.251802, -0.000001, -0.000001, -0.000001, -0.000001, -0.000001, -0.000001
18.259797, -0.000001, -0.000001, -0.000001, -0.000001, -0.000001, -0.000001
18.283914, -0.000001, -0.000001, -0.000001, -0.000001, -0.000001, -0.000001
18.291893, -0.000001, -0.000001, -0.000001, -0.000001, -0.000001, -0.000001
18.316083, -0.000001, -0.000001, -0.000001, -0.000001, -0.000001, -0.000001
18.324211, -0.000001, -0.000001, -0.000001, -0.000001, -0.000001, -0.000001
18.348352, -0.000001, -0.000001, -0.000001, -0.000001, -0.000001, -0.000001
18.356367, -0.000001, -0.000001, -0.000001, -0.000001, -0.000001, -0.000001
18.380259, -0.000001, -0.000001, -0.000001, -0.000001, -0.000001, -0.000001
18.388372, -0.000001, -0.000001, -0.000001, -0.000001, -0.000001, -0.000001
18.412331, -0.000001, -0.000001, -0.000001, -0.000001, -0.000001, -0.000001
18.420480, -0.000001, -0.000001, -0.000001, -0.000001, -0.000001, -0.000001
18.444533, -0.000001, -0.000001, -0.000001, -0.000001, -0.000001, -0.000001
18.452530, -0.000001, -0.000001, -0.000001, -0.000001, -0.000001, -0.000001
18.476652, -0.000001, -0.000001, -0.000001, -0.000001, -0.000001, -0.000001
18.484664, -0.000001, -0.000001, -0.000001, -0.000001, -0.000001, -0.000001
18.508820, -0.000001, -0.000001, -0.000001, -0.000001, -0.000001, -0.000001
18.516804, -0.000001, -0.000001, -0.000001, -0.000001, -0.000001, -0.000001
18.540937, -0.000001, -0.000001, -0.000001, -0.000001, -0.000001, -0.000001
18.548928, -0.000001, -0.000001, -0.000001, -0.000001, -0.000001, -0.000001
18.572941, -0.000001, -0.000001, -0.000001, -0.000001, -0.000001, -0.000001
18.581063, -0.000001, -0.000001, -0.000001, -0.000001, -0.000001, -0.000001
18.605262, -0.000001, -0.000001, -0.000001, -0.000001, -0.000001, -0.000001
18.613075, -0.000001, -0.000001, -0.000001, -0.000001, -0.000001, -0.000001
18.637251, -0.000001, -0.000001, -0.000001, -0.000001, -0.000001, -0.000001
18.645186, -0.000001, -0.000001, -0.000001, -0.000001, -0.000001, -0.000001
18.669408, -0.000001, -0.000001, -0.000001, -0.000001, -0.000001, -0.000001
18.676978, -0.000001, -0.000001, -0.000001, -0.000001, -0.000001, -0.000001
18.701384, -0.000001, -0.000001, -0.000001, -0.000001, -0.000001, -0.000001
18.709496, -0.000001, -0.000001, -0.000001, -0.000001, -0.000001, -0.000001
18.733708, -0.000001, -0.000001, -0.000001, -0.000001, -0.000001, -0.000001
18.741528, -0.000001, -0.000001, -0.000001, -0.000001, -0.000001, -0.000001
18.765709, -0.000001, -0.000001, -0.000001, -0.000001, -0.000001, -0.000001
18.773704, -0.000001, -0.000001, -0.000001, -0.000001, -0.000001, -0.000001
18.797807, -0.000001, -0.000001, -0.000001, -0.000001, -0.000001, -0.000001
18.805779, -0.000001, -0.000001, -0.000001, -0.000001, -0.000001, -0.000001
18.829940, -0.000001, -0.000001, -0.000001, -0.000001, -0.000001, -0.000001
18.837924, -0.000001, -0.000001, -0.000001, -0.000001, -0.000001, -0.000001
18.861951, -0.000001, -0.000001, -0.000001, -0.000001, -0.000001, -0.000001
18.870045, -0.000001, -0.000001, -0.000001, -0.000001, -0.000001, -0.000001
18.894105, -0.000001, -0.000001, -0.000001, -0.000001, -0.000001, -0.000001
18.902213, -0.000001, -0.000001, -0.000001, -0.000001, -0.000001, -0.000001
18.926237, -0.000001, -0.000001, -0.000001, -0.000001, -0.000001, -0.000001
18.934254, -0.000001, -0.000001, -0.000001, -0.000001, -0.000001, -0.000001
18.958234, -0.000001, -0.000001, -0.000001, -0.000001, -0.000001, -0.000001
18.966356, -0.000001, -0.000001, -0.000001, -0.000001, -0.000001, -0.000001
18.990365, -0.000001, -0.000001, -0.000001, -0.000001, -0.000001, -0.000001
18.998459, -0.000001, -0.000001, -0.000001, -0.000001, -0.000001, -0.000001
19.022566, -0.000001, -0.000001, -0.000001, -0.000001, -0.000001, -0.000001
19.030295, -0.000001, -0.000001, -0.000001, -0.000001, -0.000001, -0.000001
19.054661, -0.000001, -0.000001, -0.000001, -0.000001, -0.000001, -0.000001
19.062653, -0.000001, -0.000001, -0.000001, -0.000001, -0.000001, -0.000001
19.086811, -0.000001, -0.000001, -0.000001, -0.000001, -0.000001, -0.000001
19.094780, -0.000001, -0.000001, -0.000001, -0.000001, -0.000001, -0.000001
19.119003, -0.000001, -0.000001, -0.000001, -0.000001, -0.000001, -0.000001
19.126969, -0.000001, -0.000001, -0.000001, -0.000001, -0.000001, -0.000001
19.150974, -0.000001, -0.000001, -0.000001, -0.000001, -0.000001, -0.000001
19.159110, -0.000001, -0.000001, -0.000001, -0.000001, -0.000001, -0.000001
19.183154, -0.000001, -0.000001, -0.000001, -0.000001, -0.000001, -0.000001
19.191124, -0.000001, -0.000001, -0.000001, -0.000001, -0.000001, -0.000001
19.215299, -0.000001, -0.000001, -0.000001, -0.000001, -0.000001, -0.000001
19.223281, -0.000001, -0.000001, -0.000001, -0.000001, -0.000001, -0.000001
19.247428, -0.000001, -0.000001, -0.000001, -0.000001, -0.000001, -0.000001
19.255025, -0.000001, -0.000001, -0.000001, -0.000001, -0.000001, -0.000001
19.279433, -0.000001, -0.000001, -0.000001, -0.000001, -0.000001, -0.000001
19.287153, -0.000001, -0.000001, -0.000001, -0.000001, -0.000001, -0.000001
19.311690, -0.000001, -0.000001, -0.000001, -0.000001, -0.000001, -0.000001
19.319556, -0.000001, -0.000001, -0.000001, -0.000001, -0.000001, -0.000001
19.343723, -0.000001, -0.000001, -0.000001, -0.000001, -0.000001, -0.000001
19.351696, -0.000001, -0.000001, -0.000001, -0.000001, -0.000001, -0.000001
19.375683, -0.000001, -0.000001, -0.000001, -0.000001, -0.000001, -0.000001
19.383851, -0.000001, -0.000001, -0.000001, -0.000001, -0.000001, -0.000001
19.407999, -0.000001, -0.000001, -0.000001, -0.000001, -0.000001, -0.000001
19.416023, -0.000001, -0.000001, -0.000001, -0.000001, -0.000001, -0.000001
19.440002, -0.000001, -0.000001, -0.000001, -0.000001, -0.000001, -0.000001
19.447986, -0.000001, -0.000001, -0.000001, -0.000001, -0.000001, -0.000001
19.472132, -0.000001, -0.000001, -0.000001, -0.000001, -0.000001, -0.000001
19.480146, -0.000001, -0.000001, -0.000001, -0.000001, -0.000001, -0.000001
19.504287, -0.000001, -0.000001, -0.000001, -0.000001, -0.000001, -0.000001
19.512274, -0.000001, -0.000001, -0.000001, -0.000001, -0.000001, -0.000001
19.536391, -0.000001, -0.000001, -0.000001, -0.000001, -0.000001, -0.000001
19.544554, -0.000001, -0.000001, -0.000001, -0.000001, -0.000001, -0.000001
19.568454, -0.000001, -0.000001, -0.000001, -0.000001, -0.000001, -0.000001
19.576425, -0.000001, -0.000001, -0.000001, -0.000001, -0.000001, -0.000001
19.600597, -0.000001, -0.000001, -0.000001, -0.000001, -0.000001, -0.000001
19.608558, -0.000001, -0.000001, -0.000001, -0.000001, -0.000001, -0.000001
19.632725, -0.000001, -0.000001, -0.000001, -0.000001, -0.000001, -0.000001
19.640676, -0.000001, -0.000001, -0.000001, -0.000001, -0.000001, -0.000001
19.664899, -0.000001, -0.000001, -0.000001, -0.000001, -0.000001, -0.000001
19.672840, -0.000001, -0.000001, -0.000001, -0.000001, -0.000001, -0.000001
19.697024, -0.000001, -0.000001, -0.000001, -0.000001, -0.000001, -0.000001
19.705022, -0.000001, -0.000001, -0.000001, -0.000001, -0.000001, -0.000001
19.729175, -0.000001, -0.000001, -0.000001, -0.000001, -0.000001, -0.000001
19.737067, -0.000001, -0.000001, -0.000001, -0.000001, -0.000001, -0.000001
19.761161, -0.000001, -0.000001, -0.000001, -0.000001, -0.000001, -0.000001
19.769165, -0.000001, -0.000001, -0.000001, -0.000001, -0.000001, -0.000001
19.793320, -0.000001, -0.000001, -0.000001, -0.000001, -0.000001, -0.000001
19.801263, -0.000001, -0.000001, -0.000001, -0.000001, -0.000001, -0.000001
19.825450, -0.000001, -0.000001, -0.000001, -0.000001, -0.000001, -0.000001
19.833418, -0.000001, -0.000001, -0.000001, -0.000001, -0.000001, -0.000001
19.857560, -0.000001, -0.000001, -0.000001, -0.000001, -0.000001, -0.000001
19.865550, -0.000001, -0.000001, -0.000001, -0.000001, -0.000001, -0.000001
19.889592, -0.000001, -0.000001, -0.000001, -0.000001, -0.000001, -0.000001
19.897587, -0.000001, -0.000001, -0.000001, -0.000001, -0.000001, -0.000001
19.921780, -0.000001, -0.000001, -0.000001, -0.000001, -0.000001, -0.000001
19.929703, -0.000001, -0.000001, -0.000001, -0.000001, -0.000001, -0.000001
19.953788, -0.000001, -0.000001, -0.000001, -0.000001, -0.000001, -0.000001
19.961826, -0.000001, -0.000001, -0.000001, -0.000001, -0.000001, -0.000001
19.985887, -0.000001, -0.000001, -0.000001, -0.000001, -0.000001, -0.000001
19.993857, -0.000001, -0.000001, -0.000001, -0.000001, -0.000001, -0.000001
20.018030, -0.000001, -0.000001, -0.000001, -0.000001, -0.000001, -0.000001
20.026128, -0.000001, -0.000001, -0.000001, -0.000001, -0.000001, -0.000001
20.050028, -0.000001, -0.000001, -0.000001, -0.000001, -0.000001, -0.000001
20.058132, -0.000001, -0.000001, -0.000001, -0.000001, -0.000001, -0.000001
20.082205, -0.000001, -0.000001, -0.000001, -0.000001, -0.000001, -0.000001
20.090261, -0.000001, -0.000001, -0.000001, -0.000001, -0.000001, -0.000001
20.114264, -0.000001, -0.000001, -0.000001, -0.000001, -0.000001, -0.000001
20.122416, -0.000001, -0.000001, -0.000001, -0.000001, -0.000001, -0.000001
20.146429, -0.000001, -0.000001, -0.000001, -0.000001, -0.000001, -0.000001
20.154451, -0.000001, -0.000001, -0.000001, -0.000001, -0.000001, -0.000001
20.178600, -0.000001, -0.000001, -0.000001, -0.000001, -0.000001, -0.000001
20.186593, -0.000001, -0.000001, -0.000001, -0.000001, -0.000001, -0.000001
20.210576, -0.000001, -0.000001, -0.000001, -0.000001, -0.000001, -0.000001
20.218699, -0.000001, -0.000001, -0.000001, -0.000001, -0.000001, -0.000001
20.242772, -0.000001, -0.000001, -0.000001, -0.000001, -0.000001, -0.000001
20.250760, -0.000001, -0.000001, -0.000001, -0.000001, -0.000001, -0.000001
20.274909, -0.000001, -0.000001, -0.000001, -0.000001, -0.000001, -0.000001
20.282889, -0.000001, -0.000001, -0.000001, -0.000001, -0.000001, -0.000001
20.306913, -0.000001, -0.000001, -0.000001, -0.000001, -0.000001, -0.000001
20.315019, -0.000001, -0.000001, -0.000001, -0.000001, -0.000001, -0.000001
20.339198, -0.000001, -0.000001, -0.000001, -0.000001, -0.000001, -0.000001
20.347166, -0.000001, -0.000001, -0.000001, -0.000001, -0.000001, -0.000001
20.371182, -0.000001, -0.000001, -0.000001, -0.000001, -0.000001, -0.000001
20.379167, -0.000001, -0.000001, -0.000001, -0.000001, -0.000001, -0.000001
20.403354, -0.000001, -0.000001, -0.000001, -0.000001, -0.000001, -0.000001
20.411292, -0.000001, -0.000001, -0.000001, -0.000001, -0.000001, -0.000001
20.435481, -0.000001, -0.000001, -0.000001, -0.000001, -0.000001, -0.000001
20.443455, -0.000001, -0.000001, -0.000001, -0.000001, -0.000001, -0.000001
20.467644, -0.000001, -0.000001, -0.000001, -0.000001, -0.000001, -0.000001
20.475609, -0.000001, -0.000001, -0.000001, -0.000001, -0.000001, -0.000001
20.499773, -0.000001, -0.000001, -0.000001, -0.000001, -0.000001, -0.000001
20.507373, -0.000001, -0.000001, -0.000001, -0.000001, -0.000001, -0.000001
20.531777, -0.000001, -0.000001, -0.000001, -0.000001, -0.000001, -0.000001
20.539760, -0.000001, -0.000001, -0.000001, -0.000001, -0.000001, -0.000001
20.563904, -0.000001, -0.000001, -0.000001, -0.000001, -0.000001, -0.000001
20.571923, -0.000001, -0.000001, -0.000001, -0.000001, -0.000001, -0.000001
20.595911, -0.000001, -0.000001, -0.000001, -0.000001, -0.000001, -0.000001
20.604087, -0.000001, -0.000001, -0.000001, -0.000001, -0.000001, -0.000001
20.628169, -0.000001, -0.000001, -0.000001, -0.000001, -0.000001, -0.000001
20.636183, -0.000001, -0.000001, -0.000001, -0.000001, -0.000001, -0.000001
20.660184, -0.000001, -0.000001, -0.000001, -0.000001, -0.000001, -0.000001
20.668206, -0.000001, -0.000001, -0.000001, -0.000001, -0.000001, -0.000001
20.692307, -0.000001, -0.000001, -0.000001, -0.000001, -0.000001, -0.000001
20.700511, -0.000001, -0.000001, -0.000001, -0.000001, -0.000001, -0.000001
20.724507, -0.000001, -0.000001, -0.000001, -0.000001, -0.000001, -0.000001
20.732662, -0.000001, -0.000001, -0.000001, -0.000001, -0.000001, -0.000001
20.756673, -0.000001, -0.000001, -0.000001, -0.000001, -0.000001, -0.000001
20.764664, -0.000001, -0.000001, -0.000001, -0.000001, -0.000001, -0.000001
20.788629, -0.000001, -0.000001, -0.000001, -0.000001, -0.000001, -0.000001
20.796770, -0.000001, -0.000001, -0.000001, -0.000001, -0.000001, -0.000001
20.820796, -0.000001, -0.000001, -0.000001, -0.000001, -0.000001, -0.000001
20.828910, -0.000001, -0.000001, -0.000001, -0.000001, -0.000001, -0.000001
20.852923, -0.000001, -0.000001, -0.000001, -0.000001, -0.000001, -0.000001
20.860950, -0.000001, -0.000001, -0.000001, -0.000001, -0.000001, -0.000001
20.885080, -0.000001, -0.000001, -0.000001, -0.000001, -0.000001, -0.000001
20.893040, -0.000001, -0.000001, -0.000001, -0.000001, -0.000001, -0.000001
20.917248, -0.000001, -0.000001, -0.000001, -0.000001, -0.000001, -0.000001
20.925232, -0.000001, -0.000001, -0.000001, -0.000001, -0.000001, -0.000001
20.949260, -0.000001, -0.000001, -0.000001, -0.000001, -0.000001, -0.000001
20.957359, -0.000001, -0.000001, -0.000001, -0.000001, -0.000001, -0.000001
20.981379, -0.000001, -0.000001, -0.000001, -0.000001, -0.000001, -0.000001
20.989515, -0.000001, -0.000001, -0.000001, -0.000001, -0.000001, -0.000001
21.013528, -0.000001, -0.000001, -0.000001, -0.000001, -0.000001, -0.000001
21.021513, -0.000001, -0.000001, -0.000001, -0.000001, -0.000001, -0.000001
