0.188820, 21.449747, 5.378051, 0.918552, 0.947515, -1.699286, 1.743430
0.196388, 21.819081, 5.479627, 0.563198, 0.970172, -1.781664, 1.832704
0.204399, 22.160887, 4.659618, 0.198731, 0.884559, -1.812183, 1.723092
0.212386, 22.270061, 5.142839, 0.183193, 0.955629, -1.855150, 1.809329
0.220393, 21.288845, 5.640771, 0.369850, 0.981555, -1.753841, 1.663353
0.228529, 21.159629, 5.711359, 0.402000, 1.026919, -1.773244, 1.751047
0.236556, 20.637854, 5.786008, 1.003740, 1.050522, -1.676744, 1.614545
0.244558, 20.991348, 5.606066, 0.799388, 1.078388, -1.754116, 1.724931
0.252490, 21.090773, 4.907919, -0.011641, 0.972161, -1.807610, 1.629567
0.260675, 21.505650, 4.842960, -0.611574, 0.991050, -1.914599, 1.749688
0.268688, 22.149009, 3.171807, -1.417234, 0.829036, -1.970808, 1.663578
0.276673, 22.568247, 3.108380, -1.997189, 0.857413, -2.092964, 1.784053
0.284684, 22.248836, 3.026438, -2.231213, 0.809275, -2.052890, 1.631722
0.292654, 22.434092, 3.208074, -1.845535, 0.901253, -2.064454, 1.697816
0.300637, 21.832330, 3.627875, -0.932107, 0.938842, -1.906738, 1.516306
0.308819, 21.660263, 4.418631, -0.784676, 1.027483, -1.936422, 1.560733
0.316831, 21.543091, 4.294468, -1.272869, 0.976219, -1.954998, 1.472011
0.324651, 21.731120, 4.431042, -1.150581, 1.031800, -1.986020, 1.527514
0.332958, 21.774959, 4.240796, -1.458524, 1.002099, -2.014733, 1.462870
0.340798, 22.154831, 3.827070, -2.346676, 0.950107, -2.150101, 1.485294
0.348830, 22.091299, 4.123940, -2.691703, 0.960762, -2.194244, 1.463822
0.356948, 22.260085, 3.988157, -2.549746, 0.968149, -2.185607, 1.440491
0.364958, 22.181766, 4.381141, -2.367986, 1.020159, -2.182798, 1.411153
0.372943, 21.533525, 5.585327, -1.694630, 1.110991, -2.105221, 1.313293
0.380965, 21.677104, 5.750930, -1.632488, 1.142863, -2.145185, 1.336124
0.389088, 21.709994, 5.542954, -1.408296, 1.136070, -2.095172, 1.269084
0.397107, 21.870800, 5.821757, -1.707741, 1.176566, -2.174128, 1.307316
0.405101, 21.920025, 5.071988, -2.711179, 1.070004, -2.237292, 1.244195
0.429233, 22.867189, 3.412716, -4.257478, 0.979566, -2.458711, 1.318054
0.437249, 22.431243, 3.742818, -4.321117, 0.936179, -2.428952, 1.196321
0.461393, 22.022537, 5.348026, -2.651928, 1.152687, -2.376370, 1.131407
0.469359, 21.987072, 5.234929, -2.921712, 1.091534, -2.362595, 1.025989
0.493376, 23.123451, 4.614061, -4.274714, 1.063157, -2.620257, 1.086906
0.501367, 23.221118, 4.295136, -4.927943, 0.971278, -2.670343, 0.999047
0.525596, 23.230761, 6.260571, -4.120691, 1.156680, -2.722986, 0.945787
0.533529, 22.998633, 6.466770, -3.492576, 1.178208, -2.606531, 0.834333
0.557508, 23.667979, 5.869560, -4.977326, 1.173390, -2.777420, 0.844692
0.565761, 24.102830, 4.741806, -6.136086, 1.076290, -2.844486, 0.838260
0.589855, 24.583223, 4.823196, -7.455214, 1.087784, -3.068532, 0.819318
0.597841, 24.335612, 5.314759, -6.048846, 1.149428, -2.904310, 0.713566
0.621926, 24.355084, 6.793781, -5.245521, 1.273226, -2.918691, 0.601888
0.629942, 24.715682, 6.094461, -5.698088, 1.232292, -2.945437, 0.585780
0.654081, 24.827036, 6.181762, -6.875070, 1.194193, -3.097238, 0.548008
0.662126, 24.731829, 6.680608, -5.917503, 1.306435, -2.995952, 0.503428
0.686109, 24.115802, 8.796118, -4.394556, 1.466036, -2.805118, 0.263762
0.694106, 24.411552, 8.558892, -5.041338, 1.505821, -2.883836, 0.281776
0.718270, 24.599022, 7.123932, -7.545188, 1.328236, -2.998845, 0.251652
0.726234, 24.769079, 7.032800, -8.207904, 1.370527, -3.124669, 0.288888
0.750226, 24.052660, 7.434062, -6.700224, 1.370431, -2.913740, 0.129872
0.758367, 10.169690, -8.249975, -7.111563, 0.530418, -2.578311, -0.539236
0.782371, 10.151823, -8.451170, -6.963969, 0.531096, -2.504935, -0.513504
0.790538, 10.275736, -8.565582, -8.315732, 0.535651, -2.713327, -0.455085
0.814578, 9.835763, -8.382851, -7.979034, 0.595770, -2.696816, -0.457222
0.822537, 9.178669, -7.887137, -7.309310, 0.674207, -2.684535, -0.499945
0.846717, 9.058045, -7.936086, -6.844292, 0.749565, -2.580729, -0.435772
0.854698, 9.068356, -7.953356, -8.166457, 0.739473, -2.765559, -0.387239
0.878854, 9.678775, -8.558835, -11.072502, 0.630163, -2.961143, -0.270718
0.886848, 9.152901, -8.142493, -10.598106, 0.722283, -3.010276, -0.288156
0.910850, 8.680656, -7.862810, -8.613437, 0.820139, -2.694594, -0.315596
0.918827, 8.362548, -7.612537, -8.536899, 0.939429, -2.792443, -0.311358
0.942972, 8.296892, -7.628073, -9.500578, 0.900246, -2.701036, -0.314610
0.950975, 8.092117, -7.480124, -8.828059, 1.024699, -2.700433, -0.308818
0.975108, 7.352417, -6.886901, -7.089076, 1.075338, -2.458181, -0.369675
0.983154, 7.276194, -6.849795, -6.195836, 1.227335, -2.470695, -0.343282
1.007268, 7.127511, -6.761157, -7.683395, 1.116132, -2.512105, -0.350537
1.015271, 7.597341, -7.218645, -8.911082, 1.155047, -2.649580, -0.275916
1.039264, 7.181510, -6.886921, -9.690827, 1.166619, -2.701569, -0.289647
1.047435, 7.184500, -6.914656, -8.426223, 1.238572, -2.521063, -0.286165
1.071419, 6.754368, -6.569290, -6.753824, 1.428490, -2.349169, -0.335795
1.079537, 7.080427, -6.898501, -7.599035, 1.436250, -2.350015, -0.307937
1.103568, 6.678259, -6.568589, -8.165872, 1.479893, -2.409772, -0.362241
1.111570, 6.717082, -6.626520, -7.531910, 1.534322, -2.338852, -0.373555
1.135729, 6.340232, -6.319590, -5.482166, 1.698168, -2.194195, -0.462580
1.143703, 6.437399, -6.433688, -6.573795, 1.699251, -2.282589, -0.474357
1.167987, 6.276248, -6.333903, -9.494739, 1.583181, -2.462864, -0.551765
1.175844, 6.295846, -6.373997, -10.428001, 1.628323, -2.596421, -0.569168
1.199879, 6.297690, -6.435043, -8.586043, 1.696427, -2.350253, -0.621872
1.207978, 6.177864, -6.335788, -8.363362, 1.779426, -2.414999, -0.648010
1.232146, 6.199433, -6.418488, -7.654762, 1.808839, -2.284737, -0.696153
1.239974, 5.848104, -6.085543, -8.763649, 1.828509, -2.456795, -0.749358
1.264134, 6.057974, -6.358067, -7.674745, 1.859814, -2.247952, -0.760225
1.271904, 5.717691, -6.031931, -7.042827, 1.947520, -2.313788, -0.815652
1.296297, 5.810359, -6.185554, -6.625680, 1.974764, -2.184229, -0.820788
1.304272, 5.511283, -5.896476, -7.446489, 2.012784, -2.346936, -0.858097
1.328463, 5.439199, -5.876808, -10.117514, 1.950996, -2.416819, -0.835994
1.336423, 5.269519, -5.716876, -9.421684, 2.038451, -2.444426, -0.855897
1.360454, 5.465061, -5.975830, -8.040846, 2.084090, -2.222632, -0.802443
1.368569, 5.487608, -6.014298, -7.377928, 2.187712, -2.231379, -0.781367
1.392609, 4.895507, -5.440790, -9.431418, 2.038639, -2.296291, -0.790521
1.400576, 4.968383, -5.534910, -8.704003, 2.170921, -2.328412, -0.784229
1.424735, 4.908999, -5.511691, -7.840549, 2.147276, -2.126831, -0.681930
1.432717, 5.308264, -5.955322, -7.023238, 2.315463, -2.081365, -0.601932
1.456854, 4.512982, -5.130064, -8.481511, 2.194036, -2.132162, -0.578332
1.464877, 4.480342, -5.113877, -9.893417, 2.237548, -2.233445, -0.574600
1.488850, 3.956929, -4.582369, -10.930704, 2.151191, -2.234612, -0.566721
1.496889, 4.513981, -5.217197, -10.123528, 2.301393, -2.136255, -0.483407
1.521016, 4.251663, -4.975190, -9.361040, 2.297395, -2.063601, -0.469567
1.528857, 4.059983, -4.779147, -10.414117, 2.312313, -2.140080, -0.480294
1.553001, 3.882729, -4.630360, -9.983838, 2.317684, -2.061121, -0.461973
1.561144, 3.859497, -4.620106, -9.662588, 2.339928, -2.050392, -0.458132
1.585191, 4.130732, -4.990841, -7.896377, 2.462512, -1.896727, -0.418006
1.593175, 3.605456, -4.405510, -8.737169, 2.361255, -1.964816, -0.485677
1.617308, 2.941512, -3.699797, -10.825217, 2.329597, -2.088255, -0.580915
1.625296, 2.364051, -3.037752, -11.557401, 2.208408, -2.126953, -0.645819
1.649322, 2.344551, -3.053632, -10.015345, 2.313835, -2.061909, -0.668542
1.657569, 2.326001, -3.040663, -9.386768, 2.318504, -1.982697, -0.659924
1.681592, 2.131349, -2.855646, -9.297783, 2.395448, -1.911936, -0.699909
1.689622, 9.178877, 3.820774, -10.164251, 2.028428, -1.806609, -2.389761
1.713601, 8.781474, 3.953289, -9.570964, 2.018970, -1.685747, -2.449432
1.721745, 9.139305, 4.016594, -8.859489, 2.049869, -1.622347, -2.519764
1.745777, 9.045881, 4.008993, -8.811906, 2.010916, -1.477272, -2.550350
1.753888, 8.333714, 4.433457, -9.137523, 1.972580, -1.549983, -2.619781
1.777875, 5.675658, 5.309126, -11.879901, 1.791112, -1.757869, -2.670030
1.785884, 6.051776, 5.178430, -11.164861, 1.793146, -1.674695, -2.691763
1.810068, 6.460426, 5.132023, -10.501135, 1.800076, -1.553583, -2.800725
1.817886, 6.482350, 5.112213, -9.959753, 1.773392, -1.512342, -2.815649
1.842174, 6.100046, 5.432351, -10.759578, 1.781603, -1.538339, -2.953793
1.850010, 6.049935, 5.143688, -10.427679, 1.747633, -1.466497, -2.904105
1.874376, 6.642141, 4.983540, -9.086024, 1.766157, -1.378923, -3.065465
1.882320, 6.370570, 4.689187, -8.558121, 1.699606, -1.308580, -2.974556
1.906431, 5.656391, 5.123877, -9.198578, 1.681250, -1.388867, -3.155208
1.914285, 3.967039, 5.437900, -10.484108, 1.563019, -1.456194, -3.053407
1.938485, 3.523518, 6.006274, -10.509973, 1.532849, -1.508261, -3.244776
1.946471, 3.668392, 5.522866, -9.976716, 1.478885, -1.388367, -3.134810
1.970626, 4.112682, 5.508172, -9.212765, 1.477642, -1.321133, -3.333712
1.978623, 3.081905, 5.465197, -9.888205, 1.402120, -1.329305, -3.231755
2.002815, 2.223230, 6.204388, -9.753492, 1.343523, -1.415751, -3.449964
2.010601, 2.283277, 5.867697, -9.558934, 1.318754, -1.330591, -3.387196
2.034761, 3.073654, 5.213595, -8.489154, 1.349132, -1.183481, -3.518064
2.042762, 2.392036, 5.353938, -8.887098, 1.279091, -1.164186, -3.425347
2.066936, -0.480317, 6.431006, -9.929281, 1.149559, -1.418903, -3.616932
2.074870, -1.647529, 6.567435, -10.631201, 1.096121, -1.456055, -3.557332
2.099064, -0.886972, 6.150207, -10.131166, 1.122714, -1.306811, -3.685751
2.107036, -0.954256, 5.758834, -9.743721, 1.107749, -1.254934, -3.624218
2.131206, -1.589845, 5.862193, -9.351689, 1.050988, -1.256172, -3.801106
2.138794, -2.787262, 5.956308, -9.773550, 0.986408, -1.284753, -3.729279
2.163196, -1.850150, 5.700413, -9.247345, 0.993999, -1.156767, -3.923135
2.171347, -1.849515, 5.081194, -8.652662, 0.972037, -1.103354, -3.781575
2.195333, -2.504016, 4.988746, -8.120076, 0.914276, -1.103792, -3.913739
2.203468, -3.281336, 4.684074, -8.333046, 0.886292, -1.105995, -3.777266
2.227440, -6.022449, 6.119899, -9.234789, 0.752630, -1.293385, -3.986472
2.235594, -5.792391, 5.598353, -8.645713, 0.716260, -1.220462, -3.863916
2.259656, -5.176290, 5.293016, -8.248117, 0.692527, -1.104558, -4.010769
2.267587, -5.274542, 4.727872, -7.876247, 0.667761, -1.061839, -3.871182
2.291594, -7.024338, 5.460378, -8.307442, 0.581351, -1.114297, -4.096826
2.299720, -7.713389, 5.231832, -8.000586, 0.534597, -1.135818, -3.986378
2.323769, -5.927246, 4.299785, -7.257098, 0.595988, -0.869913, -4.124194
2.331771, -5.918372, 3.650700, -6.662449, 0.590700, -0.795473, -3.979292
2.356057, -7.341059, 4.201467, -6.351996, 0.570167, -0.726910, -4.150601
2.363931, -9.453583, 4.547965, -6.272738, 0.521396, -0.828372, -4.017608
2.388070, -10.294591, 4.703659, -6.305862, 0.587096, -0.667432, -4.158657
2.396058, -10.022460, 3.873835, -5.819253, 0.639878, -0.563336, -3.990005
2.420076, -9.598290, 3.824886, -4.713519, 0.661142, -0.348834, -4.133920
2.428211, -10.143656, 3.541600, -4.697281, 0.703838, -0.296258, -3.996446
2.452372, -10.698485, 3.648072, -3.830104, 0.690458, -0.140469, -4.119284
2.460333, -10.541591, 2.922898, -3.777749, 0.753641, -0.042415, -3.970464
2.484374, -9.131069, 1.990420, -2.415407, 0.790592, 0.216224, -4.050348
2.492483, -9.635483, 1.550071, -2.418382, 0.838132, 0.246869, -3.897133
2.516517, -11.579751, 2.159073, -2.495644, 0.821926, 0.299625, -4.015185
2.524483, -13.004755, 2.314046, -2.665836, 0.828039, 0.260366, -3.942081
2.548524, -11.789763, 1.459667, -2.149965, 0.839263, 0.470973, -3.993602
2.556628, -11.687621, 0.913286, -2.184077, 0.888892, 0.529697, -3.888369
2.580811, -12.530848, 1.130165, -1.979941, 0.815807, 0.579226, -4.001073
2.588802, -13.800695, 1.299979, -1.987398, 0.814166, 0.512146, -3.956061
2.612808, -13.363597, 0.552446, -1.455097, 0.740985, 0.589926, -4.034673
2.620788, -13.253198, 0.052878, -1.740037, 0.767180, 0.632743, -3.988727
2.644942, -13.933398, 0.119312, -1.295641, 0.601124, 0.613943, -4.015958
2.652932, -14.491554, 0.154438, -1.343949, 0.566670, 0.589542, -4.046880
2.677081, -17.780972, 0.446004, -1.027098, 0.427691, 0.354544, -4.128460
2.685090, -17.522640, 0.623912, -1.297154, 0.372994, 0.400338, -4.213458
2.709220, -18.219812, 0.031670, -1.167937, 0.248517, 0.331683, -4.209934
2.717231, -17.772076, -0.166611, -0.926143, 0.149256, 0.361215, -4.315322
2.741231, -19.572842, -0.346468, -1.222075, 0.065753, 0.267504, -4.366538
2.749373, -20.016993, -0.434162, -0.964726, 0.006062, 0.223183, -4.361625
2.773338, -18.816373, -1.561491, -0.311597, -0.142968, 0.341039, -4.425477
2.781499, -18.409600, -2.330481, -0.158147, -0.143147, 0.355546, -4.327438
2.805519, -19.994292, -2.033146, 0.017869, -0.296477, 0.356264, -4.520041
2.813514, -21.293268, -2.141352, 0.598097, -0.314821, 0.225259, -4.447992
2.837509, -22.430955, -1.940261, 0.944112, -0.492089, 0.236364, -4.646355
2.845693, -21.863092, -2.602556, 1.022673, -0.473744, 0.235993, -4.504897
2.869846, -21.754502, -2.497168, 0.381885, -0.531801, 0.368549, -4.586827
2.877803, -21.599225, -3.206280, 0.550063, -0.509625, 0.337319, -4.457374
2.901788, -23.510699, -2.705147, 0.724761, -0.628256, 0.348652, -4.647190
2.909838, -23.649508, -3.388762, 0.757959, -0.572252, 0.297449, -4.522069
2.933968, -23.437778, -3.825095, 0.527855, -0.642194, 0.445081, -4.622726
2.941915, -22.810422, -4.514715, -0.339397, -0.505772, 0.480469, -4.477749
2.966093, -21.514283, -4.355655, 0.260966, -0.722046, 0.628916, -4.539607
2.974125, -22.031061, -4.570567, -0.636806, -0.571951, 0.647038, -4.459421
2.998089, -22.801452, -4.401475, -0.039323, -0.717822, 0.699748, -4.560292
3.006209, -23.898691, -4.250292, 0.836017, -0.782576, 0.598854, -4.569648
3.030254, -26.363965, -3.791111, -0.526839, -0.634315, 0.684416, -4.656555
3.038206, -25.762572, -4.474486, -0.355351, -0.620539, 0.659552, -4.573356
3.062354, -25.229476, -5.136714, -1.615655, -0.555957, 0.841651, -4.596984
3.070517, -26.109466, -5.293865, -2.519120, -0.375937, 0.834116, -4.537431
3.094552, -24.787708, -5.859960, -1.128202, -0.624513, 0.897919, -4.568591
3.102520, -24.697257, -6.183456, -0.837125, -0.630540, 0.864893, -4.516418
3.126555, -26.341699, -5.995479, -2.456152, -0.434990, 0.992524, -4.547708
3.134524, -26.700162, -5.916850, -1.518294, -0.541796, 0.949724, -4.574842
3.158660, -27.015694, -6.121583, -1.454119, -0.554889, 0.995929, -4.584375
3.166815, -27.614662, -6.134358, -1.824668, -0.478524, 0.989127, -4.558369
3.190830, -25.990014, -6.803603, -1.791420, -0.575288, 1.080549, -4.523201
3.198806, -25.542024, -7.129263, -1.447490, -0.611193, 1.049936, -4.474643
3.222835, -23.900688, -7.909892, -1.391680, -0.697418, 1.134073, -4.425593
3.230839, -23.986318, -7.974535, -0.797028, -0.762929, 1.098964, -4.411530
3.255088, -23.393925, -8.197366, -1.831642, -0.705141, 1.242812, -4.439915
3.263113, -23.891887, -8.121784, -1.225870, -0.756607, 1.185625, -4.447112
3.287119, -23.932534, -8.053249, -0.619378, -0.911907, 1.221156, -4.509269
3.295112, -24.180252, -8.260119, -0.576456, -0.874614, 1.175413, -4.464809
3.319247, -26.270375, -7.421865, 2.281654, -1.187257, 1.032809, -4.622182
3.327252, -27.219706, -7.313557, 1.588547, -1.061746, 1.038168, -4.620497
3.351253, -26.649719, -7.801770, 0.732322, -1.004360, 1.100874, -4.577083
3.359191, -27.105551, -7.777620, 1.177377, -1.030690, 1.047061, -4.571886
3.383411, -30.401033, -6.795312, 3.743198, -1.226228, 0.850015, -4.728014
3.391544, -31.661587, -6.446647, 3.421276, -1.146385, 0.839897, -4.769756
3.415516, -32.337761, -6.469840, 2.658931, -1.033506, 0.858792, -4.795358
3.423686, -31.441134, -6.644770, 2.774335, -1.118452, 0.904986, -4.806338
3.447705, -30.364850, -7.540453, 1.695240, -0.983795, 0.933965, -4.688663
3.455826, -29.841946, -7.335488, 2.164927, -1.120577, 0.987443, -4.757887
3.479830, -30.221173, -7.467763, 3.920758, -1.267235, 0.842221, -4.738292
3.487827, -30.105963, -7.334202, 4.055577, -1.334236, 0.890331, -4.779885
3.511945, -28.493930, -7.132074, 4.200660, -1.485991, 0.792020, -4.762787
3.519954, -26.873189, -6.738313, 3.749944, -1.505449, 0.775622, -4.783511
3.543945, -19.490314, -4.679097, 1.062624, -1.701724, 0.823386, -4.716245
3.552077, -17.903330, -3.359771, 0.792055, -1.761327, 0.738195, -4.660223
3.576303, -12.941288, 0.166466, -0.325947, -2.458675, 0.654583, -4.513312
3.584308, -11.767198, 1.439799, -0.383428, -2.630783, 0.489416, -4.470469
3.608439, -4.639651, 5.102460, -0.188814, -3.256816, 0.544051, -4.418097
3.616427, -2.384075, 5.914188, 0.608157, -3.355099, 0.539387, -4.235763
3.640442, 8.806459, 9.430791, 1.904595, -3.471704, 1.059422, -3.845093
3.648406, 11.488727, 10.861686, 2.883181, -3.506061, 1.053126, -3.672810
3.672442, 18.704827, 16.409398, 3.101483, -3.950799, 1.090357, -3.695044
3.680550, 20.054111, 17.671198, 2.058959, -3.913176, 0.927853, -3.679920
3.704729, 24.438721, 18.983175, -0.863934, -3.480646, 1.084649, -3.793946
3.712552, 24.996273, 18.686487, -1.084797, -3.178409, 1.126378, -3.734894
3.736709, 27.260362, 21.692053, -1.755441, -3.265446, 1.047153, -3.896682
3.744699, 28.303685, 22.484708, -1.844072, -3.395694, 0.943088, -3.813032
3.768832, 31.312956, 24.203473, -0.947843, -3.331068, 1.181553, -3.802480
3.776828, 31.633898, 24.102748, -1.627592, -3.130082, 1.103081, -3.774736
3.800869, 32.768773, 25.210088, -3.938284, -3.248088, 1.128010, -3.850339
3.809003, 33.229176, 25.227988, -3.896925, -3.072511, 1.241018, -3.678730
3.833135, 33.602871, 26.556620, -3.309106, -3.409443, 1.152771, -3.848547
3.841008, 34.121425, 26.344085, -2.594763, -3.325743, 1.006839, -3.839998
3.865168, 37.759477, 27.968365, -3.403717, -3.275295, 1.211879, -3.889191
3.873112, 37.847913, 27.946979, -4.157120, -3.219309, 1.156591, -3.800305
3.897313, 36.453911, 26.737576, -4.426872, -3.055895, 1.224167, -3.941403
3.905294, 36.412496, 27.234657, -4.138630, -3.099258, 1.031736, -3.931791
3.929434, 39.772840, 29.212495, -4.201699, -3.084621, 1.207725, -3.941563
3.937439, 39.320849, 28.334310, -4.946543, -2.965090, 1.134781, -3.881917
3.961429, 38.954127, 28.094631, -5.270331, -2.785500, 1.031997, -4.087872
3.969572, 39.648935, 27.771486, -5.671502, -2.598869, 1.011475, -4.067407
3.993746, 39.181658, 27.502048, -5.444513, -2.391061, 0.761598, -4.314646
4.001681, 39.264980, 27.932290, -4.907189, -2.333905, 0.837558, -4.323162
4.025553, 38.505628, 26.073821, -4.986892, -2.098806, 0.620413, -4.404538
4.033830, 39.025503, 26.155366, -4.535309, -2.184050, 0.644710, -4.513639
4.057970, 37.528245, 25.710064, -4.830733, -1.935284, 0.341626, -4.548461
4.065850, 37.988787, 26.026676, -5.448926, -1.982239, 0.367803, -4.671440
4.089994, 36.857896, 24.473003, -4.403613, -1.756437, 0.133402, -4.641444
4.097985, 36.630770, 24.391078, -4.494096, -1.623558, 0.141381, -4.737033
4.122175, 35.214432, 22.478377, -4.378267, -1.369199, -0.074661, -4.703650
4.130129, 35.219741, 22.870461, -4.092351, -1.428528, -0.229488, -4.886950
4.154341, 33.689185, 21.604672, -4.117707, -0.925705, -0.567319, -4.915641
4.162168, 34.127874, 21.381129, -3.633810, -0.860403, -0.556730, -4.930831
4.186323, 32.126454, 20.043245, -4.045466, -0.669593, -0.900556, -4.939914
4.194295, 32.669051, 20.066941, -3.477541, -0.562607, -0.839218, -4.983025
4.218484, 31.372216, 18.454252, -3.989866, -0.218970, -1.107245, -4.882387
4.226487, 31.436497, 18.631822, -3.663047, -0.248781, -1.157457, -5.002141
4.250609, 31.326032, 17.573189, -3.517344, 0.013499, -1.292240, -4.998512
4.258564, 30.119198, 17.546978, -3.081245, 0.001900, -1.530074, -5.054849
4.282742, 29.571914, 16.879640, -2.848086, 0.482196, -1.797017, -5.050713
4.290734, 28.337460, 16.249664, -3.054087, 0.590952, -1.959077, -4.931754
4.314758, 28.037650, 15.594917, -3.365283, 0.882960, -2.046553, -4.933528
4.322886, 27.629655, 15.013230, -3.597631, 1.057436, -2.110991, -4.723342
4.346921, 26.372689, 14.912184, -3.551798, 1.180950, -2.353484, -4.826495
4.354863, 26.888874, 14.382146, -3.933444, 1.359428, -2.301640, -4.623494
4.379039, 24.899358, 14.509658, -2.968269, 1.420070, -2.720508, -4.724999
4.387001, 25.404372, 13.302536, -3.521877, 1.678200, -2.679960, -4.467633
4.411171, 23.548659, 13.102320, -2.543009, 1.925775, -3.151528, -4.414816
4.419185, 23.993075, 11.664387, -3.181111, 2.107081, -3.134952, -4.168526
4.443317, 22.652097, 11.633800, -1.758111, 2.222991, -3.339023, -4.147354
4.451193, 23.327888, 10.734902, -2.565416, 2.341067, -3.421318, -3.946265
4.475446, 22.161030, 10.214359, -1.656239, 2.507267, -3.541270, -3.817560
4.483484, 22.644579, 10.077005, -2.357971, 2.536714, -3.662978, -3.723947
4.507466, 22.301176, 8.943903, -2.414468, 2.835268, -3.656033, -3.412874
4.515598, 22.221276, 8.886443, -2.546087, 2.855782, -3.827818, -3.340762
4.539622, 21.684604, 8.002966, -2.425065, 3.150351, -4.041304, -2.993425
4.547574, 21.084156, 7.904427, -1.938883, 3.153461, -4.140360, -2.968401
4.571606, 20.740196, 7.609287, -1.834809, 3.228188, -4.313099, -2.741608
4.579782, 20.434162, 7.140926, -1.210607, 3.338324, -4.263980, -2.659433
4.603934, 20.309671, 6.809651, -1.497957, 3.434161, -4.491386, -2.467800
4.611782, 20.355597, 6.656655, -0.630026, 3.556474, -4.388873, -2.385246
4.635936, 19.906178, 6.227350, -0.662166, 3.653314, -4.651293, -2.169019
4.643912, 19.827880, 6.424502, 0.153544, 3.766068, -4.650921, -2.090154
4.668039, 19.417084, 5.480379, -0.149493, 3.938636, -4.844758, -1.633383
4.676049, 18.600843, 5.854257, 0.183507, 3.928458, -4.985090, -1.683816
4.700198, 19.227157, 4.275561, -0.753571, 4.128561, -4.882175, -1.166444
4.708188, 18.216770, 4.362925, -0.651085, 4.100385, -5.085763, -1.210552
4.732324, 18.322053, 3.076569, -1.262496, 4.310084, -5.009432, -0.739256
4.740325, 17.828838, 3.250835, -1.329437, 4.241986, -5.140038, -0.733689
4.764487, 17.721817, 2.116927, -1.410450, 4.484982, -5.214764, -0.290496
4.772330, 17.953961, 1.749610, -1.588595, 4.435145, -5.183530, -0.040776
4.796626, 17.283215, 1.131871, -1.622793, 4.624494, -5.405811, 0.293126
4.804567, 18.229366, 0.100730, -1.839519, 4.496714, -5.077177, 0.541405
4.828631, 17.032823, 0.109323, -1.404512, 4.669122, -5.476399, 0.716757
4.836603, 17.915380, -1.178757, -1.575996, 4.575672, -5.116981, 0.982537
4.860786, 16.409418, -0.670285, -0.927667, 4.737490, -5.542268, 1.142776
4.868759, 17.177613, -1.458126, -1.142685, 4.734846, -5.358495, 1.320123
4.892943, 16.952095, -2.098606, -1.315135, 4.822256, -5.475281, 1.763158
4.900783, 16.588333, -1.898341, -1.440340, 4.914168, -5.745549, 1.871994
4.924943, 16.340494, -2.366765, -1.122584, 4.798067, -5.567180, 2.204893
4.932886, 15.693090, -1.759129, -0.987975, 4.946063, -5.980384, 2.173341
4.957065, 16.140896, -2.430353, -0.394507, 4.761606, -5.582006, 2.616620
4.965048, 15.151863, -2.025499, -0.190650, 4.974594, -6.072284, 2.610683
4.989231, 15.754746, -2.792312, 0.119732, 4.767172, -5.674358, 2.996777
4.997213, 15.409880, -3.102032, 0.546444, 4.892637, -5.854521, 3.141563
5.021370, 13.873853, -3.035554, 0.722825, 4.838056, -6.008289, 3.589930
5.029226, 14.105006, -3.342779, 1.338869, 4.792177, -5.807760, 3.832863
5.053498, 12.664978, -3.219040, 1.267019, 4.900057, -6.209531, 4.062757
5.061508, 13.238740, -3.555112, 1.882085, 4.695908, -5.758385, 4.266206
5.085479, 3.542066, 0.921763, 0.501314, 5.753911, -8.952991, 4.322882
5.093609, 3.253750, 0.746158, 1.016259, 5.508703, -8.537113, 4.482526
5.117629, 3.158394, 0.101719, 0.323350, 5.756106, -8.912490, 4.949481
5.125664, 2.848640, -0.307125, 0.608904, 5.587093, -8.667149, 5.150534
5.149649, 2.616952, -1.260591, -0.055088, 5.688082, -8.930867, 5.935078
5.157724, 2.469776, -1.455160, 0.237795, 5.610742, -8.813012, 6.163409
5.181758, 2.415883, -1.998904, -0.214016, 5.635574, -8.969471, 6.622730
5.189922, 2.406455, -2.150220, -0.037374, 5.746093, -9.106131, 6.951488
5.213915, 2.229244, -2.582961, -0.117122, 5.565536, -8.811437, 7.332486
5.222043, 2.229439, -2.882885, -0.085547, 5.753965, -9.052138, 7.706724
5.246058, 2.224309, -3.168916, -0.336511, 5.580747, -8.935806, 8.169415
5.254198, 2.165213, -3.645728, -0.500207, 5.651733, -9.072830, 8.532357
5.278230, 2.165891, -4.295172, -1.045434, 5.522647, -9.056909, 9.327073
5.286361, 2.046492, -4.595334, -1.022489, 5.385903, -8.904724, 9.457426
5.310344, 1.958561, -5.627225, -1.256414, 5.457179, -9.061689, 10.210196
5.318324, 1.903768, -5.518192, -1.077851, 5.196557, -8.771720, 10.223832
5.342477, 1.716959, -6.569297, -0.864063, 5.188007, -8.841557, 11.007155
5.350488, 1.661180, -6.378641, -0.640673, 4.875287, -8.529409, 10.962084
5.374529, 1.458552, -7.261811, -0.234121, 4.789130, -8.445951, 11.707831
5.382675, 1.278214, -7.495185, 0.067075, 4.536335, -8.201247, 11.754586
5.406685, 0.919296, -7.954767, 0.849237, 4.092310, -7.540439, 12.207500
5.414669, 0.781825, -8.490494, 1.053055, 4.051443, -7.557397, 12.503436
5.438798, 0.533318, -8.867042, 1.538520, 3.668840, -7.014521, 12.744972
5.446806, 0.505280, -9.291443, 1.639900, 3.739190, -7.116291, 13.201540
5.470808, 0.402338, -10.053697, 1.540488, 3.351539, -6.807159, 13.694449
5.478936, 0.358379, -10.293354, 1.794218, 3.409157, -6.817491, 14.095493
5.503069, 0.337939, -11.039463, 1.616981, 3.030313, -6.641421, 14.729576
5.510932, 0.216098, -11.194197, 1.884212, 2.893961, -6.427597, 14.857637
5.535112, 0.119821, -12.609449, 1.771428, 2.515393, -6.381787, 16.040633
5.543097, -0.006940, -12.553788, 2.039703, 2.322990, -6.149791, 15.892457
5.567228, -0.059892, -13.744179, 1.983244, 2.076460, -6.074302, 17.059485
5.575228, -0.170719, -13.407264, 2.291047, 1.832995, -5.819685, 16.820204
5.599401, -0.367234, -14.497507, 2.435906, 1.457271, -5.483112, 17.768805
5.607400, -0.378484, -14.446437, 2.551859, 1.306901, -5.456442, 17.951964
5.631532, -0.550974, -15.323940, 2.584478, 0.800676, -5.029840, 18.745609
5.639544, -0.646098, -16.037138, 2.678876, 0.584812, -5.042885, 19.431406
5.663509, -0.725169, -17.033843, 2.410361, -0.047148, -4.697790, 20.381940
5.671649, -0.975805, -18.178641, 2.703775, -0.122242, -4.687091, 21.169560
5.695675, -1.165084, -19.388617, 2.495863, -0.854329, -4.317256, 22.136785
5.703823, -1.440988, -19.896616, 2.881396, -1.021091, -4.122218, 22.496354
5.727826, -2.004997, -21.244840, 3.324297, -1.830009, -3.672671, 23.658247
5.735830, -2.038644, -20.858208, 3.400281, -2.004394, -3.440449, 23.523335
5.759969, -2.527519, -22.610228, 3.442371, -2.891992, -2.911743, 24.839294
5.767932, -2.557275, -22.205609, 3.373839, -3.200237, -2.660770, 24.600789
5.792103, -0.303028, 3.425511, 3.155939, -2.559947, 0.786960, 4.036673
5.800097, -0.123985, 3.492496, 2.818967, -2.591001, 0.620271, 4.090854
5.824100, -0.563977, 3.641925, 3.629838, -2.724574, 0.934803, 4.051762
5.832219, -0.503357, 3.703758, 3.507815, -2.769432, 0.981120, 4.094706
5.856253, -0.649436, 3.770676, 3.681802, -2.857966, 1.080268, 3.991182
5.864410, -0.562351, 3.845321, 3.526705, -2.929292, 1.093810, 4.051509
5.888417, -0.451941, 3.865831, 3.222100, -2.957460, 1.019964, 3.972030
5.896393, -0.570144, 4.035686, 3.492345, -2.964093, 1.252117, 4.100147
5.920556, -0.322613, 4.032125, 2.943966, -3.279370, 1.326909, 3.993601
5.928532, -0.255027, 4.188168, 2.889953, -3.428222, 1.304341, 4.128357
5.952557, -0.463510, 4.238697, 3.163620, -3.515036, 1.515205, 3.962384
5.960544, -0.271530, 4.267326, 2.840209, -3.532622, 1.397978, 4.028488
5.984689, -0.699363, 4.382360, 3.503132, -3.577071, 1.532381, 3.858835
5.992672, -0.872562, 4.376644, 3.739897, -3.634190, 1.604521, 3.719893
6.016849, -0.552189, 4.462931, 3.190125, -3.734551, 1.578871, 3.805820
6.024842, -0.673034, 4.388550, 3.309366, -3.662813, 1.632489, 3.645096
6.048845, -0.828317, 4.620205, 3.578609, -3.858361, 1.818142, 3.655416
6.056959, -0.778349, 4.687675, 3.509393, -3.836725, 1.975010, 3.710529
6.080992, -0.592852, 4.362433, 2.998258, -3.751312, 1.664144, 3.359013
6.088972, -0.774272, 4.440915, 3.282115, -3.686932, 1.828766, 3.340116
6.113119, -0.509476, 4.768396, 2.985728, -4.099036, 1.940152, 3.575312
6.121261, -0.591115, 4.741310, 3.067934, -4.138324, 2.116284, 3.428503
6.145272, -0.578248, 4.415685, 2.834595, -4.251301, 2.014582, 2.906065
6.153269, -0.420437, 4.478823, 2.624906, -4.275957, 1.962958, 3.021494
6.177429, -0.230161, 4.647737, 2.392044, -4.278139, 2.180494, 3.185429
6.185421, -0.099441, 4.515796, 2.135424, -4.348519, 2.105466, 3.044315
6.209416, -0.252336, 4.194567, 2.172492, -4.083178, 2.011271, 2.634326
6.217558, -0.187300, 4.185613, 2.069480, -4.064439, 1.950115, 2.650362
6.241545, 0.220339, 4.464705, 1.612761, -4.152276, 1.950425, 3.086701
6.249538, 0.378434, 4.507922, 1.407493, -4.293537, 1.871699, 3.142732
6.273524, -0.285999, 4.565437, 2.309396, -4.179844, 2.137566, 2.809274
6.281856, -0.552546, 4.516033, 2.639295, -4.074934, 2.199973, 2.632031
6.305857, -0.891422, 4.521783, 3.069219, -4.123803, 2.276479, 2.364517
6.313840, -0.918156, 4.622199, 3.137592, -4.277383, 2.276442, 2.374489
6.337977, -1.195213, 4.838529, 3.573404, -4.313691, 2.158054, 2.452464
6.346011, -1.197576, 4.894984, 3.593607, -4.284080, 2.264019, 2.495462
6.369987, -0.882303, 4.901262, 3.166136, -3.995757, 2.380959, 2.761091
6.378160, -0.820863, 5.005199, 3.123876, -4.047251, 2.489000, 2.857150
6.402319, -0.430866, 5.059929, 2.626150, -4.017708, 2.484618, 3.127639
6.410146, -0.369223, 5.070208, 2.548497, -3.947364, 2.473268, 3.210273
6.434320, 0.006586, 4.962289, 2.010051, -3.826705, 2.354655, 3.367300
6.442248, 0.087887, 4.931927, 1.890945, -3.819923, 2.305659, 3.388433
6.466392, 0.135487, 4.712756, 1.739377, -3.607804, 2.145620, 3.304312
6.474414, 0.139803, 4.469751, 1.634479, -3.413829, 2.034077, 3.144987
6.498603, -1.026899, 4.486127, 3.160658, -3.057666, 1.965148, 2.757168
6.506551, -1.449589, 4.532866, 3.725698, -3.024433, 1.874031, 2.628903
6.530596, -2.506432, 4.611680, 5.104150, -2.745928, 1.828587, 2.322896
6.538552, -2.741797, 4.649020, 5.409435, -2.670705, 1.841814, 2.279055
6.562720, -2.701662, 4.805319, 5.363268, -2.751244, 1.739513, 2.464909
6.570889, -2.628432, 4.830977, 5.258003, -2.738690, 1.775452, 2.531099
6.594870, -2.299769, 4.599492, 4.680384, -2.651774, 1.626358, 2.500515
6.602887, -2.252502, 4.647062, 4.617617, -2.610998, 1.743305, 2.575554
6.627035, -1.636042, 4.934098, 3.881201, -2.843758, 1.790895, 3.110552
6.634994, -1.623915, 4.862734, 3.814488, -2.783220, 1.800230, 3.058612
6.659166, -1.505346, 4.595075, 3.493035, -2.616499, 1.719505, 2.901197
6.667110, -1.554228, 4.546841, 3.507826, -2.615716, 1.636217, 2.833312
6.691165, -1.918379, 4.756306, 3.928776, -2.649926, 1.748283, 2.834873
6.699161, -1.990228, 4.832640, 4.005148, -2.721443, 1.700631, 2.856554
6.723308, -1.943396, 5.211451, 3.966198, -2.877779, 1.921437, 3.193280
6.731264, -1.779894, 5.077683, 3.693682, -2.845351, 1.828253, 3.157502
6.755456, -1.429230, 5.046865, 3.171230, -2.931308, 1.847277, 3.242088
6.763463, -1.369467, 5.023167, 3.059157, -3.001611, 1.759005, 3.220464
6.787591, -1.509421, 5.154649, 3.137489, -3.055190, 1.827864, 3.244056
6.795636, -1.637608, 5.297680, 3.276452, -3.098098, 1.925494, 3.295381
6.819556, -1.588052, 5.479299, 3.142692, -3.306942, 1.960282, 3.393575
6.827792, -1.761752, 5.651065, 3.324271, -3.386493, 2.042567, 3.434051
6.851740, -2.389722, 5.820287, 3.851097, -3.393776, 2.106469, 3.253118
6.859764, -2.414309, 5.824557, 3.818424, -3.391951, 2.171054, 3.217284
6.883913, -1.920639, 5.889427, 3.178810, -3.661583, 2.168949, 3.373485
6.891890, -2.081976, 5.851092, 3.271204, -3.594832, 2.183076, 3.266156
6.916043, -2.276428, 6.190486, 3.348505, -3.816999, 2.385747, 3.350931
6.924012, -2.060876, 6.177610, 3.087685, -3.896019, 2.361475, 3.400338
6.948054, -2.247787, 6.566389, 3.147577, -4.124841, 2.637812, 3.523985
6.956169, -2.601178, 6.723698, 3.415267, -4.197862, 2.629847, 3.463938
6.980169, -2.443174, 6.883090, 3.096278, -4.452635, 2.719496, 3.503390
6.988152, -2.387193, 6.990922, 2.996668, -4.587270, 2.732354, 3.561635
7.012177, -3.251765, 7.336394, 3.511161, -4.700925, 2.851447, 3.342787
7.020315, -2.901260, 7.221314, 3.140754, -4.748677, 2.805101, 3.352684
7.044336, -2.976443, 7.419012, 2.981952, -4.987466, 2.945474, 3.265907
7.052455, -2.970492, 7.389550, 2.893098, -5.011855, 2.912985, 3.196570
7.076483, -2.719538, 7.438503, 2.482024, -5.231226, 2.990959, 3.116597
7.084634, -2.870054, 7.599427, 2.518681, -5.357731, 3.060076, 3.083369
7.108640, -2.684354, 8.033188, 2.178765, -5.897060, 3.256111, 3.137823
7.116579, -2.792544, 8.371406, 2.181750, -6.181643, 3.397068, 3.201115
7.140781, -2.801593, 8.844870, 1.942416, -6.710242, 3.556281, 3.184706
7.148693, -3.043007, 9.193964, 2.003609, -6.944080, 3.748970, 3.193596
7.172920, -2.680611, 9.461338, 1.513282, -7.432999, 3.806553, 3.120044
7.180493, -2.669065, 9.657700, 1.413219, -7.625138, 3.927282, 3.112126
7.205048, -2.349941, 10.164048, 0.950282, -8.304976, 4.091738, 3.057617
7.213025, -2.394393, 10.517487, 0.863953, -8.627725, 4.232204, 3.075747
7.237172, -2.133747, 11.751805, 0.376161, -9.914916, 4.714436, 3.175892
7.245028, -2.086961, 12.197479, 0.219511, -10.383699, 4.846081, 3.184438
7.269340, -1.864375, 13.204012, -0.301908, -11.454663, 5.260538, 3.064713
7.277181, -1.606491, 13.497538, -0.562025, -11.856290, 5.325949, 3.028992
7.301332, -0.308568, 14.389320, -1.558257, -13.171335, 5.815274, 2.939627
7.309328, -0.175960, 14.791304, -1.804065, -13.664244, 5.879234, 2.862387
7.333471, 0.336056, 16.818102, -2.833652, -15.865088, 6.758093, 2.795988
7.341441, 0.726991, 17.710974, -3.364315, -16.942986, 7.104755, 2.814755
7.365455, 1.043559, 20.149547, -5.053264, -19.997088, 8.173318, 2.698739
7.373583, 1.065003, 21.297069, -5.925194, -21.524099, 8.787556, 2.647280
7.397612, 1.819745, 23.620044, -10.278345, -27.121908, 10.664780, 2.644820
7.405766, 2.057311, 23.823581, -12.622869, -29.553711, 11.625617, 2.677088
7.429776, -8.902353, 4.022584, 1.054943, -0.572732, 1.665627, 2.170468
7.437766, -8.906911, 3.978403, 0.951154, -0.537460, 1.763423, 2.206129
7.461862, -8.501883, 3.668784, 0.613540, -0.474152, 1.785267, 2.336360
7.470020, -8.588276, 3.657842, 0.522727, -0.486095, 1.791863, 2.308066
7.494050, -9.541227, 3.904551, 0.256119, -0.547396, 1.999477, 2.127232
7.502164, -9.523687, 3.848895, 0.145134, -0.565484, 1.943364, 2.122756
7.526206, -9.777658, 3.806753, -0.177101, -0.578899, 2.021270, 1.999557
7.534159, -8.967856, 3.497747, -4.086453, -7.834846, 4.234075, 1.676805
7.558358, -10.074375, 3.769001, -0.774931, -0.945763, 2.161673, 1.999688
7.566300, -9.935935, 3.379459, -0.060492, 1.085454, 1.452486, 2.220852
7.590457, -10.374466, 2.598480, 0.343419, 3.675887, 0.696267, 2.376849
7.598446, -10.413787, 2.164444, 0.497462, 4.703684, 0.378274, 2.448508
7.622509, -10.413009, 1.229246, 0.343462, 5.910419, 0.171997, 2.564489
7.630501, -10.293715, 0.809525, 0.362485, 6.440472, -0.044204, 2.668998
7.654651, -11.121957, 0.257111, -0.018403, 7.192253, -0.062656, 2.790716
7.662291, -11.525814, 0.109979, -0.178727, 7.435735, -0.066795, 2.845524
7.686779, -11.677585, -0.596918, -0.472761, 8.031329, -0.108251, 3.150107
7.694764, -11.945707, -0.483494, -0.774216, 7.666380, 0.013575, 3.069660
7.718787, -11.760233, -0.750241, -1.217231, 7.358349, 0.157523, 3.050604
7.726769, -11.669030, -0.695002, -1.413725, 7.011907, 0.320835, 2.986481
7.750955, -10.947895, -0.922525, -1.704156, 6.488404, 0.407536, 2.980919
7.758910, -10.861088, -0.899443, -1.859693, 6.244177, 0.486592, 2.952944
7.782911, -10.411546, -1.176087, -2.082554, 6.084602, 0.583485, 3.058980
7.791040, -10.110349, -1.298421, -2.090890, 6.013148, 0.597891, 3.122096
7.815187, -9.910735, -1.396541, -2.410072, 5.704232, 0.749218, 3.190172
7.823175, -9.840088, -1.441483, -2.506962, 5.632170, 0.733370, 3.199609
7.847201, -9.186569, -1.446462, -2.677409, 5.092969, 0.990830, 3.126361
7.855358, -9.056414, -1.401645, -2.781576, 4.870635, 0.981020, 3.072673
7.879378, -9.416737, -1.412755, -3.317668, 4.759363, 1.106437, 3.084263
7.887360, -9.388741, -1.454431, -3.423118, 4.707110, 1.102370, 3.125067
7.911504, -8.660776, -1.697021, -3.357825, 4.524071, 1.163145, 3.285925
7.919518, -8.583117, -1.746083, -3.423508, 4.468704, 1.153106, 3.328689
7.943645, -8.539893, -1.866614, -3.730003, 4.386272, 1.205271, 3.405936
7.951641, -8.271685, -1.863572, -3.707640, 4.236800, 1.312359, 3.371770
7.975629, -7.966911, -1.709283, -3.996273, 3.743632, 1.317172, 3.144441
7.983770, -8.059587, -1.712299, -4.178280, 3.724035, 1.448229, 3.140997
8.007781, -7.926397, -1.870483, -4.408920, 3.644114, 1.475377, 3.290758
8.015782, 3.251621, -9.112288, -19.275540, 4.632879, 2.198035, 3.618307
8.039949, 4.798523, -9.804151, -20.379110, 4.531593, 2.339581, 3.758518
8.047907, 4.857313, -9.746125, -20.078844, 4.474537, 2.331484, 3.813271
8.072083, 5.375218, -9.372224, -18.719326, 4.122441, 2.435258, 3.746703
8.080071, 6.612786, -9.792275, -19.387235, 4.005173, 2.403988, 3.699813
8.104249, 5.221927, -8.915112, -18.335058, 3.791202, 2.563552, 3.558642
8.112196, 6.280054, -9.342598, -18.678467, 3.763822, 2.508634, 3.673113
8.136401, 7.299977, -9.502832, -17.983673, 3.606810, 2.628959, 3.863943
8.144347, 8.220732, -9.896213, -18.431617, 3.590186, 2.594474, 3.958912
8.168391, 7.689561, -9.484934, -17.650226, 3.456128, 2.695142, 4.002880
8.176383, 7.533029, -9.182202, -16.866211, 3.292629, 2.694021, 3.963500
8.200534, 7.651995, -8.628719, -15.665267, 2.914774, 2.703689, 3.715816
8.208497, 7.255778, -8.448571, -15.990933, 2.850194, 2.785082, 3.596412
8.232663, 6.625026, -8.011850, -14.651273, 2.654857, 2.689131, 3.772714
8.240642, 6.793125, -8.018661, -14.444484, 2.611801, 2.801761, 3.812068
8.264785, 7.216866, -8.160565, -13.992129, 2.473905, 2.773176, 4.102160
8.272780, 7.670114, -8.448538, -14.990317, 2.510671, 2.870438, 4.099943
8.296795, 7.725195, -8.055256, -13.532939, 2.214318, 2.853387, 4.081852
8.304903, 8.517674, -8.164857, -13.566086, 2.131438, 2.869021, 3.977621
8.328998, 8.693027, -8.184244, -14.462854, 2.028309, 2.973892, 3.862376
8.336970, 8.210981, -7.955438, -13.982406, 1.958547, 2.940331, 3.892800
8.361126, 9.209949, -8.141609, -13.251513, 1.809445, 3.055356, 4.051869
8.369094, 8.905041, -7.988236, -12.603093, 1.723428, 2.999779, 4.146219
8.393263, 10.981650, -8.674903, -12.960519, 1.655126, 3.136387, 4.336851
8.400881, 10.549011, -8.339364, -12.253620, 1.518839, 3.056463, 4.251446
8.425270, 11.480876, -7.914136, -11.544279, 1.326517, 3.046405, 3.639000
8.433210, 10.982937, -7.638866, -11.261934, 1.274371, 3.026254, 3.547429
8.457413, 11.292355, -7.795064, -11.390199, 1.233168, 3.065333, 3.706111
8.465398, 10.830108, -7.625828, -11.055114, 1.193857, 3.098487, 3.732345
8.489557, 11.944649, -8.159948, -10.535783, 1.046842, 3.124244, 4.211487
8.497528, 12.749857, -8.470917, -10.889288, 1.077248, 3.254807, 4.295387
8.521532, 10.978815, -7.947736, -10.538581, 0.897596, 3.227553, 4.349398
8.529669, 10.882663, -7.850973, -10.286453, 0.849782, 3.288615, 4.319089
8.553641, 11.093594, -7.443738, -9.379917, 0.713716, 3.198701, 3.968138
8.561822, 12.247417, -7.703484, -9.456254, 0.709166, 3.238104, 3.937065
8.585801, 12.237387, -7.582549, -9.190798, 0.615519, 3.237219, 3.890382
8.593996, 12.479309, -7.602387, -9.266963, 0.598808, 3.222476, 3.848597
8.617917, 12.149937, -7.586801, -8.576447, 0.464858, 3.284354, 4.075780
8.625939, 11.619067, -7.343071, -8.136315, 0.406052, 3.185521, 4.023384
8.649941, 14.294424, -8.319157, -8.897505, 0.432493, 3.371898, 4.343067
8.658096, 14.975267, -8.448001, -8.670546, 0.373596, 3.301605, 4.348609
8.682224, 13.905401, -8.181483, -8.306360, 0.217017, 3.388022, 4.411325
8.690237, 13.514442, -7.985883, -8.347880, 0.200104, 3.313067, 4.302174
8.714229, 13.422621, -7.692583, -7.918991, 0.139717, 3.326365, 4.067374
8.722208, 12.956345, -7.453241, -7.626952, 0.108102, 3.292932, 3.963288
8.746514, 13.595866, -7.483218, -7.868919, 0.137110, 3.287041, 3.830788
8.754553, 14.434468, -7.651336, -7.959667, 0.189904, 3.339756, 3.803448
8.778514, 15.946712, -7.802084, -7.384983, 0.174182, 3.276860, 3.676988
8.786540, 15.553791, -7.776155, -7.269097, 0.101309, 3.349531, 3.759360
8.810570, 14.022485, -7.398873, -7.519120, 0.050155, 3.240288, 3.735567
8.818509, 14.736697, -7.560220, -7.752891, 0.102023, 3.335420, 3.704877
8.842696, 14.234706, -7.406099, -7.003498, -0.058191, 3.253945, 3.759023
8.850689, 15.907573, -7.804430, -7.003892, -0.002470, 3.336184, 3.791419
8.874857, 15.230686, -7.920816, -6.838590, -0.177645, 3.329236, 4.121439
8.882851, 15.265056, -8.004864, -6.981488, -0.198746, 3.337256, 4.196852
8.906983, 14.440863, -7.729918, -6.565336, -0.265611, 3.334849, 4.146141
8.914969, 13.854461, -7.651714, -6.333218, -0.379502, 3.285306, 4.218884
8.939153, 14.636737, -7.686528, -6.262889, -0.304245, 3.331725, 4.086190
8.946993, 14.942503, -7.748671, -6.148715, -0.317648, 3.242127, 4.102034
8.971148, 18.339912, -8.917868, -6.039988, -0.435737, 3.426279, 4.555128
8.979126, 18.546283, -9.086061, -6.327881, -0.466449, 3.403504, 4.663144
9.003406, 26.617909, -10.834586, -6.504359, -0.125939, 3.607258, 4.650229
9.011284, 26.588364, -10.656027, -6.495538, -0.079974, 3.551090, 4.467868
9.035436, 25.029403, -10.047109, -6.201009, -0.084337, 3.510112, 4.202548
9.043436, 24.661194, -9.898480, -6.271089, -0.060843, 3.500926, 4.123584
9.067436, 24.518068, -9.606433, -5.971900, 0.021521, 3.442031, 3.878705
9.075384, 23.338411, -9.172568, -5.957305, 0.000877, 3.451607, 3.661616
9.099718, 14.732918, -6.514980, -8.429049, 0.130586, 3.296872, 2.508139
9.107717, 11.678436, -5.498353, -9.103440, 0.109564, 3.346117, 1.996606
9.131694, 8.603859, -3.657143, -8.946329, 0.232912, 3.383604, 0.600655
9.139739, 7.689487, -3.017191, -8.957579, 0.364882, 3.505488, 0.087229
9.163696, 1.841441, -0.600176, -10.153248, 0.699030, 3.561367, -1.312665
9.171893, 1.579260, -0.413560, -10.008058, 0.606895, 3.726726, -1.512074
9.195886, -3.988127, 1.504113, -9.600711, 0.465539, 3.727027, -2.275073
9.203973, -4.829342, 2.006121, -9.207546, 0.430102, 3.661175, -2.599700
9.227936, -7.078600, 3.006103, -8.484341, 0.424082, 3.287256, -3.000631
9.236020, -7.836391, 3.373366, -8.415089, 0.428871, 3.197735, -3.190422
9.260355, -9.714376, 4.100808, -8.940759, 0.586421, 3.394712, -3.497387
9.268120, -11.419529, 4.695686, -9.246372, 0.643787, 3.380336, -3.692180
9.292292, -11.731486, 4.940941, -8.778571, 0.692555, 3.433776, -3.728609
9.300291, -12.038782, 5.245076, -8.185049, 0.643078, 3.194993, -3.873675
9.324434, -12.863845, 5.606600, -8.041961, 0.458720, 3.318977, -3.984503
9.332442, -11.782479, 5.461453, -7.845215, 0.498484, 3.361143, -4.092418
9.356619, -13.542309, 6.433613, -7.009718, 0.403299, 3.223083, -4.416605
9.364446, -14.014117, 6.600358, -7.032903, 0.415369, 3.126082, -4.381791
9.388610, -14.331968, 6.768507, -7.553580, 0.404485, 3.347467, -4.395215
9.396709, -16.151297, 7.462638, -7.642190, 0.264571, 3.297390, -4.538745
9.420727, -16.218637, 7.623276, -7.313738, -0.222040, 3.236529, -4.528919
9.428722, -16.889199, 7.756396, -7.792065, -0.286755, 3.405938, -4.447442
9.452904, -16.764040, 8.179144, -7.240667, -0.119843, 3.136143, -4.508324
9.460872, -17.104402, 8.406365, -7.217706, -0.126148, 3.296553, -4.542512
9.485026, -17.905814, 9.099700, -6.446131, -0.269727, 3.176557, -4.532378
9.493016, -17.396943, 9.015555, -6.694374, -0.271081, 3.258783, -4.570817
9.517023, -18.544349, 9.813548, -7.005186, -0.130692, 3.169869, -4.525425
9.525139, -17.846706, 9.689953, -6.849154, -0.151171, 3.215617, -4.522591
9.549153, -18.608083, 10.392762, -6.797591, -0.304301, 3.189044, -4.440276
9.557308, -19.187988, 10.647547, -7.041680, -0.272718, 3.261903, -4.274644
9.581327, -19.470556, 10.911428, -6.482376, -0.330822, 3.271533, -3.634844
9.589313, -19.043400, 10.827654, -6.800384, -0.321652, 3.405430, -3.593873
9.613485, -19.310014, 11.405565, -7.195494, -0.394872, 3.345230, -3.307950
9.621426, -19.491368, 11.724900, -7.161362, -0.390726, 3.502151, -3.255211
9.645460, -19.996895, 12.878213, -6.492089, -0.848045, 3.492893, -3.001474
9.653599, -19.226065, 12.641589, -6.489028, -0.873597, 3.641665, -2.833256
9.677583, -19.966348, 13.668539, -6.987925, -0.824329, 3.685908, -2.014922
9.685747, -19.410380, 13.720191, -7.203219, -0.836182, 3.688141, -1.926221
9.709566, -20.265636, 15.691946, -6.828308, -0.818289, 3.732034, -1.011862
9.717906, -20.151757, 16.142206, -6.877471, -0.811570, 3.943171, -0.697856
9.741893, -18.021413, 16.291150, -6.996029, -0.741278, 4.117688, 0.372121
9.749873, -18.453815, 17.155360, -7.860503, -0.603281, 4.267872, 1.108924
9.773888, -16.209416, 18.210546, -7.879347, -0.492131, 4.585103, 2.514993
9.781996, -16.124877, 19.481735, -7.853749, -0.342975, 4.770995, 3.466892
9.806165, -11.404787, 18.789454, -8.392617, -0.311351, 5.149010, 4.097049
9.814124, -10.518712, 19.439388, -9.073990, -0.206701, 5.177536, 4.800898
9.838285, -6.369775, 18.680564, -8.977362, 0.135647, 5.548751, 5.317732
9.846321, -5.203995, 18.265230, -8.806610, 0.191489, 5.629170, 5.458241
9.870434, -1.986729, 14.098590, -8.449443, 0.244700, 5.504351, 4.001693
9.878427, -1.339591, 13.196975, -8.282127, 0.171284, 5.348580, 3.719547
9.902606, 0.026858, 12.123309, -7.631187, 0.317916, 5.440937, 3.147062
9.910480, 0.448924, 11.795795, -7.306378, 0.193723, 5.271085, 2.718281
9.934490, 1.305769, 11.109187, -7.471042, 0.126374, 5.127336, 1.802429
9.942630, 1.541873, 11.518960, -7.449463, 0.085823, 5.289471, 2.146726
9.966765, 1.816298, 9.919525, -7.077061, 0.003034, 5.174173, 1.664801
9.974759, 1.758103, 8.741787, -6.838771, -0.217869, 5.052658, 1.048960
9.998934, 2.081299, 8.710529, -6.338264, -0.025150, 5.045747, 1.214946
10.006886, 2.216866, 8.834672, -6.305691, 0.019535, 5.194651, 1.212024
10.030887, 2.665831, 9.259207, -6.825137, 0.037730, 5.040637, 1.086099
10.039053, 2.698901, 8.962286, -6.728684, -0.083731, 5.045279, 0.689137
10.063055, 3.003899, 9.212918, -6.474739, 0.157285, 5.186390, 1.168849
10.071049, 2.745950, 8.106682, -6.058118, -0.118430, 5.003463, 0.476096
10.095217, 2.620125, 7.317940, -6.249797, -0.311011, 5.071019, 0.710416
10.103163, 2.741529, 7.520169, -6.273071, -0.052241, 5.146401, 0.939845
10.127337, 2.985961, 7.639438, -5.919491, -0.228589, 5.072098, 0.707320
10.135309, 3.180512, 7.984277, -6.294838, -0.055848, 4.999283, 0.845597
10.159468, 3.556534, 8.458839, -6.524546, -0.052149, 5.092135, 0.894193
10.167463, 3.642487, 8.520849, -6.264239, 0.099586, 5.028777, 1.056563
10.191488, 3.133837, 7.014253, -5.886232, -0.206267, 4.867746, 0.514925
10.199477, 3.277787, 7.253114, -5.956647, 0.071715, 4.965327, 0.984919
10.223655, 3.452513, 7.337842, -5.608807, 0.019640, 4.991884, 0.956344
10.231641, 3.622475, 7.607359, -5.683963, -0.174688, 4.914663, 1.034187
10.255757, 4.082620, 8.246490, -6.459149, -0.043362, 4.949631, 1.047222
10.263747, 4.244410, 8.473170, -6.480129, -0.004139, 4.956219, 1.173856
10.287777, 3.906478, 7.539634, -6.031894, -0.063844, 4.852405, 0.849151
10.295879, 3.752474, 7.165147, -6.243783, -0.061609, 4.892820, 0.931177
10.320081, 3.731129, 6.884901, -6.013183, 0.297851, 4.941918, 1.124401
10.328043, 3.624308, 6.657167, -5.670318, -0.081605, 4.868279, 0.751017
10.352052, 4.213076, 7.518922, -6.304920, 0.050279, 4.759660, 0.864563
10.360096, 4.401849, 7.766408, -6.841826, 0.158419, 4.945684, 0.933518
10.384226, 4.698200, 8.124155, -6.173338, -0.042427, 4.869981, 1.175967
10.392163, 4.523203, 7.765279, -6.010796, -0.155363, 4.881797, 0.972100
10.416361, 4.297489, 7.193052, -5.863023, -0.134189, 4.832005, 1.084752
10.424353, 4.220236, 7.012279, -5.642806, -0.134125, 4.855949, 0.931398
10.448330, 4.589328, 7.505975, -5.575332, -0.250745, 4.818798, 1.088159
10.456466, 4.710106, 7.622967, -5.895442, -0.129344, 4.886048, 1.018823
10.480552, 5.179065, 8.220618, -6.100184, -0.072478, 4.870341, 1.230778
10.488499, 5.062397, 8.001227, -5.833202, -0.183485, 4.818962, 1.042823
10.512670, 4.809763, 7.419101, -5.912737, -0.151651, 4.840669, 1.323698
10.520503, 4.665733, 7.169501, -5.781919, -0.277007, 4.834672, 1.311586
10.544672, 4.670057, 7.053285, -5.310735, -0.157589, 4.820215, 1.320078
10.552628, 4.852766, 7.294154, -5.278461, -0.093584, 4.783695, 1.421161
10.576800, 5.300492, 7.813150, -6.332522, -0.099098, 4.822562, 1.352417
10.584800, 5.464433, 8.068534, -5.931248, -0.181707, 4.675752, 1.459435
10.609087, 5.297825, 7.696236, -5.551645, -0.184792, 4.696448, 1.311544
10.616969, 5.274871, 7.567851, -5.557667, 0.077325, 4.663370, 1.535836
10.641106, 5.026801, 7.096625, -5.311542, 0.043143, 4.649509, 1.375030
10.649046, 5.271889, 7.432264, -5.154134, 0.120182, 4.621882, 1.673277
10.673247, 5.698204, 7.933130, -5.722129, 0.084394, 4.668636, 1.779361
10.681224, 5.812579, 8.058012, -5.962745, 0.040997, 4.599709, 1.797455
10.705392, 5.890270, 8.080646, -5.480577, 0.094072, 4.568330, 1.791112
10.713231, 5.834399, 7.898940, -5.627975, 0.294627, 4.619929, 1.830401
10.737378, 5.470846, 7.246911, -5.563009, 0.403167, 4.549260, 1.918510
10.745393, 5.382983, 7.146968, -5.327633, 0.231009, 4.505715, 1.787691
10.769379, 5.914327, 7.760189, -5.434139, 0.509694, 4.438240, 2.085688
10.777500, 5.958209, 7.728345, -5.959615, 0.538902, 4.518978, 1.936552
10.801683, 6.479486, 8.438782, -5.674823, 0.462370, 4.369525, 2.402484
10.809688, 6.479483, 8.364146, -5.695522, 0.571830, 4.478155, 2.346210
10.833638, 6.297226, 7.963483, -5.663666, 0.776992, 4.337396, 2.439604
10.841797, 6.126561, 7.781657, -5.373910, 0.518139, 4.324418, 2.315565
10.865771, 6.510341, 8.201747, -5.056416, 0.777161, 4.263470, 2.434957
10.873809, 6.627077, 8.334997, -5.216323, 0.703818, 4.337951, 2.492343
10.897943, 6.887944, 8.509054, -5.840217, 0.846176, 4.195270, 2.500595
10.906106, 6.976146, 8.660958, -5.666017, 0.666305, 4.238659, 2.549890
10.930103, 6.910474, 8.364233, -5.703084, 1.051767, 4.190158, 2.559046
10.938072, 6.814748, 8.312624, -5.514054, 0.735402, 4.184828, 2.707978
10.962256, 6.753885, 8.129158, -5.086787, 0.978512, 4.091209, 2.715684
10.970233, 6.928562, 8.308959, -5.152389, 1.049393, 4.204194, 2.802315
10.994348, 7.155222, 8.400099, -6.107691, 1.119777, 4.029683, 2.681905
11.002342, 7.271002, 8.589225, -6.086844, 0.910793, 4.039803, 2.790562
11.026348, 7.604315, 8.862159, -5.840739, 1.293059, 3.938895, 2.809674
11.034399, 7.585122, 8.838441, -5.674707, 1.189935, 4.022151, 2.804954
11.058526, 7.379162, 8.472937, -5.575592, 1.259411, 3.838265, 2.819361
11.066529, 7.428439, 8.495712, -5.546902, 1.275928, 3.939839, 2.821873
11.090551, 7.970300, 9.112587, -5.362818, 1.512631, 3.806442, 3.229751
11.098666, 7.940419, 9.109032, -5.420497, 1.225865, 3.783932, 3.167136
11.122849, 8.275136, 9.262546, -5.988104, 1.575162, 3.749421, 3.247934
11.130871, 8.228862, 9.168738, -5.861688, 1.552916, 3.793148, 3.133711
11.154995, 8.016114, 8.781468, -5.502080, 1.798658, 3.644687, 3.187989
11.162967, 7.883450, 8.619846, -5.428365, 1.658974, 3.659370, 3.140680
11.186988, 8.101467, 8.800366, -5.081621, 1.865472, 3.524925, 3.154596
11.194974, 8.161669, 8.787158, -5.455674, 1.841951, 3.564127, 3.146267
11.219133, 8.542196, 9.133707, -5.976496, 1.807167, 3.298487, 3.370132
11.227117, 8.869206, 9.445661, -6.012353, 1.987290, 3.369063, 3.527705
11.251262, 8.934626, 9.414268, -5.736518, 2.088441, 3.206432, 3.398367
11.259247, 8.902382, 9.332804, -5.894647, 2.024350, 3.206382, 3.466904
11.283262, 8.872305, 9.219687, -5.556812, 2.044161, 3.066201, 3.346322
11.291398, 9.060567, 9.462125, -5.388391, 2.000384, 3.050912, 3.444685
11.315416, 9.103825, 9.269812, -5.995367, 2.060126, 2.894210, 3.324668
11.323404, 9.261555, 9.350529, -6.418439, 2.076700, 2.882132, 3.444997
11.347548, 9.473945, 9.506368, -5.859359, 2.200097, 2.759158, 3.302560
11.355539, 9.573278, 9.600261, -5.783824, 2.186194, 2.735107, 3.371867
11.379570, 9.652064, 9.517434, -5.902069, 2.354312, 2.564324, 3.571893
11.387664, 9.713449, 9.538353, -5.806100, 2.370839, 2.592259, 3.552146
11.411679, 9.815567, 9.537382, -5.865369, 2.298655, 2.447302, 3.593535
11.419845, 9.762443, 9.410129, -5.992488, 2.281278, 2.403316, 3.559049
11.443824, 25.030178, -3.569824, -3.725470, -1.088095, 0.294439, 5.252640
11.451988, 26.129562, -4.389560, -3.222433, -1.359318, 0.136505, 5.293123
11.476158, 25.475095, -3.457119, -3.539238, -1.055567, 0.054272, 5.289342
11.483979, 24.289695, -2.604934, -3.584796, -0.817297, 0.173372, 5.135645
11.508128, 24.951241, -2.793494, -2.854893, -0.693623, -0.137591, 5.339587
11.516113, 24.059691, -1.787066, -2.816902, -0.565814, -0.171918, 5.352818
11.540293, 23.623474, -1.711353, -3.872210, -0.347324, -0.225604, 5.193243
11.548256, 23.643537, -1.499234, -3.582180, -0.329197, -0.301796, 5.173718
11.572278, 24.479708, -2.154714, -3.053967, -0.355236, -0.436948, 5.118701
11.580403, 23.446652, -1.390287, -3.385832, -0.081081, -0.417939, 5.006380
11.604596, 22.964633, -1.314348, -3.357252, -0.070527, -0.431897, 4.905308
11.612553, 23.778214, -2.104405, -2.850795, -0.180677, -0.677094, 4.929903
11.636557, 22.319514, -0.858900, -3.410785, 0.023681, -0.574891, 4.771582
11.644685, 22.368797, -1.126468, -3.631803, 0.249918, -0.682753, 4.735171
11.668727, 23.129609, -0.894550, -3.029951, 0.276425, -0.871098, 4.919375
11.676726, 24.500000, -2.226181, -2.851326, 0.109484, -1.142482, 4.933912
11.700985, 23.867718, -1.581281, -3.295168, 0.245173, -1.125691, 4.908917
11.709002, 23.024459, -1.113013, -3.401936, 0.481061, -1.008151, 4.628572
11.732998, 22.766718, -0.921485, -2.911188, 0.613073, -1.044515, 4.649062
11.740993, 22.854639, -1.248298, -2.839773, 0.550693, -1.187342, 4.603360
11.765111, 23.823977, -2.336482, -3.385177, 0.404935, -1.299659, 4.558302
11.773120, 23.766083, -1.521153, -3.055402, 0.451315, -1.402546, 4.515428
11.797310, 24.060008, -1.595405, -3.048145, 0.439686, -1.479031, 4.433530
11.805297, 23.951425, -2.034342, -3.208237, 0.527452, -1.411223, 4.327463
11.829309, 23.869394, -2.507103, -3.036109, 0.743702, -1.800764, 4.466069
11.837278, 23.088602, -1.723254, -3.284269, 1.077457, -1.667865, 4.414944
11.861301, 22.301366, -1.361900, -2.688604, 1.023604, -1.653805, 4.102439
11.869305, 22.075650, -1.283201, -2.770130, 1.144568, -1.542175, 4.137772
11.893464, 22.858676, -1.144769, -3.079327, 1.130342, -1.816487, 3.991061
11.901539, 23.153589, -0.836432, -3.204384, 1.191970, -1.657639, 4.021478
11.925592, 23.445461, -1.704242, -2.460118, 0.974349, -1.861732, 3.908407
11.933558, 22.887192, -0.967497, -3.071737, 1.229162, -1.693468, 3.906869
11.957724, 22.879588, -2.005704, -1.929167, 0.990859, -1.965412, 3.869577
11.965685, 21.747875, -0.869214, -2.349849, 1.239973, -1.734600, 3.767827
11.989841, 22.600998, -1.828523, -2.923658, 0.931855, -1.914804, 3.724060
11.997951, 22.161472, -1.366594, -2.925114, 0.952103, -1.880842, 3.708356
12.021837, 21.880018, -1.762787, -2.744177, 1.215126, -1.768013, 3.553713
12.029991, 21.623404, -1.475952, -2.237419, 1.128279, -1.927676, 3.544086
12.054023, 22.418660, -2.999649, -2.828396, 0.988417, -1.880905, 3.470314
12.062208, 21.599868, -2.330239, -3.016236, 1.169917, -1.708638, 3.273624
12.086172, 22.918960, -2.984356, -1.847257, 0.844720, -2.221121, 3.593094
12.094127, 23.025527, -2.946318, -1.970729, 0.954033, -2.376305, 3.524371
12.118267, 22.067676, -0.140299, -3.221457, 1.854619, -2.241429, 3.593897
12.126262, 22.807090, -0.502161, -3.698942, 1.938317, -2.444399, 3.582262
12.150411, 23.161330, -1.770408, -2.593525, 1.265140, -2.696400, 3.758128
12.158443, 22.469785, -1.416996, -2.407277, 1.243493, -2.605808, 3.542208
12.182462, 21.635700, -1.153931, -3.122244, 1.458400, -2.090444, 3.371152
12.190434, 22.534235, -2.163913, -3.803500, 1.502893, -2.150418, 3.255957
12.214594, 22.212690, -2.068581, -3.924390, 1.421773, -2.017583, 3.309957
12.222713, 21.458844, -1.498821, -3.473838, 1.403912, -2.118072, 3.228680
12.246740, 22.934085, -3.298477, -2.822019, 0.645025, -2.617310, 3.560435
12.254861, 22.636279, -3.195538, -2.488185, 0.621533, -2.646350, 3.480359
12.278912, 23.068189, -5.189416, -2.761624, 0.608727, -2.849939, 3.653141
12.286861, 22.932387, -5.759605, -3.066772, 0.699201, -2.842169, 3.538164
12.311044, 24.500290, -8.098160, -2.304760, 0.641912, -2.678903, 3.506449
12.319028, 23.852512, -7.291876, -2.348448, 0.788324, -2.553246, 3.346111
12.343088, 22.668849, -4.640004, -2.459535, 1.105923, -2.173261, 3.314071
12.351023, 21.953041, -4.188610, -2.459895, 1.188184, -2.073036, 3.138724
12.375210, 20.971202, -3.397643, -1.580301, 1.117738, -1.712875, 3.088342
12.383203, 20.471150, -3.504897, -0.714000, 1.138407, -1.599067, 2.857508
12.407478, 21.004052, -4.510221, 0.353692, 0.872012, -1.348712, 2.866531
12.415435, 21.168860, -5.239315, 0.749484, 0.780010, -1.326277, 2.714354
12.439488, 22.071761, -6.520143, 1.491051, 0.466764, -1.193097, 2.732786
12.447322, 21.774648, -6.355459, 1.724151, 0.455280, -1.130655, 2.619045
12.471631, 19.215242, -2.385809, 1.689120, 0.733438, -0.723830, 2.445040
12.479470, 18.656913, -1.585519, 1.578649, 0.778338, -0.650014, 2.372036
12.503604, 18.365217, -0.894378, 1.665624, 0.724279, -0.543108, 2.307643
12.511782, 17.687925, 0.351820, 1.637657, 0.802619, -0.441348, 2.283539
12.535744, 15.735315, 3.636137, 1.479905, 1.027939, -0.207886, 2.147812
12.543778, 16.023004, 3.473166, 1.373195, 0.968973, -0.224625, 2.187916
12.567895, 15.237664, 4.858606, 1.535084, 1.032817, -0.117463, 2.051181
12.575914, 14.759695, 5.854330, 1.653381, 1.094853, -0.045314, 2.054276
12.599894, 15.852567, 4.678211, 1.997091, 0.915787, -0.132989, 2.075011
12.608015, 15.577874, 5.379396, 1.831388, 0.940354, -0.106900, 2.083064
12.632008, 16.431078, 4.600564, 2.159312, 0.814968, -0.204032, 2.063387
12.640196, 16.660471, 4.411296, 1.977841, 0.777177, -0.252964, 2.059979
12.664214, 18.133202, 2.693628, 2.602372, 0.562129, -0.403469, 2.139707
12.672201, 18.273750, 2.462589, 3.084854, 0.557248, -0.419682, 2.082268
12.696358, 18.835928, 2.409985, 3.253739, 0.487127, -0.457424, 2.188223
12.704351, 18.427819, 2.961455, 3.025968, 0.523165, -0.449560, 2.112098
12.728500, 17.327088, 5.196977, 3.090353, 0.701713, -0.347611, 2.072098
12.736343, 16.537532, 6.576641, 3.551823, 0.870149, -0.247218, 2.028885
12.760493, 16.225654, 7.441244, 3.367173, 0.905202, -0.281493, 2.001858
12.768606, 16.874344, 6.710631, 3.107220, 0.807679, -0.377252, 2.070932
12.792617, 17.640471, 5.831218, 3.581870, 0.697749, -0.471698, 2.064738
12.800770, 17.814849, 5.928496, 3.803570, 0.698116, -0.480449, 2.125582
12.824781, 19.316962, 3.813801, 3.412734, 0.501114, -0.702280, 2.147307
12.832738, 19.752155, 3.620788, 3.406691, 0.466149, -0.746766, 2.271761
12.856957, 18.265418, 5.698948, 4.191519, 0.735675, -0.603982, 2.058609
12.864769, 18.326819, 6.174263, 3.820629, 0.770895, -0.626927, 2.172167
12.889077, 17.395691, 6.955057, 3.934418, 0.904146, -0.560779, 1.901479
12.897076, 17.526129, 7.140084, 4.374915, 0.957752, -0.524009, 1.990331
12.921080, 18.952735, 4.962106, 3.302871, 0.740957, -0.766644, 1.944892
12.929075, 19.217552, 5.123900, 3.450529, 0.742633, -0.805327, 2.086955
12.953223, 18.965095, 5.214698, 3.677282, 0.761403, -0.829139, 1.928218
12.961206, 18.690484, 6.097841, 3.575438, 0.834233, -0.819131, 2.004624
12.985385, 18.896527, 5.848262, 3.820714, 0.805730, -0.889943, 1.906489
12.993352, 19.370071, 5.720294, 3.536467, 0.780937, -0.964001, 2.044053
13.017491, 20.638526, 3.527308, 3.104523, 0.589605, -1.155683, 1.901737
13.025475, 21.416852, 2.914459, 2.479129, 0.518264, -1.288502, 2.051430
13.049520, 20.257161, 4.729238, 3.567540, 0.713876, -1.167043, 1.828175
13.057638, 19.967027, 5.670198, 3.498901, 0.810209, -1.161060, 1.873518
13.081648, 20.154675, 5.594737, 3.203354, 0.832358, -1.223321, 1.747986
13.089608, 20.768809, 5.089633, 2.634108, 0.779630, -1.327323, 1.839417
13.113642, 20.511618, 5.429424, 3.350715, 0.879140, -1.248355, 1.693461
13.121748, 19.739150, 6.867623, 3.408462, 1.008271, -1.201461, 1.673432
13.145947, 19.773667, 7.217880, 2.853145, 1.017510, -1.314530, 1.625174
13.153880, 20.201875, 6.640805, 2.276511, 0.973541, -1.402703, 1.619898
13.177901, 21.357406, 5.125865, 1.580615, 0.881049, -1.560256, 1.600205
13.186001, 21.292659, 5.521918, 1.443670, 0.909811, -1.604100, 1.633096
13.210221, 20.248660, 6.783395, 2.027080, 1.037678, -1.502761, 1.486914
13.218172, 20.494801, 6.577793, 1.738464, 1.007980, -1.578359, 1.545456
13.242226, 21.558595, 5.256264, 0.867386, 0.907881, -1.750997, 1.591360
13.250216, 21.719345, 5.089528, 0.460518, 0.884604, -1.806182, 1.571951
13.274350, 21.160828, 6.103462, 0.616250, 0.999624, -1.813642, 1.554458
13.282356, 20.834441, 5.681473, 0.587059, 0.958580, -1.781885, 1.464055
13.306510, 21.409545, 4.625495, -0.458329, 0.859347, -1.945335, 1.505658
13.314466, 21.976063, 3.831827, -1.064383, 0.809477, -2.018280, 1.547610
13.338500, 22.370488, 2.914860, -2.187417, 0.737517, -2.118499, 1.456946
13.346510, 22.220945, 3.735583, -1.215898, 0.894530, -2.046859, 1.494220
13.370658, 21.731732, 4.651084, -1.116477, 0.948230, -2.038957, 1.340745
13.378644, 22.240331, 4.412697, -1.279838, 0.978677, -2.105291, 1.419450
13.402826, 22.457733, 4.122685, -2.369493, 0.909130, -2.214865, 1.310892
13.410805, 22.564368, 4.764427, -1.744096, 1.030815, -2.216820, 1.364428
13.434964, 21.766600, 6.528156, -0.760312, 1.151896, -2.129561, 1.164375
13.442946, 22.171906, 6.174965, -1.021710, 1.148601, -2.195925, 1.204122
13.467104, 22.960542, 4.563088, -2.969178, 0.948819, -2.402001, 1.145415
13.475083, 23.132648, 4.535425, -3.597369, 0.921037, -2.502801, 1.165180
13.499258, 22.912083, 5.488326, -2.957744, 1.010669, -2.459154, 1.058026
13.507221, 22.764423, 5.834921, -2.664204, 1.037300, -2.439509, 0.994616
13.531228, 23.274461, 5.480421, -2.983952, 1.041790, -2.539641, 0.947595
13.539384, 23.544228, 5.120384, -3.852161, 0.973941, -2.652541, 0.942644
13.563400, 24.182180, 5.158110, -4.695478, 0.998312, -2.828765, 0.931418
13.571377, 23.704410, 6.030711, -4.253497, 1.013780, -2.763673, 0.803570
13.595518, 24.175346, 6.166245, -3.738789, 1.124910, -2.771634, 0.802135
13.603509, 24.150921, 5.648513, -4.765325, 0.993165, -2.832968, 0.731144
13.627555, 25.168147, 4.137327, -7.306113, 0.885151, -3.196466, 0.830219
13.635516, 24.750834, 4.399355, -7.418527, 0.822407, -3.153869, 0.701252
13.659691, 24.468517, 5.898397, -5.293745, 1.103429, -2.942979, 0.583043
13.667679, 24.297700, 6.103231, -5.803909, 1.060123, -2.933185, 0.503969
13.691824, 24.599881, 5.770997, -6.747080, 1.109175, -3.003569, 0.487501
13.699805, 24.268136, 6.195402, -6.621960, 1.115136, -2.988309, 0.417691
13.723963, 23.881610, 7.634829, -5.186893, 1.272690, -2.887740, 0.304947
13.731961, 23.772386, 8.234538, -4.651078, 1.315459, -2.836896, 0.248023
13.756102, 24.013379, 7.985126, -6.008036, 1.260290, -2.974884, 0.206195
13.764077, 24.322721, 7.375906, -6.622578, 1.238300, -3.039830, 0.222647
13.788063, 24.278663, 6.961816, -8.183333, 1.138448, -3.229204, 0.188658
13.796241, 24.356036, 7.552876, -6.874359, 1.289534, -3.121259, 0.149009
13.820281, 9.801662, -8.030646, -7.130087, 0.405692, -2.578976, -0.612445
13.828205, 10.321839, -8.525183, -7.673609, 0.468438, -2.652711, -0.488820
13.852415, 10.054745, -8.439603, -8.842630, 0.441780, -2.682863, -0.400539
13.860388, 9.961260, -8.451490, -8.236631, 0.561658, -2.697874, -0.347606
13.884564, 8.874166, -7.715716, -6.291002, 0.645709, -2.456770, -0.417198
13.892534, 9.334208, -8.146088, -7.139227, 0.685467, -2.587919, -0.323642
13.916677, 9.605830, -8.457234, -9.451877, 0.584982, -2.795402, -0.239534
13.924685, 9.844061, -8.700791, -10.325314, 0.639798, -2.970624, -0.172979
13.948703, 9.200485, -8.269110, -9.076929, 0.761356, -2.738044, -0.200415
13.956827, 9.043043, -8.166506, -9.072461, 0.841213, -2.776349, -0.184395
13.980969, 8.580946, -7.859112, -8.049684, 0.926263, -2.621558, -0.188807
13.988969, 8.414176, -7.728837, -8.679934, 0.934258, -2.713871, -0.196261
14.013106, 8.138956, -7.571818, -7.541076, 1.024096, -2.553648, -0.229400
14.021095, 7.651140, -7.149681, -7.081898, 1.051863, -2.536390, -0.280565
14.045101, 7.337499, -6.934694, -6.345296, 1.168962, -2.504314, -0.312067
14.053078, 7.147008, -6.769553, -7.389717, 1.090944, -2.584960, -0.340490
14.077289, 7.568539, -7.222342, -9.710128, 1.145369, -2.826856, -0.285676
14.085274, 7.125526, -6.827168, -9.222260, 1.106956, -2.751965, -0.355161
14.109315, 7.075801, -6.853209, -6.892500, 1.346906, -2.592172, -0.376027
14.117269, 6.773692, -6.583324, -6.873702, 1.287762, -2.553353, -0.422691
14.141411, 7.054862, -6.911159, -8.256454, 1.385780, -2.731227, -0.407640
14.149397, 6.791543, -6.678133, -7.671761, 1.358390, -2.635783, -0.459237
14.173568, 6.536616, -6.491313, -7.040537, 1.502074, -2.578776, -0.525729
14.181549, 6.654052, -6.625566, -6.080718, 1.538077, -2.426077, -0.536273
14.205726, 6.289233, -6.328702, -7.704167, 1.559254, -2.533607, -0.635768
14.213708, 6.448582, -6.504141, -7.987847, 1.562307, -2.490056, -0.630656
14.237842, 5.980912, -6.102505, -10.249116, 1.544673, -2.684698, -0.731102
14.245840, 6.295550, -6.434041, -9.122771, 1.641573, -2.534231, -0.713906
14.269843, 5.813769, -6.015082, -8.246192, 1.683782, -2.467656, -0.820280
14.277944, 5.974137, -6.196459, -8.647259, 1.715612, -2.471453, -0.820138
14.301993, 5.710396, -5.987423, -8.526241, 1.790495, -2.495210, -0.870357
14.310130, 5.901913, -6.197770, -7.668592, 1.875139, -2.415587, -0.837414
14.334153, 5.903030, -6.254124, -5.866533, 1.966272, -2.240287, -0.837168
14.342107, 5.921347, -6.294215, -7.041602, 1.988687, -2.361894, -0.843639
14.366112, 6.130355, -6.572019, -8.461036, 1.957215, -2.337546, -0.827914
14.374251, 6.157225, -6.622589, -9.384542, 2.021625, -2.451298, -0.832120
14.398291, 6.099528, -6.625626, -8.003673, 2.087366, -2.274321, -0.827356
14.406380, 6.091498, -6.637079, -8.143880, 2.093706, -2.225756, -0.807652
14.430531, 5.974871, -6.571625, -8.138748, 2.167587, -2.217769, -0.764755
14.438412, 5.563221, -6.154449, -9.216830, 2.061897, -2.266516, -0.784808
14.462554, 5.020327, -5.610290, -8.608382, 2.120197, -2.283870, -0.714082
14.470560, 4.685940, -5.266774, -8.215872, 2.077841, -2.289941, -0.741957
14.494724, 4.959278, -5.610571, -7.889088, 2.163357, -2.185798, -0.638980
14.502691, 4.379425, -4.992984, -8.491316, 2.159709, -2.309573, -0.697973
14.526722, 4.036575, -4.660629, -11.342269, 2.062937, -2.299398, -0.631441
14.534837, 3.949981, -4.575844, -10.558612, 2.134617, -2.272854, -0.626660
14.558846, 4.206226, -4.898569, -9.406601, 2.203509, -2.057433, -0.493006
14.566813, 4.000745, -4.680250, -8.865195, 2.202370, -2.047287, -0.497421
14.591005, 3.546559, -4.219580, -9.914787, 2.165270, -2.094286, -0.515769
14.598967, 3.778344, -4.499272, -9.209801, 2.187927, -1.978976, -0.469952
14.623153, 3.808101, -4.586570, -8.197274, 2.261242, -1.888316, -0.449545
14.631128, 4.160014, -5.013951, -7.600218, 2.291820, -1.754591, -0.391420
14.655305, 3.434183, -4.239096, -8.388758, 2.270266, -1.850152, -0.516083
14.663128, 3.323750, -4.134465, -9.212710, 2.214723, -1.824799, -0.511040
14.687311, 2.241719, -2.919343, -10.539606, 2.154904, -2.010414, -0.695751
14.695309, 2.580497, -3.338191, -9.908307, 2.151927, -1.867857, -0.628586
14.719450, 2.305036, -3.053787, -9.026855, 2.259981, -1.829012, -0.702667
14.727429, 1.994834, -2.701511, -9.981281, 2.178937, -1.805667, -0.721912
14.751590, 8.542382, 3.629665, -9.944480, 1.951802, -1.704488, -2.377833
14.759567, 8.396504, 3.448133, -9.543121, 1.906181, -1.586768, -2.308689
14.783708, 9.815658, 3.413788, -8.118815, 2.016004, -1.406906, -2.491810
14.791722, 8.605291, 3.558925, -9.150409, 1.892343, -1.443226, -2.420738
14.815839, 6.609131, 4.478730, -10.776301, 1.809333, -1.686637, -2.586776
14.823929, 5.880134, 4.542005, -11.474432, 1.748992, -1.704259, -2.549055
14.847878, 6.569428, 4.460109, -10.599476, 1.740630, -1.564808, -2.662922
14.856004, 6.644954, 4.579289, -10.767446, 1.758252, -1.568145, -2.730939
14.879852, 5.817831, 4.555542, -10.188404, 1.665786, -1.515859, -2.718425
14.888012, 5.556221, 4.858569, -10.627155, 1.676855, -1.570356, -2.815394
14.912129, 5.730648, 4.467555, -9.806207, 1.633362, -1.417620, -2.807808
14.920164, 5.929760, 4.631959, -9.174849, 1.659457, -1.426383, -2.910364
14.944181, 5.796952, 4.314870, -8.500409, 1.576903, -1.297978, -2.882571
14.952175, 5.441723, 4.797636, -8.874056, 1.577280, -1.371543, -3.028343
14.976348, 3.146827, 5.402337, -10.820652, 1.425310, -1.467734, -2.991030
14.984443, 3.402718, 5.630511, -10.129078, 1.441813, -1.486384, -3.133836
15.008625, 3.730672, 4.941479, -9.373028, 1.386429, -1.304469, -3.062885
15.016449, 3.976361, 5.163753, -9.118736, 1.413347, -1.326978, -3.221139
15.040596, 2.073766, 5.467579, -10.240727, 1.307275, -1.381263, -3.197227
15.048561, 2.302429, 5.626507, -9.767967, 1.303491, -1.381308, -3.334802
15.072749, 2.257751, 5.059418, -8.965557, 1.256531, -1.288391, -3.352729
15.080751, 2.633477, 4.848291, -8.574957, 1.266734, -1.245285, -3.395436
15.104928, 0.955462, 5.291548, -8.989621, 1.183325, -1.346553, -3.507144
15.112900, -0.350423, 5.678190, -9.504412, 1.125106, -1.437528, -3.536532
15.136927, -1.360719, 6.030682, -10.368375, 1.099026, -1.441672, -3.653373
15.144903, -0.979696, 5.672087, -9.821701, 1.092367, -1.365638, -3.624231
15.169052, -1.236309, 5.330698, -9.051084, 1.076765, -1.335789, -3.742389
15.177050, -2.475167, 5.421285, -9.253146, 1.016229, -1.388272, -3.675585
15.201192, -2.360982, 5.779069, -9.267333, 0.973074, -1.297156, -3.812135
15.209182, -1.923362, 5.011183, -8.986320, 0.991079, -1.176912, -3.691289
15.233361, -1.052923, 4.351395, -7.552625, 0.984117, -1.060748, -3.851390
15.241317, -1.892610, 4.065414, -8.014687, 0.958593, -1.037907, -3.707444
15.265351, -4.005151, 4.973248, -8.731877, 0.867295, -1.159845, -3.897476
15.273306, -5.074901, 4.876094, -9.294232, 0.849438, -1.180765, -3.785890
15.297486, -4.568290, 4.396708, -8.180774, 0.802051, -1.069724, -3.910622
15.305453, -4.863531, 4.073541, -8.115871, 0.788096, -1.029446, -3.813715
15.329624, -5.649567, 4.387126, -7.880774, 0.703303, -1.041608, -3.997484
15.337601, -7.085463, 4.627843, -8.264251, 0.661777, -1.107530, -3.932050
15.361787, -6.929608, 4.367295, -7.779224, 0.605406, -1.016945, -4.066933
15.369762, -6.558782, 3.772602, -7.493071, 0.608636, -0.950512, -3.987816
15.393761, -7.036092, 3.639164, -7.191164, 0.552127, -0.894970, -4.079784
15.401895, -8.109636, 3.997626, -7.143371, 0.480768, -0.958458, -4.104026
15.425887, -11.204798, 4.987049, -7.282474, 0.411445, -1.037922, -4.147792
15.434057, -10.693357, 4.602007, -7.125771, 0.444582, -0.942552, -4.151151
15.458039, -10.305774, 3.674787, -6.556051, 0.501259, -0.738522, -4.059189
15.466054, -10.155262, 3.732222, -6.028597, 0.472690, -0.687202, -4.163308
15.490041, -11.904418, 3.621732, -5.971662, 0.497305, -0.651067, -4.100193
15.498183, -11.811482, 3.462109, -5.642108, 0.491274, -0.596692, -4.124649
15.522181, -10.075137, 2.234813, -4.575988, 0.505619, -0.329461, -4.098986
15.530310, -9.705535, 1.727401, -4.070699, 0.489336, -0.251244, -4.025197
15.554446, -10.638209, 1.926882, -4.525426, 0.496661, -0.148362, -4.138205
15.562429, -12.158081, 2.195345, -4.220614, 0.446671, -0.231717, -4.091593
15.586623, -13.402705, 2.315614, -4.162242, 0.412422, -0.208139, -4.207810
15.594480, -12.953599, 1.710065, -3.713518, 0.398754, -0.158159, -4.144557
15.618618, -12.640036, 2.159572, -3.683975, 0.298393, -0.034608, -4.302289
15.626771, -13.406829, 2.374012, -3.519840, 0.249755, -0.073005, -4.320892
15.650858, -14.867341, 2.501141, -3.453817, 0.151018, -0.088294, -4.397190
15.658792, -14.496112, 2.118116, -3.561036, 0.159255, -0.037680, -4.412624
15.682945, -13.554749, 1.109274, -3.521405, 0.115868, 0.074602, -4.334879
15.690931, -13.889732, 1.306555, -3.531876, 0.051212, 0.095372, -4.406266
15.715081, -16.969428, 1.465518, -2.607972, -0.104270, -0.103967, -4.437044
15.723069, -17.943861, 1.675132, -2.895659, -0.125582, -0.109092, -4.537041
15.747084, -18.142086, 0.764541, -2.691543, -0.143743, -0.076427, -4.428172
15.755204, -18.127427, 0.769973, -2.653470, -0.190353, -0.035648, -4.533296
15.779225, -19.161550, 0.017353, -2.205126, -0.264410, -0.057189, -4.481639
15.787198, -20.197422, 0.493407, -2.394972, -0.313411, -0.048244, -4.607973
15.811385, -20.154823, -0.893081, -2.067426, -0.331328, -0.007545, -4.504824
15.819309, -19.324766, -1.272560, -1.837249, -0.402507, 0.084079, -4.590241
15.843515, -19.597276, -2.178406, -1.366403, -0.442366, 0.088044, -4.531788
15.851489, -20.444255, -1.847108, -1.368805, -0.492592, 0.101357, -4.631071
15.875546, -22.325726, -1.999099, -0.404766, -0.578885, 0.006865, -4.648469
15.883502, -22.602379, -2.095530, -0.547747, -0.581621, 0.045692, -4.683781
15.907674, -22.104324, -2.917874, -0.147579, -0.657715, 0.137629, -4.635972
15.915660, -21.909029, -3.039663, -0.513622, -0.645196, 0.201313, -4.623193
15.939668, -22.427133, -3.063381, 0.183255, -0.795405, 0.275246, -4.698961
15.947656, -23.319612, -3.116358, -0.143112, -0.740093, 0.269940, -4.670331
15.971948, -23.796698, -3.471518, 0.510901, -0.847459, 0.313474, -4.751411
15.979933, -23.785131, -3.811119, 0.321612, -0.813011, 0.327163, -4.728589
16.004074, -22.594146, -4.063186, -0.637589, -0.761098, 0.529290, -4.650714
16.012078, -21.683198, -4.374709, -0.525931, -0.795843, 0.586968, -4.636640
16.036068, -23.717464, -3.994344, -1.294075, -0.682393, 0.637549, -4.636294
16.044076, -23.257138, -3.984740, -0.880905, -0.798058, 0.700759, -4.696425
16.068223, -25.376254, -4.047466, -0.783053, -0.719376, 0.645029, -4.649020
16.076217, -26.442281, -3.488255, -1.143091, -0.730245, 0.711664, -4.767769
16.100371, -25.492030, -4.692555, 0.016905, -0.816846, 0.684985, -4.669459
16.108374, -24.818513, -4.860877, -1.271197, -0.741515, 0.846269, -4.708039
16.132482, -25.627404, -5.393770, -2.212986, -0.583097, 0.871506, -4.628381
16.140539, -25.545350, -5.342917, -1.521787, -0.701111, 0.888223, -4.670216
16.164547, -26.644536, -5.471115, -2.742374, -0.537572, 0.949636, -4.632854
16.172540, -26.535225, -5.584594, -3.248950, -0.498248, 1.006896, -4.630402
16.196675, -26.626983, -5.603420, -0.996258, -0.799843, 0.937308, -4.671825
16.204700, -26.750834, -5.768033, -1.849804, -0.700347, 0.983302, -4.644629
16.228818, -26.564535, -5.998430, -2.261170, -0.694513, 1.073424, -4.644854
16.236814, -26.041228, -6.365309, -2.277877, -0.696616, 1.074112, -4.586001
16.260830, -23.522588, -7.145550, -2.045779, -0.855730, 1.204749, -4.555132
16.268575, -23.328678, -7.496598, -1.659523, -0.862999, 1.155086, -4.494177
16.292943, -22.848905, -7.654097, -2.085946, -0.907973, 1.272112, -4.531285
16.301073, -23.056745, -7.957503, -2.743163, -0.781546, 1.269308, -4.464539
16.325128, -24.290711, -7.408978, -1.011043, -1.021450, 1.212993, -4.595402
16.333083, -24.213575, -7.809521, -0.895330, -0.991466, 1.154500, -4.519298
16.357260, -24.655015, -7.727177, 0.863847, -1.211673, 1.097093, -4.587260
16.365271, -25.606316, -7.464970, 1.488680, -1.258387, 1.041550, -4.626562
16.389445, -26.682651, -7.652432, 0.122581, -1.060253, 1.095418, -4.622981
16.397426, -26.380210, -7.809026, -0.272035, -1.047626, 1.144929, -4.619989
16.421554, -28.412116, -7.501946, 1.595824, -1.151434, 0.962665, -4.683154
16.429544, -29.631944, -6.955620, 1.999425, -1.204568, 0.957730, -4.782806
16.453551, -32.134505, -6.584077, 3.466968, -1.220416, 0.767036, -4.827617
16.461537, -32.117769, -6.450365, 2.278339, -1.145940, 0.901645, -4.892567
16.485709, -30.722072, -7.391554, 1.048511, -1.011240, 0.957013, -4.758244
16.493702, -30.029112, -7.288297, 0.778173, -1.075786, 1.064232, -4.804291
16.517845, -29.982642, -7.746560, 2.383625, -1.212233, 0.914055, -4.760671
16.525818, -29.712762, -7.441022, 2.890879, -1.360126, 0.973862, -4.845846
16.549840, -29.386326, -7.715415, 4.022707, -1.436907, 0.849537, -4.759098
16.557932, -28.570741, -7.137736, 4.077238, -1.610724, 0.903457, -4.852594
16.581968, -23.270298, -6.047297, 2.011230, -1.626205, 0.754528, -4.762331
16.590082, -20.405702, -4.904945, 1.200325, -1.786145, 0.840894, -4.825324
16.614115, -15.759177, -0.960403, 0.766333, -2.240362, 0.664332, -4.654228
16.622220, -13.535416, 0.322122, 0.012355, -2.529131, 0.722459, -4.638529
16.646409, -8.430215, 4.187825, -0.259691, -3.113947, 0.427969, -4.557922
16.654361, -6.386833, 5.620405, -0.110973, -3.356415, 0.481206, -4.590085
16.678277, 2.649482, 7.982418, 0.796551, -3.497038, 0.737998, -4.087280
16.686368, 6.499216, 9.485255, 1.455528, -3.591577, 0.976889, -4.004319
16.710371, 15.007032, 14.550153, 3.514118, -3.791219, 1.090794, -3.698004
16.718469, 17.243638, 16.575581, 3.636245, -4.079363, 1.178470, -3.748960
16.742666, 22.107785, 19.622471, -0.040295, -4.009708, 1.035358, -3.768797
16.750676, 24.030133, 19.988557, -1.033397, -3.823216, 1.133085, -3.886960
16.774679, 26.056714, 20.303914, -1.844732, -3.204460, 1.211645, -3.866420
16.782657, 27.091270, 21.539953, -2.218549, -3.319766, 1.171369, -3.958103
16.806891, 30.312484, 24.152684, -2.038153, -3.664082, 1.094912, -3.873757
16.814798, 31.087378, 24.660884, -1.297776, -3.528564, 1.161185, -3.888362
16.838986, 31.980909, 25.045700, -3.316926, -3.419366, 1.132325, -3.972097
16.847030, 31.973551, 25.271801, -3.838316, -3.410603, 1.099087, -3.916182
16.871164, 33.829100, 26.042488, -3.998948, -3.263457, 1.454261, -3.785660
16.878980, 33.258918, 26.202719, -3.771352, -3.395363, 1.225192, -3.795909
16.903092, 36.167144, 26.502070, -2.499178, -3.335557, 1.271188, -3.914541
16.911113, 36.962544, 26.885506, -3.292089, -3.262896, 1.254335, -3.805891
16.935250, 37.654585, 26.389486, -4.939342, -3.055709, 1.413857, -3.788141
16.943268, 36.677657, 25.691623, -4.949377, -2.956326, 1.329416, -3.806206
16.967461, 38.509055, 27.706710, -3.771259, -3.083508, 1.220255, -3.876803
16.975411, 39.097410, 28.409491, -3.802517, -3.122031, 1.254213, -3.878154
16.999435, 37.389399, 27.169563, -4.624831, -2.873252, 1.170293, -3.961083
17.007545, 37.703155, 27.735751, -4.972342, -2.916075, 1.095999, -4.096108
17.031565, 39.236506, 26.730411, -5.758683, -2.466886, 0.942816, -4.187873
17.039549, 39.229048, 27.089307, -5.911548, -2.546988, 0.829368, -4.367809
17.063699, 38.146043, 27.630653, -5.333176, -2.438133, 0.615107, -4.447213
17.071702, 37.868288, 26.857409, -5.293065, -2.394067, 0.620432, -4.538958
17.095853, 37.563178, 25.743769, -4.651729, -2.269530, 0.496063, -4.510216
17.103834, 37.724557, 25.301139, -4.959151, -2.060262, 0.530212, -4.613270
17.127975, 37.971341, 24.512928, -5.092094, -1.874751, 0.439464, -4.598581
17.135981, 37.125826, 24.472822, -4.553199, -1.989814, 0.261443, -4.842008
17.160002, 35.790422, 23.416589, -5.496692, -1.654056, 0.061622, -4.882630
17.168101, 35.588935, 22.524661, -4.997316, -1.489047, 0.120681, -4.888885
17.192106, 35.649054, 21.897461, -5.198459, -1.152409, -0.184928, -4.951977
17.200267, 34.534904, 21.762139, -5.316503, -1.068253, -0.409524, -5.093849
17.224469, 34.203181, 20.571822, -4.519801, -0.812286, -0.579582, -5.113987
17.232302, 33.786112, 19.709855, -4.929076, -0.680398, -0.592277, -5.091256
17.256252, 33.012644, 19.361022, -4.523706, -0.470042, -0.932628, -5.215700
17.264447, 32.839889, 18.371842, -4.836819, -0.258815, -0.871970, -5.073637
17.288455, 31.842995, 17.818423, -4.168268, -0.098430, -1.216152, -5.222601
17.296434, 31.312178, 17.962404, -3.810730, -0.096473, -1.282149, -5.175851
17.320739, 30.764335, 17.104960, -3.222440, 0.248265, -1.518075, -5.223958
17.328557, 29.570455, 17.692147, -2.749546, 0.257728, -1.787310, -5.226936
17.352730, 29.337029, 16.533314, -3.266062, 0.714124, -1.905467, -5.115849
17.360673, 27.888032, 16.497416, -3.247122, 0.664711, -2.074700, -5.019073
17.384732, 27.568108, 15.453412, -3.657664, 1.014298, -2.199984, -4.913784
17.392845, 26.348855, 15.016530, -3.689677, 1.054197, -2.327528, -4.794282
17.417033, 25.772843, 14.569019, -3.231986, 1.240586, -2.551522, -4.756490
17.424974, 25.125819, 14.317256, -2.984408, 1.338976, -2.545665, -4.615843
17.449057, 24.103264, 13.651139, -2.651977, 1.593043, -3.002512, -4.571529
17.457003, 23.985863, 13.255232, -2.591779, 1.855830, -2.960599, -4.359630
17.481161, 23.079050, 12.672788, -1.766869, 1.867971, -3.317407, -4.363242
17.489114, 22.504530, 12.515453, -1.537811, 2.035794, -3.267038, -4.303188
17.513308, 22.849206, 11.491094, -1.258073, 2.187238, -3.448411, -4.138319
17.521283, 22.074401, 11.079290, -1.337455, 2.339996, -3.496422, -4.109711
17.545267, 21.807394, 9.923038, -1.453509, 2.511704, -3.565184, -3.753552
17.553458, 21.347865, 9.930374, -1.791981, 2.585558, -3.760800, -3.801868
17.577456, 19.987989, 8.796888, -1.124446, 2.909314, -3.999492, -3.346357
17.585444, 20.147867, 9.110480, -1.758493, 2.964881, -4.304430, -3.480971
17.609566, 18.898000, 8.618779, -0.400819, 3.047544, -4.308898, -3.166299
17.617589, 19.998656, 8.313614, -1.261304, 3.157503, -4.440109, -3.169446
17.641758, 18.652948, 8.086432, -0.052249, 3.232940, -4.526118, -2.875105
17.649711, 19.826918, 7.305888, -0.820192, 3.433370, -4.555341, -2.822001
17.673902, 18.343548, 7.959496, 0.667073, 3.388931, -4.802529, -2.697122
17.681718, 19.072406, 6.995354, 0.104322, 3.608553, -4.745729, -2.543567
17.705924, 18.299659, 6.537063, 0.811576, 3.704135, -4.997457, -2.131947
17.713997, 18.709330, 6.116695, 0.466262, 3.875875, -4.916496, -2.007500
17.738042, 18.591720, 5.181905, -0.130309, 3.893782, -4.979305, -1.660224
17.746019, 18.314263, 5.439658, -0.337007, 4.032480, -5.100676, -1.628002
17.770192, 18.285389, 4.082627, -0.914856, 4.082890, -5.014152, -1.135856
17.778157, 17.513949, 4.212621, -1.123319, 4.235882, -5.285258, -1.168572
17.802199, 17.485716, 2.904790, -1.160436, 4.274216, -5.086696, -0.706867
17.810316, 17.101738, 2.558394, -1.316483, 4.410531, -5.331725, -0.655196
17.834451, 16.980474, 1.090176, -1.366525, 4.526446, -5.222283, 0.075873
17.842422, 17.121346, 0.901534, -1.644562, 4.627775, -5.390988, 0.134560
17.866440, 16.747076, 0.205585, -1.195452, 4.682021, -5.400886, 0.429620
17.874428, 17.156556, -0.050952, -1.144454, 4.736931, -5.309627, 0.601788
17.898624, 16.525058, -0.355206, -0.825174, 4.810411, -5.601952, 0.816014
17.906619, 16.438067, -0.485003, -0.690132, 4.769580, -5.380721, 0.995574
17.930758, 16.519722, -0.687573, -1.023704, 4.877659, -5.730717, 1.209650
17.938770, 16.475094, -1.293425, -0.961509, 4.781919, -5.375222, 1.472947
17.962778, 15.465858, -1.386847, -0.708442, 4.949394, -5.807702, 1.881564
17.970758, 15.358398, -1.711186, -0.762825, 4.814265, -5.572840, 2.016154
17.994925, 14.411866, -1.372255, 0.011301, 4.909917, -5.862931, 2.220685
18.003053, 14.760607, -1.480101, -0.332210, 4.796500, -5.865348, 2.338745
18.027056, 14.257219, -1.548597, 0.578565, 4.864591, -5.833698, 2.632686
18.035050, 15.346778, -1.999386, 0.152546, 4.762982, -5.817570, 2.726384
18.059186, 14.248874, -2.075199, 1.522997, 4.802570, -5.676067, 3.121716
18.067191, 14.539362, -2.694589, 1.037034, 4.685634, -5.749698, 3.312117
18.091344, 12.070753, -2.174322, 2.275828, 4.812631, -5.924858, 3.706976
18.099344, 12.478073, -2.693653, 1.870618, 4.666980, -5.863256, 3.753439
18.123345, 3.533435, 1.315216, 1.443948, 5.516021, -8.554695, 3.825936
18.131332, 3.559485, 1.375715, 1.124879, 5.422182, -8.484971, 3.869448
18.155649, 3.128366, 0.524468, 1.219811, 5.518179, -8.534668, 4.470168
18.163496, 3.177328, 0.596074, 0.994977, 5.535320, -8.476522, 4.508481
18.187646, 2.800702, -0.346724, 0.752989, 5.518406, -8.591216, 5.187291
18.195590, 2.681976, -0.718808, 0.538930, 5.604990, -8.618215, 5.446275
18.219645, 2.474543, -1.312213, 0.467335, 5.488894, -8.655573, 6.035973
18.227784, 2.420870, -1.774178, 0.148062, 5.638599, -8.892130, 6.242959
18.251788, 2.151804, -2.143552, 0.576484, 5.393080, -8.551147, 6.683248
18.259784, 2.139411, -2.608788, 0.216803, 5.581663, -8.816706, 6.971518
18.283901, 1.984976, -2.986665, 0.258916, 5.378418, -8.563325, 7.381993
18.291880, 2.139116, -3.178719, -0.116053, 5.606351, -8.914485, 7.742193
18.316070, 2.076096, -3.742908, -0.565788, 5.362724, -8.792886, 8.397730
18.324197, 2.105260, -3.990979, -0.767556, 5.419553, -8.865512, 8.783865
18.348339, 2.062916, -4.477815, -0.941126, 5.205831, -8.776028, 9.268742
18.356353, 1.956744, -4.969587, -1.001215, 5.240558, -8.747918, 9.555348
18.380245, 1.711156, -5.558743, -0.447999, 4.989778, -8.525997, 10.064462
18.388359, 1.626197, -5.959073, -0.458556, 4.995008, -8.463086, 10.310203
18.412318, 1.343776, -6.673008, 0.249083, 4.843659, -8.269915, 10.921129
18.420466, 1.371064, -6.717968, 0.145250, 4.692005, -8.166036, 11.072098
18.444519, 0.898547, -7.548282, 1.239092, 4.455260, -7.714415, 11.739869
18.452517, 0.907834, -7.731997, 1.039998, 4.195786, -7.616333, 11.933967
18.476639, 0.593286, -8.252645, 1.883240, 4.048751, -7.260180, 12.355156
18.484650, 0.591704, -8.746558, 1.532966, 3.826851, -7.260550, 12.568945
18.508806, 0.443638, -8.988772, 1.915590, 3.542989, -6.825556, 12.948985
18.516790, 0.433470, -9.597420, 1.598710, 3.381652, -6.833255, 13.253299
18.540924, 0.308087, -9.893224, 1.962884, 3.076043, -6.497011, 13.717906
18.548915, 0.382967, -10.373784, 1.664577, 3.043656, -6.572601, 14.179396
18.572928, 0.164705, -11.145320, 1.917318, 2.489406, -6.188478, 14.792589
18.581049, 0.221410, -11.449955, 1.759182, 2.471970, -6.150720, 15.230159
18.605249, 0.090133, -11.776222, 2.066465, 2.079606, -5.837243, 15.685812
18.613061, 0.071830, -12.299008, 1.990661, 2.037178, -5.790838, 16.178495
18.637238, -0.164348, -12.673877, 2.511496, 1.546243, -5.465827, 16.668272
18.645173, -0.276982, -13.643056, 2.487495, 1.445480, -5.460753, 17.288807
18.669395, -0.547648, -14.351741, 2.928789, 0.998434, -5.163570, 18.006526
18.676964, -0.555167, -14.721237, 2.766241, 0.786904, -5.066185, 18.274329
18.701370, -0.749074, -16.076889, 2.698005, 0.197722, -4.685147, 19.473414
18.709482, -0.634227, -15.902036, 2.393803, -0.068801, -4.568812, 19.475350
18.733694, -0.936400, -17.555172, 2.416580, -0.503497, -4.209929, 20.631951
18.741514, -0.948750, -18.055308, 2.212576, -0.798572, -4.168473, 20.978857
18.765695, -1.549101, -19.228973, 2.936979, -1.394245, -3.669693, 21.915147
18.773691, -1.721480, -20.008099, 2.944043, -1.671382, -3.557717, 22.413604
18.797793, -2.169023, -20.685105, 3.335301, -2.333088, -3.078296, 23.182660
18.805765, -2.381612, -21.406201, 3.378331, -2.613492, -2.855163, 23.619944
18.829926, -3.058019, -22.475967, 3.894881, -3.628089, -2.281308, 24.425891
18.837911, -0.445926, 3.272089, 3.352700, -2.478268, 0.751660, 3.844346
18.861937, -0.474895, 3.385077, 3.361285, -2.522805, 0.705731, 3.830802
18.870032, -0.617461, 3.496961, 3.665147, -2.605187, 0.811354, 3.889284
18.894092, -0.537376, 3.593049, 3.441025, -2.661654, 0.814913, 3.887149
18.902200, -0.681697, 3.666563, 3.708462, -2.689630, 0.931337, 3.895176
18.926224, -0.580530, 3.713908, 3.416566, -2.757142, 1.056807, 3.850639
18.934241, -0.482045, 3.733275, 3.217519, -2.841534, 0.945953, 3.845370
18.958221, -0.486021, 4.019200, 3.282002, -3.037380, 1.192620, 4.034213
18.966342, -0.398663, 3.977706, 3.065316, -3.109261, 1.249853, 3.959481
18.990351, -0.467088, 4.330305, 3.281159, -3.362405, 1.465611, 4.172824
18.998446, -0.511928, 4.286109, 3.292264, -3.378914, 1.526052, 4.056654
19.022552, -0.312386, 4.427536, 2.956506, -3.422841, 1.484500, 4.171493
19.030281, -0.527948, 4.426690, 3.272470, -3.423241, 1.520500, 4.044862
19.054648, -0.638127, 4.476072, 3.377457, -3.548104, 1.675914, 3.896505
19.062640, -0.537243, 4.490131, 3.199520, -3.558487, 1.619042, 3.917430
19.086798, -0.890460, 4.430596, 3.628881, -3.517457, 1.664777, 3.592776
19.094767, -0.909224, 4.580065, 3.704166, -3.650415, 1.714440, 3.675750
19.118990, -0.740406, 4.586404, 3.370967, -3.677239, 1.778924, 3.631848
19.126956, -0.672573, 4.422436, 3.164153, -3.660799, 1.591514, 3.457629
19.150961, -0.890482, 4.648583, 3.523171, -3.735495, 1.853867, 3.465235
19.159097, -0.739035, 4.729690, 3.318142, -3.881154, 1.812187, 3.546758
19.183141, -0.910804, 4.483202, 3.377754, -3.932295, 2.039199, 3.013794
19.191110, -0.838057, 4.378976, 3.204231, -3.961867, 1.942526, 2.891944
19.215286, -0.386064, 4.629939, 2.627550, -4.158908, 2.028518, 3.214363
19.223268, -0.355996, 4.713979, 2.607570, -4.243821, 2.168047, 3.238370
19.247414, -0.184831, 4.330354, 2.155338, -4.226119, 1.978188, 2.814530
19.255012, -0.273712, 4.239735, 2.228429, -4.093928, 1.985636, 2.692970
19.279419, -0.080509, 4.334309, 1.977018, -4.040244, 1.994745, 2.853920
19.287140, 0.087894, 4.423948, 1.778960, -4.072313, 1.937437, 3.022167
19.311676, 0.093380, 4.565864, 1.810881, -4.155886, 1.893279, 3.102672
19.319543, -0.134423, 4.585481, 2.118071, -4.205136, 1.985209, 2.943607
19.343709, -0.897641, 4.568711, 3.112678, -4.013829, 2.363608, 2.485152
19.351683, -0.936292, 4.544561, 3.145035, -4.024545, 2.249378, 2.437716
19.375670, -1.165292, 4.804271, 3.536048, -4.181570, 2.180309, 2.517440
19.383838, -1.235470, 4.842984, 3.638217, -4.165914, 2.166810, 2.524536
19.407986, -1.157393, 4.897205, 3.534946, -4.001943, 2.238708, 2.658913
19.416009, -1.081185, 4.933329, 3.445645, -3.867908, 2.364855, 2.774896
19.439989, -0.647133, 5.028369, 2.901241, -3.951487, 2.492446, 3.018574
19.447973, -0.585823, 5.069489, 2.836000, -3.902745, 2.534499, 3.111724
19.472119, -0.211767, 5.040629, 2.330383, -3.766147, 2.367883, 3.381277
19.480133, -0.090846, 5.001633, 2.155656, -3.727624, 2.345452, 3.423202
19.504274, 0.086060, 4.868475, 1.869582, -3.622453, 2.226085, 3.441239
19.512261, 0.130535, 4.721939, 1.751158, -3.551509, 2.087101, 3.359921
19.536377, -0.340673, 4.448596, 2.254404, -3.121462, 1.903871, 3.059080
19.544540, -0.721471, 4.426922, 2.739919, -3.024220, 1.805020, 2.907340
19.568440, -1.861657, 4.591789, 4.275981, -2.895117, 1.688346, 2.598293
19.576412, -2.126106, 4.600610, 4.612469, -2.844771, 1.642134, 2.505534
19.600583, -2.478835, 4.638590, 5.038416, -2.742312, 1.557961, 2.434905
19.608544, -2.619604, 4.764004, 5.251162, -2.782316, 1.552090, 2.489940
19.632711, -2.245417, 4.654023, 4.665992, -2.788771, 1.405750, 2.580613
19.640663, -2.287844, 4.618984, 4.684492, -2.722845, 1.433215, 2.541900
19.664885, -1.638079, 4.729826, 3.839929, -2.839500, 1.467957, 2.946490
19.672827, -1.441717, 4.829699, 3.610883, -2.863398, 1.546338, 3.140896
19.697011, -1.473268, 4.557407, 3.476884, -2.681395, 1.489472, 2.898644
19.705008, -1.357950, 4.507007, 3.292282, -2.686155, 1.451281, 2.903284
19.729161, -1.535016, 4.361890, 3.377128, -2.566664, 1.429855, 2.692222
19.737053, -1.534185, 4.494828, 3.393184, -2.696120, 1.394588, 2.787261
19.761148, -1.895613, 4.846669, 3.845758, -2.780891, 1.650764, 2.897334
19.769151, -1.740473, 5.039969, 3.692711, -2.910182, 1.699055, 3.131640
19.793307, -1.488549, 5.128325, 3.321569, -2.968230, 1.798636, 3.309764
19.801249, -1.335403, 5.129337, 3.111100, -3.042212, 1.750534, 3.359505
19.825437, -1.574638, 5.133321, 3.264960, -3.036027, 1.738816, 3.225835
19.833405, -1.685582, 5.154189, 3.352601, -3.010682, 1.794493, 3.186179
19.857547, -1.693975, 5.445341, 3.315129, -3.187451, 1.954014, 3.381996
19.865537, -1.745319, 5.527161, 3.347142, -3.232573, 2.030951, 3.400432
19.889579, -2.248409, 5.593813, 3.737312, -3.241625, 2.018664, 3.180745
19.897574, -2.453807, 5.748659, 3.931606, -3.250402, 2.187548, 3.202578
19.921766, -2.201738, 5.697870, 3.494973, -3.332186, 2.193444, 3.200795
19.929689, -2.083212, 5.742955, 3.335198, -3.402909, 2.232841, 3.259876
19.953775, -2.407361, 5.835184, 3.493707, -3.414527, 2.290076, 3.149996
19.961813, -2.446078, 5.928344, 3.488289, -3.473527, 2.357098, 3.179392
19.985873, -1.803026, 6.058161, 2.750660, -3.841486, 2.391053, 3.416139
19.993844, -2.011527, 6.245758, 2.915444, -3.910573, 2.513734, 3.446334
20.018017, -2.718116, 6.630886, 3.396317, -4.118280, 2.592559, 3.329351
20.026115, -2.491492, 6.686149, 3.144160, -4.247451, 2.649417, 3.404392
20.050014, -2.891477, 7.018824, 3.306186, -4.488868, 2.760677, 3.352149
20.058118, -3.203660, 7.097910, 3.491681, -4.486895, 2.802537, 3.246488
20.082192, -2.615437, 7.158088, 2.804513, -4.782536, 2.890304, 3.353082
20.090247, -2.813974, 7.264999, 2.890295, -4.831380, 2.957303, 3.298804
20.114249, -2.576847, 7.278833, 2.488384, -5.033597, 3.006089, 3.192695
20.122403, -2.518847, 7.387706, 2.381602, -5.176969, 3.052818, 3.213995
20.146416, -2.744171, 7.635088, 2.321706, -5.399761, 3.149894, 3.115203
20.154437, -2.746324, 7.890248, 2.258192, -5.644995, 3.241938, 3.190327
20.178587, -2.764270, 8.460071, 2.044920, -6.234805, 3.478867, 3.244661
20.186579, -2.780783, 8.665599, 1.978394, -6.454694, 3.546883, 3.251136
20.210563, -3.018811, 9.197495, 1.849875, -6.960138, 3.752153, 3.153253
20.218686, -2.801042, 9.281631, 1.633026, -7.137265, 3.818366, 3.143673
20.242759, -2.479309, 9.698426, 1.176090, -7.708660, 4.027448, 3.092447
20.250747, -2.387736, 9.765990, 1.032027, -7.867974, 3.993352, 3.017138
20.274896, -2.750322, 11.107808, 0.865635, -9.019231, 4.534520, 3.090355
20.282875, -2.476709, 11.415401, 0.611892, -9.447382, 4.578334, 3.137973
20.306899, -2.336393, 12.437336, 0.149100, -10.525410, 4.981031, 3.042077
20.315005, -2.184807, 12.597036, -0.048712, -10.754072, 5.042878, 2.961762
20.339184, -1.243241, 13.491889, -0.890263, -11.947400, 5.473577, 2.897696
20.347152, -0.750738, 13.867317, -1.251351, -12.453881, 5.713832, 2.923084
20.371169, -0.455839, 15.114239, -1.978597, -13.844326, 6.189499, 2.708068
20.379153, -0.274799, 15.921246, -2.354095, -14.702467, 6.556604, 2.706017
20.403340, 0.872555, 18.596860, -4.012316, -17.968686, 7.651830, 2.809469
20.411278, 0.857434, 19.661228, -4.619171, -19.210169, 8.142596, 2.762031
20.435467, 0.975626, 22.033003, -7.315272, -23.115584, 9.512829, 2.607066
20.443441, 1.236461, 22.887732, -8.912676, -25.193737, 10.231213, 2.614841
20.467630, -8.705852, 4.017730, 1.197124, -0.483987, 1.852367, 2.253831
20.475595, -8.879319, 4.042999, 1.114097, -0.520274, 1.812729, 2.222087
20.499760, -8.657838, 3.805384, 0.780751, -0.460123, 1.888465, 2.279500
20.507359, -8.403627, 3.653166, 0.658990, -0.454910, 1.799715, 2.359252
20.531764, -8.986155, 3.754065, 0.401088, -0.504158, 1.907267, 2.272283
20.539746, -9.279597, 3.825222, 0.308821, -0.539704, 1.919020, 2.182370
20.563890, -9.351373, 3.710082, -0.007694, -0.526579, 2.014835, 2.049615
20.571909, -9.484610, 3.716994, -0.112662, -0.541798, 2.025842, 2.015567
20.595898, -9.619022, 3.788315, -1.721675, -3.291262, 2.927172, 1.803249
20.604074, -9.974905, 3.820558, -1.029482, -1.639342, 2.477632, 1.882314
20.628155, -10.127490, 2.907459, 0.430939, 3.092651, 0.925678, 2.305245
20.636169, -10.278256, 2.761297, 0.301943, 3.260488, 0.879521, 2.305711
20.660170, -10.710423, 1.593012, 0.610322, 6.036667, 0.108813, 2.550554
20.668193, -10.747601, 1.294977, 0.525007, 6.374143, 0.069547, 2.567923
20.692293, -10.925061, 0.584662, 0.168680, 6.911461, -0.041574, 2.663836
20.700498, -11.179176, 0.277162, 0.116204, 7.427841, -0.113339, 2.789693
20.724493, -11.979492, -0.120031, -0.405766, 7.750267, -0.037435, 2.918212
20.732649, -11.695564, -0.470716, -0.422446, 7.971111, -0.126486, 3.043335
20.756660, -11.888086, -0.483121, -1.066396, 7.296189, 0.169843, 2.931481
20.764650, -11.666396, -0.679160, -1.135385, 7.307325, 0.149536, 2.991193
20.788615, -10.805371, -0.914612, -1.420697, 6.704833, 0.381275, 2.979475
20.796756, -10.440772, -0.981781, -1.483667, 6.460406, 0.444124, 2.970009
20.820782, -10.465040, -0.980594, -1.952890, 6.019967, 0.592469, 2.913732
20.828896, -10.389129, -1.037024, -2.059339, 5.921602, 0.653441, 2.980921
20.852910, -9.707578, -1.294292, -2.183305, 5.640239, 0.676488, 3.093690
20.860937, -9.836888, -1.216984, -2.397910, 5.450349, 0.743442, 3.046949
20.885067, -9.834487, -1.310287, -2.770482, 5.286802, 0.869119, 3.076001
20.893026, -9.511450, -1.400281, -2.748618, 5.199313, 0.916251, 3.110250
20.917234, -9.189364, -1.429148, -3.006075, 4.857844, 1.034806, 3.059667
20.925219, -9.315437, -1.427681, -3.193424, 4.805590, 1.046515, 3.066229
20.949247, -8.902514, -1.634363, -3.304370, 4.664838, 1.172644, 3.247946
20.957346, -8.552640, -1.760049, -3.205266, 4.621188, 1.105369, 3.329158
20.981365, -8.345321, -1.783436, -3.465710, 4.346138, 1.202364, 3.315064
20.989502, -8.448782, -1.749596, -3.667792, 4.260550, 1.246802, 3.281342
21.013514, -7.743367, -1.819393, -3.603214, 3.939524, 1.365978, 3.251251
21.021499, -7.977751, -1.686780, -3.940345, 3.779175, 1.402575, 3.118224
