0.188829, 0.278956, -0.277899, 0.438129, 0.870220, 0.882008, -0.025560
0.196397, 0.283670, -0.282664, 0.432147, 0.886334, 0.887179, 0.002141
0.204408, 0.285267, -0.284308, 0.425729, 0.870784, 0.883171, -0.025076
0.212395, 0.287993, -0.287071, 0.423452, 0.884716, 0.885344, 0.002384
0.220402, 0.296081, -0.291585, 0.419032, 0.879744, 0.892703, -0.031070
0.228538, 0.294167, -0.291969, 0.415169, 0.886022, 0.886401, 0.000293
0.236565, 0.293482, -0.291877, 0.409504, 0.864978, 0.879432, -0.027586
0.244567, 0.300283, -0.298941, 0.407638, 0.891059, 0.891362, 0.001792
0.252500, 0.299790, -0.298603, 0.403666, 0.870356, 0.885365, -0.026283
0.260684, 0.300828, -0.299740, 0.397468, 0.890032, 0.880613, 0.020116
0.268697, 0.305839, -0.304812, 0.392940, 0.874789, 0.888673, -0.022530
0.276681, 0.307468, -0.306496, 0.389613, 0.896854, 0.885842, 0.021927
0.284693, 0.312041, -0.311081, 0.383487, 0.871813, 0.893504, -0.034496
0.292663, 0.314252, -0.313291, 0.376194, 0.907032, 0.889230, 0.031970
0.300645, 0.314706, -0.313746, 0.374314, 0.868251, 0.889689, -0.032264
0.308828, 0.320944, -0.319980, 0.370907, 0.914271, 0.895948, 0.031035
0.316840, 0.320339, -0.319380, 0.364568, 0.871183, 0.893435, -0.031852
0.324660, 0.317712, -0.316761, 0.358841, 0.893768, 0.876846, 0.027256
0.332967, 0.325258, -0.324284, 0.356752, 0.875160, 0.895805, -0.027668
0.340807, 0.324090, -0.323122, 0.349895, 0.896509, 0.882807, 0.021507
0.348839, 0.322542, -0.321592, 0.343128, 0.857105, 0.878903, -0.027961
0.356957, 0.328125, -0.327202, 0.337924, 0.897333, 0.882369, 0.022139
0.364966, 0.329755, -0.328869, 0.334931, 0.865843, 0.888183, -0.027380
0.372952, 0.332571, -0.331700, 0.331419, 0.899800, 0.884760, 0.021193
0.380974, 0.333066, -0.332195, 0.323565, 0.870112, 0.886212, -0.018314
0.389097, 0.332248, -0.331393, 0.321170, 0.873216, 0.878574, -0.004815
0.397116, 0.337324, -0.335960, 0.317723, 0.886479, 0.884933, 0.002395
0.405110, 0.339487, -0.338127, 0.312356, 0.889909, 0.885404, 0.005769
0.429242, 0.345856, -0.344676, 0.298388, 0.891178, 0.889931, 0.002127
0.437258, 0.345740, -0.344665, 0.292295, 0.889297, 0.884222, 0.006372
0.461402, 0.352579, -0.351655, 0.280559, 0.892637, 0.891322, 0.002484
0.469368, 0.352645, -0.351750, 0.272235, 0.864702, 0.894947, -0.028512
0.493385, 0.358868, -0.358027, 0.259720, 0.914173, 0.887250, 0.026013
0.501376, 0.354499, -0.353678, 0.253095, 0.856152, 0.886806, -0.026496
0.525605, 0.357984, -0.357197, 0.239393, 0.898925, 0.870216, 0.025434
0.533537, 0.358628, -0.357849, 0.231548, 0.855072, 0.883747, -0.022817
0.557517, 0.365371, -0.364266, 0.218168, 0.900854, 0.880115, 0.016170
0.565770, 0.361718, -0.360627, 0.213248, 0.855806, 0.880276, -0.018872
0.589864, 0.368922, -0.368022, 0.196278, 0.906569, 0.878164, 0.020937
0.597850, 0.371633, -0.370779, 0.189706, 0.869569, 0.898975, -0.020359
0.621935, 0.371785, -0.370967, 0.175097, 0.902467, 0.878799, 0.016154
0.629951, 0.373466, -0.372483, 0.168795, 0.862606, 0.897654, -0.023219
0.654090, 0.374528, -0.373566, 0.155195, 0.901614, 0.873026, 0.017183
0.662135, 0.375669, -0.374754, 0.151353, 0.867416, 0.891002, -0.014456
0.686118, 0.373949, -0.373203, 0.136606, 0.892528, 0.871200, 0.012200
0.694115, 0.377970, -0.377242, 0.129971, 0.874146, 0.892624, -0.010158
0.718279, 0.377182, -0.376319, 0.113792, 0.878099, 0.884658, -0.004078
0.726243, 0.379330, -0.378472, 0.111076, 0.888118, 0.885406, 0.000715
0.750235, 0.377451, -0.376689, 0.092996, 0.888364, 0.878704, 0.004213
0.758376, 0.383220, -0.382484, 0.085930, 0.898333, 0.895656, 0.001021
0.782381, 0.379988, -0.379348, 0.071865, 0.881538, 0.890159, -0.003772
0.790548, 0.381307, -0.380679, 0.069742, 0.881865, 0.892245, -0.004388
0.814587, 0.380217, -0.379627, 0.052715, 0.894294, 0.883150, 0.004495
0.822546, 0.380988, -0.380400, 0.047117, 0.873535, 0.896568, -0.008963
0.846726, 0.379131, -0.378487, 0.032764, 0.907966, 0.876825, 0.010666
0.854707, 0.378857, -0.378221, 0.027109, 0.868681, 0.895863, -0.010285
0.878864, 0.379798, -0.379204, 0.011940, 0.886032, 0.892842, -0.002676
0.886857, 0.377149, -0.376584, 0.005436, 0.873795, 0.892606, -0.006346
0.910858, 0.379506, -0.378971, -0.009735, 0.891496, 0.897652, -0.001899
0.918836, 0.375000, -0.374489, -0.016904, 0.913603, 0.875964, 0.010655
0.942981, 0.375390, -0.374895, -0.030547, 0.864713, 0.906767, -0.011092
0.950984, 0.369715, -0.369243, -0.032328, 0.900187, 0.868145, 0.007995
0.975116, 0.370299, -0.369834, -0.047308, 0.853407, 0.902442, -0.011395
0.983163, 0.367987, -0.367535, -0.053720, 0.916528, 0.868024, 0.010341
1.007276, 0.365999, -0.365567, -0.068307, 0.856998, 0.900009, -0.008975
1.015280, 0.363070, -0.362645, -0.068508, 0.904195, 0.862844, 0.007455
1.039273, 0.361546, -0.361134, -0.087399, 0.859920, 0.895767, -0.006494
1.047444, 0.360618, -0.360209, -0.093659, 0.905707, 0.875555, 0.004471
1.071428, 0.356340, -0.355953, -0.105348, 0.873203, 0.885694, -0.002004
1.079546, 0.356153, -0.355768, -0.111007, 0.900982, 0.876532, 0.002971
1.103577, 0.352200, -0.351829, -0.123819, 0.870253, 0.890371, -0.002410
1.111579, 0.350598, -0.350230, -0.126467, 0.901165, 0.870295, 0.002928
1.135738, 0.345896, -0.345545, -0.138926, 0.861822, 0.887537, -0.002307
1.143712, 0.346508, -0.346159, -0.146362, 0.906288, 0.876437, 0.001934
1.167996, 0.339280, -0.338957, -0.157360, 0.854204, 0.890310, -0.002143
1.175853, 0.339885, -0.339563, -0.162169, 0.902654, 0.872824, 0.001055
1.199888, 0.334346, -0.334069, -0.176736, 0.877872, 0.886301, -0.000624
1.207987, 0.336916, -0.336639, -0.187635, 0.889796, 0.905891, -0.000694
1.232155, 0.328381, -0.328209, -0.195828, 0.897028, 0.883630, -0.000994
1.239983, 0.328959, -0.328792, -0.198611, 0.893894, 0.889374, -0.000986
1.264143, 0.321726, -0.321628, -0.211335, 0.895926, 0.884347, -0.001477
1.271913, 0.320765, -0.320678, -0.216168, 0.893879, 0.889897, -0.001255
1.296306, 0.314830, -0.314792, -0.224802, 0.880024, 0.888804, -0.000688
1.304281, 0.312505, -0.312671, -0.230556, 0.877891, 0.893122, -0.001194
1.328472, 0.308338, -0.308591, -0.243240, 0.888560, 0.895006, -0.001924
1.336431, 0.304878, -0.305096, -0.247657, 0.882777, 0.895895, -0.000999
1.360463, 0.299002, -0.299569, -0.259024, 0.887815, 0.895367, -0.002598
1.368578, 0.294977, -0.295452, -0.262743, 0.893130, 0.888294, -0.003622
1.392618, 0.287702, -0.287894, -0.272600, 0.883555, 0.889560, -0.000664
1.400586, 0.282780, -0.282987, -0.269854, 0.876425, 0.871996, -0.002260
1.424744, 0.277975, -0.278349, -0.281389, 0.842664, 0.896223, 0.007606
1.432725, 0.275757, -0.276118, -0.286418, 0.916945, 0.863229, -0.011953
1.456863, 0.268653, -0.268868, -0.296663, 0.855634, 0.895046, 0.006967
1.464886, 0.266134, -0.266287, -0.293199, 0.898220, 0.856940, -0.010021
1.488859, 0.258619, -0.258681, -0.308658, 0.850395, 0.896159, 0.010335
1.496898, 0.257138, -0.257189, -0.314332, 0.913993, 0.873535, -0.010677
1.521025, 0.249072, -0.249092, -0.322332, 0.858186, 0.897825, 0.010325
1.528867, 0.247179, -0.247202, -0.326161, 0.911210, 0.875608, -0.010497
1.553010, 0.240876, -0.240911, -0.334849, 0.862520, 0.902877, 0.011873
1.561153, 0.238340, -0.238377, -0.334733, 0.906773, 0.874317, -0.010695
1.585200, 0.230730, -0.230779, -0.340196, 0.854173, 0.892697, 0.012647
1.593184, 0.227205, -0.227256, -0.346771, 0.907612, 0.876664, -0.011326
1.617317, 0.219459, -0.219535, -0.352856, 0.870521, 0.890356, 0.006950
1.625305, 0.217630, -0.217712, -0.355861, 0.898496, 0.880295, -0.007536
1.649331, 0.207831, -0.207928, -0.362031, 0.868269, 0.890021, 0.008485
1.657578, 0.204925, -0.205020, -0.371283, 0.916711, 0.887195, -0.013007
1.681601, 0.196109, -0.196215, -0.372737, 0.876292, 0.891215, 0.006234
1.689631, 0.194351, -0.194458, -0.373898, 0.896929, 0.880964, -0.007907
1.713610, 0.184847, -0.184978, -0.379730, 0.862705, 0.894510, 0.015169
1.721754, 0.182831, -0.182964, -0.382537, 0.907730, 0.878560, -0.015255
1.745785, 0.174974, -0.175116, -0.387102, 0.860318, 0.897210, 0.019285
1.753897, 0.171456, -0.171599, -0.389887, 0.909973, 0.878462, -0.017824
1.777884, 0.162598, -0.162812, -0.395608, 0.865248, 0.899050, 0.019044
1.785893, 0.159312, -0.159529, -0.396585, 0.910762, 0.878393, -0.019930
1.810077, 0.150425, -0.150653, -0.402124, 0.871381, 0.897512, 0.015875
1.817895, 0.146661, -0.146891, -0.405719, 0.912494, 0.886849, -0.017210
1.842183, 0.138114, -0.138318, -0.409155, 0.880544, 0.898541, 0.011769
1.850019, 0.136974, -0.137156, -0.407536, 0.901288, 0.883683, -0.012841
1.874385, 0.127445, -0.127630, -0.409608, 0.888264, 0.884712, -0.003131
1.882329, 0.124529, -0.124715, -0.410532, 0.882507, 0.886344, 0.002421
1.906440, 0.115228, -0.115547, -0.413638, 0.888060, 0.884804, -0.003345
1.914295, 0.113255, -0.113578, -0.410928, 0.875453, 0.879207, 0.002377
1.938495, 0.102627, -0.102954, -0.419209, 0.892096, 0.888935, -0.003470
1.946480, 0.099465, -0.099794, -0.417531, 0.881897, 0.885847, 0.002820
1.970635, 0.092062, -0.092352, -0.421195, 0.911088, 0.882224, -0.028017
1.978632, 0.087365, -0.087655, -0.422446, 0.868647, 0.896740, 0.026625
2.002824, 0.078046, -0.079017, -0.423006, 0.891131, 0.888198, -0.005066
2.010610, 0.076421, -0.077101, -0.420113, 0.865587, 0.886284, 0.020454
2.034770, 0.069213, -0.071345, -0.419894, 0.881112, 0.878850, -0.006976
2.042771, 0.063639, -0.065659, -0.423770, 0.884962, 0.888114, -0.000540
2.066945, 0.055540, -0.056186, -0.422768, 0.875450, 0.886269, 0.012044
2.074879, 0.053117, -0.055139, -0.422767, 0.891086, 0.882514, -0.014901
2.099073, 0.044003, -0.044872, -0.422461, 0.873712, 0.885096, 0.013868
2.107045, 0.038907, -0.039777, -0.426591, 0.904682, 0.891388, -0.020104
2.131215, 0.031270, -0.031899, -0.423051, 0.878806, 0.887874, 0.012678
2.138803, 0.028152, -0.029260, -0.424617, 0.888813, 0.891144, 0.001727
2.163205, 0.018105, -0.018879, -0.424058, 0.895310, 0.893093, -0.004883
2.171356, 0.017453, -0.018039, -0.421904, 0.887274, 0.888740, 0.001760
2.195342, 0.010577, -0.010909, -0.417413, 0.883196, 0.881242, -0.003785
2.203476, 0.005058, -0.005388, -0.419020, 0.886071, 0.887926, 0.003561
2.227449, -0.004356, 0.003448, -0.418367, 0.893282, 0.891303, -0.005287
2.235603, -0.005875, 0.004967, -0.416611, 0.886848, 0.888167, 0.001899
2.259665, -0.013620, 0.013203, -0.414204, 0.903341, 0.889225, -0.034783
2.267596, -0.017819, 0.017467, -0.415772, 0.880334, 0.893156, 0.033183
2.291603, -0.026640, 0.026407, -0.411082, 0.905849, 0.893724, -0.034544
2.299729, -0.028407, 0.028201, -0.410713, 0.878833, 0.889828, 0.034324
2.323778, -0.035789, 0.035589, -0.404624, 0.898937, 0.888913, -0.034035
2.331780, -0.036876, 0.036676, -0.402831, 0.870862, 0.879626, 0.033767
2.356066, -0.044986, 0.044793, -0.399228, 0.896640, 0.887799, -0.037458
2.363939, -0.048224, 0.048032, -0.396661, 0.869452, 0.876901, 0.037048
2.388079, -0.059524, 0.059317, -0.397711, 0.908184, 0.901905, -0.034655
2.396067, -0.058731, 0.058526, -0.391512, 0.872558, 0.877469, 0.034922
2.420084, -0.066841, 0.066262, -0.388730, 0.897561, 0.893174, -0.035720
2.428220, -0.071284, 0.070710, -0.385784, 0.878287, 0.881079, 0.033436
2.452381, -0.080139, 0.079839, -0.380396, 0.898469, 0.896083, -0.034567
2.460342, -0.080560, 0.080311, -0.377178, 0.875607, 0.876342, 0.033608
2.484383, -0.084506, 0.084310, -0.370566, 0.885466, 0.884964, -0.039078
2.492491, -0.087078, 0.086884, -0.369203, 0.869454, 0.868106, 0.039186
2.516526, -0.095515, 0.095331, -0.364113, 0.887846, 0.889009, -0.031108
2.524493, -0.098133, 0.097954, -0.362856, 0.878552, 0.875831, 0.026985
2.548533, -0.105932, 0.105726, -0.357060, 0.885061, 0.883403, 0.007277
2.556637, -0.106730, 0.106527, -0.354864, 0.882962, 0.881677, 0.003520
2.580820, -0.112749, 0.112301, -0.349490, 0.883203, 0.880807, 0.008313
2.588811, -0.118495, 0.118053, -0.347956, 0.895285, 0.897832, -0.018668
2.612817, -0.125591, 0.125378, -0.341054, 0.892470, 0.887005, 0.019577
2.620797, -0.123692, 0.123507, -0.337589, 0.885975, 0.888234, -0.012793
2.644951, -0.127573, 0.126744, -0.329810, 0.876482, 0.869792, 0.018285
2.652941, -0.133434, 0.132908, -0.329072, 0.891391, 0.896802, -0.021569
2.677090, -0.141009, 0.139476, -0.320471, 0.889515, 0.880304, 0.020062
2.685099, -0.142953, 0.141434, -0.320834, 0.897400, 0.904752, -0.026271
2.709229, -0.146758, 0.146419, -0.310336, 0.887271, 0.877434, 0.020655
2.717240, -0.150182, 0.149915, -0.309627, 0.894979, 0.890995, 0.006257
2.741240, -0.155065, 0.154470, -0.299562, 0.889522, 0.895482, -0.016474
2.749383, -0.157659, 0.157071, -0.295978, 0.889267, 0.878785, 0.017565
2.773347, -0.155776, 0.155569, -0.278362, 0.855860, 0.869371, -0.027884
2.781508, -0.151715, 0.151526, -0.272574, 0.838112, 0.823945, 0.022951
2.805529, -0.151986, 0.151807, -0.255573, 0.811695, 0.813105, -0.004872
2.813523, -0.150322, 0.150143, -0.250552, 0.800075, 0.796821, 0.002848
2.837518, -0.149649, 0.149563, -0.233664, 0.772209, 0.773326, -0.003915
2.845702, -0.153481, 0.152585, -0.228170, 0.774492, 0.771369, 0.000251
2.869855, -0.145881, 0.145615, -0.213299, 0.731651, 0.732914, -0.004300
2.877813, -0.147768, 0.147601, -0.210368, 0.736812, 0.712746, 0.030580
2.901797, -0.141831, 0.141800, -0.195295, 0.691247, 0.713309, -0.030191
2.909847, -0.142523, 0.142525, -0.191117, 0.695482, 0.670443, 0.029972
2.933978, -0.138180, 0.138224, -0.177145, 0.654814, 0.679457, -0.031127
2.941923, -0.137041, 0.136210, -0.173035, 0.655143, 0.627686, 0.028339
2.966102, -0.129547, 0.129281, -0.162660, 0.608936, 0.637007, -0.033868
2.974133, -0.129472, 0.129310, -0.156565, 0.611926, 0.583207, 0.029811
2.998098, -0.126025, 0.126002, -0.149342, 0.582865, 0.601845, -0.021604
3.006218, -0.122053, 0.122046, -0.144018, 0.572099, 0.551725, 0.019881
3.030263, -0.122190, 0.122238, -0.131977, 0.547800, 0.571240, -0.024722
3.038215, -0.120596, 0.120649, -0.129417, 0.550421, 0.526302, 0.022733
3.062364, -0.111044, 0.111117, -0.117684, 0.500025, 0.502942, -0.003798
3.070526, -0.112814, 0.112894, -0.114074, 0.499991, 0.508762, -0.009297
3.094562, -0.108832, 0.108908, -0.105858, 0.483763, 0.467754, 0.013627
3.102530, -0.102513, 0.102579, -0.101747, 0.453113, 0.460040, -0.007174
3.126564, -0.098940, 0.099004, -0.094323, 0.440415, 0.417800, 0.018888
3.134534, -0.096612, 0.096672, -0.093831, 0.421591, 0.443371, -0.019716
3.158669, -0.088631, 0.088681, -0.082516, 0.393684, 0.370650, 0.018601
3.166824, -0.089349, 0.089382, -0.081415, 0.383661, 0.405598, -0.019183
3.190839, -0.083379, 0.083407, -0.074672, 0.366693, 0.349770, 0.012938
3.198816, -0.082129, 0.082155, -0.070018, 0.347294, 0.369726, -0.018912
3.222844, -0.071902, 0.071913, -0.065325, 0.320271, 0.296477, 0.018008
3.230848, -0.071983, 0.071994, -0.062639, 0.305501, 0.328385, -0.018669
3.255097, -0.063321, 0.063320, -0.056022, 0.279843, 0.262527, 0.012602
3.263122, -0.060973, 0.060968, -0.054770, 0.259892, 0.283181, -0.018453
3.287128, -0.057529, 0.057535, -0.047524, 0.251380, 0.233892, 0.012513
3.295121, -0.053283, 0.053287, -0.046796, 0.226293, 0.245924, -0.015218
3.319256, -0.045183, 0.045189, -0.038600, 0.200742, 0.180272, 0.014581
3.327261, -0.046159, 0.046170, -0.036069, 0.189723, 0.212961, -0.017487
3.351262, -0.040964, 0.040974, -0.032903, 0.181978, 0.156160, 0.018272
3.359200, -0.035310, 0.035315, -0.029469, 0.144831, 0.171294, -0.019450
3.383420, -0.029062, 0.029064, -0.025038, 0.132650, 0.107904, 0.017368
3.391553, -0.027470, 0.027470, -0.021724, 0.111172, 0.132691, -0.015636
3.415525, -0.024476, 0.024478, -0.014808, 0.105829, 0.083213, 0.015741
3.423695, -0.022985, 0.022985, -0.013419, 0.086649, 0.110364, -0.016989
3.447714, -0.014638, 0.014628, -0.009994, 0.067736, 0.042265, 0.017692
3.455835, -0.011134, 0.011118, -0.009298, 0.047011, 0.050277, -0.002475
3.479839, -0.002577, 0.002550, -0.001419, 0.007816, 0.016673, -0.006330
3.487836, -0.001633, 0.001604, -0.000201, 0.009975, -0.005513, 0.010724
3.511955, 0.003612, -0.003649, -0.002503, -0.028014, -0.006570, -0.015121
3.519964, 0.007191, -0.006575, -0.006721, -0.027509, -0.048835, 0.006513
3.543955, 0.020683, -0.017266, -0.019620, -0.086519, -0.094641, -0.037418
3.552086, 0.027031, -0.020593, -0.024250, -0.080772, -0.155760, -0.013071
3.576312, 0.036547, -0.028351, -0.032703, -0.137645, -0.162915, -0.048708
3.584317, 0.038281, -0.029590, -0.037412, -0.140747, -0.222638, -0.009889
3.608448, 0.047773, -0.034413, -0.047447, -0.192218, -0.248695, -0.069665
3.616436, 0.052501, -0.039521, -0.052341, -0.194663, -0.311044, -0.018778
3.640450, 0.064597, -0.048835, -0.060070, -0.247490, -0.318344, -0.073956
3.648415, 0.065895, -0.050547, -0.059254, -0.237065, -0.363666, -0.021035
3.672451, 0.078877, -0.058970, -0.063824, -0.278812, -0.360888, -0.071753
3.680559, 0.082362, -0.059090, -0.066717, -0.278160, -0.444705, -0.027667
3.704738, 0.098918, -0.070483, -0.082151, -0.361332, -0.491257, -0.088048
3.712561, 0.101972, -0.075321, -0.085984, -0.356059, -0.539017, -0.034156
3.736718, 0.110810, -0.081549, -0.089673, -0.361416, -0.525965, -0.112484
3.744708, 0.112750, -0.084381, -0.093867, -0.377781, -0.590345, -0.050338
3.768841, 0.125133, -0.090573, -0.099042, -0.428937, -0.614840, -0.106899
3.776837, 0.129914, -0.095815, -0.098724, -0.424462, -0.660683, -0.047748
3.800878, 0.141801, -0.106824, -0.110722, -0.497695, -0.702145, -0.109974
3.809012, 0.148108, -0.110561, -0.115145, -0.493932, -0.769743, -0.074959
3.833144, 0.155623, -0.114645, -0.117841, -0.512774, -0.744709, -0.104968
3.841018, 0.160496, -0.116817, -0.121148, -0.522607, -0.836027, -0.066545
3.865177, 0.179788, -0.132737, -0.118970, -0.546428, -0.847796, -0.131326
3.873121, 0.184583, -0.135093, -0.123757, -0.568818, -0.922280, -0.080699
3.897322, 0.194176, -0.144480, -0.126249, -0.587241, -0.907849, -0.087792
3.905303, 0.198263, -0.147122, -0.130024, -0.603821, -0.963419, -0.097521
3.929443, 0.218258, -0.159315, -0.128207, -0.628946, -1.012910, -0.093821
3.937449, 0.222992, -0.162202, -0.133289, -0.668624, -1.057487, -0.077188
3.961438, 0.234337, -0.174418, -0.133415, -0.688183, -1.085744, -0.070444
3.969581, 0.244210, -0.180691, -0.138862, -0.731497, -1.124355, -0.093498
3.993755, 0.261386, -0.193938, -0.137246, -0.743532, -1.218205, -0.066266
4.001690, 0.262745, -0.194254, -0.135524, -0.747359, -1.189096, -0.091454
4.025562, 0.281324, -0.205319, -0.134104, -0.767565, -1.299731, -0.049355
4.033839, 0.286392, -0.210020, -0.126809, -0.742580, -1.255249, -0.094770
4.057979, 0.305484, -0.223506, -0.123208, -0.786760, -1.349445, -0.028858
4.065859, 0.309720, -0.227941, -0.127627, -0.822699, -1.363825, -0.084365
4.090003, 0.330072, -0.239147, -0.121496, -0.857470, -1.471038, -0.016495
4.097994, 0.336137, -0.246096, -0.115700, -0.857419, -1.445899, -0.059328
4.122183, 0.348047, -0.252439, -0.111601, -0.857505, -1.485200, -0.018444
4.130138, 0.359227, -0.263647, -0.111712, -0.910574, -1.544675, -0.011639
4.154349, 0.376293, -0.271816, -0.105222, -0.926005, -1.607762, -0.021392
4.162177, 0.381589, -0.276053, -0.094720, -0.902852, -1.610610, 0.026552
4.186332, 0.400589, -0.288442, -0.084547, -0.933561, -1.672781, 0.005194
4.194304, 0.408008, -0.294564, -0.084245, -0.976891, -1.705173, 0.026840
4.218493, 0.425912, -0.304107, -0.062980, -0.956166, -1.744324, 0.043763
4.226495, 0.434555, -0.308988, -0.064702, -1.016658, -1.799564, 0.082112
4.250617, 0.453731, -0.320724, -0.042701, -1.008397, -1.841847, 0.074658
4.258574, 0.455471, -0.319018, -0.038370, -1.031283, -1.838076, 0.124602
4.282751, 0.460465, -0.319966, -0.017041, -1.017891, -1.848818, 0.106799
4.290743, 0.457824, -0.316721, -0.006839, -0.991126, -1.824024, 0.164891
4.314767, 0.467915, -0.321563, 0.007855, -1.030555, -1.859795, 0.136365
4.322895, 0.460160, -0.316979, 0.017976, -0.966519, -1.804235, 0.157023
4.346930, 0.470763, -0.323204, 0.036048, -1.024171, -1.861286, 0.196132
4.354872, 0.463730, -0.314515, 0.040107, -0.975847, -1.810659, 0.183351
4.379048, 0.471426, -0.318930, 0.065010, -1.007329, -1.837590, 0.232008
4.387010, 0.468844, -0.312016, 0.064247, -1.000747, -1.823150, 0.218689
4.411180, 0.470867, -0.309906, 0.093483, -0.988196, -1.814093, 0.279293
4.419194, 0.471728, -0.311848, 0.088781, -1.002182, -1.837632, 0.246262
4.443326, 0.470758, -0.308350, 0.120572, -1.001041, -1.796813, 0.299132
4.451202, 0.473286, -0.314505, 0.117361, -1.007175, -1.840171, 0.273704
4.475455, 0.470844, -0.309250, 0.146889, -1.022106, -1.812213, 0.321482
4.483493, 0.471772, -0.309166, 0.145837, -0.998394, -1.819484, 0.299552
4.507475, 0.470548, -0.306369, 0.170440, -1.029369, -1.822869, 0.344459
4.515606, 0.468720, -0.300068, 0.170103, -0.996432, -1.783822, 0.326033
4.539631, 0.472246, -0.300036, 0.194116, -1.046773, -1.838039, 0.382728
4.547583, 0.464931, -0.288390, 0.195291, -0.969375, -1.771292, 0.362697
4.571615, 0.471299, -0.291395, 0.220487, -1.071303, -1.824791, 0.420108
4.579791, 0.462543, -0.283491, 0.221144, -0.990460, -1.781365, 0.395260
4.603943, 0.463224, -0.279946, 0.244335, -1.060295, -1.789065, 0.439638
4.611790, 0.458857, -0.279716, 0.246451, -1.010791, -1.789787, 0.422076
4.635945, 0.454939, -0.272573, 0.270317, -1.063088, -1.759650, 0.460079
4.643921, 0.458890, -0.273928, 0.273830, -1.046449, -1.791001, 0.434335
4.668048, 0.450161, -0.262574, 0.298451, -1.066727, -1.753413, 0.487111
4.676058, 0.457098, -0.260928, 0.303152, -1.063544, -1.789505, 0.473153
4.700207, 0.446294, -0.249708, 0.321965, -1.086046, -1.755404, 0.509955
4.708197, 0.444669, -0.249583, 0.325441, -1.055505, -1.748571, 0.491876
4.732333, 0.440352, -0.242224, 0.345388, -1.125005, -1.757647, 0.528680
4.740334, 0.430790, -0.240179, 0.347886, -1.051342, -1.710351, 0.511601
4.764497, 0.431174, -0.239948, 0.370871, -1.126203, -1.747540, 0.514581
4.772338, 0.420984, -0.227118, 0.370402, -1.083707, -1.689410, 0.535381
4.796635, 0.419213, -0.226102, 0.394096, -1.101165, -1.730072, 0.538084
4.804576, 0.413080, -0.213786, 0.391746, -1.109619, -1.682716, 0.551138
4.828639, 0.408109, -0.207892, 0.417361, -1.095370, -1.696084, 0.563641
4.836612, 0.404810, -0.205040, 0.415477, -1.176461, -1.691950, 0.566051
4.860795, 0.395166, -0.192682, 0.439933, -1.116613, -1.666552, 0.584830
4.868768, 0.394613, -0.200258, 0.442044, -1.196768, -1.697919, 0.568427
4.892952, 0.379779, -0.181570, 0.457609, -1.137950, -1.635371, 0.573832
4.900792, 0.380335, -0.186480, 0.457141, -1.210811, -1.680783, 0.576379
4.924952, 0.366562, -0.171844, 0.475010, -1.189550, -1.637908, 0.588957
4.932895, 0.366819, -0.167234, 0.472368, -1.197359, -1.646541, 0.588896
4.957074, 0.356060, -0.156619, 0.493844, -1.224087, -1.640650, 0.600401
4.965057, 0.352001, -0.146100, 0.486778, -1.169862, -1.602366, 0.594102
4.989240, 0.346416, -0.138070, 0.512884, -1.288283, -1.647476, 0.616710
4.997222, 0.334165, -0.133644, 0.500536, -1.179662, -1.572015, 0.588268
5.021379, 0.328123, -0.124768, 0.526748, -1.302300, -1.625588, 0.608632
5.029235, 0.316626, -0.122083, 0.516560, -1.211484, -1.559300, 0.596263
5.053507, 0.307176, -0.115515, 0.540483, -1.298881, -1.591087, 0.593964
5.061517, 0.304780, -0.107685, 0.540061, -1.265445, -1.575061, 0.604571
5.085487, 0.289107, -0.098205, 0.550176, -1.280540, -1.552424, 0.587163
5.093618, 0.290715, -0.091313, 0.556474, -1.350405, -1.588716, 0.600131
5.117638, 0.271936, -0.078303, 0.561148, -1.261549, -1.517053, 0.590822
5.125673, 0.270810, -0.079135, 0.567280, -1.364608, -1.573602, 0.579614
5.149672, 0.255045, -0.063783, 0.573443, -1.285997, -1.507089, 0.588577
5.157732, 0.249411, -0.068212, 0.577911, -1.374759, -1.547565, 0.567720
5.181767, 0.235919, -0.054027, 0.589261, -1.338592, -1.513354, 0.575755
5.189931, 0.230235, -0.050607, 0.586454, -1.363438, -1.510078, 0.563223
5.213924, 0.217141, -0.041088, 0.603444, -1.412141, -1.534177, 0.552211
5.222052, 0.212288, -0.029141, 0.596744, -1.327398, -1.462488, 0.576612
5.246066, 0.199578, -0.022106, 0.615529, -1.436534, -1.529564, 0.538236
5.254207, 0.195186, -0.010644, 0.612951, -1.360148, -1.460486, 0.570424
5.278239, 0.182288, 0.002624, 0.620610, -1.446428, -1.498001, 0.546212
5.286371, 0.176342, 0.002315, 0.620284, -1.406405, -1.468409, 0.553053
5.310353, 0.160345, 0.016775, 0.619636, -1.429419, -1.457857, 0.524205
5.318333, 0.155174, 0.015403, 0.621614, -1.446749, -1.471285, 0.522899
5.342486, 0.137402, 0.026247, 0.626312, -1.396807, -1.418146, 0.512349
5.350497, 0.136686, 0.033907, 0.625739, -1.503792, -1.481448, 0.501997
5.374538, 0.119120, 0.043880, 0.635796, -1.415736, -1.419219, 0.489521
5.382684, 0.116841, 0.050729, 0.625723, -1.508406, -1.464105, 0.479305
5.406694, 0.099689, 0.062524, 0.642752, -1.465981, -1.432124, 0.478389
5.414677, 0.092441, 0.059382, 0.627107, -1.489429, -1.427087, 0.456224
5.438807, 0.076165, 0.072977, 0.645563, -1.514913, -1.448312, 0.441634
5.446815, 0.069034, 0.070600, 0.630441, -1.491946, -1.404453, 0.428870
5.470817, 0.052971, 0.082596, 0.642854, -1.557769, -1.455337, 0.405085
5.478946, 0.049764, 0.088141, 0.629612, -1.472999, -1.369874, 0.422645
5.503078, 0.032644, 0.097594, 0.638654, -1.545900, -1.437350, 0.374697
5.510941, 0.032078, 0.106854, 0.628479, -1.489090, -1.376635, 0.399915
5.535121, 0.013607, 0.116281, 0.633940, -1.532347, -1.402347, 0.361947
5.543106, 0.010704, 0.121083, 0.627392, -1.538318, -1.385746, 0.376471
5.567237, -0.006230, 0.133469, 0.631358, -1.499601, -1.355689, 0.351511
5.575238, -0.011308, 0.130053, 0.628163, -1.576784, -1.427474, 0.323856
5.599410, -0.029264, 0.144193, 0.630630, -1.509647, -1.348286, 0.322824
5.607410, -0.032853, 0.144422, 0.626709, -1.578635, -1.430219, 0.286642
5.631541, -0.051034, 0.154398, 0.628608, -1.519433, -1.369857, 0.283347
5.639553, -0.052531, 0.164374, 0.625838, -1.558917, -1.409470, 0.266152
5.663518, -0.069303, 0.172911, 0.622964, -1.559949, -1.390149, 0.257327
5.671658, -0.073720, 0.177313, 0.618103, -1.529184, -1.342241, 0.257644
5.695684, -0.088530, 0.186131, 0.616264, -1.594815, -1.440582, 0.210087
5.703832, -0.096975, 0.182257, 0.612580, -1.526521, -1.341202, 0.216666
5.727835, -0.109147, 0.186604, 0.592212, -1.543359, -1.378122, 0.170138
5.735839, -0.113263, 0.183071, 0.582165, -1.482511, -1.320898, 0.167465
5.759978, -0.123477, 0.184610, 0.557957, -1.410453, -1.263153, 0.142657
5.767941, -0.124805, 0.187142, 0.551946, -1.457905, -1.329583, 0.119855
5.792112, -0.135975, 0.183944, 0.529646, -1.356589, -1.205267, 0.111445
5.800105, -0.136564, 0.188553, 0.523277, -1.384073, -1.256980, 0.088236
5.824108, -0.144129, 0.183581, 0.500527, -1.300770, -1.186416, 0.081133
5.832228, -0.145344, 0.189853, 0.493993, -1.323600, -1.186207, 0.064314
5.856262, -0.147105, 0.179207, 0.459226, -1.219540, -1.104535, 0.045796
5.864419, -0.150301, 0.186242, 0.461920, -1.228980, -1.123484, 0.048401
5.888426, -0.150378, 0.176097, 0.430426, -1.188586, -1.123440, 0.017149
5.896402, -0.147749, 0.176353, 0.416511, -1.115447, -1.019025, 0.034251
5.920566, -0.149754, 0.172801, 0.395908, -1.113949, -1.031990, -0.000994
5.928541, -0.147386, 0.169985, 0.382967, -1.048202, -0.943070, 0.012193
5.952566, -0.152086, 0.173562, 0.375355, -1.015734, -0.941581, 0.001299
5.960552, -0.151655, 0.167875, 0.366753, -1.027299, -0.977589, -0.012362
5.984697, -0.143702, 0.167556, 0.338517, -0.920427, -0.875078, 0.006881
5.992681, -0.148418, 0.163400, 0.339239, -0.959216, -0.950327, -0.019418
6.016858, -0.144917, 0.161165, 0.318398, -0.890024, -0.830535, -0.013701
6.024852, -0.142432, 0.158537, 0.308599, -0.898999, -0.848215, -0.028953
6.048854, -0.143682, 0.145729, 0.293288, -0.824350, -0.788786, -0.031965
6.056968, -0.140994, 0.145892, 0.285812, -0.806193, -0.771977, -0.033828
6.081000, -0.134167, 0.139142, 0.263420, -0.790402, -0.765031, -0.046413
6.088982, -0.133644, 0.131729, 0.256350, -0.723413, -0.687852, -0.036488
6.113128, -0.126552, 0.128685, 0.237473, -0.708272, -0.694145, -0.048411
6.121271, -0.125203, 0.131614, 0.235272, -0.663474, -0.645831, -0.027438
6.145281, -0.121799, 0.114553, 0.216478, -0.630902, -0.624235, -0.054079
6.153278, -0.118804, 0.108515, 0.208242, -0.589932, -0.580454, -0.045721
6.177438, -0.107115, 0.107072, 0.186947, -0.540132, -0.528408, -0.039429
6.185430, -0.101323, 0.105224, 0.177053, -0.524495, -0.503938, -0.040424
6.209425, -0.102920, 0.095412, 0.172365, -0.478559, -0.478196, -0.034771
6.217567, -0.101294, 0.090449, 0.166583, -0.510491, -0.509938, -0.060211
6.241554, -0.086736, 0.078505, 0.140392, -0.385467, -0.375340, -0.033297
6.249547, -0.080709, 0.076713, 0.130881, -0.425216, -0.438161, -0.045899
6.273533, -0.068450, 0.071560, 0.111405, -0.347647, -0.321987, -0.030309
6.281865, -0.071608, 0.070996, 0.115294, -0.352377, -0.384366, -0.028716
6.305866, -0.061599, 0.056017, 0.095933, -0.268862, -0.259553, -0.028022
6.313849, -0.060115, 0.053298, 0.092836, -0.286209, -0.297072, -0.034914
6.337986, -0.055382, 0.046797, 0.084853, -0.242898, -0.260225, -0.026525
6.346020, -0.052713, 0.045429, 0.080281, -0.244542, -0.254504, -0.030160
6.369996, -0.040768, 0.033725, 0.061478, -0.162584, -0.180956, -0.016224
6.378170, -0.037776, 0.031152, 0.056917, -0.127713, -0.122732, -0.010033
6.402328, -0.021041, 0.020190, 0.032100, -0.117536, -0.120712, -0.020302
6.410155, -0.021373, 0.019479, 0.032553, -0.071808, -0.054298, -0.006767
6.434329, -0.006847, 0.009538, 0.011535, -0.048223, -0.060793, -0.004327
6.442257, -0.002234, 0.005901, 0.004821, -0.006397, 0.009823, 0.004164
6.466401, -0.004357, 0.013123, 0.011151, -0.021668, -0.033275, 0.007928
6.474423, -0.001632, 0.012274, 0.007028, -0.001564, 0.002844, 0.014057
6.498612, -0.021251, 0.029292, 0.039101, -0.034641, -0.052225, 0.018159
6.506559, -0.030683, 0.036958, 0.054234, -0.051041, -0.079322, 0.019277
6.530604, -0.054937, 0.056852, 0.092124, -0.066197, -0.097107, 0.030518
6.538561, -0.067622, 0.065649, 0.111744, -0.120051, -0.195229, 0.021329
6.562728, -0.089687, 0.085321, 0.146423, -0.122282, -0.190679, 0.035416
6.570898, -0.090925, 0.090754, 0.148996, -0.142706, -0.227934, 0.036811
6.594879, -0.113780, 0.115012, 0.184645, -0.169914, -0.269895, 0.050155
6.602895, -0.117983, 0.116491, 0.189738, -0.159835, -0.249672, 0.052671
6.627043, -0.135733, 0.139779, 0.217461, -0.211665, -0.342267, 0.059876
6.635003, -0.138566, 0.148666, 0.222182, -0.185790, -0.290073, 0.077907
6.659175, -0.166478, 0.166801, 0.258537, -0.242614, -0.391282, 0.072384
6.667119, -0.171688, 0.175910, 0.266132, -0.231320, -0.366955, 0.085111
6.691173, -0.191543, 0.188129, 0.287451, -0.248705, -0.394885, 0.087476
6.699170, -0.201398, 0.201246, 0.300901, -0.290592, -0.472988, 0.088833
6.723317, -0.225734, 0.222057, 0.328035, -0.286352, -0.457808, 0.105592
6.731273, -0.232866, 0.232255, 0.336397, -0.322538, -0.527768, 0.105892
6.755465, -0.256477, 0.253418, 0.359570, -0.318171, -0.513388, 0.124052
6.763472, -0.262007, 0.251257, 0.360861, -0.351719, -0.580506, 0.110281
6.787600, -0.291843, 0.271792, 0.386959, -0.355231, -0.579747, 0.123232
6.795645, -0.299798, 0.284510, 0.394725, -0.383091, -0.634897, 0.129294
6.819565, -0.330665, 0.305313, 0.419603, -0.393617, -0.651740, 0.139446
6.827801, -0.338758, 0.307974, 0.422935, -0.404467, -0.672877, 0.137144
6.851749, -0.371872, 0.334077, 0.445936, -0.450739, -0.764264, 0.145512
6.859772, -0.384701, 0.335377, 0.452979, -0.423782, -0.705241, 0.148006
6.883921, -0.413674, 0.359238, 0.467752, -0.474218, -0.811308, 0.154862
6.891899, -0.422959, 0.362672, 0.470250, -0.452668, -0.763678, 0.161610
6.916052, -0.464600, 0.389295, 0.492411, -0.505769, -0.873232, 0.165712
6.924020, -0.479529, 0.395334, 0.499444, -0.509088, -0.878527, 0.166188
6.948064, -0.503174, 0.417832, 0.500549, -0.516115, -0.897043, 0.188729
6.956178, -0.516106, 0.419567, 0.503826, -0.525243, -0.918191, 0.182525
6.980178, -0.567399, 0.449812, 0.523358, -0.557207, -0.982178, 0.195529
6.988161, -0.573091, 0.457033, 0.519992, -0.574931, -1.027581, 0.201109
7.012185, -0.621026, 0.479835, 0.530764, -0.570069, -1.012377, 0.215526
7.020324, -0.639707, 0.483597, 0.534974, -0.609033, -1.104890, 0.202287
7.044345, -0.670419, 0.497226, 0.527363, -0.588638, -1.064425, 0.218764
7.052464, -0.691708, 0.510119, 0.532374, -0.627013, -1.156314, 0.220177
7.076492, -0.730084, 0.523222, 0.524922, -0.614233, -1.130051, 0.231100
7.084643, -0.747456, 0.534213, 0.524926, -0.641028, -1.197720, 0.236346
7.108649, -0.793542, 0.550788, 0.518649, -0.641536, -1.204345, 0.246348
7.116588, -0.811232, 0.559288, 0.516321, -0.656284, -1.242718, 0.251309
7.140790, -0.862823, 0.574472, 0.506780, -0.676796, -1.302900, 0.253927
7.148702, -0.876662, 0.581074, 0.500612, -0.677470, -1.308863, 0.263090
7.172929, -0.932715, 0.593878, 0.487939, -0.707829, -1.401581, 0.258390
7.180502, -0.950027, 0.598903, 0.480653, -0.691562, -1.355900, 0.266502
7.205057, -1.001500, 0.613945, 0.459279, -0.727052, -1.470144, 0.275017
7.213034, -1.014344, 0.614316, 0.449110, -0.707260, -1.417754, 0.277978
7.237181, -1.036910, 0.610353, 0.411172, -0.708186, -1.451492, 0.282062
7.245037, -1.041492, 0.608026, 0.397638, -0.706813, -1.460753, 0.285093
7.269349, -1.055328, 0.596382, 0.356157, -0.684180, -1.428222, 0.286052
7.277190, -1.065935, 0.594278, 0.344868, -0.701939, -1.494847, 0.279535
7.301341, -1.072751, 0.579778, 0.302359, -0.664601, -1.416291, 0.283289
7.309337, -1.080342, 0.577789, 0.289931, -0.685885, -1.498370, 0.281747
7.333480, -1.089428, 0.563490, 0.248623, -0.653608, -1.428803, 0.280880
7.341450, -1.100520, 0.562412, 0.236631, -0.670648, -1.494548, 0.277801
7.365463, -1.109439, 0.549276, 0.196376, -0.646180, -1.451862, 0.282421
7.373593, -1.117678, 0.547497, 0.182642, -0.647925, -1.469307, 0.285424
7.397622, -1.133106, 0.534566, 0.143101, -0.653320, -1.524883, 0.276400
7.405775, -1.136695, 0.529762, 0.129524, -0.630339, -1.451313, 0.275120
7.429785, -1.146222, 0.516826, 0.088107, -0.641018, -1.533933, 0.279652
7.437775, -1.146237, 0.511114, 0.074313, -0.616925, -1.456331, 0.281824
7.461871, -1.149503, 0.494649, 0.033683, -0.622433, -1.524227, 0.278916
7.470029, -1.150928, 0.489404, 0.020487, -0.604917, -1.468909, 0.280162
7.494058, -1.154734, 0.473272, -0.020203, -0.598163, -1.489493, 0.286900
7.502172, -1.158402, 0.468742, -0.033309, -0.593116, -1.484741, 0.287645
7.526215, -1.159084, 0.451115, -0.073783, -0.585569, -1.497845, 0.278808
7.534167, -1.164372, 0.447326, -0.087850, -0.584219, -1.502254, 0.277105
7.558367, -1.162921, 0.429074, -0.127766, -0.568529, -1.483841, 0.286484
7.566309, -1.167815, 0.425014, -0.142378, -0.572410, -1.511287, 0.288568
7.590466, -1.156551, 0.403595, -0.181649, -0.559635, -1.510620, 0.281199
7.598454, -1.151088, 0.395951, -0.193989, -0.552883, -1.501250, 0.278384
7.622518, -1.157234, 0.380353, -0.234565, -0.539982, -1.484185, 0.282165
7.630510, -1.145980, 0.370928, -0.245189, -0.548168, -1.553546, 0.282684
7.654660, -1.143628, 0.355236, -0.284663, -0.526009, -1.490785, 0.269523
7.662300, -1.139183, 0.347409, -0.296689, -0.533528, -1.550988, 0.277388
7.686788, -1.136845, 0.328044, -0.334680, -0.515002, -1.508524, 0.287212
7.694773, -1.130482, 0.321017, -0.346391, -0.516109, -1.536687, 0.285500
7.718796, -1.124787, 0.303530, -0.384675, -0.505182, -1.533796, 0.281390
7.726778, -1.127016, 0.297481, -0.398241, -0.495412, -1.495417, 0.284383
7.750964, -1.113449, 0.276984, -0.434682, -0.497271, -1.570354, 0.287737
7.758918, -1.104474, 0.269943, -0.446532, -0.482289, -1.506588, 0.279626
7.782920, -1.090775, 0.250707, -0.481139, -0.482366, -1.570557, 0.282883
7.791049, -1.085803, 0.242504, -0.492425, -0.469577, -1.517404, 0.284037
7.815196, -1.073591, 0.222859, -0.528746, -0.463834, -1.544429, 0.286845
7.823184, -1.067730, 0.217227, -0.539526, -0.460915, -1.550675, 0.284059
7.847210, -1.047447, 0.198544, -0.571600, -0.442005, -1.506922, 0.274227
7.855366, -1.042102, 0.191343, -0.582444, -0.450472, -1.582352, 0.282987
7.879387, -1.020510, 0.171274, -0.613522, -0.427928, -1.509982, 0.276059
7.887369, -1.020717, 0.167409, -0.627714, -0.438612, -1.593685, 0.281626
7.911512, -0.995906, 0.145124, -0.655782, -0.417343, -1.530588, 0.280308
7.919527, -0.994917, 0.139044, -0.670531, -0.424181, -1.590438, 0.287785
7.943654, -0.970801, 0.118719, -0.698109, -0.408435, -1.565340, 0.286371
7.951651, -0.967036, 0.115199, -0.712936, -0.406372, -1.568826, 0.281500
7.975638, -0.936649, 0.096408, -0.737553, -0.400065, -1.608255, 0.282654
7.983778, -0.927498, 0.088759, -0.745214, -0.383921, -1.523859, 0.276063
8.007790, -0.911025, 0.072146, -0.781066, -0.388054, -1.614745, 0.284994
8.015791, -0.896323, 0.065715, -0.783615, -0.373072, -1.543405, 0.276198
8.039958, -0.869833, 0.045720, -0.809688, -0.370278, -1.601651, 0.286222
8.047916, -0.859241, 0.037911, -0.814869, -0.358461, -1.547813, 0.283100
8.072092, -0.831946, 0.023669, -0.841680, -0.350969, -1.572651, 0.279457
8.080080, -0.816648, 0.019067, -0.843821, -0.346256, -1.571927, 0.276421
8.104258, -0.790860, 0.001042, -0.870585, -0.332954, -1.547032, 0.275459
8.112205, -0.783870, -0.006706, -0.880380, -0.334915, -1.586045, 0.284592
8.136410, -0.751443, -0.019415, -0.900778, -0.318142, -1.540355, 0.272450
8.144356, -0.736826, -0.025579, -0.904947, -0.324892, -1.621457, 0.283476
8.168400, -0.711207, -0.046201, -0.927966, -0.305286, -1.554151, 0.283042
8.176392, -0.698757, -0.052485, -0.931242, -0.308866, -1.614465, 0.293091
8.200543, -0.662724, -0.060304, -0.951132, -0.292293, -1.569342, 0.273953
8.208505, -0.646203, -0.063363, -0.949098, -0.290072, -1.588250, 0.275112
8.232672, -0.622533, -0.084118, -0.976154, -0.285188, -1.623728, 0.289444
8.240651, -0.609967, -0.089281, -0.978691, -0.272504, -1.552480, 0.280517
8.264794, -0.568173, -0.097342, -0.984685, -0.269123, -1.618752, 0.282414
8.272789, -0.557866, -0.102583, -0.990242, -0.256404, -1.545153, 0.273174
8.296804, -0.526104, -0.121585, -1.006230, -0.255145, -1.627065, 0.294108
8.304912, -0.514679, -0.122188, -1.015610, -0.244491, -1.566813, 0.279073
8.329007, -0.462570, -0.124317, -0.996045, -0.233891, -1.578741, 0.271304
8.336979, -0.451782, -0.129714, -1.000892, -0.225888, -1.538705, 0.267645
8.361135, -0.402789, -0.137359, -0.969982, -0.209491, -1.494369, 0.264020
8.369103, -0.386421, -0.135161, -0.961068, -0.204894, -1.484507, 0.257073
8.393273, -0.343969, -0.146618, -0.928485, -0.182402, -1.381083, 0.252697
8.400890, -0.331308, -0.143729, -0.924455, -0.187619, -1.452085, 0.257179
8.425279, -0.289046, -0.146681, -0.887224, -0.162362, -1.312163, 0.237613
8.433219, -0.273551, -0.139948, -0.877292, -0.166858, -1.372764, 0.236498
8.457423, -0.239877, -0.140639, -0.850916, -0.147951, -1.272016, 0.220455
8.465407, -0.229038, -0.136685, -0.841574, -0.148900, -1.299154, 0.219416
8.489566, -0.197295, -0.137854, -0.804072, -0.133564, -1.219199, 0.210659
8.497537, -0.186830, -0.142582, -0.796458, -0.125365, -1.165958, 0.207731
8.521541, -0.164537, -0.143039, -0.768402, -0.123392, -1.197634, 0.215650
8.529678, -0.154062, -0.140390, -0.762098, -0.112299, -1.116813, 0.199110
8.553660, -0.127235, -0.129699, -0.720149, -0.108549, -1.123123, 0.191166
8.561831, -0.120848, -0.132596, -0.711761, -0.097210, -1.035483, 0.182347
8.585810, -0.095448, -0.125760, -0.671220, -0.094530, -1.043042, 0.179033
8.594005, -0.088603, -0.120267, -0.662386, -0.086166, -0.977168, 0.163223
8.617926, -0.074200, -0.122884, -0.630949, -0.080622, -0.950507, 0.167646
8.625948, -0.066716, -0.115503, -0.616264, -0.080908, -0.958441, 0.161525
8.649950, -0.054649, -0.118070, -0.578152, -0.065797, -0.836349, 0.153628
8.658105, -0.048030, -0.113773, -0.572085, -0.073001, -0.908594, 0.158959
8.682233, -0.034576, -0.110560, -0.532671, -0.056725, -0.771898, 0.141232
8.690246, -0.031789, -0.110548, -0.526049, -0.064170, -0.845176, 0.153209
8.714238, -0.021712, -0.099882, -0.496487, -0.050029, -0.724539, 0.127474
8.722217, -0.020497, -0.102853, -0.478876, -0.054674, -0.765155, 0.141015
8.746523, -0.010870, -0.093456, -0.436198, -0.043251, -0.656218, 0.121094
8.754562, -0.008886, -0.085315, -0.428860, -0.044608, -0.668641, 0.114293
8.778523, 0.000065, -0.076754, -0.396133, -0.041195, -0.634216, 0.103965
8.786550, 0.003060, -0.077180, -0.394249, -0.038998, -0.618432, 0.101996
8.810579, 0.008674, -0.069071, -0.350490, -0.036906, -0.584943, 0.095353
8.818518, 0.006688, -0.071506, -0.339026, -0.026673, -0.484036, 0.087209
8.842705, 0.009024, -0.060844, -0.301520, -0.030676, -0.505439, 0.084730
8.850698, 0.009649, -0.062298, -0.288926, -0.021630, -0.415240, 0.076186
8.874866, 0.012534, -0.050798, -0.261073, -0.025691, -0.439371, 0.070543
8.882859, 0.010902, -0.053026, -0.248800, -0.017429, -0.354054, 0.064250
8.906992, 0.012243, -0.043957, -0.223385, -0.020150, -0.365202, 0.059530
8.914978, 0.011843, -0.043324, -0.205414, -0.017188, -0.325529, 0.056813
8.939162, 0.010151, -0.039690, -0.170504, -0.013155, -0.263254, 0.050966
8.947001, 0.007948, -0.035103, -0.162275, -0.016948, -0.290825, 0.051476
8.971156, 0.009894, -0.025422, -0.127588, -0.006098, -0.164054, 0.027709
8.979135, 0.006693, -0.025413, -0.112148, -0.011915, -0.205743, 0.037464
9.003415, 0.003579, -0.025270, -0.076354, -0.002351, -0.087352, 0.028362
9.011293, 0.005649, -0.020379, -0.072512, -0.009596, -0.154410, 0.031784
9.035445, 0.004424, -0.008563, -0.037273, 0.000407, -0.029507, 0.006528
9.043445, 0.002515, -0.006470, -0.023891, -0.005215, -0.071200, 0.012825
9.067445, 0.000256, -0.001517, -0.003063, 0.002421, 0.020237, -0.001591
9.075393, -0.006216, -0.000762, 0.010200, -0.001086, 0.002668, 0.004371
9.099727, -0.009378, 0.003178, -0.000390, -0.009166, 0.041388, -0.007653
9.107726, -0.010352, 0.009135, -0.003390, -0.016617, 0.054201, -0.020079
9.131702, -0.021744, 0.014563, -0.004444, -0.037665, 0.059952, -0.027986
9.139748, -0.021401, 0.018826, -0.001893, -0.040134, 0.160216, -0.050253
9.163705, -0.026531, 0.035745, -0.005590, -0.040850, 0.113937, -0.058718
9.171902, -0.030351, 0.040717, -0.001901, -0.039774, 0.216732, -0.078608
9.195895, -0.037654, 0.041401, -0.005071, -0.063932, 0.195150, -0.075579
9.203982, -0.041804, 0.044956, 0.007326, -0.053637, 0.292577, -0.089370
9.227941, -0.047325, 0.055978, 0.011872, -0.077400, 0.269735, -0.103317
9.236024, -0.050134, 0.055111, 0.002672, -0.077058, 0.301287, -0.108847
9.260364, -0.050999, 0.066230, 0.002396, -0.087359, 0.302287, -0.123637
9.268129, -0.057117, 0.063222, 0.001112, -0.107036, 0.331131, -0.125928
9.292301, -0.067647, 0.072603, 0.014316, -0.100598, 0.437661, -0.137211
9.300300, -0.070340, 0.070982, 0.007726, -0.101282, 0.389701, -0.125615
9.324443, -0.073098, 0.077129, 0.010963, -0.115373, 0.463046, -0.153230
9.332451, -0.073645, 0.082516, 0.012780, -0.119402, 0.409268, -0.145127
9.356628, -0.081332, 0.089213, 0.018909, -0.137573, 0.576711, -0.175244
9.364456, -0.080222, 0.096397, 0.010437, -0.128891, 0.471347, -0.165372
9.388619, -0.085102, 0.100439, 0.010249, -0.144291, 0.587791, -0.187779
9.396718, -0.091303, 0.099295, 0.009161, -0.137484, 0.566893, -0.171101
9.420736, -0.091445, 0.111997, 0.013752, -0.145345, 0.599158, -0.195485
9.428731, -0.093117, 0.112724, 0.012374, -0.186091, 0.604877, -0.201752
9.452914, -0.098100, 0.116371, 0.003133, -0.177106, 0.625473, -0.201893
9.460881, -0.098850, 0.126570, 0.006558, -0.180489, 0.685747, -0.225230
9.485035, -0.103584, 0.131483, 0.012023, -0.188421, 0.694538, -0.212933
9.493025, -0.103688, 0.142340, 0.014264, -0.195259, 0.746514, -0.240434
9.517032, -0.110890, 0.145150, 0.019576, -0.181487, 0.777104, -0.223736
9.525148, -0.106096, 0.152357, 0.010492, -0.193054, 0.786166, -0.245524
9.549162, -0.111096, 0.164080, 0.024502, -0.191464, 0.874601, -0.251895
9.557316, -0.111764, 0.159775, 0.012158, -0.205729, 0.821564, -0.245123
9.581335, -0.114746, 0.165635, 0.021386, -0.197622, 0.906767, -0.246303
9.589323, -0.113850, 0.173432, 0.015735, -0.210595, 0.879842, -0.254631
9.613493, -0.114886, 0.177123, 0.009524, -0.233613, 0.923683, -0.257146
9.621435, -0.117006, 0.173424, 0.006065, -0.233812, 0.932918, -0.248544
9.645469, -0.117197, 0.188875, 0.016073, -0.235220, 0.984597, -0.260755
9.653608, -0.115308, 0.197305, 0.023399, -0.243208, 1.048855, -0.268553
9.677592, -0.117052, 0.202379, 0.025195, -0.219415, 1.084163, -0.260720
9.685757, -0.115085, 0.210813, 0.029149, -0.221785, 1.078585, -0.265886
9.709576, -0.115050, 0.212950, 0.015887, -0.248975, 1.072076, -0.251969
9.717916, -0.113279, 0.219397, 0.023879, -0.230010, 1.147362, -0.276918
9.741902, -0.111147, 0.225823, 0.027250, -0.256945, 1.135342, -0.252926
9.749883, -0.112700, 0.227539, 0.028891, -0.237308, 1.263890, -0.269401
9.773897, -0.106181, 0.241608, 0.017333, -0.249183, 1.221907, -0.258118
9.782006, -0.105111, 0.243673, 0.020882, -0.244945, 1.236190, -0.267796
9.806174, -0.100613, 0.251398, 0.034120, -0.228940, 1.329659, -0.266295
9.814133, -0.100884, 0.254045, 0.037675, -0.248551, 1.313922, -0.244072
9.838293, -0.089198, 0.260370, 0.021354, -0.221301, 1.304516, -0.257454
9.846330, -0.088101, 0.260050, 0.026956, -0.239643, 1.289874, -0.232306
9.870443, -0.080612, 0.255535, 0.044487, -0.196807, 1.406760, -0.237338
9.878436, -0.077184, 0.252806, 0.025071, -0.217792, 1.235115, -0.203739
9.902615, -0.070161, 0.254291, 0.030896, -0.183362, 1.341519, -0.221390
9.910489, -0.064751, 0.257578, 0.037421, -0.186905, 1.316815, -0.193833
9.934499, -0.056255, 0.258459, 0.027988, -0.164366, 1.339403, -0.208370
9.942639, -0.052359, 0.255588, 0.017498, -0.179291, 1.247735, -0.176019
9.966774, -0.045510, 0.256004, 0.034229, -0.156309, 1.363522, -0.182707
9.974769, -0.041800, 0.254497, 0.023135, -0.161731, 1.280991, -0.162566
9.998943, -0.032315, 0.257085, 0.018582, -0.164923, 1.261369, -0.155776
10.006895, -0.028386, 0.259186, 0.027551, -0.123159, 1.337599, -0.163531
10.030896, -0.021922, 0.253222, 0.037446, -0.127214, 1.310128, -0.122602
10.039062, -0.019624, 0.252660, 0.029815, -0.121060, 1.329480, -0.152407
10.063064, -0.007732, 0.256519, 0.020568, -0.122316, 1.276472, -0.110779
10.071058, -0.004435, 0.258560, 0.037077, -0.102668, 1.375682, -0.138653
10.095226, 0.002636, 0.253096, 0.017459, -0.114102, 1.250928, -0.091518
10.103173, 0.005395, 0.250873, 0.024037, -0.092462, 1.345718, -0.112708
10.127346, 0.011853, 0.244724, 0.043095, -0.059020, 1.348801, -0.079943
10.135317, 0.014496, 0.246084, 0.031777, -0.084644, 1.305811, -0.085208
10.159477, 0.027242, 0.251124, 0.024110, -0.061103, 1.311289, -0.090402
10.167471, 0.031882, 0.251201, 0.029494, -0.043289, 1.335697, -0.074057
10.191497, 0.037929, 0.244423, 0.034853, -0.024731, 1.326643, -0.079423
10.199487, 0.038776, 0.240987, 0.033667, -0.031660, 1.273536, -0.036822
10.223663, 0.050286, 0.240269, 0.033023, 0.004662, 1.356924, -0.063049
10.231650, 0.053393, 0.242832, 0.040895, -0.001078, 1.285276, -0.033907
10.255766, 0.063225, 0.241637, 0.027771, 0.009973, 1.291449, -0.051160
10.263756, 0.066618, 0.239488, 0.031637, 0.033034, 1.300207, -0.023322
10.287786, 0.075316, 0.234382, 0.041394, 0.052966, 1.354693, -0.035766
10.295888, 0.075571, 0.232960, 0.034875, 0.032488, 1.244593, 0.001989
10.320090, 0.086433, 0.232380, 0.030116, 0.055548, 1.317618, -0.009531
10.328052, 0.090734, 0.231896, 0.029596, 0.071285, 1.300360, -0.010327
10.352061, 0.095786, 0.224778, 0.038403, 0.078614, 1.272037, 0.010791
10.360105, 0.100082, 0.222515, 0.029865, 0.095988, 1.294621, 0.006628
10.384235, 0.110491, 0.222757, 0.034241, 0.104194, 1.295424, 0.051197
10.392172, 0.113888, 0.225169, 0.025729, 0.096929, 1.276075, 0.004645
10.416371, 0.122461, 0.220281, 0.031367, 0.120737, 1.243299, 0.047594
10.424362, 0.126330, 0.216631, 0.030437, 0.138630, 1.334759, 0.026599
10.448338, 0.131418, 0.210570, 0.035456, 0.146256, 1.240650, 0.067192
10.456475, 0.135069, 0.208818, 0.043309, 0.156193, 1.314056, 0.046904
10.480561, 0.148781, 0.211482, 0.021028, 0.182121, 1.244993, 0.065144
10.488507, 0.150378, 0.211613, 0.019905, 0.165038, 1.266885, 0.051405
10.512679, 0.158086, 0.204286, 0.031364, 0.204447, 1.205685, 0.061841
10.520512, 0.159408, 0.197293, 0.025048, 0.202679, 1.312405, 0.077323
10.544681, 0.167129, 0.191322, 0.034723, 0.237563, 1.243146, 0.090372
10.552637, 0.170553, 0.193327, 0.034207, 0.225542, 1.261066, 0.074357
10.576808, 0.184027, 0.192345, 0.034784, 0.263155, 1.262354, 0.072366
10.584809, 0.184124, 0.188486, 0.027390, 0.261180, 1.238374, 0.087548
10.609096, 0.190440, 0.182760, 0.024654, 0.262941, 1.241023, 0.074762
10.616978, 0.196314, 0.180547, 0.035801, 0.304851, 1.216943, 0.101842
10.641115, 0.206941, 0.177459, 0.022944, 0.310243, 1.283311, 0.081038
10.649055, 0.207644, 0.179613, 0.025817, 0.307870, 1.160442, 0.099186
10.673256, 0.215216, 0.170713, 0.034985, 0.320278, 1.260399, 0.108040
10.681233, 0.219506, 0.166765, 0.038053, 0.359469, 1.207493, 0.116545
10.705401, 0.223311, 0.160068, 0.024590, 0.344087, 1.218046, 0.113335
10.713240, 0.230620, 0.160776, 0.040129, 0.379846, 1.194964, 0.113381
10.737387, 0.238631, 0.153823, 0.031685, 0.386386, 1.256556, 0.130291
10.745402, 0.238127, 0.152944, 0.023711, 0.386281, 1.156573, 0.129948
10.769388, 0.241237, 0.142328, 0.030345, 0.395211, 1.165769, 0.153845
10.777509, 0.250681, 0.138967, 0.032471, 0.429649, 1.251767, 0.123701
10.801692, 0.258691, 0.138567, 0.025242, 0.446036, 1.149906, 0.140037
10.809697, 0.257927, 0.138001, 0.014804, 0.421266, 1.155823, 0.159200
10.833646, 0.269593, 0.128866, 0.030823, 0.480228, 1.162534, 0.145422
10.841805, 0.267674, 0.123626, 0.026092, 0.458841, 1.198434, 0.146925
10.865780, 0.275439, 0.119515, 0.020208, 0.487746, 1.097890, 0.129005
10.873818, 0.283279, 0.118046, 0.033221, 0.501889, 1.210087, 0.148925
10.897952, 0.293254, 0.113913, 0.026885, 0.539190, 1.149975, 0.140276
10.906115, 0.289189, 0.113878, 0.012899, 0.491224, 1.126302, 0.138220
10.930111, 0.298674, 0.100763, 0.027644, 0.556586, 1.109395, 0.121116
10.938081, 0.300411, 0.096544, 0.019847, 0.559033, 1.147983, 0.129783
10.962265, 0.306268, 0.090981, 0.022373, 0.563809, 1.121022, 0.142086
10.970242, 0.309338, 0.090425, 0.017162, 0.573352, 1.117500, 0.151650
10.994357, 0.319430, 0.082530, 0.021410, 0.607223, 1.141123, 0.140213
11.002351, 0.316085, 0.080495, 0.015749, 0.589871, 1.084448, 0.129328
11.026357, 0.317144, 0.072160, -0.000829, 0.595007, 1.035413, 0.155867
11.034408, 0.330320, 0.068558, 0.013155, 0.643894, 1.122555, 0.138353
11.058535, 0.332065, 0.065099, 0.007555, 0.653021, 1.032527, 0.156042
11.066538, 0.334538, 0.063393, 0.005868, 0.624560, 1.078211, 0.136660
11.090560, 0.340911, 0.051875, 0.012944, 0.695408, 1.036702, 0.159095
11.098675, 0.342117, 0.049364, 0.016793, 0.666181, 1.094081, 0.157903
11.122858, 0.345512, 0.044838, -0.001845, 0.683856, 0.989412, 0.149930
11.130880, 0.352407, 0.041479, 0.002757, 0.694456, 1.065608, 0.147049
11.155004, 0.363108, 0.030353, 0.011005, 0.752638, 1.037620, 0.128890
11.162976, 0.354142, 0.027641, 0.008560, 0.704039, 1.036712, 0.157315
11.186997, 0.362221, 0.017409, 0.009693, 0.755446, 0.991679, 0.130995
11.194983, 0.367920, 0.015038, 0.012836, 0.762800, 1.076734, 0.155374
11.219142, 0.371256, 0.012999, 0.004330, 0.767180, 0.955367, 0.115477
11.227126, 0.373085, 0.009181, 0.001312, 0.761793, 1.019782, 0.136082
11.251271, 0.377825, -0.003508, 0.000264, 0.814617, 0.971374, 0.116694
11.259256, 0.376370, -0.006146, 0.005073, 0.784652, 1.002581, 0.137720
11.283270, 0.378689, -0.010359, -0.008633, 0.803488, 0.905825, 0.109233
11.291407, 0.391055, -0.014224, -0.007704, 0.824752, 1.018872, 0.114245
11.315425, 0.392622, -0.017556, -0.004299, 0.845506, 0.924488, 0.090780
11.323413, 0.388228, -0.021120, -0.014201, 0.816232, 0.947640, 0.120842
11.347557, 0.390887, -0.035268, -0.013144, 0.874241, 0.902287, 0.106389
11.355548, 0.394543, -0.035825, -0.013291, 0.844176, 0.955578, 0.099223
11.379579, 0.398132, -0.043565, -0.012714, 0.882345, 0.869956, 0.098036
11.387673, 0.401161, -0.046130, -0.019123, 0.882120, 0.931139, 0.104029
11.411688, 0.405101, -0.059335, -0.014704, 0.933323, 0.893322, 0.089770
11.419854, 0.399770, -0.059175, -0.019032, 0.885943, 0.890526, 0.104416
11.443833, 0.401305, -0.068587, -0.026007, 0.925265, 0.837327, 0.089023
11.451997, 0.409387, -0.072446, -0.028776, 0.932056, 0.903986, 0.089866
11.476167, 0.408621, -0.075749, -0.026123, 0.937578, 0.817631, 0.055065
11.483988, 0.410296, -0.083647, -0.021992, 0.956689, 0.874037, 0.097679
11.508137, 0.414448, -0.091546, -0.031051, 0.982339, 0.836238, 0.047204
11.516122, 0.415748, -0.089549, -0.024205, 0.958940, 0.848936, 0.085013
11.540302, 0.419711, -0.094468, -0.036341, 0.967289, 0.788314, 0.023795
11.548265, 0.419415, -0.100222, -0.037374, 0.991100, 0.834476, 0.063170
11.572287, 0.420800, -0.113730, -0.031169, 1.015633, 0.806485, 0.033667
11.580412, 0.416089, -0.113396, -0.035593, 0.985239, 0.792624, 0.046482
11.604605, 0.416972, -0.123168, -0.039697, 1.012155, 0.797275, 0.032092
11.612562, 0.411838, -0.119065, -0.039496, 0.979755, 0.768884, 0.022531
11.636566, 0.400283, -0.121537, -0.038392, 0.951704, 0.718955, 0.005850
11.644694, 0.393676, -0.126332, -0.041104, 0.971981, 0.701017, -0.004176
11.668736, 0.383080, -0.128823, -0.039826, 0.956044, 0.719424, 0.032752
11.676735, 0.377765, -0.125861, -0.040241, 0.931788, 0.638181, -0.021099
11.700993, 0.362118, -0.131104, -0.035861, 0.903064, 0.650947, 0.026659
11.709011, 0.358473, -0.127120, -0.044355, 0.893230, 0.592108, -0.032559
11.733007, 0.345149, -0.130252, -0.041337, 0.871345, 0.616087, 0.013058
11.741002, 0.348110, -0.130630, -0.041332, 0.905014, 0.582254, -0.038176
11.765120, 0.332044, -0.131967, -0.043811, 0.858846, 0.605964, -0.001104
11.773129, 0.323691, -0.127799, -0.044557, 0.816195, 0.502051, -0.053908
11.797319, 0.311339, -0.125857, -0.045130, 0.784412, 0.517138, -0.006570
11.805306, 0.299352, -0.126652, -0.043968, 0.773808, 0.452208, -0.047333
11.829318, 0.284557, -0.126217, -0.044142, 0.735367, 0.456360, -0.002360
11.837287, 0.287185, -0.126727, -0.038298, 0.767383, 0.435452, -0.043113
11.861310, 0.269357, -0.120353, -0.042468, 0.690751, 0.402246, -0.040187
11.869315, 0.264912, -0.122834, -0.043425, 0.702411, 0.428712, -0.030300
11.893473, 0.249866, -0.114259, -0.037950, 0.665430, 0.343200, -0.064398
11.901548, 0.246219, -0.119836, -0.039024, 0.678453, 0.411259, 0.004657
11.925601, 0.239287, -0.107337, -0.032973, 0.610467, 0.334560, -0.088938
11.933567, 0.231386, -0.111729, -0.034305, 0.621194, 0.374416, -0.008237
11.957733, 0.220619, -0.104726, -0.031610, 0.586637, 0.301872, -0.075274
11.965694, 0.208577, -0.104996, -0.031976, 0.573843, 0.314587, -0.010058
11.989850, 0.202137, -0.103910, -0.033365, 0.561762, 0.289713, -0.065887
11.997960, 0.191451, -0.097619, -0.038892, 0.499136, 0.292933, -0.017244
12.021846, 0.182446, -0.098364, -0.028589, 0.513315, 0.294555, -0.057806
12.030000, 0.177503, -0.092726, -0.032824, 0.512748, 0.283549, -0.025642
12.054032, 0.162165, -0.083444, -0.025359, 0.434828, 0.225592, -0.058177
12.062217, 0.155338, -0.086536, -0.030953, 0.441777, 0.242353, -0.018725
12.086182, 0.145701, -0.077404, -0.028261, 0.391394, 0.226228, -0.039886
12.094137, 0.136271, -0.074976, -0.023184, 0.373581, 0.186509, -0.036648
12.118276, 0.121710, -0.067435, -0.021662, 0.341585, 0.182504, -0.027047
12.126271, 0.122630, -0.065956, -0.027280, 0.349131, 0.163102, -0.063270
12.150420, 0.111103, -0.063988, -0.014174, 0.326975, 0.160351, -0.019385
12.158452, 0.106470, -0.056195, -0.021968, 0.279018, 0.120226, -0.065868
12.182471, 0.088915, -0.049875, -0.015655, 0.238325, 0.141898, 0.002980
12.190444, 0.085628, -0.047123, -0.014983, 0.235952, 0.114994, -0.057614
12.214603, 0.077707, -0.039724, -0.014947, 0.212074, 0.140977, -0.011038
12.222722, 0.072163, -0.039161, -0.017565, 0.199490, 0.100551, -0.056510
12.246749, 0.052710, -0.028766, -0.011261, 0.144507, 0.066972, -0.025311
12.254869, 0.051552, -0.027242, -0.011340, 0.126741, 0.066409, -0.024769
12.278922, 0.037366, -0.019269, -0.003595, 0.091543, 0.041599, -0.023053
12.286870, 0.029736, -0.017074, -0.007682, 0.079735, 0.038816, 0.006437
12.311053, 0.018323, -0.013647, -0.004832, 0.056136, 0.015741, -0.017074
12.319037, 0.014441, -0.011846, -0.001998, 0.044962, 0.018431, -0.003294
12.343097, 0.003461, -0.002939, 0.000745, 0.013873, 0.010499, 0.004745
12.351032, 0.001505, -0.000815, -0.000274, 0.005942, -0.000018, -0.004183
12.375219, 0.001490, -0.000816, 0.016236, 0.022882, 0.039902, 0.032619
12.383213, 0.002224, -0.001685, 0.024310, 0.036536, 0.016675, -0.033696
12.407488, 0.004864, -0.004553, 0.052118, 0.073523, 0.090949, 0.033769
12.415444, 0.005286, -0.005023, 0.054729, 0.079637, 0.060323, -0.032854
12.439497, 0.008526, -0.008318, 0.074747, 0.107787, 0.122575, 0.028745
12.447332, 0.010874, -0.010667, 0.089276, 0.131350, 0.116227, -0.026623
12.471639, 0.013444, -0.013257, 0.104866, 0.153103, 0.167408, 0.027410
12.479480, 0.012654, -0.012474, 0.115094, 0.165871, 0.150204, -0.029013
12.503612, 0.015438, -0.015276, 0.131411, 0.188924, 0.202928, 0.026847
12.511791, 0.017429, -0.017258, 0.134363, 0.196647, 0.182219, -0.027903
12.535753, 0.017009, -0.016970, 0.155284, 0.220407, 0.233179, 0.024956
12.543787, 0.017184, -0.017142, 0.158612, 0.225082, 0.213602, -0.023169
12.567904, 0.023285, -0.023218, 0.181957, 0.262412, 0.272327, 0.019500
12.575924, 0.023045, -0.022979, 0.188426, 0.269676, 0.264951, -0.010540
12.599903, 0.026995, -0.026912, 0.206312, 0.296400, 0.307389, 0.022252
12.608025, 0.029069, -0.028980, 0.210456, 0.304155, 0.295118, -0.020693
12.632016, 0.031406, -0.031308, 0.233277, 0.334101, 0.341369, 0.014727
12.640204, 0.034956, -0.034847, 0.238891, 0.345617, 0.337773, -0.019430
12.664223, 0.036780, -0.036451, 0.252814, 0.363673, 0.372795, 0.019451
12.672210, 0.041074, -0.040732, 0.259245, 0.376733, 0.368439, -0.022249
12.696367, 0.046891, -0.046529, 0.284018, 0.413477, 0.411391, -0.008052
12.704360, 0.050490, -0.050118, 0.287724, 0.423654, 0.427169, 0.006182
12.728509, 0.057312, -0.056919, 0.308761, 0.455610, 0.450521, -0.017342
12.736351, 0.055877, -0.055489, 0.309662, 0.454916, 0.463536, 0.020726
12.760502, 0.062313, -0.061869, 0.328438, 0.481027, 0.475580, -0.020360
12.768616, 0.065713, -0.065260, 0.336613, 0.497898, 0.506639, 0.022757
12.792626, 0.072919, -0.072446, 0.349670, 0.516944, 0.509240, -0.030514
12.800779, 0.075745, -0.075264, 0.354893, 0.530816, 0.539175, 0.023831
12.824790, 0.085256, -0.084621, 0.374185, 0.558989, 0.553134, -0.028268
12.832747, 0.089254, -0.088608, 0.379234, 0.575343, 0.583069, 0.024188
12.856966, 0.101416, -0.100738, 0.397040, 0.605564, 0.600068, -0.032073
12.864778, 0.102852, -0.102173, 0.404256, 0.621034, 0.628811, 0.028471
12.889086, 0.112228, -0.111457, 0.412178, 0.635359, 0.636160, -0.004960
12.897084, 0.112635, -0.111864, 0.417334, 0.640183, 0.642479, 0.003373
12.921089, 0.126017, -0.125212, 0.431761, 0.668386, 0.665133, -0.036100
12.929084, 0.127949, -0.127134, 0.433637, 0.682616, 0.688766, 0.033668
12.953232, 0.145341, -0.144483, 0.452622, 0.715720, 0.714267, -0.035321
12.961215, 0.145486, -0.144631, 0.453443, 0.726604, 0.731326, 0.034158
12.985393, 0.160861, -0.160015, 0.465856, 0.747225, 0.747521, -0.034269
12.993361, 0.161512, -0.160710, 0.468227, 0.761841, 0.765044, 0.035541
13.017500, 0.180149, -0.179381, 0.481535, 0.786594, 0.788622, -0.037138
13.025484, 0.184156, -0.183383, 0.483441, 0.810061, 0.811530, 0.035832
13.049529, 0.198932, -0.198122, 0.491676, 0.821304, 0.825030, -0.031252
13.057646, 0.207162, -0.206331, 0.496031, 0.854482, 0.854577, 0.030022
13.081671, 0.222113, -0.221179, 0.503167, 0.863158, 0.868999, -0.034796
13.089617, 0.224027, -0.223090, 0.502640, 0.881698, 0.879961, 0.031062
13.113663, 0.238515, -0.237101, 0.499441, 0.880309, 0.887120, -0.029497
13.121757, 0.242657, -0.241237, 0.496862, 0.901639, 0.898474, 0.028158
13.145956, 0.249437, -0.248239, 0.483805, 0.875459, 0.884637, -0.032492
13.153888, 0.251785, -0.250614, 0.479790, 0.895356, 0.890255, 0.029287
13.177910, 0.261141, -0.259739, 0.468731, 0.881196, 0.887486, -0.016388
13.186010, 0.263610, -0.262217, 0.462703, 0.892052, 0.888345, 0.017929
13.210230, 0.273564, -0.271683, 0.451468, 0.891401, 0.890929, 0.005043
13.218181, 0.275738, -0.274105, 0.446000, 0.883840, 0.888490, -0.009216
13.242235, 0.283338, -0.282223, 0.436191, 0.895016, 0.891005, 0.013992
13.250225, 0.281276, -0.280236, 0.428041, 0.866934, 0.877098, -0.020431
13.274359, 0.293633, -0.290099, 0.419070, 0.893900, 0.887379, 0.012793
13.282365, 0.295305, -0.293110, 0.410448, 0.886620, 0.885398, 0.003573
13.306519, 0.302723, -0.301531, 0.400324, 0.879845, 0.889322, -0.015444
13.314476, 0.299026, -0.297944, 0.392818, 0.881513, 0.872882, 0.018355
13.338509, 0.310469, -0.309522, 0.380637, 0.872090, 0.886462, -0.021662
13.346519, 0.315959, -0.315036, 0.374790, 0.906741, 0.891446, 0.027573
13.370667, 0.321065, -0.320203, 0.362558, 0.875686, 0.892603, -0.023189
13.378653, 0.322512, -0.321668, 0.357736, 0.889522, 0.888979, 0.003123
13.402835, 0.325232, -0.324419, 0.342473, 0.877047, 0.881671, -0.004173
13.410814, 0.328879, -0.328059, 0.339256, 0.886742, 0.885451, 0.003808
13.434973, 0.331363, -0.330561, 0.323318, 0.881804, 0.877319, 0.007407
13.442955, 0.337771, -0.336611, 0.321184, 0.877787, 0.892067, -0.016302
13.467113, 0.340469, -0.339322, 0.305598, 0.889679, 0.881121, 0.010523
13.475092, 0.341298, -0.340183, 0.300244, 0.864470, 0.884938, -0.021768
13.499267, 0.345527, -0.344600, 0.282098, 0.888892, 0.876519, 0.013924
13.507230, 0.351990, -0.351078, 0.278417, 0.874790, 0.896648, -0.021082
13.531237, 0.353436, -0.352537, 0.263753, 0.894971, 0.881748, 0.013539
13.539393, 0.352720, -0.351826, 0.262581, 0.862071, 0.884957, -0.020422
13.563409, 0.357586, -0.356674, 0.246070, 0.901317, 0.874639, 0.024047
13.571387, 0.363250, -0.362332, 0.241065, 0.873947, 0.898761, -0.020627
13.595527, 0.364968, -0.363872, 0.226396, 0.908092, 0.882189, 0.021013
13.603518, 0.364989, -0.363899, 0.223142, 0.867910, 0.892351, -0.019276
13.627564, 0.368334, -0.367382, 0.206677, 0.888832, 0.886843, 0.001686
13.635525, 0.369936, -0.369036, 0.198579, 0.895000, 0.887839, 0.005570
13.659701, 0.375674, -0.374842, 0.184259, 0.897416, 0.895731, 0.001544
13.667688, 0.373975, -0.373150, 0.177954, 0.895944, 0.888870, 0.005127
13.691833, 0.377828, -0.376860, 0.165352, 0.878237, 0.901333, -0.014993
13.699814, 0.373262, -0.372308, 0.159792, 0.887544, 0.879760, 0.004459
13.723973, 0.378716, -0.377906, 0.143999, 0.871933, 0.900267, -0.016483
13.731970, 0.377443, -0.376675, 0.135882, 0.898422, 0.884796, 0.007965
13.756111, 0.378393, -0.377677, 0.121620, 0.866224, 0.896860, -0.016399
13.764086, 0.373361, -0.372502, 0.119851, 0.887933, 0.865920, 0.010963
13.788072, 0.379372, -0.378809, 0.101834, 0.859381, 0.894245, -0.016608
13.796250, 0.380677, -0.380126, 0.093463, 0.906698, 0.879684, 0.013711
13.820290, 0.379244, -0.378498, 0.079057, 0.858214, 0.897028, -0.018182
13.828215, 0.377172, -0.376443, 0.075765, 0.903177, 0.868235, 0.014911
13.852425, 0.376284, -0.375577, 0.060892, 0.854767, 0.887367, -0.014143
13.860398, 0.377775, -0.377140, 0.054725, 0.884556, 0.880603, 0.001395
13.884573, 0.376616, -0.376009, 0.039793, 0.886622, 0.877193, 0.003303
13.892543, 0.377866, -0.377262, 0.035400, 0.870741, 0.889114, -0.007025
13.916686, 0.374544, -0.374023, 0.022849, 0.871033, 0.877695, -0.002056
13.924694, 0.378066, -0.377542, 0.015546, 0.888865, 0.885173, 0.001445
13.948712, 0.375756, -0.375198, -0.003262, 0.893473, 0.883898, 0.002600
13.956836, 0.379709, -0.379151, -0.010506, 0.902047, 0.897940, 0.000879
13.980978, 0.374226, -0.373695, -0.023626, 0.897111, 0.885114, 0.002900
13.988978, 0.374036, -0.373510, -0.023937, 0.866231, 0.895990, -0.008307
14.013115, 0.371848, -0.371372, -0.039957, 0.899488, 0.879992, 0.004804
14.021104, 0.374646, -0.374168, -0.048623, 0.875170, 0.909336, -0.007898
14.045110, 0.368519, -0.368066, -0.060069, 0.905427, 0.878641, 0.005682
14.053087, 0.366793, -0.366343, -0.063389, 0.860749, 0.894870, -0.006875
14.077298, 0.365045, -0.364607, -0.078064, 0.903734, 0.877215, 0.004785
14.085283, 0.364859, -0.364422, -0.086217, 0.865240, 0.904503, -0.006765
14.109324, 0.363615, -0.363196, -0.101833, 0.889323, 0.901342, -0.002065
14.117278, 0.359523, -0.359119, -0.105588, 0.885976, 0.892202, -0.001162
14.141420, 0.356999, -0.356612, -0.116880, 0.893413, 0.887784, 0.000380
14.149406, 0.351769, -0.351397, -0.119637, 0.886663, 0.875482, 0.000957
14.173577, 0.350325, -0.349970, -0.135049, 0.869713, 0.895406, -0.002707
14.181558, 0.347229, -0.346886, -0.140948, 0.892691, 0.880805, 0.000635
14.205735, 0.344893, -0.344567, -0.153723, 0.868502, 0.898419, -0.002265
14.213717, 0.340036, -0.339724, -0.151438, 0.893788, 0.862533, 0.001346
14.237851, 0.337858, -0.337596, -0.171391, 0.871802, 0.894461, -0.001427
14.245849, 0.336565, -0.336307, -0.179045, 0.913589, 0.880470, 0.000255
14.269852, 0.327977, -0.327752, -0.190275, 0.857223, 0.896136, -0.000888
14.277953, 0.325019, -0.324829, -0.190132, 0.888702, 0.867739, -0.000826
14.302002, 0.321008, -0.321007, -0.201997, 0.849947, 0.890964, -0.000794
14.310139, 0.319919, -0.319934, -0.206964, 0.900986, 0.868742, -0.002701
14.334162, 0.314383, -0.314345, -0.217815, 0.855347, 0.890881, 0.000546
14.342117, 0.312869, -0.312839, -0.221997, 0.901147, 0.868946, -0.003163
14.366121, 0.310108, -0.310245, -0.231929, 0.855339, 0.895498, 0.001152
14.374261, 0.309437, -0.309584, -0.237704, 0.907517, 0.876512, -0.004714
14.398300, 0.301229, -0.301655, -0.251138, 0.898087, 0.881552, -0.004857
14.406390, 0.301503, -0.302062, -0.260231, 0.884944, 0.907096, -0.000951
14.430540, 0.293625, -0.293819, -0.267241, 0.909123, 0.882836, -0.005298
14.438421, 0.293019, -0.294009, -0.268283, 0.871245, 0.900368, -0.000572
14.462563, 0.281321, -0.281551, -0.276220, 0.871415, 0.882185, 0.000262
14.470569, 0.280120, -0.280272, -0.285878, 0.900449, 0.885529, -0.003826
14.494733, 0.272674, -0.272836, -0.291225, 0.861860, 0.890251, 0.004529
14.502701, 0.271071, -0.271239, -0.292904, 0.898245, 0.869967, -0.006924
14.526731, 0.264258, -0.264413, -0.303327, 0.862587, 0.890506, 0.005396
14.534847, 0.261435, -0.261595, -0.311337, 0.882684, 0.892886, 0.001417
14.558855, 0.255212, -0.255375, -0.323764, 0.908490, 0.892498, -0.005119
14.566822, 0.251248, -0.251376, -0.324049, 0.874524, 0.899747, 0.005952
14.591014, 0.244169, -0.244233, -0.330829, 0.907640, 0.881138, -0.008380
14.598976, 0.240619, -0.240669, -0.329275, 0.855735, 0.893111, 0.010724
14.623163, 0.234081, -0.234109, -0.340251, 0.904252, 0.878205, -0.008989
14.631138, 0.230989, -0.231010, -0.343988, 0.866878, 0.898119, 0.010069
14.655313, 0.224010, -0.224024, -0.352019, 0.910819, 0.880096, -0.011526
14.663138, 0.221923, -0.221929, -0.346662, 0.853795, 0.886606, 0.011824
14.687320, 0.212776, -0.212796, -0.360644, 0.911133, 0.877243, -0.013884
14.695318, 0.208496, -0.208522, -0.364810, 0.868389, 0.899856, 0.012499
14.719459, 0.200888, -0.200923, -0.371103, 0.914589, 0.878990, -0.015916
14.727438, 0.198839, -0.199032, -0.370689, 0.863863, 0.895754, 0.013507
14.751599, 0.190187, -0.190392, -0.375954, 0.907966, 0.873472, -0.017223
14.759575, 0.186854, -0.187062, -0.377397, 0.862288, 0.892317, 0.013908
14.783717, 0.178756, -0.178964, -0.382381, 0.885535, 0.880906, -0.003129
14.791731, 0.175405, -0.175590, -0.385271, 0.890787, 0.881136, -0.005787
14.815849, 0.167457, -0.167596, -0.387080, 0.870645, 0.880627, 0.005134
14.823938, 0.164368, -0.164511, -0.390542, 0.886487, 0.878964, -0.004838
14.847887, 0.154994, -0.155148, -0.398205, 0.874991, 0.891580, 0.009682
14.856013, 0.151662, -0.151818, -0.406046, 0.914355, 0.893731, -0.013379
14.879861, 0.141753, -0.141999, -0.404871, 0.866998, 0.896739, 0.019098
14.888021, 0.141167, -0.141415, -0.404220, 0.903981, 0.878675, -0.017839
14.912138, 0.131752, -0.132010, -0.407732, 0.864014, 0.892970, 0.020195
14.920173, 0.127765, -0.128024, -0.412458, 0.909936, 0.885671, -0.018503
14.944190, 0.119725, -0.119988, -0.411343, 0.881460, 0.884598, 0.001832
14.952184, 0.117205, -0.117469, -0.413285, 0.890229, 0.884528, -0.005164
14.976357, 0.108836, -0.109109, -0.416201, 0.883775, 0.887479, 0.002548
14.984453, 0.104521, -0.104794, -0.418418, 0.912946, 0.881630, -0.027651
15.008634, 0.094820, -0.095186, -0.421144, 0.868162, 0.897781, 0.026449
15.016458, 0.091435, -0.091803, -0.422636, 0.915695, 0.885628, -0.029000
15.040605, 0.083389, -0.083936, -0.423674, 0.870021, 0.897767, 0.026601
15.048570, 0.081572, -0.082121, -0.420523, 0.903979, 0.878434, -0.027261
15.072758, 0.072877, -0.073332, -0.422084, 0.865707, 0.890234, 0.025812
15.080760, 0.068701, -0.069957, -0.424929, 0.909714, 0.885948, -0.029114
15.104937, 0.059290, -0.060220, -0.425335, 0.872436, 0.894665, 0.024612
15.112909, 0.059595, -0.060527, -0.420029, 0.892454, 0.874965, -0.023269
15.136936, 0.047851, -0.049841, -0.424851, 0.874992, 0.891473, 0.017645
15.144912, 0.043700, -0.044787, -0.425543, 0.902100, 0.888409, -0.020400
15.169061, 0.035462, -0.035914, -0.427473, 0.886610, 0.897405, 0.014922
15.177060, 0.032106, -0.032553, -0.423712, 0.886652, 0.888868, 0.002690
15.201201, 0.023714, -0.024621, -0.423921, 0.892953, 0.890495, -0.005400
15.209191, 0.022019, -0.022675, -0.420232, 0.881334, 0.883299, 0.002313
15.233370, 0.015015, -0.015374, -0.417405, 0.881469, 0.879069, -0.004561
15.241327, 0.010533, -0.010840, -0.419513, 0.884285, 0.885962, 0.003055
15.265360, 0.002274, -0.002579, -0.416346, 0.899684, 0.882727, -0.034443
15.273315, 0.000843, -0.001147, -0.415922, 0.868074, 0.882423, 0.030260
15.297495, -0.008632, 0.008301, -0.413155, 0.892139, 0.882789, -0.021601
15.305462, -0.014511, 0.014183, -0.416243, 0.892200, 0.893234, 0.002762
15.329633, -0.021778, 0.021453, -0.411063, 0.884136, 0.887014, 0.008203
15.337611, -0.023170, 0.022847, -0.409800, 0.884812, 0.885550, 0.002556
15.361796, -0.032147, 0.031879, -0.407031, 0.884729, 0.886906, 0.007879
15.369771, -0.034162, 0.033921, -0.405469, 0.892279, 0.887437, -0.015613
15.393770, -0.040745, 0.040510, -0.401021, 0.878517, 0.881378, 0.012965
15.401904, -0.045483, 0.045252, -0.401185, 0.895372, 0.890457, -0.019509
15.425897, -0.053082, 0.052684, -0.395659, 0.878672, 0.882408, 0.021422
15.434066, -0.055768, 0.055372, -0.394659, 0.892517, 0.888915, -0.018368
15.458048, -0.063430, 0.063093, -0.391094, 0.882509, 0.884872, 0.021127
15.466064, -0.068965, 0.068687, -0.391318, 0.903375, 0.900157, -0.023092
15.490051, -0.075852, 0.075640, -0.385518, 0.896712, 0.895515, -0.008550
15.498192, -0.076596, 0.076386, -0.383948, 0.889407, 0.889483, 0.010647
15.522190, -0.083021, 0.082494, -0.375018, 0.888959, 0.887934, -0.023082
15.530319, -0.085074, 0.084550, -0.372930, 0.877400, 0.876857, 0.022156
15.554456, -0.092137, 0.091828, -0.368083, 0.882580, 0.881588, 0.008139
15.562438, -0.093456, 0.093203, -0.365999, 0.881386, 0.880475, 0.004328
15.586632, -0.103869, 0.103727, -0.363104, 0.892049, 0.890051, 0.013179
15.594490, -0.104134, 0.103998, -0.358330, 0.887565, 0.887872, -0.010112
15.618627, -0.110817, 0.110166, -0.353964, 0.888302, 0.886262, 0.006897
15.626781, -0.114883, 0.114429, -0.350224, 0.891875, 0.892979, -0.012345
15.650867, -0.122335, 0.122135, -0.345119, 0.893249, 0.888231, 0.019665
15.658801, -0.121185, 0.121025, -0.340796, 0.888134, 0.892525, -0.023469
15.682954, -0.126116, 0.124649, -0.335268, 0.882037, 0.873688, 0.024765
15.690940, -0.129307, 0.128527, -0.333006, 0.889849, 0.895665, -0.025196
15.715090, -0.136241, 0.135953, -0.324096, 0.885420, 0.876489, 0.024060
15.723078, -0.136362, 0.136081, -0.323006, 0.887219, 0.895709, -0.027997
15.747093, -0.143023, 0.142403, -0.314148, 0.883420, 0.871298, 0.027310
15.755213, -0.146370, 0.145967, -0.311729, 0.890135, 0.899563, -0.026876
15.779235, -0.151036, 0.150655, -0.303716, 0.886944, 0.873949, 0.025537
15.787208, -0.154076, 0.153755, -0.300602, 0.889884, 0.903027, -0.031420
15.811395, -0.157387, 0.157130, -0.286564, 0.875355, 0.878392, -0.008828
15.819319, -0.153126, 0.152871, -0.280329, 0.854764, 0.855474, -0.004182
15.843524, -0.149997, 0.149742, -0.262668, 0.818250, 0.822101, -0.009472
15.851498, -0.152270, 0.152020, -0.256676, 0.814889, 0.816753, -0.005880
15.875555, -0.147773, 0.147671, -0.241817, 0.778995, 0.785206, -0.011971
15.883511, -0.151365, 0.151291, -0.235986, 0.782015, 0.768914, 0.018004
15.907683, -0.148734, 0.148117, -0.220291, 0.748400, 0.755962, -0.014463
15.915670, -0.145452, 0.144869, -0.216125, 0.736691, 0.720077, 0.019966
15.939677, -0.145599, 0.145464, -0.201550, 0.710994, 0.730568, -0.028106
15.947665, -0.139893, 0.139807, -0.198303, 0.697092, 0.674584, 0.027375
15.971957, -0.142824, 0.142837, -0.184703, 0.679941, 0.700904, -0.027437
15.979942, -0.136275, 0.136296, -0.178898, 0.660939, 0.636840, 0.027612
16.004084, -0.137281, 0.136691, -0.168799, 0.642099, 0.662422, -0.026738
16.012087, -0.131577, 0.131239, -0.165628, 0.627885, 0.608519, 0.019398
16.036078, -0.126029, 0.125951, -0.152570, 0.587125, 0.602175, -0.017984
16.044085, -0.128734, 0.128696, -0.149258, 0.597374, 0.582752, 0.014021
16.068232, -0.120134, 0.120158, -0.137161, 0.549877, 0.563221, -0.014962
16.076227, -0.119864, 0.119900, -0.134380, 0.551609, 0.538320, 0.012201
16.100380, -0.118720, 0.118786, -0.122326, 0.528970, 0.535691, -0.007624
16.108383, -0.114269, 0.114340, -0.119647, 0.513418, 0.515622, -0.003157
16.132491, -0.110010, 0.110086, -0.112102, 0.490227, 0.496597, -0.006899
16.140549, -0.108417, 0.108492, -0.107419, 0.484885, 0.468928, 0.013656
16.164556, -0.101622, 0.101689, -0.098581, 0.446273, 0.457631, -0.011010
16.172550, -0.101014, 0.101082, -0.094517, 0.447759, 0.425545, 0.018630
16.196685, -0.095196, 0.095257, -0.086010, 0.409483, 0.427379, -0.016131
16.204709, -0.090739, 0.090793, -0.083753, 0.402650, 0.379471, 0.018796
16.228828, -0.088886, 0.088921, -0.077346, 0.377830, 0.401683, -0.020518
16.236823, -0.083476, 0.083503, -0.074534, 0.369112, 0.344857, 0.018986
16.260839, -0.078431, 0.078451, -0.067818, 0.331634, 0.360023, -0.023426
16.268585, -0.072828, 0.072841, -0.065531, 0.325564, 0.295490, 0.023041
16.292953, -0.067849, 0.067854, -0.056839, 0.283918, 0.313349, -0.023548
16.301082, -0.064436, 0.064436, -0.056721, 0.287940, 0.258013, 0.022358
16.325137, -0.059392, 0.059389, -0.049871, 0.250429, 0.270338, -0.015719
16.333093, -0.057614, 0.057616, -0.046248, 0.251782, 0.229398, 0.016227
16.357269, -0.049392, 0.049396, -0.044090, 0.218439, 0.208062, 0.007159
16.365281, -0.047213, 0.047218, -0.041786, 0.202283, 0.215356, -0.010138
16.389454, -0.045083, 0.045095, -0.033619, 0.196496, 0.172466, 0.017053
16.397435, -0.041020, 0.041030, -0.031534, 0.168524, 0.188546, -0.014925
16.421563, -0.030760, 0.030760, -0.027571, 0.141169, 0.116805, 0.017149
16.429553, -0.030472, 0.030472, -0.027615, 0.126416, 0.152903, -0.019284
16.453560, -0.026224, 0.026225, -0.018079, 0.115987, 0.091004, 0.017453
16.461546, -0.024237, 0.024234, -0.014801, 0.090622, 0.121223, -0.021938
16.485719, -0.017529, 0.017519, -0.010129, 0.079910, 0.047497, 0.022593
16.493711, -0.015953, 0.015945, -0.010013, 0.064337, 0.068533, -0.003152
16.517854, -0.006708, 0.006688, -0.005360, 0.029888, 0.025554, 0.002889
16.525828, -0.004221, 0.004197, -0.002307, 0.015950, 0.019682, -0.002749
16.549850, 0.003191, -0.003228, 0.003881, -0.005493, -0.040296, 0.024280
16.557941, 0.003966, -0.004004, -0.001018, -0.022767, 0.013360, -0.025415
16.581978, 0.011827, -0.010357, -0.012356, -0.041359, -0.094093, 0.017678
16.590091, 0.018182, -0.014495, -0.016105, -0.075631, -0.070343, -0.051422
16.614124, 0.029736, -0.021401, -0.026336, -0.088836, -0.175213, -0.015843
16.622229, 0.032878, -0.025129, -0.029531, -0.118811, -0.143033, -0.057013
16.646418, 0.044591, -0.033048, -0.043456, -0.156232, -0.252586, -0.014449
16.654370, 0.046513, -0.033736, -0.044287, -0.186688, -0.249843, -0.058545
16.678286, 0.057361, -0.043852, -0.056880, -0.227212, -0.318213, -0.041578
16.686377, 0.060040, -0.044807, -0.057051, -0.234003, -0.331385, -0.055158
16.710380, 0.071852, -0.052410, -0.060003, -0.240295, -0.366600, -0.054548
16.718478, 0.075741, -0.055682, -0.061667, -0.257929, -0.374505, -0.055118
16.742675, 0.087577, -0.062893, -0.073681, -0.326444, -0.462228, -0.044315
16.750685, 0.093397, -0.066409, -0.079847, -0.354186, -0.497938, -0.057363
16.774689, 0.104222, -0.075854, -0.084477, -0.346173, -0.507483, -0.092643
16.782666, 0.105289, -0.078217, -0.085002, -0.337641, -0.529022, -0.057377
16.806900, 0.120093, -0.089518, -0.102143, -0.436745, -0.609229, -0.092120
16.814807, 0.125244, -0.091776, -0.102319, -0.432369, -0.652737, -0.070236
16.838995, 0.135421, -0.100584, -0.100514, -0.449143, -0.648992, -0.097990
16.847039, 0.144118, -0.107657, -0.109087, -0.473098, -0.741094, -0.070844
16.871172, 0.150690, -0.110488, -0.112876, -0.478824, -0.720396, -0.109947
16.878989, 0.153198, -0.111473, -0.114078, -0.475640, -0.766534, -0.066726
16.903101, 0.168764, -0.125003, -0.119400, -0.535213, -0.833754, -0.104720
16.911122, 0.174338, -0.130527, -0.116345, -0.532406, -0.824926, -0.103966
16.935259, 0.189951, -0.137050, -0.126853, -0.581480, -0.939034, -0.080514
16.943277, 0.195479, -0.143102, -0.125863, -0.574984, -0.907156, -0.102349
16.967470, 0.208512, -0.156818, -0.132512, -0.640847, -1.013618, -0.077219
16.975420, 0.214994, -0.159048, -0.126945, -0.622007, -0.980178, -0.108930
16.999445, 0.227831, -0.167630, -0.133027, -0.667099, -1.082317, -0.066321
17.007554, 0.231883, -0.171113, -0.129835, -0.654771, -1.047383, -0.116111
17.031574, 0.250501, -0.182822, -0.131299, -0.693512, -1.152768, -0.057895
17.039558, 0.256298, -0.188828, -0.133333, -0.717281, -1.163985, -0.104919
17.063708, 0.273633, -0.197771, -0.131566, -0.735026, -1.244502, -0.041208
17.071711, 0.279555, -0.202359, -0.136195, -0.772663, -1.268001, -0.097552
17.095862, 0.294435, -0.216732, -0.132524, -0.824638, -1.336945, -0.032500
17.103843, 0.301189, -0.220872, -0.127011, -0.807201, -1.321582, -0.054281
17.127984, 0.318388, -0.230469, -0.123692, -0.811356, -1.393758, -0.042674
17.135990, 0.324055, -0.235554, -0.122668, -0.846340, -1.419230, -0.029843
17.160012, 0.344026, -0.248788, -0.117718, -0.871251, -1.493744, -0.050196
17.168110, 0.346401, -0.250888, -0.116028, -0.875698, -1.498079, -0.012945
17.192115, 0.365817, -0.264255, -0.100608, -0.883690, -1.528276, -0.028708
17.200276, 0.374319, -0.269757, -0.105217, -0.923086, -1.602193, 0.011238
17.224478, 0.394447, -0.280442, -0.092747, -0.938464, -1.669230, -0.009609
17.232311, 0.398338, -0.286099, -0.083446, -0.933119, -1.659779, 0.042803
17.256261, 0.418347, -0.295495, -0.072441, -0.956273, -1.726648, 0.025536
17.264456, 0.426599, -0.304969, -0.068954, -0.997696, -1.783125, 0.077725
17.288464, 0.440838, -0.310835, -0.050488, -0.972261, -1.777764, 0.054434
17.296443, 0.452005, -0.322313, -0.049942, -1.052147, -1.877095, 0.109262
17.320748, 0.452758, -0.318577, -0.026001, -0.987055, -1.802744, 0.085368
17.328566, 0.459757, -0.322399, -0.022268, -1.047643, -1.871356, 0.147838
17.352739, 0.462616, -0.320220, -0.000681, -0.985336, -1.845780, 0.121377
17.360682, 0.464632, -0.318362, 0.007178, -1.025698, -1.854683, 0.188404
17.384741, 0.468719, -0.317400, 0.022904, -1.011854, -1.864154, 0.192558
17.392853, 0.466663, -0.317111, 0.034765, -0.992589, -1.831492, 0.192530
17.417042, 0.471583, -0.316088, 0.046607, -1.023326, -1.864870, 0.224674
17.424983, 0.469201, -0.318457, 0.062713, -0.976329, -1.816976, 0.198257
17.449066, 0.471638, -0.318082, 0.073399, -1.032874, -1.852891, 0.248942
17.457012, 0.473984, -0.316317, 0.089582, -0.984695, -1.823431, 0.230511
17.481170, 0.472104, -0.313428, 0.102165, -1.014108, -1.845210, 0.292823
17.489123, 0.475735, -0.312097, 0.115823, -0.993271, -1.826960, 0.259649
17.513317, 0.472590, -0.306816, 0.132900, -1.011489, -1.815381, 0.329358
17.521293, 0.476799, -0.309871, 0.143291, -1.002676, -1.835874, 0.286890
17.545276, 0.474030, -0.304404, 0.162788, -1.027527, -1.806454, 0.351676
17.553467, 0.475155, -0.309705, 0.170705, -1.017801, -1.834085, 0.311724
17.577465, 0.472416, -0.302233, 0.188033, -1.048788, -1.812592, 0.377374
17.585453, 0.469406, -0.300403, 0.194711, -0.994432, -1.808177, 0.339384
17.609575, 0.467948, -0.297217, 0.212028, -1.058065, -1.816767, 0.404710
17.617598, 0.465898, -0.291611, 0.220379, -0.997034, -1.773049, 0.362013
17.641767, 0.465626, -0.288286, 0.238907, -1.068432, -1.815958, 0.434601
17.649720, 0.462569, -0.280140, 0.246339, -1.000596, -1.758348, 0.400674
17.673911, 0.462594, -0.276627, 0.262951, -1.080609, -1.797792, 0.457777
17.681727, 0.460657, -0.273684, 0.272224, -1.026733, -1.769175, 0.431547
17.705933, 0.456008, -0.265060, 0.288503, -1.062211, -1.766896, 0.465179
17.714007, 0.453704, -0.267140, 0.296732, -1.042113, -1.776480, 0.456989
17.738052, 0.448112, -0.259302, 0.316341, -1.054343, -1.742832, 0.470636
17.746029, 0.450299, -0.257651, 0.322420, -1.091170, -1.781936, 0.492557
17.770201, 0.440824, -0.248368, 0.339243, -1.109244, -1.735921, 0.520414
17.778166, 0.442745, -0.243242, 0.342990, -1.074588, -1.760315, 0.498978
17.802209, 0.433415, -0.234778, 0.359160, -1.129027, -1.727207, 0.536740
17.810325, 0.430211, -0.235883, 0.364824, -1.086278, -1.731759, 0.507178
17.834460, 0.422930, -0.225015, 0.381380, -1.151919, -1.727204, 0.551620
17.842431, 0.417204, -0.226886, 0.389957, -1.088227, -1.706945, 0.531089
17.866449, 0.411152, -0.219816, 0.400983, -1.172780, -1.721729, 0.544389
17.874436, 0.407195, -0.213207, 0.414459, -1.093658, -1.681706, 0.547893
17.898633, 0.399594, -0.207990, 0.423806, -1.184318, -1.708066, 0.558415
17.906628, 0.396547, -0.197013, 0.436943, -1.123383, -1.670304, 0.571276
17.930767, 0.388150, -0.190409, 0.448347, -1.170172, -1.678847, 0.573795
17.938779, 0.386906, -0.183421, 0.460649, -1.169101, -1.667204, 0.575489
17.962787, 0.377006, -0.171990, 0.469642, -1.192721, -1.654633, 0.601852
17.970768, 0.372541, -0.172634, 0.477941, -1.184512, -1.666065, 0.601808
17.994935, 0.360629, -0.158219, 0.485817, -1.202832, -1.622689, 0.598958
18.003062, 0.357732, -0.160005, 0.495487, -1.231550, -1.660111, 0.613603
18.027065, 0.344371, -0.146766, 0.504300, -1.228430, -1.613669, 0.598216
18.035060, 0.345297, -0.140753, 0.514244, -1.230423, -1.631701, 0.621802
18.059196, 0.332279, -0.130678, 0.522930, -1.245425, -1.608530, 0.605963
18.067200, 0.331216, -0.124018, 0.531356, -1.258291, -1.605127, 0.606360
18.091353, 0.318736, -0.112095, 0.541138, -1.246358, -1.599054, 0.625352
18.099354, 0.310798, -0.113010, 0.545695, -1.300635, -1.582699, 0.605939
18.123354, 0.299917, -0.102545, 0.558053, -1.270697, -1.587111, 0.611005
18.131341, 0.290508, -0.101399, 0.558355, -1.320280, -1.565322, 0.594214
18.155658, 0.280357, -0.092662, 0.571772, -1.298075, -1.567176, 0.598363
18.163505, 0.274787, -0.083700, 0.570269, -1.335467, -1.557764, 0.601358
18.187655, 0.261999, -0.076825, 0.582365, -1.311873, -1.538107, 0.577076
18.195599, 0.259179, -0.066904, 0.578578, -1.351470, -1.553278, 0.584295
18.219654, 0.243513, -0.054201, 0.590686, -1.332106, -1.505125, 0.598929
18.227794, 0.240762, -0.053662, 0.590289, -1.376557, -1.546975, 0.572399
18.251797, 0.225413, -0.035498, 0.596740, -1.368323, -1.495794, 0.594494
18.259792, 0.220565, -0.041908, 0.604269, -1.359602, -1.518647, 0.562078
18.283910, 0.204646, -0.025476, 0.608052, -1.428337, -1.509405, 0.564576
18.291889, 0.199233, -0.026829, 0.612902, -1.355264, -1.481641, 0.550835
18.316079, 0.185992, -0.012608, 0.620718, -1.455244, -1.519321, 0.535125
18.324206, 0.181799, -0.002588, 0.616625, -1.370291, -1.455609, 0.548131
18.348348, 0.168952, 0.007750, 0.624412, -1.474751, -1.506406, 0.531901
18.356363, 0.164262, 0.018228, 0.620273, -1.386526, -1.437651, 0.543411
18.380254, 0.150266, 0.027468, 0.627332, -1.481532, -1.482350, 0.516993
18.388368, 0.141193, 0.025593, 0.628534, -1.414771, -1.441620, 0.514201
18.412327, 0.126206, 0.038477, 0.630223, -1.476315, -1.449380, 0.492284
18.420475, 0.120460, 0.039327, 0.637803, -1.458240, -1.454619, 0.491022
18.444528, 0.103722, 0.048534, 0.632605, -1.454904, -1.422834, 0.464898
18.452526, 0.100707, 0.058274, 0.645303, -1.502721, -1.459707, 0.474247
18.476648, 0.083662, 0.065345, 0.637242, -1.440047, -1.401287, 0.453493
18.484659, 0.079358, 0.073494, 0.652873, -1.544933, -1.474518, 0.436441
18.508816, 0.064038, 0.084398, 0.643923, -1.474422, -1.412745, 0.435782
18.516799, 0.056144, 0.085441, 0.652397, -1.533031, -1.447801, 0.406532
18.540933, 0.042149, 0.097336, 0.645421, -1.508510, -1.417199, 0.410961
18.548924, 0.033337, 0.094948, 0.644613, -1.520197, -1.420426, 0.372499
18.572937, 0.019599, 0.108229, 0.646895, -1.533806, -1.420515, 0.380608
18.581058, 0.013972, 0.111731, 0.638927, -1.522875, -1.400475, 0.357778
18.605258, -0.002084, 0.122225, 0.644754, -1.569824, -1.439191, 0.331298
18.613071, -0.003869, 0.130934, 0.636432, -1.509540, -1.378155, 0.354324
18.637247, -0.019784, 0.141738, 0.637827, -1.560114, -1.419845, 0.309724
18.645182, -0.024730, 0.147397, 0.640614, -1.541695, -1.391403, 0.332265
18.669404, -0.040175, 0.158876, 0.636140, -1.562752, -1.412568, 0.284499
18.676974, -0.049531, 0.155195, 0.641620, -1.562376, -1.410861, 0.288355
18.701379, -0.065172, 0.166124, 0.631338, -1.552893, -1.382879, 0.260668
18.709491, -0.070236, 0.169431, 0.631060, -1.570922, -1.408141, 0.250099
18.733704, -0.084924, 0.175777, 0.620039, -1.528295, -1.366391, 0.235713
18.741523, -0.087125, 0.184089, 0.615390, -1.575020, -1.411147, 0.212215
18.765704, -0.102070, 0.186839, 0.606113, -1.527388, -1.375943, 0.199973
18.773700, -0.105434, 0.188483, 0.591928, -1.521733, -1.352653, 0.178866
18.797802, -0.116990, 0.191388, 0.576156, -1.459650, -1.321374, 0.163705
18.805775, -0.120954, 0.186908, 0.562394, -1.452012, -1.311527, 0.135227
18.829935, -0.126491, 0.190741, 0.534406, -1.401112, -1.243518, 0.121664
18.837920, -0.133229, 0.184321, 0.532633, -1.375103, -1.239469, 0.116630
18.861946, -0.135171, 0.186540, 0.501478, -1.342248, -1.227976, 0.078051
18.870041, -0.140281, 0.181871, 0.495933, -1.295696, -1.152444, 0.085877
18.894101, -0.143302, 0.187559, 0.475651, -1.288904, -1.192713, 0.056150
18.902209, -0.146823, 0.182017, 0.467588, -1.233464, -1.115247, 0.058978
18.926232, -0.149720, 0.186492, 0.447682, -1.193274, -1.082246, 0.042925
18.934250, -0.147963, 0.177427, 0.429699, -1.175428, -1.064134, 0.028750
18.958230, -0.153492, 0.184702, 0.422415, -1.101236, -1.022385, 0.035614
18.966351, -0.153981, 0.179668, 0.413500, -1.133042, -1.087445, 0.008918
18.990360, -0.146815, 0.176125, 0.377731, -1.044827, -0.959481, 0.016778
18.998455, -0.148645, 0.175764, 0.373416, -1.035808, -0.958258, 0.000052
19.022562, -0.143353, 0.166588, 0.343079, -0.967252, -0.879652, -0.003775
19.030291, -0.139729, 0.166863, 0.332312, -0.953181, -0.880201, -0.007881
19.054657, -0.147543, 0.158050, 0.325697, -0.922514, -0.850419, -0.032717
19.062649, -0.144645, 0.159113, 0.318378, -0.879395, -0.804457, -0.014443
19.086807, -0.139565, 0.146496, 0.293018, -0.827554, -0.819523, -0.030832
19.094776, -0.141688, 0.144619, 0.291823, -0.812242, -0.778676, -0.027036
19.118999, -0.134930, 0.145908, 0.272058, -0.770333, -0.717003, -0.032538
19.126965, -0.135237, 0.142473, 0.268649, -0.758739, -0.742440, -0.031658
19.150970, -0.130171, 0.126816, 0.244889, -0.681181, -0.627439, -0.040813
19.159106, -0.130849, 0.128440, 0.245204, -0.703572, -0.720826, -0.044771
19.183150, -0.121957, 0.125153, 0.224534, -0.625989, -0.603550, -0.033777
19.191119, -0.121083, 0.116949, 0.217757, -0.621980, -0.620688, -0.047361
19.215295, -0.113308, 0.106833, 0.197776, -0.579321, -0.584387, -0.045632
19.223277, -0.108633, 0.107507, 0.189698, -0.564456, -0.537375, -0.047087
19.247424, -0.100761, 0.102055, 0.173606, -0.529336, -0.541282, -0.043476
19.255021, -0.100392, 0.097274, 0.170098, -0.498788, -0.477569, -0.040293
19.279429, -0.093171, 0.081918, 0.151283, -0.448516, -0.460768, -0.050353
19.287149, -0.087234, 0.077815, 0.140856, -0.402672, -0.374124, -0.043246
19.311686, -0.076601, 0.075898, 0.124880, -0.380007, -0.409672, -0.024393
19.319552, -0.072152, 0.073641, 0.117377, -0.378133, -0.383604, -0.032723
19.343719, -0.064659, 0.063494, 0.102702, -0.297614, -0.266340, -0.029046
19.351692, -0.063845, 0.059605, 0.100209, -0.311590, -0.323076, -0.037764
19.375679, -0.054986, 0.049726, 0.085076, -0.247419, -0.229622, -0.026750
19.383847, -0.056491, 0.050538, 0.087654, -0.262807, -0.290311, -0.028872
19.407995, -0.049155, 0.040595, 0.074294, -0.214846, -0.221911, -0.027842
19.416018, -0.045947, 0.037451, 0.069101, -0.180231, -0.199104, -0.017528
19.439998, -0.029297, 0.027040, 0.044590, -0.148664, -0.161248, -0.021662
19.447981, -0.023953, 0.021332, 0.036147, -0.094153, -0.072093, -0.012518
19.472128, -0.014971, 0.014067, 0.022679, -0.077678, -0.095051, -0.010300
19.480142, -0.009942, 0.012934, 0.016582, -0.032310, -0.033680, 0.005004
19.504283, 0.002075, 0.004068, -0.000832, -0.002431, 0.004022, 0.004505
19.512270, 0.002713, 0.002966, -0.001978, -0.003381, -0.001297, 0.003391
19.536387, -0.011782, 0.021457, 0.023853, -0.000898, 0.006944, 0.020838
19.544550, -0.016471, 0.025123, 0.031398, -0.046480, -0.077239, 0.011068
19.568450, -0.045308, 0.050152, 0.078085, -0.050016, -0.071504, 0.029587
19.576421, -0.050755, 0.055470, 0.086571, -0.091000, -0.145944, 0.023315
19.600593, -0.072598, 0.070141, 0.119709, -0.095816, -0.147134, 0.030535
19.608553, -0.082214, 0.078923, 0.134822, -0.128916, -0.205432, 0.028706
19.632720, -0.098706, 0.102699, 0.162965, -0.147779, -0.233674, 0.046571
19.640672, -0.111479, 0.113012, 0.181761, -0.144810, -0.222236, 0.055203
19.664895, -0.131326, 0.126164, 0.207939, -0.207111, -0.333708, 0.046613
19.672836, -0.129180, 0.131426, 0.206406, -0.171513, -0.266486, 0.063730
19.697020, -0.149908, 0.154505, 0.236542, -0.225769, -0.363741, 0.068818
19.705017, -0.161098, 0.161372, 0.250552, -0.220756, -0.349565, 0.074354
19.729170, -0.175945, 0.177170, 0.268919, -0.241944, -0.387056, 0.081807
19.737062, -0.189445, 0.183904, 0.284517, -0.262940, -0.422763, 0.079188
19.761157, -0.211849, 0.205031, 0.310452, -0.268870, -0.427155, 0.094862
19.769161, -0.217709, 0.210698, 0.316392, -0.310718, -0.508747, 0.088176
19.793316, -0.248449, 0.237170, 0.350886, -0.307478, -0.493381, 0.108981
19.801258, -0.255193, 0.250903, 0.359103, -0.349777, -0.575823, 0.112925
19.825446, -0.278298, 0.270628, 0.378793, -0.345028, -0.560855, 0.130435
19.833414, -0.285492, 0.267792, 0.381537, -0.369823, -0.611133, 0.116784
19.857556, -0.317532, 0.290883, 0.408714, -0.402465, -0.670994, 0.124072
19.865546, -0.324944, 0.305224, 0.415595, -0.385662, -0.634392, 0.144827
19.889588, -0.355049, 0.320214, 0.434968, -0.434066, -0.732102, 0.138244
19.897583, -0.366358, 0.326815, 0.442257, -0.413708, -0.687028, 0.147401
19.921775, -0.401925, 0.353093, 0.465150, -0.467542, -0.796072, 0.152629
19.929698, -0.412453, 0.354089, 0.468943, -0.446726, -0.750244, 0.154747
19.953784, -0.441622, 0.378532, 0.480727, -0.491951, -0.846309, 0.165074
19.961822, -0.456097, 0.379377, 0.486899, -0.477511, -0.812720, 0.162716
19.985882, -0.487934, 0.406857, 0.497870, -0.519770, -0.905083, 0.177706
19.993853, -0.496596, 0.408840, 0.497935, -0.502225, -0.866601, 0.181572
20.018026, -0.545577, 0.436569, 0.518081, -0.554702, -0.978803, 0.185523
20.026124, -0.561182, 0.450859, 0.524148, -0.544503, -0.952729, 0.202525
20.050023, -0.591165, 0.465365, 0.521566, -0.577972, -1.035809, 0.205601
20.058128, -0.608886, 0.470047, 0.526460, -0.562933, -0.998225, 0.207791
20.082201, -0.652484, 0.488794, 0.530030, -0.606108, -1.103484, 0.207392
20.090256, -0.658267, 0.496060, 0.525035, -0.580923, -1.047662, 0.224878
20.114259, -0.709484, 0.517325, 0.528746, -0.628522, -1.163199, 0.225403
20.122411, -0.726825, 0.525588, 0.529346, -0.619779, -1.140165, 0.233810
20.146425, -0.772159, 0.544225, 0.524158, -0.651840, -1.226915, 0.240071
20.154446, -0.790984, 0.549605, 0.523576, -0.644162, -1.205949, 0.242491
20.178596, -0.837617, 0.569863, 0.513525, -0.675362, -1.295566, 0.255157
20.186588, -0.854092, 0.573652, 0.509748, -0.667954, -1.276785, 0.257571
20.210571, -0.907614, 0.589863, 0.496536, -0.699278, -1.369833, 0.261233
20.218695, -0.918606, 0.593615, 0.488544, -0.680374, -1.324818, 0.271812
20.242768, -0.971157, 0.603376, 0.469642, -0.710367, -1.419109, 0.266760
20.250756, -0.990506, 0.609198, 0.463071, -0.713333, -1.429432, 0.271324
20.274905, -1.021072, 0.612993, 0.429711, -0.695800, -1.402859, 0.287731
20.282884, -1.036112, 0.614414, 0.419849, -0.725843, -1.498718, 0.282733
20.306908, -1.048343, 0.601448, 0.378050, -0.686761, -1.417134, 0.283918
20.315014, -1.057894, 0.600043, 0.365604, -0.710686, -1.501910, 0.280183
20.339193, -1.073243, 0.590486, 0.325236, -0.680105, -1.442539, 0.286728
20.347161, -1.075300, 0.585092, 0.311011, -0.687557, -1.481846, 0.283814
20.371178, -1.088175, 0.570650, 0.270956, -0.672029, -1.468203, 0.274542
20.379162, -1.086494, 0.564855, 0.255816, -0.662748, -1.453568, 0.277879
20.403349, -1.107174, 0.558126, 0.218053, -0.668104, -1.507074, 0.283301
20.411288, -1.102236, 0.549093, 0.202642, -0.639037, -1.422596, 0.281610
20.435477, -1.122061, 0.539065, 0.164006, -0.654171, -1.512782, 0.276206
20.443451, -1.122390, 0.533869, 0.149402, -0.630866, -1.441870, 0.281407
20.467640, -1.133518, 0.520462, 0.109627, -0.635606, -1.500735, 0.278551
20.475604, -1.140217, 0.516900, 0.095608, -0.626670, -1.474513, 0.275048
20.499769, -1.143050, 0.501258, 0.055026, -0.614579, -1.477146, 0.281789
20.507369, -1.152981, 0.499855, 0.041157, -0.629735, -1.541280, 0.285669
20.531773, -1.148459, 0.479920, 0.000638, -0.593952, -1.451146, 0.283356
20.539756, -1.153483, 0.475825, -0.012565, -0.609508, -1.528554, 0.280293
20.563900, -1.154199, 0.458182, -0.052945, -0.581786, -1.461710, 0.281972
20.571918, -1.158144, 0.453910, -0.066145, -0.594310, -1.529616, 0.286090
20.595907, -1.159393, 0.436982, -0.106572, -0.574594, -1.488867, 0.277485
20.604083, -1.160383, 0.431752, -0.119877, -0.574520, -1.503288, 0.277168
20.628165, -1.156065, 0.411934, -0.159214, -0.568061, -1.531090, 0.287665
20.636178, -1.154403, 0.405402, -0.173309, -0.552622, -1.473890, 0.287161
20.660179, -1.144331, 0.385213, -0.210620, -0.551724, -1.530922, 0.279700
20.668202, -1.154275, 0.383366, -0.226727, -0.543564, -1.494986, 0.275487
20.692302, -1.142374, 0.362021, -0.262925, -0.539969, -1.541510, 0.279902
20.700507, -1.150220, 0.359250, -0.279076, -0.531410, -1.503286, 0.277610
20.724503, -1.138292, 0.339022, -0.315236, -0.522336, -1.518116, 0.277495
20.732658, -1.139203, 0.333443, -0.328740, -0.528909, -1.568201, 0.282226
20.756669, -1.132316, 0.312660, -0.366467, -0.503553, -1.491026, 0.286871
20.764659, -1.129719, 0.306587, -0.378793, -0.515112, -1.573907, 0.290090
20.788624, -1.116594, 0.288290, -0.415375, -0.493337, -1.513347, 0.278898
20.796766, -1.110738, 0.280371, -0.426513, -0.497725, -1.565241, 0.283005
20.820791, -1.102242, 0.260997, -0.462933, -0.480556, -1.527956, 0.283684
20.828905, -1.095917, 0.253128, -0.474076, -0.477660, -1.533290, 0.286744
20.852919, -1.076570, 0.234249, -0.506828, -0.473070, -1.575587, 0.282791
20.860946, -1.071948, 0.227920, -0.520859, -0.458961, -1.507262, 0.276188
20.885076, -1.060756, 0.207077, -0.554670, -0.460539, -1.584712, 0.289351
20.893035, -1.056404, 0.201184, -0.568575, -0.449342, -1.532799, 0.283009
20.917243, -1.030680, 0.184060, -0.598108, -0.442805, -1.567217, 0.274366
20.925228, -1.025588, 0.177632, -0.609574, -0.433719, -1.530841, 0.271652
20.949256, -1.011843, 0.154468, -0.642431, -0.421394, -1.516488, 0.283227
20.957355, -1.002861, 0.147354, -0.651345, -0.429651, -1.595996, 0.291253
20.981374, -0.974963, 0.129787, -0.679223, -0.407019, -1.523570, 0.276374
20.989511, -0.969364, 0.123408, -0.690349, -0.412787, -1.585037, 0.283293
21.013523, -0.945766, 0.101313, -0.716112, -0.391473, -1.522767, 0.283164
21.021509, -0.937555, 0.096603, -0.727055, -0.396337, -1.578194, 0.285295
