0.106800, 0.201084, 0.501196, 0.200105, -0.116926, -0.985879, -0.031626
0.114772, 0.201084, 0.501196, 0.200105, -0.116926, -0.985879, -0.031626
0.122798, 0.201084, 0.501196, 0.200105, -0.116926, -0.985879, -0.031626
0.130723, 0.201084, 0.501196, 0.200105, -0.116926, -0.985879, -0.031626
0.138811, 0.201084, 0.501196, 0.200105, -0.116926, -0.985879, -0.031626
0.146781, 0.201084, 0.501196, 0.200105, -0.116926, -0.985879, -0.031626
0.154859, 0.201084, 0.501196, 0.200105, -0.116926, -0.985879, -0.031626
0.162823, 0.201084, 0.501196, 0.200105, -0.116926, -0.985879, -0.031626
0.170865, 0.201084, 0.501196, 0.200105, -0.116926, -0.985879, -0.031626
0.178951, 0.201084, 0.501196, 0.200105, -0.116926, -0.985879, -0.031626
0.187012, 0.201084, 0.501196, 0.200105, -0.116926, -0.985879, -0.031626
0.195027, 0.201084, 0.501196, 0.200105, -0.116926, -0.985879, -0.031626
0.203024, 0.201084, 0.501196, 0.200105, -0.116926, -0.985879, -0.031626
0.211054, 0.201084, 0.501196, 0.200105, -0.116926, -0.985879, -0.031626
0.219114, 0.201084, 0.501196, 0.200105, -0.116926, -0.985879, -0.031626
0.227021, 0.201084, 0.501196, 0.200105, -0.116926, -0.985879, -0.031626
0.235061, 0.201084, 0.501196, 0.200105, -0.116926, -0.985879, -0.031626
0.243108, 0.201084, 0.501196, 0.200105, -0.116926, -0.985879, -0.031626
0.251120, 0.201084, 0.501196, 0.200105, -0.116926, -0.985879, -0.031626
0.259141, 0.201084, 0.501196, 0.200105, -0.116926, -0.985879, -0.031626
0.267133, 0.201084, 0.501196, 0.200105, -0.116926, -0.985879, -0.031626
0.275236, 0.201084, 0.501196, 0.200105, -0.116926, -0.985879, -0.031626
0.283212, 0.201084, 0.501196, 0.200105, -0.116926, -0.985879, -0.031626
0.291281, 0.201084, 0.501196, 0.200105, -0.116926, -0.985879, -0.031626
0.299303, 0.201084, 0.501196, 0.200105, -0.116926, -0.985879, -0.031626
0.307347, 0.201084, 0.501196, 0.200105, -0.116926, -0.985879, -0.031626
0.315421, 0.201084, 0.501196, 0.200105, -0.116926, -0.985879, -0.031626
0.323370, 0.201084, 0.501196, 0.200105, -0.116926, -0.985879, -0.031626
0.347388, 0.201084, 0.501196, 0.200105, -0.116934, -0.985878, -0.031611
0.355421, 0.201084, 0.501196, 0.200105, -0.116934, -0.985878, -0.031611
0.379541, 0.201084, 0.501196, 0.200105, -0.116934, -0.985878, -0.031611
0.387658, 0.201084, 0.501196, 0.200105, -0.116934, -0.985878, -0.031611
0.411639, 0.201084, 0.501196, 0.200105, -0.116934, -0.985878, -0.031611
0.419725, 0.201084, 0.501196, 0.200105, -0.116934, -0.985878, -0.031611
0.443686, 0.201084, 0.501196, 0.200105, -0.116934, -0.985878, -0.031611
0.451729, 0.201084, 0.501196, 0.200105, -0.116934, -0.985878, -0.031611
0.475854, 0.201083, 0.501195, 0.200110, -0.116925, -0.985880, -0.031615
0.483875, 0.201083, 0.501195, 0.200110, -0.116925, -0.985880, -0.031615
0.507973, 0.201083, 0.501195, 0.200110, -0.116925, -0.985880, -0.031615
0.515949, 0.201083, 0.501195, 0.200110, -0.116925, -0.985880, -0.031615
0.539937, 0.201083, 0.501195, 0.200110, -0.116925, -0.985880, -0.031615
0.548005, 0.201083, 0.501195, 0.200110, -0.116925, -0.985880, -0.031615
0.572024, 0.201083, 0.501195, 0.200110, -0.116925, -0.985880, -0.031615
0.580162, 0.201083, 0.501195, 0.200110, -0.116925, -0.985880, -0.031615
0.604229, 0.201083, 0.501193, 0.200107, -0.116934, -0.985878, -0.031611
0.612258, 0.201083, 0.501193, 0.200107, -0.116934, -0.985878, -0.031611
0.636262, 0.201083, 0.501193, 0.200107, -0.116934, -0.985878, -0.031611
0.644242, 0.201083, 0.501193, 0.200107, -0.116934, -0.985878, -0.031611
0.668322, 0.201083, 0.501195, 0.200110, -0.116925, -0.985880, -0.031615
0.676457, 0.201083, 0.501195, 0.200110, -0.116925, -0.985880, -0.031615
0.700468, 0.201083, 0.501195, 0.200110, -0.116925, -0.985880, -0.031615
0.708539, 0.201083, 0.501195, 0.200110, -0.116925, -0.985880, -0.031615
0.732572, 0.201083, 0.501195, 0.200110, -0.116925, -0.985880, -0.031615
0.740549, 0.201083, 0.501195, 0.200110, -0.116925, -0.985880, -0.031615
0.764619, 0.201083, 0.501194, 0.200115, -0.116925, -0.985882, -0.031605
0.772684, 0.201083, 0.501194, 0.200115, -0.116925, -0.985882, -0.031605
0.796816, 0.201083, 0.501194, 0.200115, -0.116925, -0.985882, -0.031605
0.804765, 0.201083, 0.501194, 0.200115, -0.116925, -0.985882, -0.031605
0.828836, 0.201083, 0.501194, 0.200115, -0.116925, -0.985882, -0.031605
0.836856, 0.201083, 0.501194, 0.200115, -0.116925, -0.985882, -0.031605
0.860898, 0.201083, 0.501194, 0.200115, -0.116925, -0.985882, -0.031605
0.868912, 0.201083, 0.501194, 0.200115, -0.116925, -0.985882, -0.031605
0.893070, 0.201083, 0.501194, 0.200115, -0.116925, -0.985882, -0.031605
0.901084, 0.201083, 0.501194, 0.200115, -0.116925, -0.985882, -0.031605
0.925146, 0.201083, 0.501194, 0.200115, -0.116925, -0.985882, -0.031605
0.933110, 0.201083, 0.501194, 0.200115, -0.116925, -0.985882, -0.031605
0.957235, 0.201083, 0.501193, 0.200120, -0.116917, -0.985885, -0.031610
0.965190, 0.201083, 0.501193, 0.200120, -0.116917, -0.985885, -0.031610
0.989388, 0.201083, 0.501193, 0.200120, -0.116909, -0.985886, -0.031625
0.997406, 0.201083, 0.501193, 0.200120, -0.116909, -0.985886, -0.031625
1.021408, 0.201082, 0.501191, 0.200117, -0.116917, -0.985883, -0.031620
1.029444, 0.201082, 0.501191, 0.200117, -0.116917, -0.985883, -0.031620
1.053491, 0.201082, 0.501191, 0.200117, -0.116925, -0.985882, -0.031605
1.061470, 0.201082, 0.501191, 0.200117, -0.116925, -0.985882, -0.031605
1.085610, 0.201083, 0.501193, 0.200120, -0.116917, -0.985885, -0.031610
1.093710, 0.201083, 0.501193, 0.200120, -0.116917, -0.985885, -0.031610
1.117736, 0.201083, 0.501193, 0.200120, -0.116909, -0.985886, -0.031625
1.125755, 0.201083, 0.501193, 0.200120, -0.116909, -0.985886, -0.031625
1.149747, 0.201083, 0.501193, 0.200120, -0.116909, -0.985886, -0.031625
1.157804, 0.201083, 0.501193, 0.200120, -0.116909, -0.985886, -0.031625
1.181961, 0.201083, 0.501193, 0.200120, -0.116909, -0.985886, -0.031625
1.190007, 0.201083, 0.501193, 0.200120, -0.116917, -0.985885, -0.031610
1.214053, 0.201082, 0.501192, 0.200125, -0.116909, -0.985887, -0.031614
1.222008, 0.201082, 0.501192, 0.200125, -0.116909, -0.985887, -0.031614
1.246009, 0.201082, 0.501192, 0.200125, -0.116901, -0.985888, -0.031629
1.254071, 0.201082, 0.501192, 0.200125, -0.116901, -0.985888, -0.031629
1.278176, 0.201082, 0.501192, 0.200125, -0.116909, -0.985887, -0.031614
1.286112, 0.201082, 0.501192, 0.200125, -0.116909, -0.985887, -0.031614
1.310301, 0.201087, 0.501191, 0.200125, -0.116913, -0.985887, -0.031623
1.318256, 0.201087, 0.501191, 0.200125, -0.116905, -0.985888, -0.031638
1.342308, 0.201087, 0.501191, 0.200125, -0.116905, -0.985888, -0.031638
1.350222, 0.201087, 0.501191, 0.200125, -0.116905, -0.985888, -0.031638
1.374342, 0.201087, 0.501191, 0.200125, -0.116905, -0.985888, -0.031638
1.382472, 0.201087, 0.501191, 0.200125, -0.116905, -0.985888, -0.031638
1.406581, 0.201087, 0.501191, 0.200125, -0.116913, -0.985887, -0.031623
1.414566, 0.201087, 0.501191, 0.200125, -0.116913, -0.985887, -0.031623
1.438603, 0.201087, 0.501191, 0.200125, -0.116913, -0.985887, -0.031623
1.446621, 0.201087, 0.501191, 0.200125, -0.116913, -0.985887, -0.031623
1.470634, 0.201086, 0.501188, 0.200122, -0.116914, -0.985885, -0.031633
1.478784, 0.201086, 0.501188, 0.200122, -0.116914, -0.985885, -0.031633
1.502835, 0.201086, 0.501188, 0.200122, -0.116914, -0.985885, -0.031633
1.510848, 0.201086, 0.501188, 0.200122, -0.116914, -0.985885, -0.031633
1.534823, 0.201086, 0.501188, 0.200122, -0.116922, -0.985884, -0.031618
1.542854, 0.201086, 0.501188, 0.200122, -0.116922, -0.985884, -0.031618
1.566935, 0.201082, 0.501192, 0.200125, -0.116909, -0.985887, -0.031614
1.574987, 0.201082, 0.501192, 0.200125, -0.116909, -0.985887, -0.031614
1.599013, 0.201082, 0.501192, 0.200125, -0.116901, -0.985888, -0.031629
1.607123, 0.201082, 0.501192, 0.200125, -0.116901, -0.985888, -0.031629
1.631170, 0.201082, 0.501192, 0.200125, -0.116901, -0.985888, -0.031629
1.639109, 0.201082, 0.501192, 0.200125, -0.116901, -0.985888, -0.031629
1.663183, 0.201083, 0.501192, 0.200126, -0.116894, -0.985873, -0.031627
1.671233, 0.201083, 0.501192, 0.200126, -0.116894, -0.985873, -0.031627
1.695343, 0.201083, 0.501192, 0.200126, -0.116902, -0.985872, -0.031612
1.703370, 0.201083, 0.501192, 0.200126, -0.116902, -0.985872, -0.031612
1.727454, 0.201083, 0.501192, 0.200126, -0.116902, -0.985872, -0.031612
1.735389, 0.201083, 0.501192, 0.200126, -0.116902, -0.985872, -0.031612
1.759469, 0.201083, 0.501193, 0.200125, -0.116909, -0.985869, -0.031619
1.767445, 0.201083, 0.501193, 0.200125, -0.116909, -0.985869, -0.031619
1.791661, 0.201083, 0.501193, 0.200125, -0.116909, -0.985869, -0.031619
1.799591, 0.201083, 0.501193, 0.200125, -0.116909, -0.985869, -0.031619
1.823717, 0.201083, 0.501193, 0.200125, -0.116917, -0.985868, -0.031604
1.831714, 0.201083, 0.501193, 0.200125, -0.116917, -0.985868, -0.031604
1.855727, 0.201083, 0.501191, 0.200122, -0.116917, -0.985866, -0.031614
1.863743, 0.201083, 0.501191, 0.200122, -0.116925, -0.985865, -0.031599
1.887858, 0.201083, 0.501193, 0.200125, -0.116917, -0.985868, -0.031604
1.895905, 0.201083, 0.501193, 0.200125, -0.116917, -0.985868, -0.031604
1.920067, 0.201083, 0.501193, 0.200125, -0.116917, -0.985868, -0.031604
1.928046, 0.201083, 0.501193, 0.200125, -0.116909, -0.985869, -0.031619
1.952079, 0.201083, 0.501193, 0.200125, -0.116909, -0.985869, -0.031619
1.960019, 0.201083, 0.501193, 0.200125, -0.116909, -0.985869, -0.031619
1.984141, 0.201083, 0.501193, 0.200125, -0.116909, -0.985869, -0.031619
1.992216, 0.201083, 0.501193, 0.200125, -0.116909, -0.985869, -0.031619
2.016253, 0.201083, 0.501192, 0.200126, -0.116894, -0.985873, -0.031627
2.024233, 0.201083, 0.501192, 0.200126, -0.116894, -0.985873, -0.031627
2.048262, 0.201083, 0.501192, 0.200126, -0.116894, -0.985873, -0.031627
2.056308, 0.201083, 0.501192, 0.200126, -0.116902, -0.985872, -0.031612
2.080440, 0.201083, 0.501193, 0.200125, -0.116917, -0.985868, -0.031604
2.088406, 0.201083, 0.501193, 0.200125, -0.116917, -0.985868, -0.031604
2.112635, 0.201083, 0.501193, 0.200125, -0.116917, -0.985868, -0.031604
2.120574, 0.201083, 0.501193, 0.200125, -0.116917, -0.985868, -0.031604
2.144599, 0.201083, 0.501191, 0.200122, -0.116925, -0.985865, -0.031599
2.152598, 0.201083, 0.501191, 0.200122, -0.116917, -0.985866, -0.031614
2.176624, 0.201083, 0.501191, 0.200122, -0.116925, -0.985865, -0.031599
2.184728, 0.201083, 0.501191, 0.200122, -0.116917, -0.985866, -0.031614
2.208842, 0.201082, 0.501192, 0.200125, -0.116901, -0.985888, -0.031629
2.216816, 0.201082, 0.501192, 0.200125, -0.116901, -0.985888, -0.031629
2.240803, 0.201082, 0.501192, 0.200125, -0.116901, -0.985888, -0.031629
2.248854, 0.201082, 0.501192, 0.200125, -0.116901, -0.985888, -0.031629
2.272940, 0.201082, 0.501192, 0.200125, -0.116909, -0.985887, -0.031614
2.280980, 0.201082, 0.501192, 0.200125, -0.116909, -0.985887, -0.031614
2.305043, 0.201083, 0.501194, 0.200124, -0.116915, -0.985884, -0.031621
2.313153, 0.201083, 0.501194, 0.200124, -0.116915, -0.985884, -0.031621
2.337129, 0.201082, 0.501192, 0.200125, -0.116909, -0.985887, -0.031614
2.345088, 0.201082, 0.501192, 0.200125, -0.116909, -0.985887, -0.031614
2.369155, 0.201083, 0.501194, 0.200124, -0.116915, -0.985884, -0.031621
2.377190, 0.201083, 0.501194, 0.200124, -0.116915, -0.985884, -0.031621
2.401361, 0.201083, 0.501194, 0.200124, -0.116915, -0.985884, -0.031621
2.409325, 0.201083, 0.501194, 0.200124, -0.116915, -0.985884, -0.031621
2.433391, 0.201083, 0.501194, 0.200124, -0.116915, -0.985884, -0.031621
2.441413, 0.201082, 0.501191, 0.200121, -0.116931, -0.985880, -0.031602
2.465488, 0.201083, 0.501194, 0.200124, -0.116915, -0.985884, -0.031621
2.473491, 0.201083, 0.501194, 0.200124, -0.116915, -0.985884, -0.031621
2.497612, 0.201082, 0.501192, 0.200125, -0.116901, -0.985888, -0.031629
2.505735, 0.201082, 0.501192, 0.200125, -0.116909, -0.985887, -0.031614
2.529734, 0.201082, 0.501192, 0.200125, -0.116901, -0.985888, -0.031629
2.537734, 0.201093, 0.501208, 0.200122, -0.116913, -0.985872, -0.031607
2.561768, 0.201194, 0.501437, 0.200219, -0.116640, -0.985836, -0.031575
2.569786, 0.201278, 0.501546, 0.200231, -0.116559, -0.985836, -0.031709
2.594001, 0.201593, 0.502003, 0.200346, -0.116289, -0.985863, -0.031839
2.601993, 0.201771, 0.502203, 0.200419, -0.116188, -0.985927, -0.031938
2.626069, 0.202528, 0.502917, 0.200575, -0.116288, -0.985829, -0.032001
2.634044, 0.202835, 0.503179, 0.200568, -0.116434, -0.985695, -0.032030
2.658091, 0.203778, 0.504261, 0.200673, -0.116359, -0.985499, -0.032301
2.666093, 0.204104, 0.504693, 0.200732, -0.116248, -0.985538, -0.032351
2.690202, 0.205381, 0.506031, 0.200782, -0.116222, -0.985190, -0.032881
2.698199, 0.205796, 0.506520, 0.200814, -0.116184, -0.985013, -0.032963
2.722431, 0.207209, 0.508139, 0.200937, -0.116080, -0.984444, -0.033265
2.730402, 0.207759, 0.508712, 0.200896, -0.116300, -0.984280, -0.033388
2.754502, 0.209381, 0.510536, 0.200855, -0.117062, -0.983768, -0.033228
2.762473, 0.209975, 0.511141, 0.200814, -0.117458, -0.983475, -0.033056
2.786655, 0.211919, 0.513265, 0.200871, -0.118194, -0.982614, -0.032609
2.794726, 0.212592, 0.514029, 0.200990, -0.118170, -0.982467, -0.032621
2.818748, 0.214751, 0.516404, 0.201287, -0.118193, -0.982123, -0.032727
2.826744, 0.215487, 0.517219, 0.201342, -0.118183, -0.981945, -0.032818
2.850779, 0.217866, 0.519641, 0.201617, -0.117819, -0.981280, -0.033622
2.858842, 0.218724, 0.520609, 0.201858, -0.117290, -0.981262, -0.034067
2.882961, 0.221409, 0.523383, 0.202182, -0.116818, -0.980700, -0.034643
2.890944, 0.222344, 0.524312, 0.202230, -0.116911, -0.980365, -0.034617
2.915097, 0.225178, 0.527248, 0.202188, -0.117940, -0.979355, -0.033961
2.923085, 0.226197, 0.528303, 0.202217, -0.118140, -0.978963, -0.033884
2.947127, 0.229374, 0.531585, 0.202649, -0.117754, -0.978205, -0.034677
2.955183, 0.230448, 0.532648, 0.202745, -0.117817, -0.977920, -0.034795
2.979217, 0.233994, 0.535950, 0.202974, -0.118029, -0.976929, -0.035040
2.987307, 0.235218, 0.537130, 0.203148, -0.117871, -0.976759, -0.035165
3.011515, 0.238939, 0.540569, 0.203389, -0.117708, -0.975902, -0.035633
3.019468, 0.240246, 0.541753, 0.203342, -0.117935, -0.975591, -0.035905
3.043491, 0.244341, 0.545559, 0.203781, -0.118058, -0.974718, -0.036276
3.051554, 0.245714, 0.546780, 0.203944, -0.118230, -0.974435, -0.036240
3.075592, 0.250058, 0.550656, 0.204126, -0.118717, -0.973470, -0.036407
3.083697, 0.251546, 0.551964, 0.204259, -0.118462, -0.973306, -0.036886
3.107839, 0.255941, 0.555910, 0.204461, -0.118119, -0.972304, -0.037074
3.115836, 0.257532, 0.557309, 0.204492, -0.118386, -0.971986, -0.036967
3.139822, 0.262305, 0.561417, 0.205031, -0.117973, -0.970948, -0.037387
3.147889, 0.263973, 0.562827, 0.205099, -0.118021, -0.970519, -0.037469
3.171935, 0.269314, 0.566871, 0.205278, -0.118404, -0.969421, -0.037769
3.179936, 0.271071, 0.568249, 0.205365, -0.118254, -0.969055, -0.037854
3.204125, 0.276556, 0.572467, 0.205862, -0.117794, -0.968304, -0.038889
3.212166, 0.278488, 0.573898, 0.205990, -0.117997, -0.967971, -0.038982
3.236219, 0.284370, 0.578179, 0.205913, -0.119163, -0.966811, -0.038811
3.244184, 0.286329, 0.579574, 0.205965, -0.119113, -0.966507, -0.039105
3.268262, 0.292243, 0.583922, 0.206503, -0.118346, -0.965714, -0.039378
3.276253, 0.294215, 0.585324, 0.206455, -0.118667, -0.965192, -0.039038
3.300490, 0.300596, 0.589584, 0.206701, -0.118607, -0.964114, -0.039773
3.308564, 0.302734, 0.590944, 0.206796, -0.118575, -0.963856, -0.039919
3.332609, 0.308957, 0.594935, 0.207370, -0.117682, -0.963462, -0.040641
3.340570, 0.311163, 0.596243, 0.207438, -0.117740, -0.963219, -0.040978
3.364629, 0.317506, 0.600059, 0.207321, -0.118969, -0.962011, -0.040379
3.372688, 0.319592, 0.601374, 0.207407, -0.118848, -0.961859, -0.040553
3.396879, 0.325632, 0.605043, 0.207902, -0.117376, -0.961325, -0.041063
3.404842, 0.327724, 0.606284, 0.207911, -0.117438, -0.960931, -0.040848
3.428981, 0.334114, 0.609677, 0.207880, -0.117895, -0.959791, -0.040920
3.436914, 0.336272, 0.610782, 0.208067, -0.117706, -0.959668, -0.041088
3.460952, 0.342620, 0.613960, 0.208408, -0.117018, -0.959454, -0.041487
3.468976, 0.344863, 0.614969, 0.208355, -0.117086, -0.959217, -0.041866
3.493193, 0.351389, 0.617946, 0.208281, -0.118100, -0.958394, -0.041772
3.501103, 0.353421, 0.618994, 0.208380, -0.118365, -0.958973, -0.041882
3.525293, 0.359708, 0.621837, 0.208559, -0.117221, -0.958059, -0.042217
3.533294, 0.361819, 0.622730, 0.208496, -0.117283, -0.957763, -0.042041
3.557347, 0.368151, 0.625387, 0.208687, -0.117315, -0.957188, -0.041981
3.565363, 0.370223, 0.626247, 0.208789, -0.117116, -0.957181, -0.042035
3.589550, 0.376693, 0.628609, 0.208763, -0.116832, -0.956970, -0.042340
3.597565, 0.378862, 0.629300, 0.208656, -0.116948, -0.956750, -0.042438
3.621641, 0.385171, 0.631631, 0.208840, -0.116966, -0.956573, -0.042372
3.629673, 0.387185, 0.632369, 0.208887, -0.117029, -0.956549, -0.042309
3.653737, 0.393422, 0.634437, 0.208753, -0.116570, -0.956403, -0.042407
3.661710, 0.395473, 0.635046, 0.208728, -0.116426, -0.956244, -0.042525
3.685891, 0.401573, 0.637039, 0.209052, -0.115883, -0.956137, -0.042075
3.693926, 0.403696, 0.637587, 0.209017, -0.115930, -0.956048, -0.042235
3.717981, 0.410390, 0.638927, 0.208753, -0.116331, -0.955881, -0.042467
3.726066, 0.412531, 0.639371, 0.208739, -0.116301, -0.955846, -0.042451
3.750044, 0.418706, 0.640873, 0.208910, -0.115924, -0.956021, -0.042835
3.758076, 0.420809, 0.641350, 0.208815, -0.116131, -0.956025, -0.042706
3.782160, 0.426925, 0.642581, 0.208589, -0.116255, -0.955948, -0.042407
3.790252, 0.428910, 0.642967, 0.208678, -0.115685, -0.956138, -0.042590
3.814462, 0.434983, 0.644060, 0.208739, -0.115414, -0.956257, -0.042007
3.822406, 0.437108, 0.644336, 0.208661, -0.115504, -0.956184, -0.042077
3.846411, 0.443429, 0.644991, 0.208447, -0.115588, -0.956423, -0.042504
3.854476, 0.445437, 0.645224, 0.208548, -0.115243, -0.956768, -0.042528
3.878515, 0.451508, 0.645830, 0.208410, -0.115049, -0.957145, -0.042665
3.886620, 0.453564, 0.646048, 0.208301, -0.115330, -0.957137, -0.042498
3.910723, 0.459319, 0.646568, 0.208259, -0.115174, -0.957314, -0.041657
3.918730, 0.461239, 0.646744, 0.208353, -0.114451, -0.957666, -0.041906
3.942751, 0.467276, 0.646855, 0.208041, -0.114393, -0.957747, -0.041608
3.950821, 0.469345, 0.646797, 0.208267, -0.114224, -0.958043, -0.041678
3.974873, 0.475423, 0.646717, 0.207917, -0.114394, -0.958342, -0.041876
3.982890, 0.477413, 0.646669, 0.207696, -0.114372, -0.958520, -0.041713
4.007094, 0.483399, 0.646293, 0.207707, -0.114282, -0.959369, -0.042006
4.015085, 0.485292, 0.646204, 0.207667, -0.114365, -0.959509, -0.041941
4.039151, 0.490782, 0.646081, 0.207423, -0.114380, -0.960045, -0.040938
4.047124, 0.492616, 0.645936, 0.207403, -0.114158, -0.960318, -0.040886
4.071216, 0.498380, 0.645256, 0.207049, -0.113946, -0.960991, -0.040892
4.079241, 0.500281, 0.644999, 0.206987, -0.114230, -0.961058, -0.040502
4.103424, 0.505940, 0.644185, 0.206901, -0.113897, -0.961976, -0.040708
4.111453, 0.507845, 0.643830, 0.206738, -0.113923, -0.962214, -0.040732
4.135539, 0.513415, 0.642762, 0.206419, -0.114065, -0.963182, -0.040396
4.143541, 0.515129, 0.642474, 0.206371, -0.113958, -0.963499, -0.040346
4.167574, 0.520266, 0.641512, 0.206575, -0.113561, -0.964607, -0.039533
4.175585, 0.522100, 0.641113, 0.206009, -0.114106, -0.964576, -0.039096
4.199740, 0.527492, 0.639627, 0.205731, -0.113589, -0.965674, -0.039372
4.207754, 0.529281, 0.639103, 0.205681, -0.113612, -0.965952, -0.039183
4.231944, 0.534738, 0.637359, 0.205368, -0.114110, -0.966690, -0.039114
4.239872, 0.536532, 0.636716, 0.205168, -0.114348, -0.966868, -0.039242
4.263865, 0.541259, 0.635043, 0.204942, -0.114265, -0.968337, -0.038815
4.271886, 0.542688, 0.634562, 0.204919, -0.114081, -0.968715, -0.038554
4.296104, 0.547043, 0.633053, 0.204555, -0.114321, -0.969599, -0.038205
4.304068, 0.548498, 0.632477, 0.204373, -0.114571, -0.969732, -0.037857
4.328191, 0.552554, 0.630761, 0.204225, -0.114296, -0.970975, -0.037386
4.336195, 0.553840, 0.630167, 0.204223, -0.113961, -0.971533, -0.037587
4.360219, 0.558006, 0.628178, 0.203873, -0.114316, -0.972346, -0.037331
4.368231, 0.559370, 0.627518, 0.203710, -0.114810, -0.972447, -0.036990
4.392404, 0.562939, 0.625774, 0.203438, -0.115014, -0.973470, -0.036879
4.400471, 0.564007, 0.625214, 0.203433, -0.114715, -0.973972, -0.036895
4.424580, 0.567109, 0.623545, 0.203249, -0.114422, -0.975426, -0.036361
4.432642, 0.568134, 0.622997, 0.203104, -0.114452, -0.975802, -0.036107
4.456609, 0.571190, 0.621304, 0.202815, -0.114674, -0.976524, -0.035864
4.464565, 0.572168, 0.620753, 0.202729, -0.114790, -0.976661, -0.035649
4.488773, 0.575132, 0.618914, 0.202551, -0.114974, -0.977347, -0.035111
4.496773, 0.576100, 0.618264, 0.202497, -0.115028, -0.977618, -0.034872
4.520881, 0.578858, 0.616412, 0.202185, -0.115085, -0.978554, -0.034987
4.528964, 0.579723, 0.615807, 0.202130, -0.114831, -0.978956, -0.035299
4.552966, 0.582068, 0.614217, 0.202034, -0.114877, -0.979789, -0.035051
4.560927, 0.582786, 0.613737, 0.201930, -0.115016, -0.980004, -0.034804
4.585070, 0.585052, 0.612187, 0.201652, -0.115795, -0.980350, -0.034001
4.593120, 0.585751, 0.611660, 0.201647, -0.115831, -0.980737, -0.034041
4.617172, 0.587579, 0.610286, 0.201520, -0.115499, -0.981695, -0.034213
4.625209, 0.588195, 0.609815, 0.201390, -0.115489, -0.981920, -0.034217
4.649288, 0.589859, 0.608534, 0.201076, -0.115551, -0.982857, -0.034020
4.657313, 0.590342, 0.608146, 0.201034, -0.115526, -0.983237, -0.033914
4.681371, 0.591788, 0.606957, 0.201001, -0.115568, -0.983997, -0.033170
4.689467, 0.592295, 0.606558, 0.200950, -0.115684, -0.984062, -0.033034
4.713545, 0.593738, 0.605441, 0.200760, -0.116499, -0.984607, -0.033145
4.721570, 0.594144, 0.605108, 0.200742, -0.116655, -0.985008, -0.033321
4.745570, 0.595358, 0.604083, 0.200762, -0.116034, -0.984900, -0.033236
4.753664, 0.595737, 0.603767, 0.200691, -0.116095, -0.984950, -0.033135
4.777699, 0.596795, 0.602810, 0.200839, -0.116117, -0.985524, -0.033266
4.785751, 0.597140, 0.602567, 0.200425, -0.116537, -0.985415, -0.033007
4.809890, 0.597916, 0.601883, 0.200330, -0.116709, -0.985756, -0.032645
4.817951, 0.598182, 0.601680, 0.200123, -0.117090, -0.985575, -0.032298
4.841965, 0.598776, 0.601083, 0.200229, -0.116672, -0.986200, -0.032236
4.849968, 0.598943, 0.600914, 0.200217, -0.116623, -0.986329, -0.032165
4.874021, 0.599371, 0.600510, 0.200189, -0.116583, -0.986679, -0.032061
4.882039, 0.599498, 0.600384, 0.200209, -0.116564, -0.986859, -0.032206
4.906187, 0.599786, 0.600125, 0.200141, -0.116579, -0.987022, -0.032355
4.914271, 0.599858, 0.600048, 0.200169, -0.116549, -0.987130, -0.032426
4.938296, 0.600003, 0.599887, 0.200296, -0.116500, -0.987275, -0.032526
4.946299, 0.600019, 0.599879, 0.200252, -0.116546, -0.987233, -0.032488
4.970329, 0.600038, 0.599888, 0.200139, -0.116708, -0.987079, -0.032413
4.978340, 0.600034, 0.599896, 0.200135, -0.116721, -0.987064, -0.032394
5.002582, 0.599996, 0.599937, 0.200138, -0.116704, -0.987052, -0.032324
5.010565, 0.599996, 0.599937, 0.200138, -0.116704, -0.987052, -0.032324
5.034685, 0.600030, 0.599903, 0.200138, -0.116732, -0.987049, -0.032376
5.042605, 0.600009, 0.599918, 0.200173, -0.116733, -0.987058, -0.032355
5.066689, 0.599920, 0.600000, 0.200166, -0.116755, -0.986951, -0.032310
5.074691, 0.599911, 0.600006, 0.200176, -0.116827, -0.986889, -0.032333
5.098754, 0.599664, 0.600217, 0.200317, -0.116881, -0.986695, -0.032110
5.106904, 0.599567, 0.600283, 0.200398, -0.116807, -0.986671, -0.032094
5.130958, 0.599130, 0.600686, 0.200430, -0.116822, -0.986351, -0.032093
5.138965, 0.598934, 0.600880, 0.200404, -0.116839, -0.986205, -0.032123
5.162975, 0.598123, 0.601651, 0.200483, -0.116674, -0.985863, -0.032088
5.171025, 0.597871, 0.601890, 0.200491, -0.116748, -0.985757, -0.032167
5.195153, 0.597102, 0.602570, 0.200540, -0.116668, -0.985437, -0.032756
5.203167, 0.596823, 0.602868, 0.200243, -0.116815, -0.985068, -0.032740
5.227330, 0.595764, 0.603684, 0.200848, -0.116089, -0.984991, -0.033268
5.235368, 0.595386, 0.604017, 0.200841, -0.116071, -0.984747, -0.033281
5.259358, 0.594170, 0.605086, 0.200703, -0.116439, -0.984070, -0.033000
5.267364, 0.593761, 0.605425, 0.200668, -0.116466, -0.983936, -0.033077
5.291530, 0.592389, 0.606492, 0.200866, -0.116253, -0.983551, -0.032967
5.299563, 0.591860, 0.606898, 0.200955, -0.116034, -0.983439, -0.032982
5.323674, 0.590325, 0.608062, 0.201225, -0.115720, -0.983082, -0.033541
5.331708, 0.589771, 0.608508, 0.201249, -0.115718, -0.982826, -0.033741
5.355760, 0.588021, 0.609922, 0.201325, -0.115581, -0.981705, -0.034071
5.363746, 0.587411, 0.610397, 0.201423, -0.115530, -0.981417, -0.034203
5.387857, 0.585374, 0.611950, 0.201725, -0.115695, -0.980718, -0.033989
5.395852, 0.584661, 0.612487, 0.201771, -0.115817, -0.980302, -0.033705
5.420067, 0.582553, 0.613997, 0.201784, -0.116003, -0.979334, -0.033709
5.428023, 0.581768, 0.614514, 0.202019, -0.115584, -0.979408, -0.034080
5.452060, 0.579267, 0.616160, 0.202168, -0.114881, -0.978750, -0.034915
5.460058, 0.578402, 0.616724, 0.202233, -0.114876, -0.978532, -0.034985
5.484148, 0.575902, 0.618334, 0.202384, -0.115251, -0.977512, -0.034941
5.492243, 0.574984, 0.618916, 0.202539, -0.115238, -0.977236, -0.034930
5.516417, 0.572112, 0.620711, 0.202803, -0.115145, -0.976038, -0.035349
5.524429, 0.571115, 0.621308, 0.202805, -0.115050, -0.975698, -0.035588
5.548441, 0.568397, 0.622704, 0.203062, -0.115262, -0.974743, -0.036263
5.556460, 0.567034, 0.623521, 0.203165, -0.114985, -0.974506, -0.035839
5.580535, 0.563698, 0.625264, 0.203555, -0.114486, -0.973730, -0.036537
5.588557, 0.562483, 0.625918, 0.203672, -0.114300, -0.973343, -0.036745
5.612652, 0.558742, 0.627922, 0.203754, -0.114897, -0.971932, -0.036349
5.620694, 0.557419, 0.628564, 0.203999, -0.114805, -0.971757, -0.036384
5.644754, 0.553423, 0.630385, 0.204100, -0.114394, -0.970928, -0.037121
5.652767, 0.552054, 0.630980, 0.204187, -0.114264, -0.970751, -0.037452
5.676800, 0.547919, 0.632693, 0.204446, -0.114593, -0.969661, -0.037355
5.684807, 0.546511, 0.633256, 0.204513, -0.114672, -0.969199, -0.037434
5.709053, 0.542056, 0.634923, 0.204822, -0.114658, -0.968068, -0.038114
5.717018, 0.540530, 0.635438, 0.204953, -0.114575, -0.967808, -0.038123
5.741083, 0.535717, 0.637029, 0.205241, -0.114157, -0.966865, -0.038628
5.749081, 0.534106, 0.637556, 0.205300, -0.114271, -0.966494, -0.038916
5.773147, 0.528872, 0.639169, 0.205825, -0.114494, -0.965243, -0.038521
5.781162, 0.527033, 0.639699, 0.205972, -0.114173, -0.964994, -0.038601
5.805453, 0.521577, 0.641103, 0.206115, -0.113743, -0.964349, -0.039358
5.813377, 0.519849, 0.641499, 0.206154, -0.114110, -0.963970, -0.039287
5.837543, 0.514564, 0.642582, 0.206432, -0.114446, -0.962989, -0.039991
5.845497, 0.512674, 0.643000, 0.206549, -0.114228, -0.962738, -0.040062
5.869505, 0.507274, 0.643895, 0.206317, -0.114610, -0.961708, -0.039998
5.877515, 0.505446, 0.644147, 0.206671, -0.114441, -0.961610, -0.040421
5.901684, 0.499720, 0.645039, 0.206952, -0.114729, -0.960587, -0.040262
5.909702, 0.497783, 0.645331, 0.207094, -0.114582, -0.960460, -0.040237
5.933790, 0.492028, 0.645900, 0.207351, -0.113992, -0.960165, -0.041136
5.941820, 0.490105, 0.646069, 0.207332, -0.114282, -0.959865, -0.040992
5.965818, 0.484373, 0.646481, 0.207636, -0.114690, -0.959236, -0.041013
5.973837, 0.482490, 0.646531, 0.207690, -0.114557, -0.959021, -0.041388
5.997960, 0.476789, 0.646635, 0.207906, -0.114453, -0.958674, -0.041681
6.006077, 0.474752, 0.646648, 0.207789, -0.114790, -0.958279, -0.041554
6.030131, 0.468671, 0.646854, 0.208070, -0.114714, -0.957731, -0.041603
6.038210, 0.466645, 0.646825, 0.208064, -0.115028, -0.957354, -0.041251
6.062169, 0.460658, 0.646577, 0.208249, -0.114721, -0.957317, -0.041806
6.070171, 0.458648, 0.646424, 0.208341, -0.114730, -0.957270, -0.041994
6.094365, 0.452841, 0.645934, 0.208425, -0.115341, -0.956737, -0.041910
6.102413, 0.450931, 0.645691, 0.208399, -0.115533, -0.956483, -0.042175
6.126486, 0.444891, 0.645013, 0.208481, -0.115533, -0.956195, -0.042337
6.134563, 0.442757, 0.644815, 0.208503, -0.115538, -0.956155, -0.042124
6.158543, 0.436482, 0.644134, 0.208595, -0.115645, -0.955905, -0.042261
6.166519, 0.434436, 0.643863, 0.208589, -0.115995, -0.955794, -0.042068
6.190642, 0.428069, 0.642877, 0.208793, -0.115829, -0.955923, -0.042004
6.198670, 0.425990, 0.642516, 0.208845, -0.115451, -0.956145, -0.042423
6.222785, 0.420051, 0.641138, 0.208771, -0.116373, -0.955923, -0.042345
6.230796, 0.418083, 0.640680, 0.208750, -0.116645, -0.955737, -0.042317
6.254872, 0.411692, 0.639224, 0.208630, -0.116700, -0.955545, -0.042336
6.262843, 0.409573, 0.638743, 0.208721, -0.116435, -0.955709, -0.042251
6.286926, 0.403217, 0.637190, 0.208745, -0.116567, -0.955620, -0.042206
6.295021, 0.401066, 0.636685, 0.208824, -0.116555, -0.955704, -0.042188
6.319166, 0.394732, 0.634894, 0.209091, -0.116348, -0.956186, -0.041975
6.327199, 0.392712, 0.634210, 0.209065, -0.116161, -0.956359, -0.042327
6.351216, 0.386684, 0.632022, 0.208980, -0.116697, -0.956568, -0.042720
6.359202, 0.384553, 0.631298, 0.208893, -0.117096, -0.956558, -0.042419
6.383304, 0.378159, 0.629120, 0.208911, -0.116734, -0.956882, -0.042757
6.391306, 0.375994, 0.628314, 0.208723, -0.117053, -0.956780, -0.042375
6.415510, 0.369404, 0.625942, 0.208743, -0.116979, -0.957098, -0.041766
6.423486, 0.367188, 0.625153, 0.208749, -0.117013, -0.957238, -0.041736
6.447570, 0.360926, 0.622509, 0.208484, -0.117766, -0.957498, -0.041243
6.455591, 0.358881, 0.621513, 0.208442, -0.117769, -0.957649, -0.041356
6.479625, 0.352601, 0.618508, 0.208233, -0.117942, -0.958197, -0.041718
6.487624, 0.350489, 0.617521, 0.208168, -0.118245, -0.958395, -0.041449
6.511775, 0.344191, 0.614551, 0.208060, -0.118370, -0.958851, -0.041320
6.519848, 0.341998, 0.613458, 0.208063, -0.118119, -0.959027, -0.041374
6.543904, 0.335410, 0.610358, 0.208075, -0.117725, -0.959848, -0.040680
6.551897, 0.333286, 0.609228, 0.207967, -0.117912, -0.959985, -0.040686
6.575946, 0.327181, 0.605769, 0.207743, -0.118466, -0.960491, -0.040568
6.583961, 0.325090, 0.604507, 0.207735, -0.118461, -0.960782, -0.040482
6.608159, 0.318907, 0.600751, 0.207729, -0.117811, -0.961795, -0.041151
6.616160, 0.317098, 0.599431, 0.207781, -0.117873, -0.962153, -0.041497
6.640241, 0.310426, 0.595803, 0.207493, -0.118104, -0.962789, -0.040262
6.648281, 0.308197, 0.594505, 0.207383, -0.117870, -0.963052, -0.040206
6.672307, 0.301775, 0.590489, 0.206934, -0.118091, -0.963860, -0.039347
6.680306, 0.299668, 0.589024, 0.206563, -0.118860, -0.963939, -0.038886
6.704537, 0.293490, 0.584821, 0.206402, -0.119020, -0.964983, -0.038892
6.712551, 0.291460, 0.583396, 0.206337, -0.119045, -0.965323, -0.038719
6.736605, 0.285549, 0.578957, 0.205958, -0.118875, -0.966500, -0.039018
6.744598, 0.283589, 0.577589, 0.205904, -0.118817, -0.966910, -0.039002
6.768662, 0.277663, 0.573477, 0.205961, -0.118413, -0.967984, -0.038090
6.776685, 0.275737, 0.572027, 0.205684, -0.118665, -0.968063, -0.037755
6.800757, 0.270293, 0.567745, 0.205265, -0.118439, -0.969042, -0.037662
6.808935, 0.268552, 0.566362, 0.205224, -0.118226, -0.969409, -0.037542
6.832933, 0.263539, 0.562202, 0.205047, -0.118359, -0.970295, -0.037324
6.841017, 0.261930, 0.560806, 0.204978, -0.118309, -0.970702, -0.037563
6.864980, 0.257250, 0.556710, 0.204576, -0.118798, -0.971636, -0.037059
6.873033, 0.255619, 0.555322, 0.204500, -0.118790, -0.972130, -0.036843
6.897116, 0.250980, 0.551442, 0.204299, -0.118001, -0.973326, -0.036946
6.905282, 0.249476, 0.550161, 0.204269, -0.117862, -0.973723, -0.036896
6.929361, 0.245118, 0.546370, 0.203808, -0.118481, -0.974361, -0.035679
6.937317, 0.243779, 0.545131, 0.203662, -0.118575, -0.974597, -0.035511
6.961329, 0.239722, 0.541379, 0.203390, -0.118047, -0.975488, -0.035625
6.969355, 0.238447, 0.540196, 0.203274, -0.117865, -0.975871, -0.035661
6.993452, 0.234803, 0.536674, 0.203242, -0.117423, -0.976852, -0.035304
7.001490, 0.233564, 0.535486, 0.203146, -0.117509, -0.977095, -0.035010
7.025675, 0.230213, 0.532157, 0.202614, -0.118168, -0.977690, -0.034670
7.033665, 0.229147, 0.531118, 0.202608, -0.118017, -0.978119, -0.034798
7.057721, 0.225863, 0.527890, 0.202268, -0.118192, -0.978801, -0.034089
7.065676, 0.224917, 0.526851, 0.202113, -0.118454, -0.979073, -0.033877
7.089755, 0.222019, 0.523948, 0.202260, -0.117219, -0.980291, -0.034084
7.097871, 0.221040, 0.522999, 0.202251, -0.116828, -0.980577, -0.034122
7.122045, 0.218354, 0.520162, 0.201627, -0.117489, -0.981150, -0.033838
7.130047, 0.217511, 0.519333, 0.201516, -0.117509, -0.981293, -0.033743
7.154041, 0.215106, 0.516914, 0.201479, -0.117212, -0.981838, -0.033167
7.162045, 0.214387, 0.516112, 0.201372, -0.117463, -0.982041, -0.032903
7.186130, 0.212282, 0.513745, 0.201094, -0.117912, -0.982436, -0.032294
7.194138, 0.211613, 0.512999, 0.201044, -0.117794, -0.982567, -0.032284
7.218324, 0.209782, 0.510969, 0.200958, -0.117250, -0.983189, -0.032615
7.226332, 0.209191, 0.510320, 0.200992, -0.116865, -0.983533, -0.032894
7.250387, 0.207577, 0.508539, 0.200907, -0.116266, -0.984210, -0.033238
7.258403, 0.207068, 0.507981, 0.200869, -0.116109, -0.984347, -0.033236
7.282446, 0.205738, 0.506340, 0.200633, -0.116442, -0.984509, -0.032798
7.290431, 0.205296, 0.505843, 0.200533, -0.116572, -0.984601, -0.032596
7.314624, 0.204198, 0.504571, 0.200402, -0.116956, -0.985074, -0.032123
7.322712, 0.203881, 0.504205, 0.200407, -0.117295, -0.985175, -0.031446
7.346743, 0.202904, 0.503250, 0.200321, -0.116932, -0.985408, -0.031751
7.354731, 0.202640, 0.502946, 0.200307, -0.116969, -0.985453, -0.031642
7.378788, 0.202048, 0.502219, 0.200248, -0.116945, -0.985545, -0.031731
7.386799, 0.201887, 0.501985, 0.200205, -0.117008, -0.985576, -0.031797
7.411017, 0.201494, 0.501502, 0.200227, -0.116894, -0.985701, -0.031872
7.419040, 0.201374, 0.501398, 0.200246, -0.116851, -0.985722, -0.031800
7.443062, 0.201144, 0.501267, 0.200108, -0.117002, -0.985738, -0.031521
7.451088, 0.201101, 0.501270, 0.200088, -0.117003, -0.985759, -0.031473
7.475107, 0.201048, 0.501323, 0.200074, -0.116919, -0.985771, -0.031395
7.483141, 0.201033, 0.501326, 0.200058, -0.116938, -0.985762, -0.031351
7.507331, 0.201032, 0.501321, 0.200062, -0.116909, -0.985771, -0.031367
7.515310, 0.201031, 0.501320, 0.200064, -0.116895, -0.985775, -0.031375
7.539491, 0.201031, 0.501319, 0.200065, -0.116881, -0.985780, -0.031383
7.547415, 0.201042, 0.501354, 0.200054, -0.116864, -0.985787, -0.031381
7.571485, 0.201125, 0.501561, 0.200050, -0.116801, -0.985794, -0.031314
7.579441, 0.201188, 0.501652, 0.200059, -0.116701, -0.985787, -0.031378
7.603616, 0.201496, 0.502104, 0.200168, -0.116469, -0.985813, -0.031512
7.611672, 0.201602, 0.502338, 0.200219, -0.116366, -0.985761, -0.031387
7.635791, 0.202329, 0.503078, 0.200288, -0.116510, -0.985621, -0.031379
7.643730, 0.202623, 0.503338, 0.200287, -0.116716, -0.985621, -0.031394
7.667789, 0.203606, 0.504423, 0.200447, -0.116543, -0.985414, -0.031770
7.675837, 0.203954, 0.504838, 0.200517, -0.116422, -0.985345, -0.031809
7.699929, 0.205233, 0.506186, 0.200626, -0.116249, -0.985057, -0.032447
7.708054, 0.205677, 0.506687, 0.200676, -0.116138, -0.984875, -0.032598
7.732050, 0.207114, 0.508299, 0.200784, -0.116169, -0.984336, -0.032900
7.740082, 0.207669, 0.508865, 0.200775, -0.116343, -0.984189, -0.033066
7.764116, 0.209303, 0.510684, 0.200809, -0.116951, -0.983695, -0.033001
7.772144, 0.209897, 0.511322, 0.200795, -0.117266, -0.983460, -0.032870
7.796155, 0.211888, 0.513431, 0.200894, -0.117949, -0.982609, -0.032552
7.804330, 0.212545, 0.514188, 0.201004, -0.117973, -0.982465, -0.032495
7.828413, 0.214721, 0.516537, 0.201294, -0.118019, -0.982101, -0.032632
7.836503, 0.215472, 0.517328, 0.201330, -0.118063, -0.981892, -0.032731
7.860517, 0.217824, 0.519686, 0.201505, -0.117997, -0.981131, -0.033328
7.868515, 0.218685, 0.520680, 0.201772, -0.117389, -0.981141, -0.033795
7.892604, 0.221364, 0.523475, 0.202111, -0.116855, -0.980576, -0.034392
7.900682, 0.222293, 0.524413, 0.202169, -0.116949, -0.980241, -0.034337
7.924793, 0.225138, 0.527369, 0.202121, -0.117992, -0.979235, -0.033687
7.932867, 0.226169, 0.528426, 0.202165, -0.118146, -0.978867, -0.033672
7.956898, 0.229326, 0.531716, 0.202590, -0.117728, -0.978098, -0.034441
7.964882, 0.230397, 0.532781, 0.202693, -0.117756, -0.977855, -0.034608
7.988920, 0.233932, 0.536088, 0.202931, -0.117938, -0.976876, -0.034826
7.996992, 0.235158, 0.537253, 0.203104, -0.117756, -0.976700, -0.034958
8.021192, 0.238869, 0.540693, 0.203345, -0.117595, -0.975805, -0.035399
8.029251, 0.240182, 0.541790, 0.203155, -0.118191, -0.975384, -0.035546
8.053253, 0.244318, 0.545688, 0.203738, -0.117958, -0.974580, -0.036117
8.061277, 0.245685, 0.546897, 0.203908, -0.118133, -0.974338, -0.036090
8.085323, 0.250046, 0.550759, 0.204076, -0.118693, -0.973387, -0.036264
8.093343, 0.251534, 0.552080, 0.204233, -0.118362, -0.973223, -0.036775
8.117503, 0.255958, 0.556012, 0.204417, -0.118081, -0.972245, -0.037023
8.125536, 0.257547, 0.557401, 0.204415, -0.118433, -0.971884, -0.036831
8.149618, 0.262260, 0.561552, 0.204909, -0.118452, -0.971525, -0.037303
8.157653, 0.263947, 0.562944, 0.205042, -0.118052, -0.970412, -0.037257
8.181663, 0.269268, 0.566984, 0.205220, -0.118388, -0.969329, -0.037542
8.189676, 0.271029, 0.568365, 0.205313, -0.118237, -0.968984, -0.037632
8.213930, 0.276497, 0.572602, 0.205777, -0.117872, -0.968206, -0.038580
8.221953, 0.278425, 0.574023, 0.205900, -0.118070, -0.967871, -0.038697
8.245952, 0.284301, 0.578282, 0.206010, -0.118917, -0.966827, -0.038690
8.253964, 0.286287, 0.579668, 0.206053, -0.118804, -0.966538, -0.039061
8.277986, 0.292183, 0.584029, 0.206519, -0.118138, -0.965702, -0.039228
8.285998, 0.294188, 0.585507, 0.206602, -0.118132, -0.965337, -0.039081
8.310218, 0.300479, 0.589734, 0.206610, -0.118548, -0.964001, -0.039431
8.318220, 0.302606, 0.591119, 0.206730, -0.118426, -0.963815, -0.039598
8.342336, 0.308944, 0.595038, 0.207302, -0.117631, -0.963393, -0.040493
8.350286, 0.311098, 0.596383, 0.207384, -0.117631, -0.963160, -0.040754
8.374315, 0.317521, 0.600149, 0.207201, -0.119056, -0.961930, -0.040235
8.382315, 0.319613, 0.601457, 0.207285, -0.118944, -0.961733, -0.040390
8.406493, 0.325616, 0.605104, 0.207490, -0.118024, -0.960916, -0.040559
8.414550, 0.327747, 0.606406, 0.207688, -0.117701, -0.960709, -0.040540
8.438610, 0.334098, 0.609790, 0.207769, -0.117943, -0.959693, -0.040706
8.446660, 0.336243, 0.610898, 0.207975, -0.117717, -0.959581, -0.040883
8.470656, 0.342600, 0.614062, 0.208318, -0.117034, -0.959299, -0.041251
8.478708, 0.344811, 0.615082, 0.208288, -0.117038, -0.959085, -0.041609
8.502835, 0.351366, 0.618047, 0.208254, -0.118038, -0.958313, -0.041595
8.510920, 0.353382, 0.619112, 0.208371, -0.118314, -0.958981, -0.041744
8.535006, 0.359613, 0.621953, 0.208526, -0.117058, -0.957996, -0.041952
8.542959, 0.361731, 0.622845, 0.208514, -0.117030, -0.957762, -0.041861
8.566956, 0.368025, 0.625523, 0.208677, -0.117114, -0.957168, -0.041714
8.574977, 0.370118, 0.626380, 0.208816, -0.116720, -0.957184, -0.042020
8.599167, 0.376662, 0.628689, 0.208752, -0.116720, -0.956936, -0.042191
8.607193, 0.378931, 0.629321, 0.208647, -0.116917, -0.956718, -0.042465
8.631360, 0.385270, 0.631645, 0.208833, -0.116886, -0.956526, -0.042568
8.639323, 0.387262, 0.632396, 0.208846, -0.117100, -0.956476, -0.042241
8.663363, 0.393490, 0.634483, 0.208693, -0.116618, -0.956302, -0.042442
8.671364, 0.395503, 0.635048, 0.208505, -0.116877, -0.955914, -0.042190
8.695377, 0.401673, 0.637050, 0.208982, -0.115983, -0.956016, -0.042021
8.703553, 0.403780, 0.637612, 0.208965, -0.115988, -0.955944, -0.042171
8.727619, 0.410377, 0.639016, 0.208685, -0.116240, -0.955794, -0.042408
8.735633, 0.412517, 0.639460, 0.208700, -0.116185, -0.955794, -0.042404
8.759731, 0.418698, 0.640942, 0.208870, -0.115796, -0.956021, -0.042831
8.767734, 0.420800, 0.641423, 0.208762, -0.116050, -0.956014, -0.042654
8.791801, 0.426923, 0.642644, 0.208554, -0.116143, -0.955948, -0.042383
8.799884, 0.428883, 0.643048, 0.208662, -0.115566, -0.956175, -0.042535
8.824002, 0.434949, 0.644143, 0.208720, -0.115329, -0.956276, -0.041911
8.832000, 0.437088, 0.644414, 0.208621, -0.115427, -0.956190, -0.042004
8.856049, 0.443423, 0.645049, 0.208451, -0.115467, -0.956443, -0.042452
8.864082, 0.445445, 0.645277, 0.208526, -0.115180, -0.956774, -0.042477
8.888172, 0.451510, 0.645884, 0.208396, -0.114957, -0.957146, -0.042619
8.896144, 0.453570, 0.646093, 0.208278, -0.115258, -0.957109, -0.042442
8.920342, 0.459329, 0.646618, 0.208228, -0.115112, -0.957271, -0.041562
8.928368, 0.461250, 0.646783, 0.208292, -0.114448, -0.957606, -0.041801
8.952447, 0.467304, 0.646893, 0.208017, -0.114381, -0.957720, -0.041530
8.960391, 0.469396, 0.646887, 0.207906, -0.114639, -0.957725, -0.041372
8.984477, 0.475463, 0.646744, 0.207817, -0.114464, -0.958239, -0.041784
8.992511, 0.477426, 0.646668, 0.207844, -0.114183, -0.958586, -0.041754
9.016725, 0.483404, 0.646336, 0.207341, -0.114710, -0.959014, -0.041646
9.024716, 0.485318, 0.646265, 0.207433, -0.114513, -0.959346, -0.041749
9.048820, 0.490767, 0.646121, 0.207494, -0.114188, -0.960097, -0.040924
9.056779, 0.492615, 0.645971, 0.207403, -0.114065, -0.960332, -0.040839
9.080805, 0.498394, 0.645299, 0.207022, -0.113949, -0.960949, -0.040782
9.088836, 0.500294, 0.645039, 0.206907, -0.114235, -0.960989, -0.040394
9.112981, 0.505948, 0.644219, 0.206907, -0.113785, -0.962017, -0.040661
9.121026, 0.507859, 0.643857, 0.206709, -0.113847, -0.962219, -0.040681
9.145209, 0.513441, 0.642783, 0.206372, -0.114069, -0.963158, -0.040350
9.153169, 0.515165, 0.642491, 0.206309, -0.113978, -0.963432, -0.040268
9.177199, 0.520294, 0.641533, 0.206013, -0.113487, -0.964626, -0.039508
9.185216, 0.522148, 0.641149, 0.205803, -0.114267, -0.964434, -0.038929
9.209349, 0.527534, 0.639653, 0.205625, -0.113717, -0.965550, -0.039233
9.217459, 0.529314, 0.639132, 0.205623, -0.113720, -0.965854, -0.039067
9.241508, 0.534759, 0.637370, 0.205310, -0.114103, -0.966675, -0.039074
9.249500, 0.536546, 0.636731, 0.205165, -0.114268, -0.966916, -0.039211
9.273572, 0.541243, 0.635078, 0.204970, -0.114183, -0.968395, -0.038748
9.281538, 0.542667, 0.634598, 0.204944, -0.113976, -0.968779, -0.038514
9.305673, 0.547062, 0.633049, 0.204579, -0.114250, -0.969649, -0.038191
9.313824, 0.548511, 0.632478, 0.204397, -0.114488, -0.969783, -0.037850
9.337876, 0.552573, 0.630752, 0.204282, -0.114153, -0.971020, -0.037387
9.345921, 0.553862, 0.630162, 0.204267, -0.113840, -0.971555, -0.037585
9.369919, 0.558017, 0.628173, 0.203919, -0.114204, -0.972384, -0.037315
9.377915, 0.559382, 0.627514, 0.203731, -0.114740, -0.972451, -0.036950
9.402090, 0.562951, 0.625774, 0.203439, -0.114965, -0.973485, -0.036872
9.410085, 0.564012, 0.625220, 0.203446, -0.114670, -0.974021, -0.036901
9.434203, 0.567140, 0.623547, 0.203226, -0.114512, -0.975403, -0.036315
9.442288, 0.568174, 0.622989, 0.203090, -0.114512, -0.975764, -0.036078
9.466247, 0.571239, 0.621288, 0.202785, -0.114764, -0.976471, -0.035826
9.474275, 0.572220, 0.620726, 0.202710, -0.114850, -0.976631, -0.035649
9.498319, 0.575165, 0.618902, 0.202534, -0.115037, -0.977304, -0.035076
9.506431, 0.576122, 0.618264, 0.202457, -0.115097, -0.977563, -0.034811
9.530502, 0.578865, 0.616406, 0.202172, -0.115030, -0.978597, -0.034997
9.538593, 0.579731, 0.615801, 0.202122, -0.114759, -0.978994, -0.035305
9.562586, 0.582069, 0.614204, 0.202117, -0.114670, -0.979965, -0.035149
9.570647, 0.582789, 0.613726, 0.202001, -0.114861, -0.980121, -0.034848
9.594645, 0.585031, 0.612185, 0.201734, -0.115584, -0.980522, -0.034068
9.602769, 0.585728, 0.611669, 0.201703, -0.115684, -0.980855, -0.034050
9.626905, 0.587577, 0.610296, 0.201481, -0.115513, -0.981691, -0.034173
9.634948, 0.588197, 0.609817, 0.201356, -0.115492, -0.981913, -0.034177
9.658878, 0.589862, 0.608538, 0.201040, -0.115600, -0.982846, -0.033985
9.666896, 0.590341, 0.608157, 0.200998, -0.115573, -0.983212, -0.033840
9.690984, 0.591814, 0.606964, 0.200871, -0.115812, -0.983822, -0.033032
9.698974, 0.592319, 0.606563, 0.200839, -0.115884, -0.983919, -0.032938
9.723213, 0.593754, 0.605448, 0.200690, -0.116630, -0.984499, -0.033070
9.731314, 0.594159, 0.605113, 0.200687, -0.116780, -0.984910, -0.033239
9.755326, 0.595363, 0.604075, 0.200791, -0.115990, -0.984936, -0.033240
9.763285, 0.595732, 0.603761, 0.200755, -0.116003, -0.985041, -0.033179
9.787352, 0.596835, 0.602821, 0.200567, -0.116335, -0.985362, -0.033175
9.795316, 0.597145, 0.602548, 0.200501, -0.116464, -0.985502, -0.033053
9.819531, 0.597916, 0.601872, 0.200377, -0.116672, -0.985827, -0.032672
9.827552, 0.598167, 0.601649, 0.200322, -0.116764, -0.985873, -0.032468
9.851631, 0.598780, 0.601076, 0.200237, -0.116665, -0.986231, -0.032265
9.859589, 0.598943, 0.600916, 0.200204, -0.116636, -0.986338, -0.032171
9.883675, 0.599359, 0.600509, 0.200184, -0.116519, -0.986741, -0.032077
9.891699, 0.599493, 0.600375, 0.200209, -0.116483, -0.986894, -0.032227
9.915966, 0.599790, 0.600113, 0.200129, -0.116518, -0.987020, -0.032361
9.923913, 0.599870, 0.600046, 0.200130, -0.116571, -0.987051, -0.032384
9.948072, 0.600008, 0.599893, 0.200243, -0.116567, -0.987241, -0.032490
9.956007, 0.600025, 0.599887, 0.200207, -0.116620, -0.987185, -0.032458
9.980024, 0.600038, 0.599902, 0.200094, -0.116786, -0.987031, -0.032360
9.988029, 0.600038, 0.599902, 0.200090, -0.116792, -0.987025, -0.032356
10.012252, 0.600011, 0.599931, 0.200090, -0.116767, -0.987008, -0.032300
10.020303, 0.600011, 0.599930, 0.200094, -0.116761, -0.987014, -0.032304
10.044313, 0.599908, 0.600006, 0.200100, -0.116541, -0.987126, -0.032686
10.052408, 0.599630, 0.600242, 0.200118, -0.116841, -0.986673, -0.032472
10.076322, 0.596772, 0.602754, 0.200644, -0.116397, -0.985477, -0.033609
10.084349, 0.595106, 0.604214, 0.200967, -0.116159, -0.984638, -0.033867
10.108512, 0.588436, 0.609598, 0.201174, -0.116042, -0.981635, -0.034327
10.116569, 0.585608, 0.611741, 0.201382, -0.115941, -0.980483, -0.034607
10.140665, 0.574769, 0.619116, 0.202756, -0.115478, -0.976763, -0.034820
10.148673, 0.570312, 0.621778, 0.202913, -0.115215, -0.975120, -0.034878
10.172667, 0.555312, 0.629652, 0.204299, -0.115292, -0.970492, -0.035152
10.180708, 0.549915, 0.632023, 0.204469, -0.114568, -0.969359, -0.035468
10.204851, 0.533981, 0.637938, 0.205301, -0.115076, -0.965483, -0.035968
10.212837, 0.528705, 0.639513, 0.205460, -0.115746, -0.963994, -0.036213
10.236964, 0.512308, 0.643122, 0.206391, -0.115036, -0.961847, -0.038158
10.245102, 0.507095, 0.643814, 0.206903, -0.115000, -0.961318, -0.039121
10.269009, 0.489968, 0.645838, 0.207218, -0.115924, -0.958626, -0.039964
10.277033, 0.484027, 0.646281, 0.207359, -0.115461, -0.957504, -0.039638
10.301178, 0.466137, 0.646636, 0.207884, -0.116185, -0.956695, -0.040792
10.309231, 0.460014, 0.646376, 0.208078, -0.116127, -0.956484, -0.041083
10.333364, 0.441488, 0.644809, 0.208505, -0.115918, -0.955762, -0.041476
10.341375, 0.435374, 0.643919, 0.208700, -0.115820, -0.955728, -0.042030
10.365352, 0.416479, 0.640414, 0.208826, -0.116397, -0.955648, -0.042202
10.373372, 0.410159, 0.638924, 0.208768, -0.116464, -0.955662, -0.042385
10.397405, 0.391122, 0.633493, 0.208746, -0.116929, -0.956041, -0.042515
10.405565, 0.384645, 0.631320, 0.208713, -0.117118, -0.956358, -0.042475
10.429688, 0.365145, 0.624127, 0.208597, -0.117646, -0.957277, -0.041391
10.437639, 0.358810, 0.621313, 0.208568, -0.117472, -0.957846, -0.042096
10.461685, 0.339167, 0.612274, 0.208282, -0.117311, -0.959673, -0.041559
10.469727, 0.332667, 0.608858, 0.207892, -0.117779, -0.960103, -0.041061
10.493812, 0.313501, 0.597675, 0.207379, -0.117888, -0.962543, -0.040688
10.501882, 0.307170, 0.593630, 0.207119, -0.118039, -0.963234, -0.040563
10.526036, 0.287817, 0.580872, 0.206214, -0.118810, -0.965924, -0.038654
10.534110, 0.281569, 0.576257, 0.205997, -0.118333, -0.967222, -0.038847
10.558104, 0.262700, 0.561618, 0.204889, -0.118558, -0.970475, -0.037093
10.566091, 0.256481, 0.556488, 0.204510, -0.118607, -0.971743, -0.036530
10.590157, 0.238592, 0.540127, 0.203273, -0.118320, -0.975670, -0.035494
10.598123, 0.232902, 0.534925, 0.202641, -0.118712, -0.976743, -0.034029
10.622354, 0.219821, 0.521156, 0.201494, -0.118967, -0.980105, -0.033320
10.630476, 0.216052, 0.517274, 0.201203, -0.118483, -0.981260, -0.033127
10.654439, 0.207140, 0.508108, 0.200365, -0.118105, -0.983724, -0.031502
10.662373, 0.205184, 0.505662, 0.200225, -0.117787, -0.984328, -0.031819
10.686480, 0.201165, 0.501123, 0.199956, -0.117231, -0.985744, -0.031573
10.694446, 0.200672, 0.500438, 0.199967, -0.117071, -0.985953, -0.031882
10.718720, 0.200848, 0.500611, 0.200112, -0.116364, -0.986161, -0.032898
10.726658, 0.201061, 0.501136, 0.200111, -0.115767, -0.986355, -0.033342
10.750781, 0.201362, 0.501886, 0.200258, -0.114863, -0.986701, -0.033872
10.758740, 0.201407, 0.502011, 0.200302, -0.114699, -0.986760, -0.033933
10.782722, 0.201538, 0.502116, 0.200640, -0.114075, -0.986939, -0.034350
10.790730, 0.201546, 0.502103, 0.200688, -0.114037, -0.986927, -0.034330
10.814832, 0.201533, 0.502056, 0.200661, -0.114395, -0.986818, -0.033870
10.822914, 0.201514, 0.502064, 0.200515, -0.114808, -0.986698, -0.033507
10.846990, 0.201405, 0.501988, 0.200416, -0.115149, -0.986597, -0.032992
10.854941, 0.201428, 0.501926, 0.200399, -0.115285, -0.986563, -0.032995
10.879019, 0.201375, 0.501668, 0.200378, -0.115703, -0.986414, -0.032735
10.887016, 0.201355, 0.501597, 0.200328, -0.115870, -0.986311, -0.032624
10.911171, 0.201259, 0.501473, 0.199987, -0.116727, -0.985999, -0.032001
10.919247, 0.201250, 0.501478, 0.199704, -0.117254, -0.985833, -0.031675
10.943257, 0.201185, 0.501323, 0.200071, -0.116739, -0.985992, -0.031928
10.951297, 0.201180, 0.501308, 0.200089, -0.116726, -0.985996, -0.031935
10.975230, 0.201158, 0.501236, 0.200065, -0.116866, -0.985954, -0.031847
10.983319, 0.201148, 0.501223, 0.200045, -0.116920, -0.985936, -0.031806
11.007492, 0.201108, 0.501198, 0.199899, -0.117232, -0.985834, -0.031555
11.015442, 0.201102, 0.501177, 0.199917, -0.117223, -0.985837, -0.031559
11.039530, 0.201075, 0.501092, 0.200050, -0.117087, -0.985881, -0.031625
11.047550, 0.201073, 0.501086, 0.200048, -0.117099, -0.985877, -0.031618
11.071543, 0.201071, 0.501081, 0.200007, -0.117196, -0.985847, -0.031564
11.079560, 0.201066, 0.501081, 0.200002, -0.117222, -0.985839, -0.031528
11.103708, 0.201071, 0.501080, 0.200002, -0.117226, -0.985839, -0.031537
11.111731, 0.201069, 0.501075, 0.200028, -0.117185, -0.985852, -0.031560
11.135813, 0.201065, 0.501078, 0.200036, -0.117164, -0.985857, -0.031560
11.143882, 0.201060, 0.501080, 0.200036, -0.117167, -0.985857, -0.031537
11.167835, 0.201034, 0.501099, 0.200043, -0.117129, -0.985863, -0.031491
11.175877, 0.201036, 0.501103, 0.200049, -0.117112, -0.985869, -0.031500
11.199862, 0.201037, 0.501101, 0.200056, -0.117091, -0.985842, -0.031500
11.208097, 0.201037, 0.501102, 0.200051, -0.117100, -0.985839, -0.031495
11.232085, 0.201043, 0.501120, 0.200075, -0.117034, -0.985860, -0.031532
11.240174, 0.201044, 0.501124, 0.200081, -0.117017, -0.985865, -0.031541
11.264124, 0.201051, 0.501145, 0.200116, -0.116920, -0.985879, -0.031590
11.272201, 0.201054, 0.501154, 0.200128, -0.116887, -0.985889, -0.031608
11.296210, 0.201060, 0.501173, 0.200146, -0.116829, -0.985907, -0.031640
11.304284, 0.201064, 0.501186, 0.200164, -0.116779, -0.985923, -0.031668
11.328378, 0.201069, 0.501201, 0.200183, -0.116726, -0.985940, -0.031698
11.336448, 0.201069, 0.501201, 0.200183, -0.116726, -0.985940, -0.031698
11.360458, 0.201073, 0.501212, 0.200198, -0.116679, -0.985938, -0.031718
11.368425, 0.201075, 0.501216, 0.200204, -0.116662, -0.985943, -0.031727
11.392492, 0.201077, 0.501224, 0.200208, -0.116645, -0.985948, -0.031737
11.400572, 0.201077, 0.501224, 0.200208, -0.116645, -0.985948, -0.031737
11.424662, 0.201077, 0.501224, 0.200208, -0.116645, -0.985948, -0.031737
11.432775, 0.201077, 0.501224, 0.200208, -0.116645, -0.985948, -0.031737
11.456756, 0.201077, 0.501224, 0.200208, -0.116653, -0.985947, -0.031722
11.464721, 0.201077, 0.501224, 0.200208, -0.116645, -0.985948, -0.031737
11.488823, 0.201077, 0.501224, 0.200208, -0.116653, -0.985947, -0.031722
11.496750, 0.201077, 0.501224, 0.200208, -0.116653, -0.985947, -0.031722
11.520843, 0.201077, 0.501224, 0.200208, -0.116653, -0.985947, -0.031722
11.529040, 0.201077, 0.501225, 0.200203, -0.116662, -0.985945, -0.031717
11.553094, 0.201077, 0.501224, 0.200190, -0.116687, -0.985937, -0.031703
11.561072, 0.201077, 0.501223, 0.200195, -0.116678, -0.985939, -0.031708
11.585071, 0.201077, 0.501223, 0.200195, -0.116678, -0.985939, -0.031708
11.593074, 0.201077, 0.501223, 0.200195, -0.116678, -0.985939, -0.031708
11.617197, 0.201076, 0.501222, 0.200187, -0.116695, -0.985934, -0.031699
11.625247, 0.201076, 0.501222, 0.200187, -0.116695, -0.985934, -0.031699
11.649315, 0.201074, 0.501216, 0.200178, -0.116720, -0.985926, -0.031685
11.657292, 0.201074, 0.501213, 0.200175, -0.116728, -0.985924, -0.031680
11.681379, 0.201073, 0.501211, 0.200172, -0.116736, -0.985921, -0.031676
11.689349, 0.201073, 0.501212, 0.200171, -0.116750, -0.985917, -0.031668
11.713517, 0.201073, 0.501210, 0.200168, -0.116759, -0.985914, -0.031663
11.721604, 0.201073, 0.501210, 0.200168, -0.116759, -0.985914, -0.031663
11.745577, 0.201076, 0.501204, 0.200162, -0.116780, -0.985908, -0.031663
11.753614, 0.201076, 0.501204, 0.200162, -0.116780, -0.985908, -0.031663
11.777638, 0.201075, 0.501202, 0.200141, -0.116821, -0.985895, -0.031640
11.785618, 0.201075, 0.501203, 0.200140, -0.116827, -0.985910, -0.031642
11.809777, 0.201072, 0.501194, 0.200128, -0.116860, -0.985900, -0.031624
11.817735, 0.201071, 0.501189, 0.200122, -0.116877, -0.985895, -0.031614
11.841934, 0.201071, 0.501190, 0.200117, -0.116885, -0.985892, -0.031610
11.849882, 0.201071, 0.501190, 0.200117, -0.116885, -0.985892, -0.031610
11.873919, 0.201070, 0.501188, 0.200114, -0.116894, -0.985889, -0.031605
11.881899, 0.201070, 0.501186, 0.200111, -0.116902, -0.985887, -0.031601
11.905995, 0.201070, 0.501186, 0.200111, -0.116902, -0.985887, -0.031601
11.914055, 0.201070, 0.501186, 0.200111, -0.116902, -0.985887, -0.031601
11.938126, 0.201070, 0.501186, 0.200111, -0.116902, -0.985887, -0.031601
11.946215, 0.201070, 0.501186, 0.200111, -0.116902, -0.985887, -0.031601
11.970155, 0.201070, 0.501186, 0.200111, -0.116902, -0.985887, -0.031601
11.978160, 0.201070, 0.501186, 0.200111, -0.116902, -0.985887, -0.031601
12.002285, 0.201069, 0.501183, 0.200109, -0.116902, -0.985885, -0.031611
12.010332, 0.201069, 0.501183, 0.200109, -0.116910, -0.985884, -0.031596
12.034483, 0.201068, 0.501182, 0.200114, -0.116902, -0.985887, -0.031601
12.042432, 0.201068, 0.501182, 0.200114, -0.116902, -0.985887, -0.031601
12.066431, 0.201074, 0.501184, 0.200111, -0.116906, -0.985886, -0.031609
12.074441, 0.201074, 0.501184, 0.200111, -0.116906, -0.985886, -0.031609
12.098513, 0.201074, 0.501184, 0.200111, -0.116906, -0.985886, -0.031609
12.106569, 0.201074, 0.501183, 0.200117, -0.116898, -0.985889, -0.031614
12.130682, 0.201074, 0.501183, 0.200117, -0.116898, -0.985889, -0.031614
12.138795, 0.201074, 0.501184, 0.200111, -0.116906, -0.985886, -0.031609
12.162734, 0.201074, 0.501184, 0.200111, -0.116906, -0.985886, -0.031609
12.170766, 0.201074, 0.501184, 0.200111, -0.116906, -0.985886, -0.031609
12.194801, 0.201074, 0.501183, 0.200117, -0.116898, -0.985889, -0.031614
12.202872, 0.201074, 0.501183, 0.200117, -0.116890, -0.985890, -0.031629
12.227021, 0.201074, 0.501184, 0.200111, -0.116906, -0.985886, -0.031609
12.235088, 0.201074, 0.501184, 0.200111, -0.116906, -0.985886, -0.031609
12.259063, 0.201074, 0.501183, 0.200117, -0.116898, -0.985889, -0.031614
12.267054, 0.201074, 0.501183, 0.200117, -0.116898, -0.985889, -0.031614
12.291099, 0.201074, 0.501184, 0.200111, -0.116906, -0.985886, -0.031609
12.299125, 0.201074, 0.501184, 0.200111, -0.116906, -0.985886, -0.031609
12.323368, 0.201074, 0.501184, 0.200111, -0.116906, -0.985886, -0.031609
12.331272, 0.201074, 0.501183, 0.200117, -0.116890, -0.985890, -0.031629
12.355326, 0.201074, 0.501183, 0.200117, -0.116898, -0.985889, -0.031614
12.363283, 0.201074, 0.501183, 0.200117, -0.116898, -0.985889, -0.031614
12.387341, 0.201074, 0.501184, 0.200111, -0.116906, -0.985886, -0.031609
12.395317, 0.201074, 0.501184, 0.200111, -0.116906, -0.985886, -0.031609
12.419488, 0.201079, 0.501181, 0.200117, -0.116903, -0.985888, -0.031622
12.427593, 0.201079, 0.501181, 0.200117, -0.116903, -0.985888, -0.031622
12.451626, 0.201079, 0.501181, 0.200117, -0.116903, -0.985888, -0.031622
12.459577, 0.201079, 0.501182, 0.200111, -0.116911, -0.985886, -0.031618
12.483630, 0.201079, 0.501181, 0.200117, -0.116903, -0.985888, -0.031622
12.491636, 0.201079, 0.501181, 0.200117, -0.116903, -0.985888, -0.031622
12.515769, 0.201079, 0.501181, 0.200117, -0.116903, -0.985888, -0.031622
12.523893, 0.201079, 0.501181, 0.200117, -0.116903, -0.985888, -0.031622
12.547894, 0.201247, 0.501315, 0.200047, -0.117293, -0.985645, -0.031292
12.555910, 0.201855, 0.502016, 0.200055, -0.117534, -0.985380, -0.031134
12.579973, 0.206376, 0.506901, 0.200955, -0.116651, -0.984527, -0.032523
12.587943, 0.208546, 0.509381, 0.201323, -0.116193, -0.984059, -0.033109
12.612215, 0.217810, 0.519381, 0.202011, -0.117413, -0.981496, -0.033898
12.620134, 0.221710, 0.523475, 0.202346, -0.117409, -0.980684, -0.034586
12.644286, 0.235654, 0.537621, 0.203830, -0.116312, -0.977470, -0.036544
12.652251, 0.241239, 0.542807, 0.204334, -0.115889, -0.976407, -0.037467
12.676258, 0.260278, 0.559467, 0.205742, -0.115521, -0.972832, -0.040134
12.684295, 0.266666, 0.564982, 0.206218, -0.115066, -0.971712, -0.040696
12.708417, 0.285503, 0.579615, 0.206353, -0.116711, -0.967786, -0.040597
12.716465, 0.292043, 0.584097, 0.206304, -0.117334, -0.966604, -0.040959
12.740534, 0.311197, 0.596498, 0.206925, -0.117425, -0.963834, -0.041830
12.748565, 0.317640, 0.600393, 0.207070, -0.117702, -0.962897, -0.041885
12.772630, 0.336834, 0.611056, 0.207290, -0.118139, -0.960057, -0.041860
12.780622, 0.343116, 0.614385, 0.207291, -0.118117, -0.959297, -0.041513
12.804780, 0.362583, 0.623176, 0.207847, -0.117645, -0.957750, -0.042250
12.812844, 0.369043, 0.625730, 0.207986, -0.117753, -0.957177, -0.042174
12.836897, 0.388434, 0.632671, 0.208281, -0.117446, -0.956247, -0.042444
12.845007, 0.394865, 0.634665, 0.208427, -0.117087, -0.956113, -0.042729
12.869013, 0.413658, 0.639874, 0.208342, -0.116588, -0.955658, -0.042036
12.877018, 0.420050, 0.641312, 0.208358, -0.116466, -0.955748, -0.042215
12.901119, 0.438651, 0.644702, 0.208370, -0.115567, -0.956186, -0.041652
12.909086, 0.445095, 0.645289, 0.208358, -0.115598, -0.956506, -0.042056
12.933250, 0.463633, 0.646609, 0.208252, -0.114986, -0.957687, -0.041959
12.941276, 0.469669, 0.646750, 0.207930, -0.114862, -0.957921, -0.041617
12.965349, 0.487621, 0.646172, 0.207416, -0.114742, -0.959534, -0.041149
12.973308, 0.493554, 0.645687, 0.207299, -0.114662, -0.960149, -0.040933
12.997364, 0.510598, 0.643323, 0.206665, -0.113927, -0.962654, -0.040286
13.005486, 0.516147, 0.642272, 0.206389, -0.114024, -0.963542, -0.039920
13.029615, 0.532393, 0.638168, 0.205593, -0.113719, -0.966538, -0.038843
13.037599, 0.537717, 0.636445, 0.205258, -0.113729, -0.967579, -0.038600
13.061770, 0.553334, 0.630378, 0.204197, -0.114777, -0.970928, -0.037441
13.069734, 0.558204, 0.627990, 0.203984, -0.113679, -0.973003, -0.037622
13.093747, 0.572425, 0.620438, 0.202750, -0.114683, -0.977025, -0.036249
13.101792, 0.576431, 0.618155, 0.202362, -0.115445, -0.977949, -0.035234
13.126039, 0.587018, 0.610629, 0.201557, -0.115386, -0.981837, -0.035129
13.133969, 0.589669, 0.608587, 0.201384, -0.115171, -0.982812, -0.034907
13.158078, 0.595766, 0.603512, 0.200866, -0.115210, -0.986072, -0.034247
13.166055, 0.597229, 0.602348, 0.200649, -0.115794, -0.986236, -0.033686
13.190056, 0.599925, 0.600004, 0.200383, -0.116385, -0.987163, -0.032260
13.198036, 0.600294, 0.599629, 0.200270, -0.116374, -0.987487, -0.032003
13.222224, 0.600045, 0.599835, 0.200638, -0.116363, -0.987511, -0.031477
13.230292, 0.599885, 0.599993, 0.200762, -0.116644, -0.987054, -0.030985
13.254340, 0.599148, 0.600762, 0.200808, -0.116865, -0.986371, -0.029536
13.262347, 0.599206, 0.600780, 0.200474, -0.117364, -0.985898, -0.029370
13.286366, 0.599574, 0.600540, 0.199930, -0.118451, -0.985094, -0.029346
13.294356, 0.599634, 0.600463, 0.199945, -0.118420, -0.985168, -0.029501
13.318509, 0.599916, 0.600114, 0.200179, -0.118105, -0.985574, -0.030471
13.326636, 0.600018, 0.600019, 0.200161, -0.118130, -0.985566, -0.030736
13.350628, 0.600081, 0.599995, 0.199909, -0.118155, -0.985497, -0.030978
13.358676, 0.600063, 0.599987, 0.199933, -0.117936, -0.985665, -0.031147
13.382605, 0.599903, 0.600059, 0.200244, -0.117154, -0.986271, -0.031437
13.390669, 0.599893, 0.600048, 0.200384, -0.116961, -0.986444, -0.031561
13.414827, 0.599911, 0.599973, 0.200615, -0.116493, -0.986891, -0.031960
13.422741, 0.599905, 0.599965, 0.200576, -0.116374, -0.986988, -0.032051
13.446980, 0.599993, 0.599920, 0.200319, -0.116546, -0.986868, -0.032096
13.454914, 0.600006, 0.599935, 0.200221, -0.116657, -0.986764, -0.032030
13.478869, 0.600013, 0.599967, 0.199947, -0.116785, -0.986637, -0.031931
13.486913, 0.599997, 0.599985, 0.199877, -0.116767, -0.986643, -0.031908
13.510998, 0.600004, 0.599993, 0.199823, -0.116777, -0.986614, -0.031932
13.519088, 0.600000, 0.599988, 0.199829, -0.116722, -0.986659, -0.031975
13.543256, 0.600014, 0.599957, 0.199863, -0.116612, -0.986751, -0.032126
13.551222, 0.600036, 0.599945, 0.199868, -0.116669, -0.986709, -0.032127
13.575274, 0.600035, 0.599944, 0.199892, -0.116641, -0.986735, -0.032143
13.583185, 0.600028, 0.599936, 0.199895, -0.116574, -0.986798, -0.032183
13.607273, 0.600002, 0.599954, 0.199919, -0.116505, -0.986846, -0.032178
13.615362, 0.600004, 0.599968, 0.199920, -0.116572, -0.986780, -0.032127
13.639439, 0.600001, 0.599966, 0.199921, -0.116550, -0.986801, -0.032140
13.647446, 0.600003, 0.599956, 0.199930, -0.116514, -0.986838, -0.032173
13.671325, 0.600019, 0.599949, 0.199928, -0.116576, -0.986794, -0.032149
13.679345, 0.600020, 0.599951, 0.199928, -0.116579, -0.986785, -0.032157
13.703545, 0.600007, 0.599948, 0.199946, -0.116514, -0.986848, -0.032174
13.711441, 0.600010, 0.599951, 0.199953, -0.116541, -0.986823, -0.032158
13.735587, 0.600005, 0.599958, 0.199983, -0.116544, -0.986817, -0.032145
13.743709, 0.599996, 0.599948, 0.199995, -0.116459, -0.986896, -0.032195
13.767641, 0.600003, 0.599944, 0.200017, -0.116477, -0.986882, -0.032196
13.775665, 0.600006, 0.599949, 0.200015, -0.116524, -0.986860, -0.032182
13.799683, 0.600000, 0.599940, 0.200023, -0.116444, -0.986913, -0.032216
13.807748, 0.600002, 0.599944, 0.200036, -0.116488, -0.986893, -0.032203
13.831882, 0.599995, 0.599947, 0.200083, -0.116454, -0.986900, -0.032198
13.840074, 0.599986, 0.599938, 0.200094, -0.116382, -0.986988, -0.032255
13.863994, 0.599986, 0.599938, 0.200121, -0.116385, -0.986985, -0.032253
13.871961, 0.599988, 0.599939, 0.200152, -0.116391, -0.986959, -0.032236
13.895990, 0.599984, 0.599935, 0.200165, -0.116363, -0.987005, -0.032266
13.904076, 0.599983, 0.599934, 0.200173, -0.116357, -0.987011, -0.032269
13.928311, 0.599987, 0.599939, 0.200174, -0.116408, -0.986963, -0.032239
13.936258, 0.599979, 0.599931, 0.200201, -0.116333, -0.987033, -0.032284
13.960325, 0.599974, 0.599925, 0.200238, -0.116284, -0.987078, -0.032312
13.968321, 0.599981, 0.599933, 0.200242, -0.116356, -0.987012, -0.032270
13.992307, 0.599977, 0.599928, 0.200252, -0.116316, -0.987049, -0.032294
14.000275, 0.599974, 0.599925, 0.200250, -0.116289, -0.987074, -0.032310
14.024440, 0.599981, 0.599933, 0.200235, -0.116364, -0.987004, -0.032265
14.032491, 0.599978, 0.599929, 0.200232, -0.116337, -0.987029, -0.032281
14.056563, 0.599975, 0.599926, 0.200230, -0.116310, -0.987054, -0.032297
14.064556, 0.599984, 0.599936, 0.200226, -0.116400, -0.986971, -0.032244
14.088574, 0.599981, 0.599932, 0.200227, -0.116366, -0.987002, -0.032264
14.096529, 0.599976, 0.599927, 0.200230, -0.116321, -0.987044, -0.032290
14.120730, 0.599983, 0.599934, 0.200223, -0.116384, -0.986986, -0.032253
14.128801, 0.599980, 0.599931, 0.200224, -0.116362, -0.987006, -0.032267
14.152809, 0.599976, 0.599927, 0.200222, -0.116323, -0.987042, -0.032289
14.160919, 0.599983, 0.599935, 0.200219, -0.116391, -0.986980, -0.032249
14.184806, 0.599983, 0.599935, 0.200219, -0.116391, -0.986980, -0.032249
14.192842, 0.599976, 0.599927, 0.200222, -0.116323, -0.987042, -0.032289
14.217048, 0.599982, 0.599933, 0.200219, -0.116379, -0.986990, -0.032256
14.225008, 0.599982, 0.599933, 0.200219, -0.116379, -0.986990, -0.032256
14.249168, 0.599976, 0.599927, 0.200222, -0.116323, -0.987042, -0.032289
14.257159, 0.599983, 0.599935, 0.200219, -0.116391, -0.986980, -0.032249
14.281092, 0.599983, 0.599935, 0.200219, -0.116391, -0.986980, -0.032249
14.289113, 0.599976, 0.599927, 0.200222, -0.116323, -0.987042, -0.032289
14.313190, 0.599982, 0.599933, 0.200219, -0.116371, -0.986991, -0.032271
14.321265, 0.599984, 0.599936, 0.200218, -0.116394, -0.986970, -0.032258
14.345401, 0.599977, 0.599928, 0.200222, -0.116327, -0.987033, -0.032298
14.353355, 0.599985, 0.599937, 0.200218, -0.116405, -0.986960, -0.032251
14.377337, 0.599986, 0.599938, 0.200217, -0.116424, -0.986948, -0.032230
14.385377, 0.599976, 0.599927, 0.200222, -0.116315, -0.987043, -0.032304
14.409422, 0.599981, 0.599932, 0.200220, -0.116360, -0.987001, -0.032278
14.417573, 0.599982, 0.599933, 0.200219, -0.116371, -0.986991, -0.032271
14.441633, 0.599978, 0.599929, 0.200221, -0.116346, -0.987021, -0.032276
14.449600, 0.599983, 0.599934, 0.200211, -0.116378, -0.986985, -0.032267
14.473606, 0.599986, 0.599938, 0.200210, -0.116411, -0.986954, -0.032247
14.481623, 0.599984, 0.599935, 0.200211, -0.116389, -0.986975, -0.032260
14.505685, 0.599981, 0.599933, 0.200212, -0.116367, -0.986995, -0.032274
14.513676, 0.599981, 0.599933, 0.200212, -0.116375, -0.986994, -0.032259
14.537970, 0.599981, 0.599933, 0.200212, -0.116375, -0.986994, -0.032259
14.545927, 0.599981, 0.599933, 0.200212, -0.116367, -0.986995, -0.032274
14.569980, 0.599981, 0.599933, 0.200212, -0.116367, -0.986995, -0.032274
14.577971, 0.599981, 0.599933, 0.200212, -0.116375, -0.986994, -0.032259
14.601998, 0.599981, 0.599933, 0.200212, -0.116367, -0.986995, -0.032274
14.610005, 0.599981, 0.599933, 0.200212, -0.116367, -0.986995, -0.032274
14.634120, 0.599976, 0.599938, 0.200212, -0.116362, -0.986996, -0.032265
14.642234, 0.599976, 0.599938, 0.200212, -0.116362, -0.986996, -0.032265
14.666127, 0.599976, 0.599939, 0.200204, -0.116369, -0.986990, -0.032261
14.674153, 0.599976, 0.599939, 0.200204, -0.116369, -0.986990, -0.032261
14.698182, 0.599976, 0.599939, 0.200204, -0.116369, -0.986990, -0.032261
14.706267, 0.599976, 0.599939, 0.200204, -0.116369, -0.986990, -0.032261
14.730476, 0.599976, 0.599939, 0.200204, -0.116369, -0.986990, -0.032261
14.738416, 0.599976, 0.599939, 0.200204, -0.116369, -0.986990, -0.032261
14.762585, 0.599976, 0.599939, 0.200204, -0.116369, -0.986990, -0.032261
14.770403, 0.599976, 0.599939, 0.200204, -0.116369, -0.986990, -0.032261
14.794478, 0.599977, 0.599940, 0.200196, -0.116375, -0.986984, -0.032257
14.802496, 0.599977, 0.599940, 0.200196, -0.116375, -0.986984, -0.032257
14.826609, 0.599977, 0.599940, 0.200196, -0.116375, -0.986984, -0.032257
14.834629, 0.599977, 0.599940, 0.200196, -0.116375, -0.986984, -0.032257
14.858755, 0.599977, 0.599940, 0.200196, -0.116375, -0.986984, -0.032257
14.866719, 0.599977, 0.599940, 0.200196, -0.116375, -0.986984, -0.032257
14.890771, 0.599977, 0.599940, 0.200196, -0.116383, -0.986983, -0.032243
14.898766, 0.599977, 0.599940, 0.200196, -0.116375, -0.986984, -0.032257
14.922968, 0.599978, 0.599941, 0.200188, -0.116382, -0.986978, -0.032253
14.931075, 0.599978, 0.599941, 0.200188, -0.116382, -0.986978, -0.032253
14.955058, 0.599978, 0.599941, 0.200188, -0.116382, -0.986978, -0.032253
14.963092, 0.599978, 0.599941, 0.200188, -0.116390, -0.986977, -0.032239
14.987095, 0.599978, 0.599941, 0.200188, -0.116382, -0.986978, -0.032253
14.995082, 0.599978, 0.599941, 0.200188, -0.116382, -0.986978, -0.032253
15.019263, 0.599978, 0.599941, 0.200188, -0.116382, -0.986978, -0.032253
15.027258, 0.599978, 0.599941, 0.200188, -0.116382, -0.986978, -0.032253
15.051338, 0.599768, 0.600091, 0.200282, -0.115953, -0.987255, -0.032619
15.059419, 0.599487, 0.600349, 0.200234, -0.116229, -0.986867, -0.032748
15.083385, 0.596598, 0.602879, 0.200764, -0.115540, -0.985640, -0.033922
15.091451, 0.594923, 0.604323, 0.201056, -0.115245, -0.984967, -0.034278
15.115512, 0.588150, 0.609671, 0.202149, -0.114498, -0.982568, -0.034907
15.123594, 0.585270, 0.611786, 0.202802, -0.113643, -0.982026, -0.035562
15.147696, 0.574609, 0.619279, 0.202460, -0.115563, -0.976251, -0.034444
15.155827, 0.570305, 0.621821, 0.202559, -0.115142, -0.974794, -0.034783
15.179751, 0.555314, 0.629789, 0.203260, -0.116132, -0.969335, -0.034275
15.187769, 0.549804, 0.632254, 0.203525, -0.115836, -0.968046, -0.034344
15.211856, 0.534047, 0.638103, 0.203776, -0.116587, -0.964074, -0.034929
15.219962, 0.528899, 0.639626, 0.203855, -0.117178, -0.962683, -0.035342
15.244084, 0.512343, 0.643222, 0.205882, -0.115581, -0.961160, -0.037648
15.252061, 0.506831, 0.644096, 0.206506, -0.115298, -0.960716, -0.038275
15.276125, 0.489951, 0.645748, 0.207974, -0.114817, -0.959104, -0.040444
15.284129, 0.484026, 0.646196, 0.208099, -0.114568, -0.958129, -0.040193
15.308203, 0.466090, 0.646600, 0.208700, -0.114990, -0.957270, -0.041263
15.316220, 0.460067, 0.646416, 0.209003, -0.115197, -0.956741, -0.041415
15.340382, 0.441554, 0.644766, 0.208929, -0.115321, -0.956040, -0.041831
15.348470, 0.435427, 0.643905, 0.209040, -0.115269, -0.955881, -0.042268
15.372489, 0.416528, 0.640403, 0.209109, -0.115633, -0.955929, -0.042554
15.380449, 0.410216, 0.638908, 0.208953, -0.116249, -0.955811, -0.041945
15.404567, 0.391158, 0.633547, 0.208909, -0.116677, -0.956069, -0.042571
15.412551, 0.384711, 0.631429, 0.208989, -0.116573, -0.956495, -0.042669
15.436754, 0.365228, 0.624230, 0.208705, -0.117009, -0.957312, -0.042185
15.444750, 0.358633, 0.621488, 0.208487, -0.117450, -0.957679, -0.041612
15.468789, 0.339291, 0.612307, 0.207849, -0.118067, -0.959246, -0.041186
15.476783, 0.332772, 0.608871, 0.207807, -0.118011, -0.959924, -0.040976
15.500881, 0.313572, 0.597756, 0.207329, -0.118152, -0.962319, -0.040489
15.508929, 0.307497, 0.593579, 0.207093, -0.118622, -0.962995, -0.040721
15.533139, 0.287857, 0.580916, 0.206091, -0.118971, -0.965818, -0.038534
15.541138, 0.281595, 0.576309, 0.205919, -0.118398, -0.967080, -0.038738
15.565172, 0.262753, 0.561645, 0.204874, -0.118558, -0.970390, -0.037065
15.573265, 0.256607, 0.556575, 0.204627, -0.118218, -0.971656, -0.036760
15.597188, 0.238681, 0.540200, 0.203028, -0.118708, -0.975354, -0.035208
15.605308, 0.232974, 0.534952, 0.202646, -0.118677, -0.976571, -0.034019
15.629376, 0.219840, 0.521160, 0.201481, -0.118746, -0.980057, -0.033353
15.637481, 0.216074, 0.517285, 0.201166, -0.118357, -0.981176, -0.033129
15.661523, 0.207138, 0.508125, 0.200446, -0.117917, -0.983703, -0.031523
15.669507, 0.205205, 0.505687, 0.200328, -0.117609, -0.984340, -0.031902
15.693553, 0.201174, 0.501128, 0.200007, -0.117126, -0.985729, -0.031615
15.701577, 0.200679, 0.500423, 0.200003, -0.117030, -0.985937, -0.031895
15.725736, 0.200907, 0.500612, 0.200137, -0.116355, -0.986174, -0.033027
15.733890, 0.201184, 0.501193, 0.200186, -0.115745, -0.986465, -0.033613
15.757941, 0.201378, 0.501967, 0.200478, -0.114280, -0.986864, -0.034179
15.765952, 0.201406, 0.502044, 0.200351, -0.114600, -0.986789, -0.033965
15.789895, 0.201529, 0.502108, 0.200623, -0.114100, -0.986959, -0.034368
15.797839, 0.201528, 0.502099, 0.200666, -0.114061, -0.986946, -0.034326
15.822066, 0.201513, 0.502047, 0.200623, -0.114503, -0.986794, -0.033813
15.830031, 0.201470, 0.502079, 0.200507, -0.114763, -0.986718, -0.033452
15.854150, 0.201394, 0.501988, 0.200409, -0.115163, -0.986608, -0.032967
15.862138, 0.201422, 0.501909, 0.200361, -0.115375, -0.986550, -0.032962
15.886125, 0.201356, 0.501644, 0.200334, -0.115776, -0.986398, -0.032729
15.894147, 0.201338, 0.501578, 0.200303, -0.115941, -0.986304, -0.032568
15.918209, 0.201242, 0.501455, 0.199949, -0.116869, -0.985971, -0.031895
15.926317, 0.201222, 0.501425, 0.199910, -0.116947, -0.985945, -0.031829
15.950384, 0.201179, 0.501321, 0.200063, -0.116769, -0.985982, -0.031900
15.958412, 0.201174, 0.501306, 0.200082, -0.116752, -0.985987, -0.031910
15.982361, 0.201152, 0.501236, 0.200053, -0.116893, -0.985943, -0.031831
15.990376, 0.201143, 0.501222, 0.200033, -0.116954, -0.985924, -0.031776
16.014462, 0.201107, 0.501178, 0.199968, -0.117135, -0.985864, -0.031630
16.022600, 0.201102, 0.501160, 0.199957, -0.117184, -0.985850, -0.031592
16.046685, 0.201084, 0.501101, 0.199993, -0.117172, -0.985837, -0.031593
16.054719, 0.201082, 0.501095, 0.199995, -0.117198, -0.985830, -0.031568
16.078724, 0.201074, 0.501088, 0.199983, -0.117234, -0.985819, -0.031526
16.086666, 0.201075, 0.501089, 0.199982, -0.117249, -0.985815, -0.031519
16.110754, 0.201074, 0.501085, 0.199998, -0.117225, -0.985807, -0.031515
16.118783, 0.201074, 0.501083, 0.200010, -0.117205, -0.985813, -0.031526
16.142891, 0.201074, 0.501085, 0.200013, -0.117197, -0.985816, -0.031531
16.150954, 0.201066, 0.501089, 0.200014, -0.117182, -0.985802, -0.031511
16.174947, 0.201052, 0.501098, 0.200016, -0.117174, -0.985802, -0.031482
16.182925, 0.201054, 0.501102, 0.200022, -0.117157, -0.985807, -0.031491
16.207018, 0.201053, 0.501097, 0.200048, -0.117109, -0.985805, -0.031512
16.215015, 0.201053, 0.501098, 0.200043, -0.117118, -0.985803, -0.031507
16.239173, 0.201059, 0.501117, 0.200044, -0.117093, -0.985810, -0.031521
16.247197, 0.201062, 0.501126, 0.200055, -0.117060, -0.985821, -0.031540
16.271101, 0.201068, 0.501143, 0.200097, -0.116961, -0.985852, -0.031595
16.279258, 0.201070, 0.501152, 0.200122, -0.116903, -0.985870, -0.031627
16.303260, 0.201077, 0.501175, 0.200151, -0.116820, -0.985896, -0.031673
16.311297, 0.201081, 0.501187, 0.200164, -0.116793, -0.985905, -0.031688
16.335436, 0.201084, 0.501197, 0.200177, -0.116756, -0.985916, -0.031709
16.343459, 0.201084, 0.501197, 0.200177, -0.116756, -0.985916, -0.031709
16.367612, 0.201088, 0.501208, 0.200192, -0.116715, -0.985929, -0.031732
16.375546, 0.201089, 0.501212, 0.200198, -0.116698, -0.985934, -0.031741
16.399526, 0.201090, 0.501215, 0.200201, -0.116690, -0.985937, -0.031745
16.407604, 0.201090, 0.501215, 0.200201, -0.116690, -0.985937, -0.031745
16.431706, 0.201090, 0.501215, 0.200201, -0.116690, -0.985937, -0.031745
16.439816, 0.201090, 0.501215, 0.200201, -0.116690, -0.985937, -0.031745
16.463754, 0.201090, 0.501215, 0.200201, -0.116690, -0.985937, -0.031745
16.471824, 0.201090, 0.501215, 0.200201, -0.116690, -0.985937, -0.031745
16.495820, 0.201090, 0.501215, 0.200201, -0.116690, -0.985937, -0.031745
16.503847, 0.201090, 0.501215, 0.200201, -0.116690, -0.985937, -0.031745
16.528013, 0.201090, 0.501215, 0.200201, -0.116690, -0.985937, -0.031745
16.536124, 0.201090, 0.501215, 0.200201, -0.116690, -0.985937, -0.031745
16.560087, 0.201089, 0.501212, 0.200198, -0.116698, -0.985934, -0.031741
16.568163, 0.201089, 0.501212, 0.200198, -0.116698, -0.985934, -0.031741
16.592074, 0.201089, 0.501212, 0.200198, -0.116698, -0.985934, -0.031741
16.600130, 0.201089, 0.501212, 0.200198, -0.116698, -0.985934, -0.031741
16.624303, 0.201090, 0.501213, 0.200193, -0.116707, -0.985932, -0.031736
16.632288, 0.201089, 0.501211, 0.200190, -0.116715, -0.985929, -0.031732
16.656256, 0.201088, 0.501209, 0.200187, -0.116723, -0.985927, -0.031727
16.664376, 0.201088, 0.501209, 0.200186, -0.116729, -0.985941, -0.031729
16.688384, 0.201087, 0.501207, 0.200183, -0.116738, -0.985939, -0.031725
16.696359, 0.201087, 0.501207, 0.200183, -0.116738, -0.985939, -0.031725
16.720455, 0.201086, 0.501204, 0.200172, -0.116763, -0.985931, -0.031711
16.728486, 0.201086, 0.501204, 0.200172, -0.116763, -0.985931, -0.031711
16.752648, 0.201084, 0.501199, 0.200166, -0.116779, -0.985926, -0.031702
16.760641, 0.201084, 0.501199, 0.200166, -0.116779, -0.985926, -0.031702
16.784642, 0.201085, 0.501200, 0.200161, -0.116787, -0.985923, -0.031697
16.792625, 0.201085, 0.501200, 0.200161, -0.116795, -0.985922, -0.031682
16.816707, 0.201085, 0.501200, 0.200161, -0.116795, -0.985922, -0.031682
16.824858, 0.201084, 0.501198, 0.200158, -0.116804, -0.985920, -0.031678
16.848967, 0.201082, 0.501191, 0.200149, -0.116828, -0.985912, -0.031664
16.856893, 0.201082, 0.501192, 0.200144, -0.116837, -0.985909, -0.031659
16.880929, 0.201082, 0.501191, 0.200140, -0.116859, -0.985902, -0.031647
16.888894, 0.201081, 0.501189, 0.200137, -0.116867, -0.985900, -0.031642
16.912996, 0.201078, 0.501180, 0.200125, -0.116901, -0.985889, -0.031624
16.921016, 0.201078, 0.501178, 0.200122, -0.116909, -0.985887, -0.031619
16.945167, 0.201078, 0.501179, 0.200117, -0.116917, -0.985884, -0.031615
16.953145, 0.201078, 0.501179, 0.200117, -0.116917, -0.985884, -0.031615
16.977140, 0.201078, 0.501178, 0.200122, -0.116909, -0.985887, -0.031619
16.985173, 0.201078, 0.501178, 0.200122, -0.116909, -0.985887, -0.031619
17.009223, 0.201078, 0.501179, 0.200117, -0.116917, -0.985884, -0.031615
17.017205, 0.201078, 0.501179, 0.200117, -0.116917, -0.985884, -0.031615
17.041427, 0.201078, 0.501179, 0.200117, -0.116917, -0.985884, -0.031615
17.049405, 0.201078, 0.501179, 0.200117, -0.116917, -0.985884, -0.031615
17.073502, 0.201078, 0.501179, 0.200117, -0.116917, -0.985884, -0.031615
17.081427, 0.201078, 0.501179, 0.200117, -0.116917, -0.985884, -0.031615
17.105520, 0.201078, 0.501179, 0.200117, -0.116917, -0.985884, -0.031615
17.113527, 0.201078, 0.501179, 0.200117, -0.116917, -0.985884, -0.031615
17.137895, 0.201078, 0.501179, 0.200117, -0.116917, -0.985884, -0.031615
17.145712, 0.201078, 0.501179, 0.200117, -0.116917, -0.985884, -0.031615
17.169895, 0.201078, 0.501179, 0.200117, -0.116917, -0.985884, -0.031615
17.177786, 0.201078, 0.501179, 0.200117, -0.116917, -0.985884, -0.031615
17.201876, 0.201078, 0.501179, 0.200117, -0.116917, -0.985884, -0.031615
17.209874, 0.201078, 0.501179, 0.200117, -0.116917, -0.985884, -0.031615
17.234022, 0.201078, 0.501179, 0.200117, -0.116917, -0.985884, -0.031615
17.242103, 0.201078, 0.501179, 0.200117, -0.116917, -0.985884, -0.031615
17.266169, 0.201078, 0.501179, 0.200117, -0.116917, -0.985884, -0.031615
17.274096, 0.201078, 0.501179, 0.200117, -0.116917, -0.985884, -0.031615
17.298160, 0.201078, 0.501179, 0.200117, -0.116917, -0.985884, -0.031615
17.306220, 0.201078, 0.501179, 0.200117, -0.116917, -0.985884, -0.031615
17.330254, 0.201078, 0.501179, 0.200117, -0.116917, -0.985884, -0.031615
17.338365, 0.201078, 0.501179, 0.200117, -0.116917, -0.985884, -0.031615
17.362422, 0.201079, 0.501181, 0.200120, -0.116909, -0.985887, -0.031619
17.370436, 0.201079, 0.501181, 0.200120, -0.116909, -0.985887, -0.031619
17.394425, 0.201079, 0.501181, 0.200120, -0.116909, -0.985887, -0.031619
17.402400, 0.201079, 0.501182, 0.200115, -0.116917, -0.985884, -0.031615
17.426548, 0.201079, 0.501182, 0.200115, -0.116917, -0.985884, -0.031615
17.434538, 0.201079, 0.501182, 0.200115, -0.116917, -0.985884, -0.031615
17.458682, 0.201079, 0.501182, 0.200115, -0.116917, -0.985884, -0.031615
17.466642, 0.201079, 0.501182, 0.200115, -0.116917, -0.985884, -0.031615
17.490666, 0.201079, 0.501182, 0.200115, -0.116917, -0.985884, -0.031615
17.498627, 0.201079, 0.501182, 0.200115, -0.116917, -0.985884, -0.031615
17.522846, 0.201079, 0.501182, 0.200115, -0.116917, -0.985884, -0.031615
17.530827, 0.201079, 0.501182, 0.200115, -0.116917, -0.985884, -0.031615
17.554984, 0.201247, 0.501315, 0.200047, -0.117301, -0.985644, -0.031278
17.562915, 0.201813, 0.502050, 0.200069, -0.117412, -0.985393, -0.031084
17.586941, 0.206294, 0.506967, 0.200903, -0.116657, -0.984508, -0.032296
17.594955, 0.208466, 0.509442, 0.201280, -0.116142, -0.984039, -0.032935
17.619085, 0.217691, 0.519483, 0.202015, -0.117212, -0.981533, -0.033712
17.627192, 0.221606, 0.523592, 0.202376, -0.117112, -0.980755, -0.034486
17.651228, 0.235560, 0.537730, 0.203867, -0.116091, -0.977542, -0.036411
17.659245, 0.241140, 0.542892, 0.204394, -0.115233, -0.976511, -0.038086
17.683290, 0.260224, 0.559535, 0.205739, -0.115464, -0.972844, -0.039989
17.691256, 0.266617, 0.565019, 0.206177, -0.115112, -0.971685, -0.040537
17.715428, 0.285412, 0.579643, 0.206261, -0.116861, -0.967710, -0.040310
17.723547, 0.291996, 0.584128, 0.206257, -0.117371, -0.966576, -0.040838
17.747583, 0.311183, 0.596504, 0.206898, -0.117305, -0.963666, -0.041752
17.755649, 0.317614, 0.600425, 0.207130, -0.117448, -0.962828, -0.041866
17.779566, 0.336776, 0.611082, 0.207305, -0.117967, -0.959947, -0.041748
17.787564, 0.343069, 0.614429, 0.207339, -0.117947, -0.959265, -0.041411
17.811657, 0.362560, 0.623126, 0.207843, -0.117083, -0.957985, -0.042521
17.819744, 0.369036, 0.625766, 0.207991, -0.117634, -0.957117, -0.042137
17.843921, 0.388438, 0.632670, 0.208410, -0.117206, -0.956305, -0.042539
17.851941, 0.394861, 0.634609, 0.208272, -0.117365, -0.955931, -0.042590
17.876030, 0.413664, 0.639885, 0.208398, -0.116481, -0.955719, -0.042094
17.883985, 0.420057, 0.641323, 0.208431, -0.116347, -0.955817, -0.042281
17.908048, 0.438659, 0.644714, 0.208422, -0.115470, -0.956223, -0.041706
17.916055, 0.445163, 0.645358, 0.207752, -0.116241, -0.956105, -0.041766
17.940281, 0.463710, 0.646647, 0.207747, -0.115529, -0.957351, -0.041725
17.948289, 0.469701, 0.646799, 0.207645, -0.115107, -0.957761, -0.041481
17.972400, 0.487589, 0.646177, 0.207627, -0.114467, -0.959680, -0.041279
17.980322, 0.493561, 0.645699, 0.207167, -0.114809, -0.960070, -0.040851
18.004380, 0.510560, 0.643350, 0.206748, -0.113745, -0.962778, -0.040353
18.012402, 0.516120, 0.642261, 0.206595, -0.113737, -0.963746, -0.040059
18.036520, 0.532348, 0.638159, 0.205650, -0.113760, -0.966490, -0.038785
18.044583, 0.537611, 0.636381, 0.206137, -0.112822, -0.968262, -0.039048
18.068768, 0.553271, 0.630309, 0.204890, -0.114089, -0.971461, -0.037812
18.076709, 0.558198, 0.627999, 0.204543, -0.113766, -0.972925, -0.037512
18.100750, 0.572425, 0.620476, 0.202517, -0.114772, -0.976944, -0.036153
18.108787, 0.576690, 0.617967, 0.202066, -0.115862, -0.977708, -0.035432
18.132961, 0.587017, 0.610675, 0.201309, -0.115511, -0.981674, -0.035028
18.141018, 0.589661, 0.608637, 0.201191, -0.115321, -0.982633, -0.034760
18.165087, 0.595758, 0.603540, 0.200751, -0.115278, -0.985999, -0.034173
18.173063, 0.597273, 0.602324, 0.200538, -0.115893, -0.986140, -0.033693
18.197083, 0.599961, 0.599983, 0.200269, -0.116492, -0.987061, -0.032240
18.205087, 0.600309, 0.599634, 0.200259, -0.116439, -0.987424, -0.031986
18.229285, 0.600007, 0.599857, 0.200657, -0.116112, -0.987415, -0.031402
18.237217, 0.599668, 0.600207, 0.200783, -0.116339, -0.986965, -0.030584
18.261314, 0.599128, 0.600771, 0.200862, -0.116766, -0.986394, -0.029537
18.269367, 0.599203, 0.600748, 0.200618, -0.117113, -0.985898, -0.029373
18.293319, 0.599572, 0.600530, 0.199947, -0.118418, -0.985180, -0.029411
18.301343, 0.599647, 0.600443, 0.199970, -0.118326, -0.985109, -0.029477
18.325414, 0.599991, 0.600047, 0.200181, -0.118274, -0.985609, -0.030603
18.333509, 0.600028, 0.600002, 0.200180, -0.118135, -0.985549, -0.030627
18.357605, 0.600070, 0.599991, 0.199940, -0.118200, -0.985621, -0.030946
18.365604, 0.600069, 0.599982, 0.199963, -0.117996, -0.985662, -0.031069
18.389671, 0.599913, 0.600061, 0.200260, -0.117253, -0.986237, -0.031375
18.397610, 0.599888, 0.600051, 0.200392, -0.117008, -0.986527, -0.031588
18.421727, 0.599905, 0.599962, 0.200654, -0.116419, -0.986927, -0.031940
18.429886, 0.599903, 0.599975, 0.200611, -0.116519, -0.987054, -0.032041
18.453957, 0.599996, 0.599917, 0.200355, -0.116501, -0.986817, -0.032061
18.461910, 0.599998, 0.599939, 0.200263, -0.116679, -0.986893, -0.032174
18.485927, 0.600000, 0.599978, 0.199990, -0.116742, -0.986662, -0.031972
18.493947, 0.599994, 0.600002, 0.199909, -0.116848, -0.986659, -0.031954
18.517992, 0.600006, 0.599995, 0.199837, -0.116797, -0.986606, -0.031927
18.525999, 0.600006, 0.600000, 0.199819, -0.116842, -0.986626, -0.031942
18.550158, 0.600025, 0.599977, 0.199838, -0.116840, -0.986684, -0.032016
18.558225, 0.600038, 0.599957, 0.199847, -0.116754, -0.986628, -0.031994
18.582226, 0.600032, 0.599965, 0.199860, -0.116837, -0.986757, -0.032081
18.590200, 0.600036, 0.599952, 0.199869, -0.116685, -0.986651, -0.032007
18.614282, 0.600007, 0.599986, 0.199879, -0.116798, -0.986798, -0.032072
18.622285, 0.600010, 0.599974, 0.199891, -0.116653, -0.986707, -0.032008
18.646432, 0.600006, 0.599979, 0.199895, -0.116716, -0.986786, -0.032077
18.654495, 0.600008, 0.599974, 0.199898, -0.116653, -0.986742, -0.032046
18.678514, 0.600018, 0.599966, 0.199896, -0.116692, -0.986768, -0.032097
18.686508, 0.600024, 0.599957, 0.199905, -0.116665, -0.986756, -0.032097
18.710573, 0.600015, 0.599959, 0.199937, -0.116626, -0.986782, -0.032118
18.718573, 0.600008, 0.599968, 0.199943, -0.116653, -0.986815, -0.032132
18.742790, 0.600007, 0.599957, 0.199980, -0.116530, -0.986778, -0.032119
18.750714, 0.600003, 0.599966, 0.199989, -0.116643, -0.986879, -0.032189
18.774880, 0.600003, 0.599954, 0.200019, -0.116502, -0.986818, -0.032160
18.782780, 0.600001, 0.599963, 0.200014, -0.116603, -0.986889, -0.032209
18.806843, 0.600003, 0.599955, 0.200023, -0.116515, -0.986827, -0.032166
18.814791, 0.600000, 0.599960, 0.200034, -0.116578, -0.986892, -0.032211
18.838892, 0.599990, 0.599959, 0.200084, -0.116509, -0.986912, -0.032213
18.846996, 0.599992, 0.599954, 0.200087, -0.116458, -0.986876, -0.032188
18.871072, 0.599982, 0.599955, 0.200145, -0.116496, -0.987006, -0.032275
18.879068, 0.599989, 0.599935, 0.200185, -0.116335, -0.986932, -0.032231
18.903058, 0.599985, 0.599946, 0.200181, -0.116474, -0.987030, -0.032299
18.911077, 0.599988, 0.599936, 0.200192, -0.116361, -0.986950, -0.032243
18.935245, 0.599986, 0.599941, 0.200192, -0.116416, -0.986995, -0.032289
18.943303, 0.599979, 0.599944, 0.200209, -0.116386, -0.986999, -0.032282
18.967326, 0.599977, 0.599936, 0.200255, -0.116302, -0.986994, -0.032277
18.975330, 0.599974, 0.599946, 0.200249, -0.116416, -0.987074, -0.032332
18.999345, 0.599983, 0.599928, 0.200261, -0.116282, -0.986976, -0.032273
19.007369, 0.599979, 0.599941, 0.200248, -0.116440, -0.987076, -0.032343
19.031529, 0.599982, 0.599935, 0.200249, -0.116371, -0.987017, -0.032302
19.039450, 0.599982, 0.599937, 0.200244, -0.116390, -0.987019, -0.032305
19.063661, 0.599976, 0.599943, 0.200240, -0.116392, -0.987014, -0.032292
19.071671, 0.599978, 0.599938, 0.200243, -0.116341, -0.986979, -0.032267
19.095639, 0.599975, 0.599947, 0.200237, -0.116442, -0.987049, -0.032317
19.103671, 0.599979, 0.599935, 0.200245, -0.116303, -0.986952, -0.032249
19.127727, 0.599981, 0.599944, 0.200228, -0.116472, -0.987045, -0.032324
19.135836, 0.599986, 0.599931, 0.200233, -0.116327, -0.986933, -0.032246
19.159986, 0.599983, 0.599940, 0.200227, -0.116436, -0.987003, -0.032281
19.167942, 0.599983, 0.599936, 0.200226, -0.116394, -0.986981, -0.032265
19.191957, 0.599978, 0.599939, 0.200227, -0.116356, -0.986965, -0.032259
19.199964, 0.599976, 0.599947, 0.200222, -0.116452, -0.987026, -0.032287
19.224032, 0.599985, 0.599930, 0.200229, -0.116331, -0.986937, -0.032234
19.232142, 0.599981, 0.599942, 0.200222, -0.116470, -0.987034, -0.032302
19.256222, 0.599984, 0.599932, 0.200228, -0.116348, -0.986955, -0.032261
19.264170, 0.599982, 0.599939, 0.200224, -0.116432, -0.987007, -0.032283
19.288209, 0.599976, 0.599946, 0.200223, -0.116440, -0.987017, -0.032281
19.296189, 0.599979, 0.599938, 0.200228, -0.116351, -0.986955, -0.032238
19.320277, 0.599975, 0.599949, 0.200221, -0.116478, -0.987043, -0.032299
19.328277, 0.599985, 0.599930, 0.200229, -0.116331, -0.986937, -0.032234
19.352470, 0.599982, 0.599939, 0.200224, -0.116432, -0.987007, -0.032283
19.360433, 0.599978, 0.599941, 0.200226, -0.116389, -0.986981, -0.032256
19.384495, 0.599979, 0.599937, 0.200225, -0.116345, -0.986940, -0.032228
19.392463, 0.599976, 0.599949, 0.200217, -0.116484, -0.987037, -0.032296
19.416536, 0.599980, 0.599936, 0.200225, -0.116333, -0.986931, -0.032221
19.424521, 0.599976, 0.599949, 0.200217, -0.116484, -0.987037, -0.032296
19.448730, 0.599979, 0.599940, 0.200215, -0.116377, -0.986952, -0.032236
19.456839, 0.599978, 0.599946, 0.200212, -0.116440, -0.986996, -0.032267
19.480811, 0.599978, 0.599947, 0.200211, -0.116453, -0.987005, -0.032273
19.488760, 0.599980, 0.599939, 0.200216, -0.116364, -0.986943, -0.032230
19.512791, 0.599977, 0.599950, 0.200209, -0.116491, -0.987031, -0.032292
19.520840, 0.599980, 0.599937, 0.200217, -0.116339, -0.986925, -0.032218
19.545059, 0.599978, 0.599947, 0.200211, -0.116453, -0.987005, -0.032273
19.553007, 0.599979, 0.599941, 0.200215, -0.116390, -0.986960, -0.032242
19.577091, 0.599980, 0.599941, 0.200207, -0.116384, -0.986946, -0.032232
19.585060, 0.599978, 0.599949, 0.200202, -0.116472, -0.987007, -0.032275
19.609091, 0.599981, 0.599938, 0.200209, -0.116346, -0.986919, -0.032214
19.617148, 0.599978, 0.599950, 0.200202, -0.116485, -0.987016, -0.032282
19.641236, 0.599980, 0.599941, 0.200207, -0.116384, -0.986946, -0.032232
19.649276, 0.599979, 0.599947, 0.200196, -0.116453, -0.986984, -0.032259
19.673374, 0.599979, 0.599947, 0.200196, -0.116453, -0.986984, -0.032259
19.681372, 0.599981, 0.599941, 0.200200, -0.116377, -0.986931, -0.032222
19.705371, 0.599978, 0.599952, 0.200193, -0.116504, -0.987019, -0.032284
19.713407, 0.599982, 0.599939, 0.200201, -0.116352, -0.986913, -0.032210
19.737535, 0.599979, 0.599949, 0.200191, -0.116466, -0.986993, -0.032265
19.745713, 0.599981, 0.599943, 0.200195, -0.116403, -0.986948, -0.032235
19.769740, 0.599981, 0.599942, 0.200195, -0.116390, -0.986939, -0.032228
19.777739, 0.599979, 0.599950, 0.200190, -0.116478, -0.987001, -0.032272
19.801693, 0.599982, 0.599939, 0.200197, -0.116352, -0.986913, -0.032210
19.809688, 0.599979, 0.599951, 0.200190, -0.116491, -0.987010, -0.032278
19.833888, 0.599981, 0.599944, 0.200187, -0.116409, -0.986942, -0.032231
19.841791, 0.599981, 0.599946, 0.200185, -0.116434, -0.986960, -0.032243
19.865974, 0.599980, 0.599951, 0.200182, -0.116485, -0.986995, -0.032268
19.873965, 0.599983, 0.599940, 0.200189, -0.116359, -0.986907, -0.032206
19.897960, 0.599979, 0.599953, 0.200181, -0.116510, -0.987013, -0.032280
19.905977, 0.599981, 0.599940, 0.200189, -0.116360, -0.986926, -0.032219
19.930050, 0.599981, 0.599946, 0.200185, -0.116434, -0.986960, -0.032243
19.938144, 0.599980, 0.599947, 0.200185, -0.116447, -0.986969, -0.032249
19.962237, 0.599982, 0.599939, 0.200182, -0.116354, -0.986911, -0.032209
19.970232, 0.599978, 0.599952, 0.200174, -0.116506, -0.987017, -0.032283
19.994237, 0.599982, 0.599939, 0.200182, -0.116354, -0.986911, -0.032209
20.002255, 0.599980, 0.599951, 0.200174, -0.116491, -0.986989, -0.032264
20.026408, 0.599980, 0.599946, 0.200178, -0.116430, -0.986964, -0.032246
20.034464, 0.599981, 0.599944, 0.200179, -0.116405, -0.986947, -0.032233
20.058507, 0.599938, 0.599992, 0.200182, -0.116540, -0.986973, -0.032206
20.066498, 0.599924, 0.599986, 0.200207, -0.116381, -0.986882, -0.032182
20.090524, 0.599775, 0.600117, 0.200305, -0.116449, -0.986879, -0.032337
20.098594, 0.599691, 0.600183, 0.200358, -0.116374, -0.986757, -0.032209
20.122661, 0.599357, 0.600475, 0.200485, -0.116425, -0.986688, -0.032328
20.130680, 0.599181, 0.600634, 0.200453, -0.116308, -0.986504, -0.032245
20.154883, 0.598575, 0.601221, 0.200422, -0.116205, -0.986028, -0.032244
20.162954, 0.598309, 0.601468, 0.200473, -0.116129, -0.985930, -0.032200
20.186892, 0.597503, 0.602194, 0.200594, -0.115914, -0.985601, -0.032419
20.194891, 0.597231, 0.602436, 0.200610, -0.115930, -0.985515, -0.032600
20.219003, 0.596406, 0.603143, 0.200776, -0.115855, -0.985219, -0.033206
20.226997, 0.596073, 0.603422, 0.200831, -0.115778, -0.985089, -0.033256
20.251217, 0.594969, 0.604365, 0.200920, -0.115663, -0.984538, -0.033326
20.259180, 0.594573, 0.604718, 0.200852, -0.115856, -0.984238, -0.033106
20.283262, 0.593306, 0.605782, 0.200732, -0.116186, -0.983742, -0.032954
20.291218, 0.592869, 0.606141, 0.200765, -0.116266, -0.983547, -0.032849
20.315317, 0.591336, 0.607297, 0.201070, -0.115665, -0.983214, -0.032947
20.323356, 0.590826, 0.607690, 0.201151, -0.115527, -0.983054, -0.033170
20.347615, 0.589214, 0.608972, 0.201271, -0.115587, -0.982311, -0.033698
20.355535, 0.588616, 0.609454, 0.201292, -0.115478, -0.981961, -0.033862
20.379657, 0.586720, 0.610929, 0.201560, -0.115279, -0.981075, -0.034010
20.387617, 0.586030, 0.611457, 0.201671, -0.115274, -0.980859, -0.033970
20.411685, 0.583934, 0.613030, 0.201822, -0.115658, -0.979827, -0.033458
20.419705, 0.583229, 0.613536, 0.201805, -0.115749, -0.979523, -0.033458
20.443782, 0.580919, 0.615124, 0.201973, -0.115365, -0.978973, -0.034127
20.451933, 0.580067, 0.615679, 0.202101, -0.114936, -0.978832, -0.034505
20.476030, 0.577528, 0.617306, 0.202313, -0.114676, -0.978190, -0.034967
20.484003, 0.576700, 0.617841, 0.202377, -0.114869, -0.977830, -0.034832
20.508004, 0.574064, 0.619503, 0.202692, -0.115058, -0.976800, -0.034968
20.516032, 0.573084, 0.620109, 0.202786, -0.114962, -0.976474, -0.035187
20.540185, 0.570193, 0.621829, 0.202923, -0.114842, -0.975302, -0.035823
20.548280, 0.569192, 0.622385, 0.203001, -0.114830, -0.975017, -0.035950
20.572312, 0.565944, 0.624103, 0.203323, -0.114670, -0.974245, -0.035979
20.580327, 0.564801, 0.624704, 0.203444, -0.114484, -0.974039, -0.036196
20.604360, 0.561302, 0.626549, 0.203756, -0.114247, -0.972787, -0.036751
20.612367, 0.560064, 0.627212, 0.203790, -0.114434, -0.972381, -0.036682
20.636524, 0.556106, 0.629224, 0.203925, -0.114728, -0.971248, -0.036322
20.644460, 0.554735, 0.629847, 0.204032, -0.114465, -0.970999, -0.036607
20.668747, 0.550598, 0.631621, 0.204394, -0.113752, -0.970499, -0.037411
20.676719, 0.549226, 0.632187, 0.204485, -0.113980, -0.970054, -0.037284
20.700743, 0.545061, 0.633841, 0.204722, -0.114405, -0.968777, -0.037707
20.708683, 0.543569, 0.634397, 0.204794, -0.114377, -0.968365, -0.038004
20.732789, 0.538924, 0.636002, 0.205179, -0.114098, -0.967618, -0.038208
