0.188767, 2.357360, -3.445254, 1.558914, 0.589083, 1.260775, 1.351679
0.196342, 2.357355, -3.436877, 1.560584, 0.589075, 1.260775, 1.351679
0.204352, 2.357349, -3.428499, 1.562253, 0.589068, 1.260775, 1.351679
0.212340, 2.357344, -3.420122, 1.563922, 0.589060, 1.260775, 1.351679
0.220348, 2.357338, -3.411744, 1.565591, 0.589052, 1.260775, 1.351679
0.228484, 2.357333, -3.403366, 1.567261, 0.589045, 1.260775, 1.351679
0.236510, 2.357327, -3.394989, 1.568930, 0.589037, 1.260775, 1.351678
0.244512, 2.357322, -3.386611, 1.570599, 0.589029, 1.260775, 1.351678
0.252445, 2.357316, -3.378234, 1.572268, 0.589022, 1.260775, 1.351678
0.260631, 2.357311, -3.369856, 1.573938, 0.589014, 1.260775, 1.351678
0.268642, 2.357305, -3.361479, 1.575607, 0.589007, 1.260775, 1.351678
0.276628, 2.357300, -3.353101, 1.577276, 0.588999, 1.260775, 1.351678
0.284637, 2.357294, -3.344723, 1.578945, 0.588991, 1.260775, 1.351678
0.292608, 2.357289, -3.336346, 1.580615, 0.588984, 1.260775, 1.351678
0.300592, 2.357283, -3.327968, 1.582284, 0.588976, 1.260775, 1.351678
0.308773, 2.357278, -3.319591, 1.583953, 0.588968, 1.260775, 1.351677
0.316786, 2.357272, -3.311213, 1.585622, 0.588961, 1.260775, 1.351677
0.324604, 2.357267, -3.302835, 1.587292, 0.588953, 1.260775, 1.351677
0.332913, 2.357261, -3.294458, 1.588961, 0.588946, 1.260775, 1.351677
0.340752, 2.357256, -3.286080, 1.590630, 0.588938, 1.260775, 1.351677
0.348784, 2.357250, -3.277703, 1.592299, 0.588930, 1.260775, 1.351677
0.356902, 2.357245, -3.269325, 1.593969, 0.588923, 1.260775, 1.351677
0.364913, 2.357239, -3.260948, 1.595638, 0.588915, 1.260775, 1.351677
0.372897, 2.357234, -3.252570, 1.597307, 0.588907, 1.260775, 1.351677
0.380921, 2.357228, -3.244192, 1.598977, 0.588900, 1.260775, 1.351676
0.389044, 2.357223, -3.235815, 1.600646, 0.588892, 1.260775, 1.351676
0.397063, 2.357217, -3.227437, 1.602315, 0.588885, 1.260775, 1.351676
0.405056, 2.357212, -3.219060, 1.603984, 0.588877, 1.260775, 1.351676
0.429189, 2.357195, -3.193927, 1.608992, 0.588854, 1.260775, 1.351676
0.437203, 2.357190, -3.185549, 1.610661, 0.588846, 1.260775, 1.351676
0.461348, 2.357173, -3.160417, 1.615669, 0.588824, 1.260775, 1.351675
0.469314, 2.357168, -3.152039, 1.617338, 0.588816, 1.260775, 1.351675
0.493331, 2.357151, -3.126906, 1.622346, 0.588793, 1.260775, 1.351675
0.501321, 2.357146, -3.118529, 1.624015, 0.588785, 1.260775, 1.351675
0.525546, 2.357129, -3.093396, 1.629023, 0.588762, 1.260775, 1.351674
0.533483, 2.357124, -3.085018, 1.630692, 0.588755, 1.260775, 1.351674
0.557462, 2.357108, -3.059886, 1.635700, 0.588732, 1.260775, 1.351674
0.565716, 2.357102, -3.051508, 1.637369, 0.588724, 1.260775, 1.351674
0.589809, 2.357086, -3.026375, 1.642377, 0.588701, 1.260775, 1.351673
0.597794, 2.357080, -3.017998, 1.644046, 0.588694, 1.260775, 1.351673
0.621880, 2.357064, -2.992865, 1.649054, 0.588671, 1.260775, 1.351673
0.629897, 2.357058, -2.984487, 1.650724, 0.588663, 1.260775, 1.351673
0.654034, 2.357042, -2.959355, 1.655731, 0.588640, 1.260775, 1.351673
0.662081, 2.357036, -2.950977, 1.657401, 0.588633, 1.260775, 1.351672
0.686064, 2.357020, -2.925844, 1.662408, 0.588610, 1.260775, 1.351672
0.694062, 2.357014, -2.917467, 1.664078, 0.588602, 1.260775, 1.351672
0.718223, 2.356998, -2.892334, 1.669085, 0.588579, 1.260775, 1.351672
0.726189, 2.356992, -2.883956, 1.670755, 0.588572, 1.260775, 1.351672
0.750181, 2.356976, -2.858824, 1.675762, 0.588549, 1.260775, 1.351671
0.758322, 2.356970, -2.850446, 1.677432, 0.588541, 1.260775, 1.351671
0.782325, 2.356954, -2.825313, 1.682439, 0.588518, 1.260775, 1.351671
0.790492, 2.356948, -2.816936, 1.684109, 0.588511, 1.260775, 1.351671
0.814533, 2.356932, -2.791803, 1.689116, 0.588488, 1.260775, 1.351670
0.822491, 2.356926, -2.783425, 1.690786, 0.588480, 1.260775, 1.351670
0.846669, 2.356910, -2.758293, 1.695794, 0.588457, 1.260775, 1.351670
0.854652, 2.356904, -2.749915, 1.697463, 0.588450, 1.260775, 1.351670
0.878807, 2.356888, -2.724782, 1.702471, 0.588427, 1.260775, 1.351669
0.886801, 2.356882, -2.716405, 1.704140, 0.588419, 1.260775, 1.351669
0.910804, 2.356866, -2.691272, 1.709148, 0.588396, 1.260775, 1.351669
0.918781, 2.356860, -2.682894, 1.710817, 0.588389, 1.260775, 1.351669
0.942927, 2.356844, -2.657762, 1.715825, 0.588366, 1.260775, 1.351668
0.950929, 2.356838, -2.649384, 1.717494, 0.588358, 1.260775, 1.351668
0.975061, 2.356822, -2.624251, 1.722502, 0.588335, 1.260775, 1.351668
0.983109, 2.356816, -2.615874, 1.724171, 0.588328, 1.260775, 1.351668
1.007223, 2.356800, -2.590741, 1.729179, 0.588305, 1.260775, 1.351668
1.015225, 2.356794, -2.582364, 1.730848, 0.588297, 1.260775, 1.351667
1.039217, 2.356778, -2.557231, 1.735856, 0.588274, 1.260775, 1.351667
1.047389, 2.356772, -2.548853, 1.737525, 0.588267, 1.260775, 1.351667
1.071374, 2.356756, -2.523720, 1.742533, 0.588244, 1.260775, 1.351667
1.079491, 2.356750, -2.515343, 1.744202, 0.588236, 1.260775, 1.351667
1.103521, 2.356734, -2.490210, 1.749210, 0.588213, 1.260775, 1.351666
1.111525, 2.356728, -2.481833, 1.750879, 0.588206, 1.260775, 1.351666
1.135682, 2.356712, -2.456700, 1.755887, 0.588183, 1.260775, 1.351666
1.143657, 2.356706, -2.448322, 1.757556, 0.588175, 1.260775, 1.351666
1.167941, 2.356690, -2.423189, 1.762564, 0.588152, 1.260775, 1.351665
1.175799, 2.356684, -2.414812, 1.764233, 0.588145, 1.260775, 1.351665
1.199832, 2.356668, -2.389679, 1.769241, 0.588122, 1.260775, 1.351665
1.207932, 2.356662, -2.381302, 1.770910, 0.588114, 1.260775, 1.351665
1.232100, 2.356646, -2.356169, 1.775918, 0.588091, 1.260775, 1.351664
1.239928, 2.356640, -2.347791, 1.777587, 0.588084, 1.260775, 1.351664
1.264089, 2.356624, -2.322659, 1.782595, 0.588061, 1.260775, 1.351664
1.271857, 2.356618, -2.314281, 1.784264, 0.588053, 1.260775, 1.351664
1.296251, 2.356602, -2.289148, 1.789272, 0.588030, 1.260775, 1.351663
1.304225, 2.356596, -2.280771, 1.790941, 0.588023, 1.260775, 1.351663
1.328416, 2.356580, -2.255638, 1.795949, 0.588000, 1.260775, 1.351663
1.336378, 2.356574, -2.247260, 1.797618, 0.587992, 1.260775, 1.351663
1.360408, 2.356558, -2.222128, 1.802626, 0.587969, 1.260775, 1.351663
1.368525, 2.356552, -2.213750, 1.804295, 0.587962, 1.260775, 1.351662
1.392562, 2.356536, -2.188617, 1.809303, 0.587939, 1.260775, 1.351662
1.400531, 2.356530, -2.180240, 1.810972, 0.587931, 1.260775, 1.351662
1.424687, 2.356514, -2.155107, 1.815980, 0.587908, 1.260775, 1.351662
1.432671, 2.356508, -2.146729, 1.817649, 0.587901, 1.260775, 1.351662
1.456808, 2.356492, -2.121597, 1.822657, 0.587878, 1.260775, 1.351661
1.464831, 2.356486, -2.113219, 1.824326, 0.587870, 1.260775, 1.351661
1.488805, 2.356470, -2.088086, 1.829334, 0.587847, 1.260775, 1.351661
1.496842, 2.356464, -2.079709, 1.831003, 0.587840, 1.260775, 1.351661
1.520969, 2.356448, -2.054576, 1.836011, 0.587817, 1.260775, 1.351660
1.528811, 2.356442, -2.046198, 1.837680, 0.587809, 1.260775, 1.351660
1.552956, 2.356426, -2.021066, 1.842688, 0.587786, 1.260775, 1.351660
1.561097, 2.356420, -2.012688, 1.844357, 0.587779, 1.260775, 1.351660
1.585145, 2.356404, -1.987555, 1.849365, 0.587756, 1.260775, 1.351659
1.593128, 2.356398, -1.979178, 1.851035, 0.587748, 1.260775, 1.351659
1.617262, 2.356382, -1.954045, 1.856042, 0.587725, 1.260775, 1.351659
1.625250, 2.356376, -1.945667, 1.857712, 0.587718, 1.260775, 1.351659
1.649275, 2.356360, -1.920535, 1.862719, 0.587695, 1.260775, 1.351658
1.657524, 2.356354, -1.912157, 1.864389, 0.587687, 1.260775, 1.351658
1.681545, 2.356338, -1.887024, 1.869396, 0.587664, 1.260775, 1.351658
1.689578, 2.356332, -1.878647, 1.871066, 0.587657, 1.260775, 1.351658
1.713555, 2.356316, -1.853514, 1.876073, 0.587634, 1.260775, 1.351658
1.721699, 2.356310, -1.845136, 1.877743, 0.587626, 1.260775, 1.351657
1.745731, 2.356294, -1.820004, 1.882750, 0.587603, 1.260775, 1.351657
1.753841, 2.356288, -1.811626, 1.884420, 0.587596, 1.260775, 1.351657
1.777829, 2.356272, -1.786493, 1.889427, 0.587573, 1.260775, 1.351657
1.785840, 2.356266, -1.778116, 1.891097, 0.587565, 1.260775, 1.351657
1.810023, 2.356250, -1.752983, 1.896105, 0.587542, 1.260775, 1.351656
1.817841, 2.356244, -1.744605, 1.897774, 0.587535, 1.260775, 1.351656
1.842129, 2.356228, -1.719473, 1.902782, 0.587512, 1.260775, 1.351656
1.849965, 2.356222, -1.711095, 1.904451, 0.587504, 1.260775, 1.351656
1.874330, 2.356206, -1.685962, 1.909459, 0.587481, 1.260775, 1.351655
1.882274, 2.356200, -1.677585, 1.911128, 0.587474, 1.260775, 1.351655
1.906385, 2.356184, -1.652452, 1.916136, 0.587451, 1.260775, 1.351655
1.914241, 2.356178, -1.644075, 1.917805, 0.587443, 1.260775, 1.351655
1.938439, 2.356162, -1.618942, 1.922813, 0.587420, 1.260775, 1.351654
1.946425, 2.356156, -1.610564, 1.924482, 0.587413, 1.260775, 1.351654
1.970580, 2.356140, -1.585431, 1.929490, 0.587390, 1.260775, 1.351654
1.978579, 2.356134, -1.577054, 1.931159, 0.587382, 1.260775, 1.351654
2.002768, 2.356118, -1.551921, 1.936167, 0.587359, 1.260775, 1.351654
2.010555, 2.356112, -1.543544, 1.937836, 0.587352, 1.260775, 1.351653
2.034717, 2.356096, -1.518411, 1.942844, 0.587329, 1.260775, 1.351653
2.042716, 2.356090, -1.510033, 1.944513, 0.587321, 1.260775, 1.351653
2.066891, 2.356074, -1.484900, 1.949521, 0.587298, 1.260775, 1.351653
2.074824, 2.356068, -1.476523, 1.951190, 0.587291, 1.260775, 1.351652
2.099019, 2.356052, -1.451390, 1.956198, 0.587268, 1.260775, 1.351652
2.106989, 2.356046, -1.443013, 1.957867, 0.587260, 1.260775, 1.351652
2.131159, 2.356030, -1.417880, 1.962875, 0.587237, 1.260775, 1.351652
2.138748, 2.356024, -1.409502, 1.964544, 0.587230, 1.260775, 1.351652
2.163150, 2.356008, -1.384370, 1.969552, 0.587207, 1.260775, 1.351651
2.171300, 2.356002, -1.375992, 1.971221, 0.587199, 1.260775, 1.351651
2.195288, 2.355986, -1.350859, 1.976229, 0.587176, 1.260775, 1.351651
2.203422, 2.355980, -1.342482, 1.977898, 0.587169, 1.260775, 1.351651
2.227393, 2.355964, -1.317349, 1.982906, 0.587146, 1.260775, 1.351650
2.235549, 2.355958, -1.308971, 1.984575, 0.587138, 1.260775, 1.351650
2.259610, 2.355942, -1.283839, 1.989583, 0.587115, 1.260775, 1.351650
2.267542, 2.355936, -1.275461, 1.991252, 0.587108, 1.260775, 1.351650
2.291550, 2.355920, -1.250328, 1.996260, 0.587085, 1.260775, 1.351649
2.299674, 2.355914, -1.241951, 1.997929, 0.587077, 1.260775, 1.351649
2.323722, 2.355898, -1.216818, 2.002937, 0.587054, 1.260775, 1.351649
2.331725, 2.355892, -1.208440, 2.004606, 0.587046, 1.260775, 1.351649
2.356012, 2.355876, -1.183308, 2.009614, 0.587024, 1.260775, 1.351649
2.363885, 2.355870, -1.174930, 2.011283, 0.587016, 1.260775, 1.351648
2.388023, 2.355854, -1.149797, 2.016291, 0.586993, 1.260775, 1.351648
2.396012, 2.355848, -1.141420, 2.017960, 0.586985, 1.260775, 1.351648
2.420030, 2.355832, -1.116287, 2.022968, 0.586963, 1.260775, 1.351648
2.428165, 2.355826, -1.107909, 2.024637, 0.586955, 1.260775, 1.351648
2.452326, 2.355810, -1.082777, 2.029645, 0.586932, 1.260775, 1.351647
2.460288, 2.355804, -1.074399, 2.031314, 0.586924, 1.260775, 1.351647
2.484328, 2.355788, -1.049266, 2.036322, 0.586902, 1.260775, 1.351647
2.492437, 2.355782, -1.040889, 2.037991, 0.586894, 1.260775, 1.351647
2.516470, 2.355766, -1.015756, 2.042999, 0.586871, 1.260775, 1.351646
2.524437, 2.355760, -1.007378, 2.044668, 0.586863, 1.260775, 1.351646
2.548478, 2.355744, -0.982246, 2.049676, 0.586841, 1.260775, 1.351646
2.556582, 2.355738, -0.973868, 2.051346, 0.586833, 1.260775, 1.351646
2.580764, 2.355722, -0.948735, 2.056353, 0.586810, 1.260775, 1.351645
2.588757, 2.355716, -0.940358, 2.058023, 0.586802, 1.260775, 1.351645
2.612762, 2.355700, -0.915225, 2.063030, 0.586780, 1.260775, 1.351645
2.620743, 2.355694, -0.906847, 2.064700, 0.586772, 1.260775, 1.351645
2.644895, 2.355678, -0.881715, 2.069707, 0.586749, 1.260775, 1.351644
2.652886, 2.355672, -0.873337, 2.071377, 0.586741, 1.260775, 1.351644
2.677037, 2.355656, -0.848204, 2.076384, 0.586719, 1.260775, 1.351644
2.685043, 2.355650, -0.839827, 2.078054, 0.586711, 1.260775, 1.351644
2.709173, 2.355634, -0.814694, 2.083061, 0.586688, 1.260775, 1.351644
2.717185, 2.355628, -0.806316, 2.084731, 0.586680, 1.260775, 1.351643
2.741184, 2.355612, -0.781193, 2.089737, 0.586658, 1.260775, 1.351643
2.749326, 2.355606, -0.772902, 2.091389, 0.586650, 1.260775, 1.351643
2.773289, 2.355591, -0.748563, 2.096238, 0.586628, 1.260775, 1.351643
2.781451, 2.355585, -0.740629, 2.097819, 0.586621, 1.260775, 1.351643
2.805472, 2.355570, -0.717362, 2.102455, 0.586599, 1.260775, 1.351642
2.813467, 2.355565, -0.709786, 2.103965, 0.586593, 1.260775, 1.351642
2.837462, 2.355551, -0.687592, 2.108387, 0.586572, 1.260775, 1.351642
2.845634, 2.355546, -0.680372, 2.109825, 0.586566, 1.260775, 1.351642
2.869800, 2.355532, -0.659250, 2.114034, 0.586547, 1.260775, 1.351641
2.877756, 2.355527, -0.652389, 2.115401, 0.586540, 1.260775, 1.351641
2.901741, 2.355514, -0.632339, 2.119396, 0.586522, 1.260775, 1.351641
2.909791, 2.355510, -0.625835, 2.120692, 0.586516, 1.260775, 1.351641
2.933921, 2.355498, -0.606858, 2.124473, 0.586499, 1.260775, 1.351641
2.941867, 2.355493, -0.600711, 2.125698, 0.586493, 1.260775, 1.351641
2.966043, 2.355482, -0.582806, 2.129266, 0.586477, 1.260775, 1.351640
2.974076, 2.355478, -0.577016, 2.130419, 0.586472, 1.260775, 1.351640
2.998042, 2.355467, -0.560184, 2.133773, 0.586456, 1.260775, 1.351640
3.006162, 2.355463, -0.554752, 2.134856, 0.586451, 1.260775, 1.351640
3.030205, 2.355453, -0.538992, 2.137996, 0.586437, 1.260775, 1.351640
3.038160, 2.355450, -0.533917, 2.139007, 0.586432, 1.260775, 1.351640
3.062306, 2.355440, -0.519229, 2.141934, 0.586419, 1.260775, 1.351640
3.070469, 2.355437, -0.514512, 2.142874, 0.586415, 1.260775, 1.351639
3.094505, 2.355428, -0.500897, 2.145586, 0.586402, 1.260775, 1.351639
3.102473, 2.355425, -0.496537, 2.146455, 0.586398, 1.260775, 1.351639
3.126507, 2.355417, -0.483994, 2.148954, 0.586387, 1.260775, 1.351639
3.134478, 2.355414, -0.479992, 2.149752, 0.586383, 1.260775, 1.351639
3.158613, 2.355407, -0.468521, 2.152037, 0.586373, 1.260775, 1.351639
3.166767, 2.355404, -0.464876, 2.152764, 0.586370, 1.260775, 1.351639
3.190782, 2.355398, -0.454478, 2.154836, 0.586360, 1.260775, 1.351639
3.198759, 2.355395, -0.451190, 2.155491, 0.586357, 1.260775, 1.351639
3.222787, 2.355389, -0.441864, 2.157349, 0.586349, 1.260775, 1.351638
3.230791, 2.355387, -0.438934, 2.157933, 0.586346, 1.260775, 1.351638
3.255040, 2.355382, -0.430680, 2.159577, 0.586338, 1.260775, 1.351638
3.263066, 2.355380, -0.428108, 2.160090, 0.586336, 1.260775, 1.351638
3.287071, 2.355375, -0.420926, 2.161521, 0.586330, 1.260775, 1.351638
3.295063, 2.355374, -0.418711, 2.161962, 0.586328, 1.260775, 1.351638
3.319200, 2.355370, -0.412602, 2.163179, 0.586322, 1.260775, 1.351638
3.327203, 2.355369, -0.410745, 2.163550, 0.586320, 1.260775, 1.351638
3.351204, 2.355365, -0.405708, 2.164553, 0.586316, 1.260775, 1.351638
3.359141, 2.355365, -0.404208, 2.164852, 0.586314, 1.260775, 1.351638
3.383361, 2.355362, -0.400243, 2.165642, 0.586311, 1.260775, 1.351638
3.391495, 2.355361, -0.399100, 2.165870, 0.586310, 1.260775, 1.351638
3.415467, 2.355359, -0.396208, 2.166446, 0.586307, 1.260775, 1.351638
3.423637, 2.355359, -0.395423, 2.166602, 0.586306, 1.260775, 1.351638
3.447656, 2.355358, -0.393603, 2.166965, 0.586305, 1.260775, 1.351638
3.455779, 2.355357, -0.393175, 2.167050, 0.586304, 1.260775, 1.351638
3.479783, 2.355357, -0.392428, 2.167199, 0.586304, 1.260775, 1.351638
3.487778, 2.355357, -0.392357, 2.167213, 0.586304, 1.260775, 1.351638
3.511897, 2.355388, -0.392379, 2.166885, 0.586020, 1.260616, 1.351638
3.519908, 2.355415, -0.392401, 2.166598, 0.585773, 1.260478, 1.351638
3.543898, 2.355548, -0.392509, 2.165201, 0.584567, 1.259805, 1.351638
3.552029, 2.355610, -0.392559, 2.164557, 0.584011, 1.259495, 1.351638
3.576255, 2.355844, -0.392750, 2.162087, 0.581881, 1.258306, 1.351639
3.584261, 2.355940, -0.392827, 2.161085, 0.581017, 1.257823, 1.351639
3.608391, 2.356277, -0.393101, 2.157544, 0.577961, 1.256118, 1.351640
3.616381, 2.356406, -0.393206, 2.156184, 0.576789, 1.255463, 1.351640
3.640395, 2.356845, -0.393562, 2.151570, 0.572808, 1.253241, 1.351641
3.648359, 2.357008, -0.393695, 2.149853, 0.571327, 1.252414, 1.351641
3.672397, 2.357549, -0.394134, 2.144167, 0.566422, 1.249676, 1.351642
3.680504, 2.357747, -0.394294, 2.142092, 0.564633, 1.248677, 1.351643
3.704683, 2.358390, -0.394816, 2.135334, 0.558802, 1.245422, 1.351644
3.712505, 2.358621, -0.395004, 2.132902, 0.556704, 1.244251, 1.351644
3.736661, 2.359366, -0.395609, 2.125071, 0.549949, 1.240480, 1.351646
3.744653, 2.359632, -0.395824, 2.122282, 0.547543, 1.239136, 1.351646
3.768786, 2.360479, -0.396512, 2.113378, 0.539862, 1.234849, 1.351648
3.776782, 2.360778, -0.396755, 2.110232, 0.537148, 1.233334, 1.351649
3.800822, 2.361727, -0.397526, 2.100256, 0.528542, 1.228529, 1.351651
3.808956, 2.362061, -0.397796, 2.096752, 0.525520, 1.226842, 1.351651
3.833088, 2.363112, -0.398650, 2.085704, 0.515989, 1.221521, 1.351654
3.840963, 2.363479, -0.398948, 2.081842, 0.512658, 1.219662, 1.351654
3.865121, 2.364632, -0.399884, 2.069722, 0.502202, 1.213825, 1.351657
3.873065, 2.365034, -0.400210, 2.065503, 0.498563, 1.211793, 1.351657
3.897267, 2.366289, -0.401229, 2.052310, 0.487182, 1.205440, 1.351660
3.905248, 2.366724, -0.401583, 2.047734, 0.483234, 1.203236, 1.351661
3.929387, 2.368081, -0.402685, 2.033468, 0.470929, 1.196366, 1.351664
3.937392, 2.368551, -0.403066, 2.028535, 0.466673, 1.193991, 1.351665
3.961383, 2.370010, -0.404250, 2.013197, 0.453442, 1.186604, 1.351668
3.969525, 2.370513, -0.404659, 2.007906, 0.448877, 1.184056, 1.351669
3.993699, 2.372075, -0.405927, 1.991496, 0.434721, 1.176154, 1.351672
4.001619, 2.372612, -0.406363, 1.985847, 0.429849, 1.173434, 1.351673
4.025506, 2.374275, -0.407713, 1.968365, 0.414768, 1.165015, 1.351676
4.033784, 2.374847, -0.408177, 1.962359, 0.409587, 1.162122, 1.351677
4.057923, 2.376612, -0.409611, 1.943805, 0.393581, 1.153187, 1.351681
4.065803, 2.377217, -0.410102, 1.937441, 0.388091, 1.150122, 1.351682
4.089947, 2.379085, -0.411618, 1.917814, 0.371160, 1.140671, 1.351686
4.097938, 2.379724, -0.412137, 1.911093, 0.365362, 1.137434, 1.351687
4.122127, 2.381693, -0.413736, 1.890394, 0.347507, 1.127466, 1.351691
4.130082, 2.382367, -0.414283, 1.883316, 0.341400, 1.124057, 1.351693
4.154294, 2.384438, -0.415965, 1.861544, 0.322619, 1.113573, 1.351697
4.162121, 2.385146, -0.416539, 1.854108, 0.316205, 1.109992, 1.351698
4.186276, 2.387319, -0.418304, 1.831265, 0.296499, 1.098991, 1.351703
4.194248, 2.388060, -0.418906, 1.823471, 0.289776, 1.095238, 1.351704
4.218435, 2.390336, -0.420753, 1.799555, 0.269145, 1.083720, 1.351709
4.226439, 2.391111, -0.421383, 1.791404, 0.262114, 1.079795, 1.351710
4.250562, 2.393485, -0.423310, 1.766457, 0.240593, 1.067781, 1.351715
4.258520, 2.394282, -0.423957, 1.758080, 0.233366, 1.063747, 1.351717
4.282696, 2.396673, -0.425898, 1.732947, 0.211686, 1.051644, 1.351722
4.290688, 2.397470, -0.426545, 1.724569, 0.204459, 1.047609, 1.351723
4.314710, 2.399861, -0.428486, 1.699437, 0.182778, 1.035506, 1.351728
4.322841, 2.400658, -0.429134, 1.691059, 0.175551, 1.031472, 1.351730
4.346874, 2.403049, -0.431075, 1.665926, 0.153871, 1.019368, 1.351734
4.354817, 2.403846, -0.431722, 1.657549, 0.146644, 1.015334, 1.351736
4.378993, 2.406237, -0.433663, 1.632416, 0.124963, 1.003231, 1.351741
4.386956, 2.407034, -0.434310, 1.624038, 0.117736, 0.999196, 1.351743
4.411125, 2.409426, -0.436252, 1.598906, 0.096056, 0.987093, 1.351747
4.419139, 2.410223, -0.436899, 1.590528, 0.088829, 0.983059, 1.351749
4.443272, 2.412614, -0.438840, 1.565395, 0.067148, 0.970955, 1.351754
4.451147, 2.413411, -0.439487, 1.557018, 0.059921, 0.966921, 1.351755
4.475400, 2.415802, -0.441429, 1.531885, 0.038241, 0.954818, 1.351760
4.483436, 2.416599, -0.442076, 1.523507, 0.031014, 0.950783, 1.351762
4.507421, 2.418990, -0.444017, 1.498375, 0.009333, 0.938680, 1.351767
4.515551, 2.419787, -0.444664, 1.489997, 0.002106, 0.934646, 1.351768
4.539575, 2.422178, -0.446606, 1.464864, -0.019574, 0.922543, 1.351773
4.547529, 2.422975, -0.447253, 1.456487, -0.026801, 0.918508, 1.351775
4.571559, 2.425366, -0.449194, 1.431354, -0.048482, 0.906405, 1.351780
4.579736, 2.426163, -0.449841, 1.422976, -0.055709, 0.902370, 1.351781
4.603888, 2.428555, -0.451783, 1.397844, -0.077389, 0.890267, 1.351786
4.611737, 2.429352, -0.452430, 1.389466, -0.084616, 0.886233, 1.351788
4.635887, 2.431743, -0.454371, 1.364333, -0.106297, 0.874130, 1.351793
4.643867, 2.432540, -0.455018, 1.355956, -0.113524, 0.870095, 1.351794
4.667992, 2.434931, -0.456960, 1.330823, -0.135204, 0.857992, 1.351799
4.676003, 2.435728, -0.457607, 1.322445, -0.142431, 0.853958, 1.351801
4.700153, 2.438119, -0.459548, 1.297313, -0.164112, 0.841854, 1.351806
4.708142, 2.438916, -0.460195, 1.288935, -0.171339, 0.837820, 1.351807
4.732277, 2.441307, -0.462136, 1.263802, -0.193019, 0.825717, 1.351812
4.740279, 2.442104, -0.462784, 1.255425, -0.200246, 0.821682, 1.351814
4.764442, 2.444495, -0.464725, 1.230292, -0.221927, 0.809579, 1.351818
4.772284, 2.445292, -0.465372, 1.221915, -0.229154, 0.805545, 1.351820
4.796580, 2.447684, -0.467313, 1.196782, -0.250834, 0.793441, 1.351825
4.804520, 2.448481, -0.467960, 1.188404, -0.258061, 0.789407, 1.351827
4.828584, 2.450872, -0.469902, 1.163271, -0.279742, 0.777304, 1.351831
4.836557, 2.451669, -0.470549, 1.154894, -0.286969, 0.773269, 1.351833
4.860739, 2.454060, -0.472490, 1.129761, -0.308649, 0.761166, 1.351838
4.868713, 2.454857, -0.473137, 1.121384, -0.315876, 0.757132, 1.351839
4.892895, 2.457248, -0.475079, 1.096251, -0.337557, 0.745028, 1.351844
4.900736, 2.458045, -0.475726, 1.087873, -0.344784, 0.740994, 1.351846
4.924896, 2.460436, -0.477667, 1.062740, -0.366464, 0.728891, 1.351851
4.932840, 2.461233, -0.478314, 1.054363, -0.373691, 0.724856, 1.351852
4.957019, 2.463624, -0.480256, 1.029230, -0.395372, 0.712753, 1.351857
4.965001, 2.464421, -0.480903, 1.020853, -0.402599, 0.708719, 1.351859
4.989185, 2.466813, -0.482844, 0.995720, -0.424279, 0.696616, 1.351864
4.997167, 2.467610, -0.483491, 0.987342, -0.431506, 0.692581, 1.351865
5.021325, 2.470001, -0.485433, 0.962210, -0.453187, 0.680478, 1.351870
5.029180, 2.470798, -0.486080, 0.953832, -0.460413, 0.676443, 1.351872
5.053452, 2.473189, -0.488021, 0.928699, -0.482094, 0.664340, 1.351877
5.061461, 2.473986, -0.488668, 0.920322, -0.489321, 0.660306, 1.351878
5.085432, 2.476377, -0.490610, 0.895189, -0.511002, 0.648203, 1.351883
5.093562, 2.477174, -0.491257, 0.886811, -0.518228, 0.644168, 1.351885
5.117582, 2.479565, -0.493198, 0.861679, -0.539909, 0.632065, 1.351890
5.125608, 2.480362, -0.493845, 0.853301, -0.547136, 0.628031, 1.351891
5.149601, 2.482753, -0.495786, 0.828168, -0.568817, 0.615927, 1.351896
5.157681, 2.483551, -0.496434, 0.819791, -0.576043, 0.611893, 1.351898
5.181712, 2.485942, -0.498375, 0.794658, -0.597724, 0.599790, 1.351902
5.189878, 2.486739, -0.499022, 0.786280, -0.604951, 0.595755, 1.351904
5.213868, 2.489130, -0.500963, 0.761148, -0.626632, 0.583652, 1.351909
5.221998, 2.489927, -0.501610, 0.752770, -0.633858, 0.579618, 1.351911
5.246012, 2.492318, -0.503552, 0.727637, -0.655539, 0.567514, 1.351915
5.254151, 2.493115, -0.504199, 0.719260, -0.662766, 0.563480, 1.351917
5.278184, 2.495506, -0.506140, 0.694127, -0.684447, 0.551377, 1.351922
5.286315, 2.496303, -0.506787, 0.685749, -0.691673, 0.547342, 1.351923
5.310297, 2.498694, -0.508729, 0.660617, -0.713354, 0.535239, 1.351928
5.318278, 2.499491, -0.509376, 0.652239, -0.720581, 0.531205, 1.351930
5.342431, 2.501882, -0.511317, 0.627106, -0.742261, 0.519101, 1.351935
5.350441, 2.502680, -0.511964, 0.618729, -0.749488, 0.515067, 1.351936
5.374482, 2.505071, -0.513906, 0.593596, -0.771169, 0.502964, 1.351941
5.382629, 2.505868, -0.514553, 0.585218, -0.778396, 0.498929, 1.351943
5.406639, 2.508259, -0.516494, 0.560086, -0.800076, 0.486826, 1.351948
5.414623, 2.509056, -0.517141, 0.551708, -0.807303, 0.482792, 1.351949
5.438752, 2.511447, -0.519083, 0.526575, -0.828984, 0.470689, 1.351954
5.446761, 2.512244, -0.519730, 0.518198, -0.836211, 0.466654, 1.351956
5.470762, 2.514635, -0.521671, 0.493065, -0.857891, 0.454551, 1.351961
5.478890, 2.515432, -0.522318, 0.484687, -0.865118, 0.450516, 1.351962
5.503022, 2.517823, -0.524260, 0.459555, -0.886799, 0.438413, 1.351967
5.510886, 2.518620, -0.524907, 0.451177, -0.894026, 0.434379, 1.351969
5.535064, 2.521012, -0.526848, 0.426044, -0.915706, 0.422276, 1.351974
5.543051, 2.521809, -0.527495, 0.417667, -0.922933, 0.418241, 1.351975
5.567182, 2.524200, -0.529436, 0.392534, -0.944614, 0.406138, 1.351980
5.575181, 2.524997, -0.530084, 0.384156, -0.951841, 0.402104, 1.351982
5.599354, 2.527388, -0.532025, 0.359024, -0.973521, 0.390000, 1.351986
5.607353, 2.528185, -0.532672, 0.350646, -0.980748, 0.385966, 1.351988
5.631485, 2.530576, -0.534613, 0.325513, -1.002429, 0.373863, 1.351993
5.639497, 2.531373, -0.535260, 0.317136, -1.009656, 0.369828, 1.351995
5.663462, 2.533764, -0.537202, 0.292003, -1.031336, 0.357725, 1.351999
5.671604, 2.534561, -0.537849, 0.283626, -1.038563, 0.353691, 1.352001
5.695628, 2.536952, -0.539790, 0.258493, -1.060244, 0.341587, 1.352006
5.703776, 2.537749, -0.540437, 0.250116, -1.067470, 0.337553, 1.352007
5.727776, 2.540098, -0.542344, 0.225426, -1.088769, 0.325663, 1.352012
5.735782, 2.540864, -0.542966, 0.217375, -1.095714, 0.321786, 1.352014
5.759919, 2.543111, -0.544791, 0.193757, -1.116088, 0.310412, 1.352018
5.767883, 2.543843, -0.545385, 0.186063, -1.122725, 0.306707, 1.352020
5.792055, 2.545988, -0.547127, 0.163517, -1.142174, 0.295850, 1.352024
5.800050, 2.546686, -0.547693, 0.156181, -1.148503, 0.292317, 1.352026
5.824053, 2.548729, -0.549352, 0.134707, -1.167027, 0.281976, 1.352030
5.832173, 2.549393, -0.549891, 0.127728, -1.173047, 0.278615, 1.352031
5.856204, 2.551334, -0.551467, 0.107327, -1.190646, 0.268790, 1.352035
5.864363, 2.551964, -0.551978, 0.100706, -1.196358, 0.265602, 1.352036
5.888370, 2.553803, -0.553471, 0.081377, -1.213031, 0.256293, 1.352040
5.896346, 2.554399, -0.553955, 0.075113, -1.218435, 0.253277, 1.352041
5.920509, 2.556136, -0.555365, 0.056857, -1.234184, 0.244485, 1.352045
5.928485, 2.556698, -0.555822, 0.050950, -1.239279, 0.241641, 1.352046
5.952510, 2.558333, -0.557149, 0.033766, -1.254103, 0.233365, 1.352049
5.960497, 2.558861, -0.557578, 0.028217, -1.258890, 0.230693, 1.352050
5.984640, 2.560394, -0.558822, 0.012105, -1.272789, 0.222934, 1.352053
5.992624, 2.560888, -0.559223, 0.006914, -1.277267, 0.220434, 1.352054
6.016800, 2.562318, -0.560385, -0.008126, -1.290241, 0.213191, 1.352057
6.024795, 2.562778, -0.560758, -0.012960, -1.294411, 0.210863, 1.352058
6.048799, 2.564107, -0.561837, -0.026927, -1.306460, 0.204137, 1.352061
6.056911, 2.564533, -0.562183, -0.031404, -1.310322, 0.201981, 1.352062
6.080945, 2.565760, -0.563179, -0.044299, -1.321445, 0.195771, 1.352064
6.088925, 2.566152, -0.563497, -0.048418, -1.324999, 0.193788, 1.352065
6.113072, 2.567277, -0.564410, -0.060240, -1.335197, 0.188094, 1.352067
6.121213, 2.567635, -0.564701, -0.064002, -1.338442, 0.186283, 1.352068
6.145224, 2.568657, -0.565531, -0.074752, -1.347716, 0.181106, 1.352070
6.153222, 2.568981, -0.565794, -0.078157, -1.350653, 0.179466, 1.352071
6.177381, 2.569902, -0.566542, -0.087835, -1.359001, 0.174806, 1.352073
6.185372, 2.570192, -0.566777, -0.090882, -1.361630, 0.173338, 1.352073
6.209369, 2.571011, -0.567442, -0.099487, -1.369053, 0.169194, 1.352075
6.217512, 2.571266, -0.567650, -0.102177, -1.371373, 0.167899, 1.352075
6.241497, 2.571983, -0.568232, -0.109710, -1.377872, 0.164271, 1.352077
6.249492, 2.572205, -0.568412, -0.112042, -1.379884, 0.163148, 1.352077
6.273476, 2.572820, -0.568911, -0.118503, -1.385457, 0.160037, 1.352079
6.281808, 2.573008, -0.569063, -0.120477, -1.387160, 0.159086, 1.352079
6.305809, 2.573520, -0.569480, -0.125866, -1.391809, 0.156491, 1.352080
6.313793, 2.573674, -0.569605, -0.127483, -1.393204, 0.155712, 1.352080
6.337929, 2.574085, -0.569938, -0.131799, -1.396927, 0.153634, 1.352081
6.345963, 2.574205, -0.570035, -0.133059, -1.398014, 0.153027, 1.352081
6.369940, 2.574513, -0.570286, -0.136303, -1.400812, 0.151465, 1.352082
6.378111, 2.574599, -0.570355, -0.137205, -1.401590, 0.151030, 1.352082
6.402271, 2.574806, -0.570523, -0.139377, -1.403463, 0.149985, 1.352083
6.410099, 2.574857, -0.570565, -0.139922, -1.403934, 0.149722, 1.352083
6.434273, 2.574962, -0.570650, -0.141021, -1.404882, 0.149193, 1.352083
6.442200, 2.574980, -0.570665, -0.141208, -1.405044, 0.149102, 1.352083
6.466344, 2.575014, -0.570761, -0.141370, -1.405142, 0.149047, 1.352083
6.474368, 2.575060, -0.570931, -0.141462, -1.405142, 0.149047, 1.352083
6.498555, 2.575340, -0.571977, -0.142028, -1.405142, 0.149048, 1.352083
6.506504, 2.575482, -0.572504, -0.142314, -1.405142, 0.149048, 1.352083
6.530549, 2.576050, -0.574622, -0.143461, -1.405142, 0.149048, 1.352083
6.538505, 2.576287, -0.575507, -0.143940, -1.405142, 0.149048, 1.352083
6.562673, 2.577143, -0.578697, -0.145669, -1.405142, 0.149049, 1.352082
6.570841, 2.577476, -0.579939, -0.146341, -1.405142, 0.149049, 1.352082
6.594823, 2.578619, -0.584202, -0.148650, -1.405142, 0.149050, 1.352082
6.602840, 2.579048, -0.585801, -0.149517, -1.405142, 0.149051, 1.352082
6.626988, 2.580479, -0.591136, -0.152407, -1.405141, 0.149052, 1.352082
6.634947, 2.581004, -0.593093, -0.153467, -1.405141, 0.149052, 1.352082
6.659118, 2.582723, -0.599501, -0.156937, -1.405141, 0.149053, 1.352081
6.667062, 2.583344, -0.601815, -0.158191, -1.405141, 0.149054, 1.352081
6.691119, 2.585350, -0.609295, -0.162242, -1.405141, 0.149055, 1.352081
6.699114, 2.586067, -0.611967, -0.163690, -1.405141, 0.149056, 1.352081
6.723260, 2.588360, -0.620519, -0.168322, -1.405140, 0.149058, 1.352080
6.731219, 2.589173, -0.623548, -0.169963, -1.405140, 0.149058, 1.352080
6.755408, 2.591755, -0.633173, -0.175176, -1.405140, 0.149060, 1.352079
6.763416, 2.592663, -0.636559, -0.177011, -1.405140, 0.149061, 1.352079
6.787544, 2.595532, -0.647256, -0.182805, -1.405140, 0.149063, 1.352078
6.795589, 2.596536, -0.651000, -0.184833, -1.405139, 0.149064, 1.352078
6.819509, 2.599693, -0.662769, -0.191208, -1.405139, 0.149067, 1.352078
6.827746, 2.600793, -0.666871, -0.193429, -1.405139, 0.149068, 1.352077
6.851692, 2.604238, -0.679712, -0.200385, -1.405138, 0.149070, 1.352077
6.859716, 2.605434, -0.684171, -0.202800, -1.405138, 0.149071, 1.352076
6.883866, 2.609166, -0.698085, -0.210337, -1.405138, 0.149074, 1.352075
6.891843, 2.610458, -0.702902, -0.212946, -1.405138, 0.149075, 1.352075
6.915997, 2.614477, -0.717888, -0.221063, -1.405137, 0.149078, 1.352074
6.923964, 2.615865, -0.723062, -0.223866, -1.405137, 0.149079, 1.352074
6.948005, 2.620172, -0.739120, -0.232564, -1.405136, 0.149083, 1.352073
6.956123, 2.621656, -0.744652, -0.235560, -1.405136, 0.149084, 1.352073
6.980123, 2.626251, -0.761782, -0.244839, -1.405136, 0.149087, 1.352072
6.988106, 2.627830, -0.767671, -0.248029, -1.405136, 0.149089, 1.352071
7.012129, 2.632713, -0.785874, -0.257889, -1.405135, 0.149092, 1.352070
7.020269, 2.634388, -0.792120, -0.261273, -1.405135, 0.149094, 1.352070
7.044288, 2.639558, -0.811396, -0.271713, -1.405134, 0.149098, 1.352069
7.052409, 2.641330, -0.818000, -0.275290, -1.405134, 0.149099, 1.352068
7.076435, 2.646787, -0.838347, -0.286312, -1.405133, 0.149103, 1.352067
7.084586, 2.648655, -0.845308, -0.290083, -1.405133, 0.149105, 1.352067
7.108593, 2.654400, -0.866728, -0.301685, -1.405132, 0.149109, 1.352066
7.116533, 2.656363, -0.874047, -0.305649, -1.405132, 0.149111, 1.352065
7.140733, 2.662396, -0.896539, -0.317833, -1.405131, 0.149116, 1.352064
7.148646, 2.664455, -0.904215, -0.321991, -1.405131, 0.149117, 1.352063
7.172873, 2.670775, -0.927780, -0.334755, -1.405130, 0.149122, 1.352062
7.180447, 2.672930, -0.935814, -0.339106, -1.405130, 0.149124, 1.352062
7.204998, 2.679538, -0.960451, -0.352451, -1.405129, 0.149129, 1.352060
7.212979, 2.681784, -0.968823, -0.356986, -1.405129, 0.149131, 1.352060
7.237127, 2.688525, -0.993956, -0.370600, -1.405128, 0.149136, 1.352058
7.244981, 2.690772, -1.002333, -0.375137, -1.405128, 0.149138, 1.352058
7.269294, 2.697514, -1.027466, -0.388751, -1.405127, 0.149143, 1.352056
7.277134, 2.699761, -1.035843, -0.393289, -1.405127, 0.149145, 1.352056
7.301285, 2.706502, -1.060976, -0.406902, -1.405126, 0.149150, 1.352054
7.309282, 2.708749, -1.069354, -0.411440, -1.405125, 0.149152, 1.352054
7.333426, 2.715490, -1.094486, -0.425054, -1.405125, 0.149157, 1.352052
7.341394, 2.717737, -1.102864, -0.429592, -1.405124, 0.149159, 1.352052
7.365410, 2.724478, -1.127997, -0.443205, -1.405123, 0.149164, 1.352050
7.373536, 2.726725, -1.136374, -0.447743, -1.405123, 0.149166, 1.352050
7.397564, 2.733467, -1.161507, -0.461356, -1.405122, 0.149171, 1.352048
7.405722, 2.735714, -1.169885, -0.465894, -1.405122, 0.149173, 1.352048
7.429729, 2.742455, -1.195017, -0.479508, -1.405121, 0.149178, 1.352046
7.437719, 2.744702, -1.203395, -0.484046, -1.405121, 0.149180, 1.352046
7.461815, 2.751443, -1.228528, -0.497659, -1.405120, 0.149185, 1.352044
7.469975, 2.753690, -1.236905, -0.502197, -1.405120, 0.149187, 1.352044
7.494005, 2.760432, -1.262038, -0.515811, -1.405119, 0.149192, 1.352042
7.502118, 2.762679, -1.270416, -0.520348, -1.405119, 0.149194, 1.352042
7.526160, 2.769420, -1.295548, -0.533962, -1.405118, 0.149199, 1.352040
7.534114, 2.771667, -1.303926, -0.538500, -1.405118, 0.149201, 1.352040
7.558311, 2.778408, -1.329059, -0.552113, -1.405117, 0.149206, 1.352038
7.566255, 2.780655, -1.337436, -0.556651, -1.405116, 0.149208, 1.352038
7.590410, 2.787396, -1.362569, -0.570265, -1.405116, 0.149213, 1.352037
7.598402, 2.789643, -1.370947, -0.574803, -1.405115, 0.149215, 1.352036
7.622463, 2.796385, -1.396079, -0.588416, -1.405114, 0.149220, 1.352035
7.630456, 2.798632, -1.404457, -0.592954, -1.405114, 0.149222, 1.352034
7.654605, 2.805373, -1.429590, -0.606567, -1.405113, 0.149227, 1.352033
7.662245, 2.807620, -1.437967, -0.611105, -1.405113, 0.149229, 1.352032
7.686735, 2.814361, -1.463100, -0.624719, -1.405112, 0.149234, 1.352031
7.694718, 2.816608, -1.471478, -0.629257, -1.405112, 0.149236, 1.352030
7.718742, 2.823350, -1.496610, -0.642870, -1.405111, 0.149241, 1.352029
7.726724, 2.825597, -1.504988, -0.647408, -1.405111, 0.149243, 1.352028
7.750908, 2.832338, -1.530121, -0.661022, -1.405110, 0.149248, 1.352027
7.758865, 2.834585, -1.538498, -0.665559, -1.405110, 0.149250, 1.352026
7.782865, 2.841326, -1.563631, -0.679173, -1.405109, 0.149255, 1.352025
7.790996, 2.843573, -1.572009, -0.683711, -1.405109, 0.149257, 1.352024
7.815142, 2.850314, -1.597141, -0.697324, -1.405108, 0.149262, 1.352023
7.823132, 2.852561, -1.605519, -0.701862, -1.405107, 0.149264, 1.352022
7.847155, 2.859303, -1.630652, -0.715476, -1.405107, 0.149269, 1.352021
7.855313, 2.861550, -1.639029, -0.720014, -1.405106, 0.149271, 1.352020
7.879333, 2.868291, -1.664162, -0.733627, -1.405106, 0.149276, 1.352019
7.887314, 2.870538, -1.672540, -0.738165, -1.405105, 0.149278, 1.352018
7.911459, 2.877279, -1.697672, -0.751778, -1.405104, 0.149283, 1.352017
7.919472, 2.879526, -1.706050, -0.756316, -1.405104, 0.149285, 1.352016
7.943599, 2.886267, -1.731183, -0.769930, -1.405103, 0.149290, 1.352015
7.951595, 2.888515, -1.739560, -0.774468, -1.405103, 0.149292, 1.352014
7.975585, 2.895256, -1.764693, -0.788081, -1.405102, 0.149297, 1.352013
7.983723, 2.897503, -1.773070, -0.792619, -1.405102, 0.149299, 1.352012
8.007734, 2.904244, -1.798203, -0.806233, -1.405101, 0.149304, 1.352011
8.015736, 2.906491, -1.806581, -0.810770, -1.405101, 0.149306, 1.352010
8.039903, 2.913232, -1.831714, -0.824384, -1.405100, 0.149311, 1.352009
8.047860, 2.915479, -1.840091, -0.828922, -1.405100, 0.149313, 1.352009
8.072037, 2.922221, -1.865224, -0.842535, -1.405099, 0.149319, 1.352007
8.080025, 2.924468, -1.873601, -0.847073, -1.405098, 0.149320, 1.352007
8.104203, 2.931209, -1.898734, -0.860687, -1.405098, 0.149326, 1.352005
8.112151, 2.933456, -1.907112, -0.865225, -1.405097, 0.149327, 1.352005
8.136356, 2.940197, -1.932245, -0.878838, -1.405097, 0.149333, 1.352003
8.144301, 2.942444, -1.940622, -0.883376, -1.405096, 0.149334, 1.352003
8.168346, 2.949185, -1.965755, -0.896989, -1.405095, 0.149340, 1.352001
8.176338, 2.951433, -1.974132, -0.901527, -1.405095, 0.149341, 1.352001
8.200488, 2.958174, -1.999265, -0.915141, -1.405094, 0.149347, 1.351999
8.208451, 2.960421, -2.007643, -0.919679, -1.405094, 0.149348, 1.351999
8.232617, 2.967162, -2.032775, -0.933292, -1.405093, 0.149354, 1.351997
8.240598, 2.969409, -2.041153, -0.937830, -1.405093, 0.149355, 1.351997
8.264740, 2.976150, -2.066286, -0.951444, -1.405092, 0.149361, 1.351995
8.272735, 2.978397, -2.074663, -0.955981, -1.405092, 0.149362, 1.351995
8.296749, 2.985139, -2.099796, -0.969595, -1.405091, 0.149368, 1.351993
8.304857, 2.987386, -2.108174, -0.974133, -1.405091, 0.149369, 1.351993
8.328951, 2.994052, -2.133027, -0.987595, -1.405090, 0.149375, 1.351991
8.336923, 2.996227, -2.141137, -0.991988, -1.405090, 0.149376, 1.351991
8.361079, 3.002609, -2.164929, -1.004875, -1.405089, 0.149381, 1.351989
8.369047, 3.004688, -2.172681, -1.009074, -1.405088, 0.149383, 1.351989
8.393216, 3.010782, -2.195401, -1.021381, -1.405088, 0.149388, 1.351988
8.400835, 3.012766, -2.202796, -1.025386, -1.405087, 0.149389, 1.351987
8.425223, 3.018572, -2.224443, -1.037112, -1.405087, 0.149394, 1.351986
8.433163, 3.020460, -2.231480, -1.040924, -1.405086, 0.149395, 1.351986
8.457368, 3.025978, -2.252056, -1.052069, -1.405086, 0.149400, 1.351984
8.465350, 3.027770, -2.258735, -1.055687, -1.405086, 0.149401, 1.351984
8.489511, 3.033001, -2.278238, -1.066251, -1.405085, 0.149405, 1.351983
8.497480, 3.034697, -2.284561, -1.069675, -1.405085, 0.149406, 1.351982
8.521486, 3.039640, -2.302991, -1.079659, -1.405084, 0.149410, 1.351981
8.529609, 3.041240, -2.308956, -1.082890, -1.405084, 0.149411, 1.351981
8.553595, 3.045896, -2.326314, -1.092292, -1.405083, 0.149415, 1.351980
8.561775, 3.047400, -2.331922, -1.095329, -1.405083, 0.149416, 1.351980
8.585754, 3.051769, -2.348208, -1.104151, -1.405083, 0.149420, 1.351979
8.593949, 3.053177, -2.353458, -1.106995, -1.405082, 0.149421, 1.351978
8.617871, 3.057257, -2.368671, -1.115235, -1.405082, 0.149424, 1.351978
8.625894, 3.058570, -2.373564, -1.117885, -1.405082, 0.149425, 1.351977
8.649895, 3.062363, -2.387705, -1.125545, -1.405081, 0.149428, 1.351976
8.658050, 3.063579, -2.392240, -1.128002, -1.405081, 0.149429, 1.351976
8.682177, 3.067085, -2.405309, -1.135081, -1.405081, 0.149432, 1.351975
8.690190, 3.068205, -2.409487, -1.137344, -1.405081, 0.149432, 1.351975
8.714181, 3.071423, -2.421484, -1.143842, -1.405080, 0.149435, 1.351974
8.722161, 3.072448, -2.425304, -1.145911, -1.405080, 0.149436, 1.351974
8.746467, 3.075378, -2.436228, -1.151828, -1.405080, 0.149438, 1.351974
8.754506, 3.076307, -2.439691, -1.153704, -1.405080, 0.149439, 1.351973
8.778469, 3.078949, -2.449543, -1.159041, -1.405079, 0.149441, 1.351973
8.786493, 3.079782, -2.452648, -1.160723, -1.405079, 0.149442, 1.351973
8.810522, 3.082137, -2.461428, -1.165478, -1.405079, 0.149443, 1.351972
8.818462, 3.082874, -2.464176, -1.166967, -1.405079, 0.149444, 1.351972
8.842649, 3.084941, -2.471883, -1.171141, -1.405078, 0.149446, 1.351971
8.850642, 3.085583, -2.474273, -1.172436, -1.405078, 0.149446, 1.351971
8.874810, 3.087362, -2.480908, -1.176030, -1.405078, 0.149447, 1.351971
8.882805, 3.087907, -2.482941, -1.177131, -1.405078, 0.149448, 1.351971
8.906936, 3.089400, -2.488504, -1.180144, -1.405078, 0.149449, 1.351971
8.914922, 3.089849, -2.490180, -1.181052, -1.405078, 0.149449, 1.351970
8.939105, 3.091053, -2.494670, -1.183484, -1.405078, 0.149450, 1.351970
8.946945, 3.091407, -2.495988, -1.184198, -1.405078, 0.149451, 1.351970
8.971101, 3.092324, -2.499406, -1.186050, -1.405078, 0.149451, 1.351970
8.979079, 3.092581, -2.500367, -1.186570, -1.405077, 0.149452, 1.351970
9.003359, 3.093211, -2.502712, -1.187841, -1.405077, 0.149452, 1.351970
9.011237, 3.093372, -2.503316, -1.188167, -1.405077, 0.149452, 1.351970
9.035391, 3.093714, -2.504589, -1.188857, -1.405077, 0.149452, 1.351970
9.043389, 3.093780, -2.504835, -1.188990, -1.405077, 0.149452, 1.351970
9.067389, 3.093833, -2.505075, -1.189088, -1.405058, 0.149463, 1.351970
9.075338, 3.093802, -2.505138, -1.188976, -1.404974, 0.149510, 1.351970
9.099672, 3.093559, -2.505626, -1.188105, -1.404316, 0.149877, 1.351969
9.107670, 3.093429, -2.505889, -1.187635, -1.403961, 0.150074, 1.351969
9.131646, 3.092887, -2.506979, -1.185692, -1.402493, 0.150892, 1.351969
9.139693, 3.092656, -2.507443, -1.184865, -1.401869, 0.151240, 1.351969
9.163649, 3.091815, -2.509134, -1.181849, -1.399590, 0.152510, 1.351969
9.171845, 3.091485, -2.509798, -1.180665, -1.398696, 0.153008, 1.351969
9.195838, 3.090345, -2.512090, -1.176577, -1.395607, 0.154729, 1.351968
9.203926, 3.089916, -2.512955, -1.175035, -1.394443, 0.155378, 1.351968
9.227911, 3.088477, -2.515848, -1.169875, -1.390544, 0.157550, 1.351967
9.235995, 3.087948, -2.516913, -1.167976, -1.389110, 0.158349, 1.351967
9.260305, 3.086210, -2.520408, -1.161743, -1.384401, 0.160972, 1.351967
9.268074, 3.085581, -2.521674, -1.159487, -1.382696, 0.161922, 1.351966
9.292245, 3.083544, -2.525770, -1.152181, -1.377178, 0.164997, 1.351966
9.300244, 3.082815, -2.527236, -1.149567, -1.375203, 0.166097, 1.351965
9.324387, 3.080480, -2.531933, -1.141190, -1.368874, 0.169623, 1.351964
9.332394, 3.079651, -2.533600, -1.138219, -1.366629, 0.170874, 1.351964
9.356571, 3.077017, -2.538899, -1.128769, -1.359491, 0.174851, 1.351963
9.364399, 3.076089, -2.540765, -1.125440, -1.356976, 0.176252, 1.351963
9.388563, 3.073155, -2.546666, -1.114918, -1.349027, 0.180681, 1.351962
9.396663, 3.072127, -2.548733, -1.111232, -1.346242, 0.182233, 1.351961
9.420680, 3.068895, -2.555234, -1.099637, -1.337483, 0.187113, 1.351960
9.428676, 3.067767, -2.557502, -1.095593, -1.334428, 0.188815, 1.351960
9.452856, 3.064236, -2.564605, -1.082926, -1.324859, 0.194146, 1.351958
9.460826, 3.063009, -2.567072, -1.078525, -1.321534, 0.195999, 1.351958
9.484979, 3.059178, -2.574777, -1.064786, -1.311155, 0.201781, 1.351956
9.492969, 3.057852, -2.577445, -1.060028, -1.307560, 0.203784, 1.351956
9.516977, 3.053722, -2.585751, -1.045216, -1.296371, 0.210018, 1.351954
9.525093, 3.052296, -2.588619, -1.040100, -1.292506, 0.212172, 1.351954
9.549106, 3.047868, -2.597526, -1.024216, -1.280507, 0.218857, 1.351952
9.557262, 3.046342, -2.600595, -1.018743, -1.276372, 0.221161, 1.351951
9.581281, 3.041614, -2.610103, -1.001787, -1.263562, 0.228298, 1.351949
9.589266, 3.039989, -2.613373, -0.995956, -1.259157, 0.230752, 1.351949
9.613438, 3.034962, -2.623483, -0.977927, -1.245538, 0.238340, 1.351947
9.621378, 3.033237, -2.626953, -0.971739, -1.240863, 0.240945, 1.351946
9.645415, 3.027912, -2.637663, -0.952638, -1.226433, 0.248984, 1.351944
9.653552, 3.026087, -2.641334, -0.946092, -1.221488, 0.251739, 1.351943
9.677537, 3.020463, -2.652646, -0.925919, -1.206248, 0.260230, 1.351941
9.685702, 3.018538, -2.656517, -0.919016, -1.201033, 0.263136, 1.351941
9.709520, 3.012615, -2.668430, -0.897771, -1.184983, 0.272078, 1.351938
9.717859, 3.010591, -2.672502, -0.890510, -1.179498, 0.275134, 1.351938
9.741846, 3.004368, -2.685016, -0.868192, -1.162638, 0.284528, 1.351935
9.749827, 3.002245, -2.689288, -0.860574, -1.156883, 0.287734, 1.351934
9.773842, 2.995723, -2.702404, -0.837184, -1.139213, 0.297579, 1.351932
9.781949, 2.993500, -2.706876, -0.829208, -1.133188, 0.300936, 1.351931
9.806118, 2.986680, -2.720594, -0.804746, -1.114708, 0.311232, 1.351928
9.814079, 2.984357, -2.725266, -0.796413, -1.108413, 0.314739, 1.351927
9.838240, 2.977350, -2.739360, -0.771280, -1.089426, 0.325318, 1.351925
9.846275, 2.975014, -2.744057, -0.762903, -1.083098, 0.328844, 1.351924
9.870388, 2.968007, -2.758150, -0.737770, -1.064111, 0.339422, 1.351921
9.878382, 2.965671, -2.762848, -0.729392, -1.057782, 0.342948, 1.351920
9.902560, 2.958664, -2.776941, -0.704260, -1.038796, 0.353527, 1.351918
9.910434, 2.956329, -2.781639, -0.695882, -1.032467, 0.357053, 1.351917
9.934444, 2.949322, -2.795732, -0.670749, -1.013480, 0.367631, 1.351914
9.942586, 2.946986, -2.800430, -0.662372, -1.007152, 0.371157, 1.351913
9.966718, 2.939979, -2.814523, -0.637239, -0.988165, 0.381736, 1.351910
9.974713, 2.937644, -2.819221, -0.628861, -0.981836, 0.385262, 1.351909
9.998886, 2.930637, -2.833314, -0.603729, -0.962850, 0.395840, 1.351907
10.006840, 2.928301, -2.838011, -0.595351, -0.956521, 0.399366, 1.351906
10.030841, 2.921294, -2.852105, -0.570218, -0.937534, 0.409944, 1.351903
10.039007, 2.918958, -2.856802, -0.561841, -0.931206, 0.413471, 1.351902
10.063009, 2.911951, -2.870895, -0.536708, -0.912219, 0.424049, 1.351900
10.071004, 2.909616, -2.875593, -0.528330, -0.905890, 0.427575, 1.351899
10.095171, 2.902609, -2.889686, -0.503198, -0.886904, 0.438153, 1.351896
10.103118, 2.900273, -2.894384, -0.494820, -0.880575, 0.441679, 1.351895
10.127292, 2.893266, -2.908477, -0.469687, -0.861588, 0.452258, 1.351892
10.135263, 2.890930, -2.913175, -0.461310, -0.855260, 0.455784, 1.351892
10.159421, 2.883924, -2.927268, -0.436177, -0.836273, 0.466362, 1.351889
10.167417, 2.881588, -2.931966, -0.427799, -0.829944, 0.469888, 1.351888
10.191444, 2.874581, -2.946059, -0.402667, -0.810958, 0.480467, 1.351885
10.199430, 2.872245, -2.950756, -0.394289, -0.804629, 0.483993, 1.351884
10.223609, 2.865238, -2.964850, -0.369156, -0.785642, 0.494571, 1.351882
10.231595, 2.862903, -2.969547, -0.360779, -0.779314, 0.498097, 1.351881
10.255711, 2.855896, -2.983640, -0.335646, -0.760327, 0.508676, 1.351878
10.263701, 2.853560, -2.988338, -0.327268, -0.753998, 0.512202, 1.351877
10.287730, 2.846553, -3.002431, -0.302136, -0.735012, 0.522780, 1.351874
10.295833, 2.844217, -3.007129, -0.293758, -0.728683, 0.526306, 1.351874
10.320034, 2.837211, -3.021222, -0.268625, -0.709697, 0.536885, 1.351871
10.327998, 2.834875, -3.025920, -0.260248, -0.703368, 0.540411, 1.351870
10.352005, 2.827868, -3.040013, -0.235115, -0.684381, 0.550989, 1.351867
10.360051, 2.825532, -3.044711, -0.226737, -0.678052, 0.554515, 1.351866
10.384180, 2.818525, -3.058804, -0.201605, -0.659066, 0.565093, 1.351864
10.392117, 2.816190, -3.063501, -0.193227, -0.652737, 0.568620, 1.351863
10.416314, 2.809183, -3.077595, -0.168094, -0.633751, 0.579198, 1.351860
10.424307, 2.806847, -3.082292, -0.159717, -0.627422, 0.582724, 1.351859
10.448284, 2.799840, -3.096385, -0.134584, -0.608435, 0.593302, 1.351856
10.456420, 2.797504, -3.101083, -0.126206, -0.602106, 0.596828, 1.351856
10.480506, 2.790497, -3.115176, -0.101074, -0.583120, 0.607407, 1.351853
10.488453, 2.788162, -3.119874, -0.092696, -0.576791, 0.610933, 1.351852
10.512623, 2.781155, -3.133967, -0.067563, -0.557805, 0.621511, 1.351849
10.520458, 2.778819, -3.138665, -0.059186, -0.551476, 0.625037, 1.351848
10.544626, 2.771812, -3.152758, -0.034053, -0.532489, 0.635616, 1.351846
10.552582, 2.769477, -3.157456, -0.025676, -0.526160, 0.639142, 1.351845
10.576753, 2.762470, -3.171549, -0.000543, -0.507174, 0.649720, 1.351842
10.584754, 2.760134, -3.176247, 0.007835, -0.500845, 0.653246, 1.351841
10.609041, 2.753127, -3.190340, 0.032968, -0.481859, 0.663825, 1.351839
10.616924, 2.750791, -3.195037, 0.041345, -0.475530, 0.667351, 1.351838
10.641060, 2.743784, -3.209130, 0.066478, -0.456543, 0.677929, 1.351835
10.649000, 2.741449, -3.213828, 0.074855, -0.450214, 0.681455, 1.351834
10.673200, 2.734442, -3.227921, 0.099988, -0.431228, 0.692034, 1.351831
10.681178, 2.732106, -3.232619, 0.108366, -0.424899, 0.695560, 1.351830
10.705346, 2.725099, -3.246712, 0.133499, -0.405913, 0.706138, 1.351828
10.713184, 2.722764, -3.251410, 0.141876, -0.399584, 0.709664, 1.351827
10.737332, 2.715757, -3.265503, 0.167009, -0.380597, 0.720242, 1.351824
10.745345, 2.713421, -3.270201, 0.175386, -0.374268, 0.723769, 1.351823
10.769333, 2.706414, -3.284294, 0.200519, -0.355282, 0.734347, 1.351821
10.777453, 2.704078, -3.288992, 0.208897, -0.348953, 0.737873, 1.351820
10.801623, 2.697071, -3.303085, 0.234029, -0.329967, 0.748451, 1.351817
10.809624, 2.694736, -3.307782, 0.242407, -0.323638, 0.751977, 1.351816
10.833592, 2.687729, -3.321875, 0.267540, -0.304651, 0.762556, 1.351813
10.841751, 2.685393, -3.326573, 0.275917, -0.298323, 0.766082, 1.351812
10.865725, 2.678386, -3.340666, 0.301050, -0.279336, 0.776660, 1.351810
10.873763, 2.676051, -3.345364, 0.309428, -0.273007, 0.780186, 1.351809
10.897897, 2.669044, -3.359457, 0.334560, -0.254021, 0.790765, 1.351806
10.906059, 2.666708, -3.364155, 0.342938, -0.247692, 0.794291, 1.351805
10.930057, 2.659701, -3.378248, 0.368071, -0.228705, 0.804869, 1.351803
10.938026, 2.657365, -3.382946, 0.376448, -0.222377, 0.808395, 1.351802
10.962208, 2.650358, -3.397039, 0.401581, -0.203390, 0.818974, 1.351799
10.970188, 2.648023, -3.401737, 0.409959, -0.197061, 0.822500, 1.351798
10.994301, 2.641016, -3.415830, 0.435091, -0.178075, 0.833078, 1.351795
11.002296, 2.638680, -3.420527, 0.443469, -0.171746, 0.836604, 1.351794
11.026302, 2.631673, -3.434621, 0.468602, -0.152759, 0.847183, 1.351792
11.034353, 2.629337, -3.439318, 0.476979, -0.146431, 0.850709, 1.351791
11.058478, 2.622331, -3.453411, 0.502112, -0.127444, 0.861287, 1.351788
11.066480, 2.619995, -3.458109, 0.510490, -0.121115, 0.864813, 1.351787
11.090504, 2.612988, -3.472202, 0.535622, -0.102129, 0.875391, 1.351785
11.098620, 2.610652, -3.476900, 0.544000, -0.095800, 0.878918, 1.351784
11.122803, 2.603645, -3.490993, 0.569133, -0.076813, 0.889496, 1.351781
11.130825, 2.601310, -3.495691, 0.577510, -0.070485, 0.893022, 1.351780
11.154946, 2.594303, -3.509784, 0.602643, -0.051498, 0.903600, 1.351777
11.162921, 2.591967, -3.514482, 0.611021, -0.045169, 0.907126, 1.351777
11.186942, 2.584960, -3.528575, 0.636153, -0.026183, 0.917705, 1.351774
11.194927, 2.582624, -3.533272, 0.644531, -0.019854, 0.921231, 1.351773
11.219085, 2.575618, -3.547366, 0.669664, -0.000867, 0.931809, 1.351770
11.227072, 2.573282, -3.552063, 0.678041, 0.005461, 0.935335, 1.351769
11.251216, 2.566275, -3.566156, 0.703174, 0.024448, 0.945914, 1.351767
11.259202, 2.563939, -3.570854, 0.711552, 0.030777, 0.949440, 1.351766
11.283216, 2.556932, -3.584947, 0.736684, 0.049763, 0.960018, 1.351763
11.291352, 2.554597, -3.589645, 0.745062, 0.056092, 0.963544, 1.351762
11.315369, 2.547590, -3.603738, 0.770195, 0.075078, 0.974123, 1.351759
11.323357, 2.545254, -3.608436, 0.778572, 0.081407, 0.977649, 1.351759
11.347502, 2.538247, -3.622529, 0.803705, 0.100394, 0.988227, 1.351756
11.355492, 2.535911, -3.627227, 0.812083, 0.106723, 0.991753, 1.351755
11.379525, 2.528904, -3.641320, 0.837215, 0.125709, 1.002332, 1.351752
11.387617, 2.526569, -3.646017, 0.845593, 0.132038, 1.005858, 1.351751
11.411633, 2.519562, -3.660111, 0.870726, 0.151024, 1.016436, 1.351749
11.419800, 2.517226, -3.664808, 0.879103, 0.157353, 1.019962, 1.351748
11.443779, 2.510219, -3.678901, 0.904236, 0.176340, 1.030540, 1.351745
11.451943, 2.507884, -3.683599, 0.912613, 0.182669, 1.034067, 1.351744
11.476113, 2.500877, -3.697692, 0.937746, 0.201655, 1.044645, 1.351741
11.483933, 2.498541, -3.702390, 0.946124, 0.207984, 1.048171, 1.351741
11.508081, 2.491534, -3.716483, 0.971257, 0.226970, 1.058749, 1.351738
11.516067, 2.489198, -3.721181, 0.979634, 0.233299, 1.062275, 1.351737
11.540247, 2.482191, -3.735274, 1.004767, 0.252286, 1.072854, 1.351734
11.548211, 2.479856, -3.739972, 1.013144, 0.258615, 1.076380, 1.351733
11.572232, 2.472849, -3.754065, 1.038277, 0.277601, 1.086958, 1.351731
11.580356, 2.470513, -3.758762, 1.046655, 0.283930, 1.090484, 1.351730
11.604548, 2.463537, -3.772793, 1.071676, 0.302832, 1.101016, 1.351727
11.612507, 2.461254, -3.777386, 1.079867, 0.309020, 1.104464, 1.351726
11.636508, 2.454552, -3.790866, 1.103906, 0.327180, 1.114581, 1.351724
11.644638, 2.452367, -3.795259, 1.111740, 0.333099, 1.117879, 1.351723
11.668680, 2.445964, -3.808137, 1.134707, 0.350449, 1.127545, 1.351720
11.676678, 2.443880, -3.812330, 1.142183, 0.356097, 1.130692, 1.351720
11.700937, 2.437776, -3.824607, 1.164078, 0.372637, 1.139907, 1.351717
11.708954, 2.435791, -3.828599, 1.171197, 0.378015, 1.142904, 1.351716
11.732952, 2.429986, -3.840275, 1.192019, 0.393745, 1.151668, 1.351714
11.740946, 2.428101, -3.844067, 1.198780, 0.398853, 1.154514, 1.351714
11.765063, 2.422595, -3.855141, 1.218530, 0.413773, 1.162826, 1.351711
11.773072, 2.420809, -3.858732, 1.224934, 0.418611, 1.165522, 1.351711
11.797262, 2.415602, -3.869205, 1.243611, 0.432720, 1.173383, 1.351709
11.805250, 2.413916, -3.872596, 1.249658, 0.437289, 1.175928, 1.351708
11.829262, 2.409008, -3.882468, 1.267263, 0.450588, 1.183338, 1.351706
11.837232, 2.407422, -3.885658, 1.272952, 0.454886, 1.185733, 1.351706
11.861254, 2.402813, -3.894929, 1.289485, 0.467376, 1.192691, 1.351704
11.869259, 2.401326, -3.897919, 1.294817, 0.471404, 1.194936, 1.351703
11.893416, 2.397016, -3.906588, 1.310277, 0.483083, 1.201443, 1.351702
11.901491, 2.395629, -3.909378, 1.315252, 0.486841, 1.203536, 1.351701
11.925545, 2.391618, -3.917445, 1.329639, 0.497710, 1.209592, 1.351699
11.933510, 2.390330, -3.920035, 1.334257, 0.501198, 1.211536, 1.351699
11.957677, 2.386618, -3.927501, 1.347572, 0.511257, 1.217140, 1.351698
11.965624, 2.385430, -3.929890, 1.351832, 0.514475, 1.218933, 1.351697
11.989794, 2.382017, -3.936755, 1.364075, 0.523724, 1.224086, 1.351696
11.997905, 2.380929, -3.938943, 1.367977, 0.526672, 1.225729, 1.351695
12.021789, 2.377815, -3.945207, 1.379148, 0.535111, 1.230430, 1.351694
12.029944, 2.376827, -3.947195, 1.382693, 0.537789, 1.231922, 1.351694
12.053975, 2.374011, -3.952858, 1.392791, 0.545418, 1.236173, 1.351693
12.062160, 2.373122, -3.954645, 1.395979, 0.547826, 1.237514, 1.351692
12.086125, 2.370606, -3.959706, 1.405005, 0.554645, 1.241313, 1.351691
12.094081, 2.369817, -3.961293, 1.407835, 0.556783, 1.242505, 1.351691
12.118220, 2.367600, -3.965753, 1.415788, 0.562791, 1.245852, 1.351690
12.126215, 2.366910, -3.967140, 1.418261, 0.564659, 1.246893, 1.351690
12.150364, 2.364992, -3.970999, 1.425142, 0.569858, 1.249789, 1.351689
12.158395, 2.364402, -3.972185, 1.427257, 0.571456, 1.250680, 1.351689
12.182415, 2.362782, -3.975442, 1.433066, 0.575844, 1.253125, 1.351688
12.190387, 2.362292, -3.976428, 1.434824, 0.577172, 1.253864, 1.351688
12.214545, 2.360972, -3.979084, 1.439561, 0.580750, 1.255858, 1.351688
12.222666, 2.360581, -3.979869, 1.440961, 0.581808, 1.256447, 1.351688
12.246693, 2.359560, -3.981924, 1.444626, 0.584576, 1.257990, 1.351687
12.254813, 2.359269, -3.982508, 1.445668, 0.585364, 1.258429, 1.351687
12.278865, 2.358546, -3.983962, 1.448260, 0.587322, 1.259520, 1.351687
12.286814, 2.358355, -3.984346, 1.448946, 0.587840, 1.259808, 1.351687
12.310995, 2.357932, -3.985198, 1.450465, 0.588988, 1.260448, 1.351687
12.318979, 2.357840, -3.985382, 1.450793, 0.589236, 1.260586, 1.351686
12.343039, 2.357715, -3.985633, 1.451241, 0.589574, 1.260774, 1.351686
12.350976, 2.357715, -3.985603, 1.451248, 0.589575, 1.260775, 1.351686
12.375162, 2.357715, -3.984978, 1.451373, 0.589574, 1.260775, 1.351686
12.383155, 2.357714, -3.984591, 1.451450, 0.589574, 1.260775, 1.351686
12.407429, 2.357713, -3.982894, 1.451788, 0.589572, 1.260775, 1.351686
12.415387, 2.357713, -3.982149, 1.451936, 0.589572, 1.260775, 1.351686
12.439439, 2.357711, -3.979380, 1.452488, 0.589569, 1.260775, 1.351686
12.447273, 2.357710, -3.978278, 1.452708, 0.589568, 1.260775, 1.351686
12.471583, 2.357708, -3.974436, 1.453473, 0.589565, 1.260775, 1.351686
12.479422, 2.357707, -3.972977, 1.453764, 0.589563, 1.260775, 1.351686
12.503556, 2.357704, -3.968063, 1.454743, 0.589559, 1.260775, 1.351686
12.511733, 2.357702, -3.966246, 1.455105, 0.589557, 1.260775, 1.351686
12.535698, 2.357698, -3.960259, 1.456298, 0.589552, 1.260775, 1.351686
12.543729, 2.357697, -3.958085, 1.456731, 0.589550, 1.260775, 1.351686
12.567847, 2.357692, -3.951026, 1.458138, 0.589543, 1.260775, 1.351686
12.575866, 2.357691, -3.948494, 1.458642, 0.589541, 1.260775, 1.351686
12.599843, 2.357685, -3.940363, 1.460262, 0.589534, 1.260775, 1.351686
12.607968, 2.357683, -3.937474, 1.460838, 0.589531, 1.260775, 1.351686
12.631960, 2.357677, -3.928271, 1.462672, 0.589523, 1.260775, 1.351686
12.640148, 2.357675, -3.925024, 1.463319, 0.589520, 1.260775, 1.351686
12.664165, 2.357669, -3.914748, 1.465366, 0.589510, 1.260775, 1.351685
12.672154, 2.357666, -3.911144, 1.466084, 0.589507, 1.260775, 1.351685
12.696309, 2.357659, -3.899796, 1.468346, 0.589497, 1.260775, 1.351685
12.704303, 2.357656, -3.895835, 1.469135, 0.589493, 1.260775, 1.351685
12.728453, 2.357648, -3.883414, 1.471610, 0.589482, 1.260775, 1.351685
12.736295, 2.357645, -3.879095, 1.472470, 0.589478, 1.260775, 1.351685
12.760445, 2.357636, -3.865602, 1.475159, 0.589465, 1.260775, 1.351685
12.768559, 2.357633, -3.860926, 1.476090, 0.589461, 1.260775, 1.351685
12.792569, 2.357624, -3.846361, 1.478993, 0.589448, 1.260775, 1.351685
12.800722, 2.357620, -3.841327, 1.479996, 0.589443, 1.260775, 1.351684
12.824733, 2.357610, -3.825689, 1.483111, 0.589429, 1.260775, 1.351684
12.832690, 2.357607, -3.820298, 1.484186, 0.589424, 1.260775, 1.351684
12.856909, 2.357596, -3.803588, 1.487515, 0.589409, 1.260775, 1.351684
12.864720, 2.357592, -3.797840, 1.488661, 0.589404, 1.260775, 1.351684
12.889029, 2.357580, -3.780058, 1.492204, 0.589388, 1.260775, 1.351684
12.897029, 2.357576, -3.773951, 1.493420, 0.589382, 1.260775, 1.351684
12.921032, 2.357564, -3.755097, 1.497177, 0.589365, 1.260775, 1.351683
12.929028, 2.357560, -3.748633, 1.498465, 0.589359, 1.260775, 1.351683
12.953175, 2.357546, -3.728707, 1.502436, 0.589341, 1.260775, 1.351683
12.961158, 2.357542, -3.721886, 1.503795, 0.589335, 1.260775, 1.351683
12.985337, 2.357528, -3.700886, 1.507979, 0.589316, 1.260775, 1.351683
12.993304, 2.357524, -3.693708, 1.509409, 0.589309, 1.260775, 1.351682
13.017442, 2.357509, -3.671636, 1.513807, 0.589289, 1.260775, 1.351682
13.025428, 2.357504, -3.664101, 1.515309, 0.589282, 1.260775, 1.351682
13.049473, 2.357489, -3.640957, 1.519920, 0.589261, 1.260775, 1.351682
13.057590, 2.357484, -3.633063, 1.521493, 0.589254, 1.260775, 1.351682
13.081599, 2.357468, -3.608847, 1.526318, 0.589232, 1.260775, 1.351681
13.089561, 2.357462, -3.600596, 1.527962, 0.589224, 1.260775, 1.351681
13.113596, 2.357446, -3.575501, 1.532962, 0.589201, 1.260775, 1.351681
13.121702, 2.357440, -3.567124, 1.534631, 0.589194, 1.260775, 1.351681
13.145901, 2.357424, -3.541991, 1.539639, 0.589171, 1.260775, 1.351680
13.153833, 2.357418, -3.533614, 1.541308, 0.589163, 1.260775, 1.351680
13.177854, 2.357402, -3.508481, 1.546316, 0.589140, 1.260775, 1.351680
13.185955, 2.357396, -3.500103, 1.547986, 0.589133, 1.260775, 1.351680
13.210172, 2.357380, -3.474970, 1.552993, 0.589110, 1.260775, 1.351680
13.218126, 2.357374, -3.466593, 1.554663, 0.589102, 1.260775, 1.351679
13.242178, 2.357358, -3.441460, 1.559670, 0.589079, 1.260775, 1.351679
13.250171, 2.357352, -3.433083, 1.561340, 0.589072, 1.260775, 1.351679
13.274304, 2.357336, -3.407950, 1.566347, 0.589049, 1.260775, 1.351679
13.282279, 2.357330, -3.399572, 1.568017, 0.589041, 1.260775, 1.351679
13.306464, 2.357314, -3.374440, 1.573024, 0.589018, 1.260775, 1.351678
13.314421, 2.357308, -3.366062, 1.574694, 0.589011, 1.260775, 1.351678
13.338454, 2.357292, -3.340929, 1.579701, 0.588988, 1.260775, 1.351678
13.346464, 2.357286, -3.332552, 1.581371, 0.588980, 1.260775, 1.351678
13.370611, 2.357270, -3.307419, 1.586378, 0.588957, 1.260775, 1.351677
13.378598, 2.357264, -3.299041, 1.588048, 0.588950, 1.260775, 1.351677
13.402780, 2.357248, -3.273909, 1.593055, 0.588927, 1.260775, 1.351677
13.410759, 2.357242, -3.265531, 1.594725, 0.588919, 1.260775, 1.351677
13.434918, 2.357226, -3.240398, 1.599733, 0.588896, 1.260775, 1.351676
13.442901, 2.357220, -3.232021, 1.601402, 0.588889, 1.260775, 1.351676
13.467057, 2.357204, -3.206888, 1.606410, 0.588866, 1.260775, 1.351676
13.475037, 2.357198, -3.198510, 1.608079, 0.588858, 1.260775, 1.351676
13.499212, 2.357182, -3.173378, 1.613087, 0.588835, 1.260775, 1.351675
13.507175, 2.357176, -3.165000, 1.614756, 0.588828, 1.260775, 1.351675
13.531182, 2.357160, -3.139867, 1.619764, 0.588805, 1.260775, 1.351675
13.539339, 2.357155, -3.131490, 1.621433, 0.588797, 1.260775, 1.351675
13.563352, 2.357138, -3.106357, 1.626441, 0.588774, 1.260775, 1.351675
13.571330, 2.357133, -3.097979, 1.628110, 0.588767, 1.260775, 1.351674
13.595472, 2.357116, -3.072847, 1.633118, 0.588744, 1.260775, 1.351674
13.603463, 2.357111, -3.064469, 1.634787, 0.588736, 1.260775, 1.351674
13.627507, 2.357094, -3.039336, 1.639795, 0.588713, 1.260775, 1.351674
13.635470, 2.357089, -3.030959, 1.641464, 0.588706, 1.260775, 1.351674
13.659645, 2.357072, -3.005826, 1.646472, 0.588683, 1.260775, 1.351673
13.667632, 2.357067, -2.997448, 1.648141, 0.588675, 1.260775, 1.351673
13.691778, 2.357050, -2.972316, 1.653149, 0.588652, 1.260775, 1.351673
13.699758, 2.357045, -2.963938, 1.654818, 0.588645, 1.260775, 1.351673
13.723916, 2.357028, -2.938805, 1.659826, 0.588622, 1.260775, 1.351672
13.731914, 2.357023, -2.930428, 1.661495, 0.588614, 1.260775, 1.351672
13.756056, 2.357006, -2.905295, 1.666503, 0.588591, 1.260775, 1.351672
13.764030, 2.357001, -2.896917, 1.668172, 0.588584, 1.260775, 1.351672
13.788018, 2.356984, -2.871785, 1.673180, 0.588561, 1.260775, 1.351671
13.796195, 2.356979, -2.863407, 1.674849, 0.588553, 1.260775, 1.351671
13.820234, 2.356962, -2.838274, 1.679857, 0.588530, 1.260775, 1.351671
13.828160, 2.356957, -2.829897, 1.681526, 0.588523, 1.260775, 1.351671
13.852369, 2.356940, -2.804764, 1.686534, 0.588500, 1.260775, 1.351670
13.860341, 2.356935, -2.796386, 1.688203, 0.588492, 1.260775, 1.351670
13.884517, 2.356918, -2.771254, 1.693211, 0.588469, 1.260775, 1.351670
13.892488, 2.356913, -2.762876, 1.694880, 0.588462, 1.260775, 1.351670
13.916631, 2.356896, -2.737743, 1.699888, 0.588439, 1.260775, 1.351670
13.924638, 2.356891, -2.729366, 1.701557, 0.588431, 1.260775, 1.351669
13.948656, 2.356874, -2.704233, 1.706565, 0.588408, 1.260775, 1.351669
13.956782, 2.356869, -2.695856, 1.708234, 0.588401, 1.260775, 1.351669
13.980923, 2.356852, -2.670723, 1.713242, 0.588378, 1.260775, 1.351669
13.988923, 2.356847, -2.662345, 1.714911, 0.588370, 1.260775, 1.351669
14.013059, 2.356830, -2.637212, 1.719919, 0.588347, 1.260775, 1.351668
14.021048, 2.356825, -2.628835, 1.721588, 0.588340, 1.260775, 1.351668
14.045055, 2.356808, -2.603702, 1.726596, 0.588317, 1.260775, 1.351668
14.053032, 2.356803, -2.595325, 1.728265, 0.588309, 1.260775, 1.351668
14.077243, 2.356786, -2.570192, 1.733273, 0.588286, 1.260775, 1.351667
14.085227, 2.356781, -2.561814, 1.734942, 0.588279, 1.260775, 1.351667
14.109269, 2.356764, -2.536681, 1.739950, 0.588256, 1.260775, 1.351667
14.117223, 2.356759, -2.528304, 1.741619, 0.588248, 1.260775, 1.351667
14.141365, 2.356742, -2.503171, 1.746627, 0.588225, 1.260775, 1.351666
14.149350, 2.356737, -2.494794, 1.748297, 0.588218, 1.260775, 1.351666
14.173521, 2.356720, -2.469661, 1.753304, 0.588195, 1.260775, 1.351666
14.181503, 2.356715, -2.461283, 1.754974, 0.588187, 1.260775, 1.351666
14.205679, 2.356698, -2.436151, 1.759981, 0.588164, 1.260775, 1.351665
14.213639, 2.356693, -2.427773, 1.761651, 0.588157, 1.260775, 1.351665
14.237796, 2.356676, -2.402640, 1.766658, 0.588134, 1.260775, 1.351665
14.245794, 2.356671, -2.394263, 1.768328, 0.588126, 1.260775, 1.351665
14.269797, 2.356654, -2.369130, 1.773335, 0.588103, 1.260775, 1.351665
14.277897, 2.356649, -2.360752, 1.775005, 0.588096, 1.260775, 1.351664
14.301945, 2.356632, -2.335620, 1.780012, 0.588073, 1.260775, 1.351664
14.310083, 2.356627, -2.327242, 1.781682, 0.588065, 1.260775, 1.351664
14.334106, 2.356610, -2.302109, 1.786689, 0.588042, 1.260775, 1.351664
14.342062, 2.356605, -2.293732, 1.788359, 0.588035, 1.260775, 1.351664
14.366065, 2.356588, -2.268599, 1.793366, 0.588012, 1.260775, 1.351663
14.374205, 2.356583, -2.260221, 1.795036, 0.588004, 1.260775, 1.351663
14.398244, 2.356566, -2.235089, 1.800044, 0.587981, 1.260775, 1.351663
14.406334, 2.356561, -2.226711, 1.801713, 0.587973, 1.260775, 1.351663
14.430484, 2.356544, -2.201578, 1.806721, 0.587951, 1.260775, 1.351662
14.438365, 2.356539, -2.193201, 1.808390, 0.587943, 1.260775, 1.351662
14.462507, 2.356522, -2.168068, 1.813398, 0.587920, 1.260775, 1.351662
14.470513, 2.356517, -2.159690, 1.815067, 0.587912, 1.260775, 1.351662
14.494675, 2.356500, -2.134558, 1.820075, 0.587890, 1.260775, 1.351661
14.502645, 2.356495, -2.126180, 1.821744, 0.587882, 1.260775, 1.351661
14.526674, 2.356478, -2.101047, 1.826752, 0.587859, 1.260775, 1.351661
14.534791, 2.356473, -2.092670, 1.828421, 0.587851, 1.260775, 1.351661
14.558799, 2.356456, -2.067537, 1.833429, 0.587829, 1.260775, 1.351660
14.566766, 2.356451, -2.059159, 1.835098, 0.587821, 1.260775, 1.351660
14.590958, 2.356434, -2.034027, 1.840106, 0.587798, 1.260775, 1.351660
14.598920, 2.356429, -2.025649, 1.841775, 0.587790, 1.260775, 1.351660
14.623106, 2.356412, -2.000516, 1.846783, 0.587768, 1.260775, 1.351660
14.631082, 2.356407, -1.992139, 1.848452, 0.587760, 1.260775, 1.351659
14.655258, 2.356390, -1.967006, 1.853460, 0.587737, 1.260775, 1.351659
14.663083, 2.356385, -1.958628, 1.855129, 0.587729, 1.260775, 1.351659
14.687265, 2.356368, -1.933496, 1.860137, 0.587707, 1.260775, 1.351659
14.695263, 2.356363, -1.925118, 1.861806, 0.587699, 1.260775, 1.351659
14.719403, 2.356346, -1.899985, 1.866814, 0.587676, 1.260775, 1.351658
14.727382, 2.356341, -1.891608, 1.868483, 0.587668, 1.260775, 1.351658
14.751542, 2.356324, -1.866475, 1.873491, 0.587646, 1.260775, 1.351658
14.759520, 2.356319, -1.858097, 1.875160, 0.587638, 1.260775, 1.351658
14.783661, 2.356302, -1.832965, 1.880168, 0.587615, 1.260775, 1.351657
14.791675, 2.356297, -1.824587, 1.881837, 0.587607, 1.260775, 1.351657
14.815793, 2.356280, -1.799454, 1.886845, 0.587585, 1.260775, 1.351657
14.823883, 2.356275, -1.791077, 1.888514, 0.587577, 1.260775, 1.351657
14.847831, 2.356258, -1.765944, 1.893522, 0.587554, 1.260775, 1.351656
14.855957, 2.356253, -1.757567, 1.895191, 0.587546, 1.260775, 1.351656
14.879806, 2.356236, -1.732434, 1.900199, 0.587524, 1.260775, 1.351656
14.887965, 2.356231, -1.724056, 1.901868, 0.587516, 1.260775, 1.351656
14.912083, 2.356214, -1.698923, 1.906876, 0.587493, 1.260775, 1.351656
14.920117, 2.356209, -1.690546, 1.908545, 0.587485, 1.260775, 1.351655
14.944134, 2.356192, -1.665413, 1.913553, 0.587463, 1.260775, 1.351655
14.952129, 2.356187, -1.657036, 1.915222, 0.587455, 1.260775, 1.351655
14.976300, 2.356170, -1.631903, 1.920230, 0.587432, 1.260775, 1.351655
14.984396, 2.356165, -1.623525, 1.921899, 0.587424, 1.260775, 1.351654
15.008577, 2.356148, -1.598392, 1.926907, 0.587401, 1.260775, 1.351654
15.016401, 2.356143, -1.590015, 1.928576, 0.587394, 1.260775, 1.351654
15.040549, 2.356126, -1.564882, 1.933584, 0.587371, 1.260775, 1.351654
15.048515, 2.356121, -1.556505, 1.935253, 0.587363, 1.260775, 1.351654
15.072702, 2.356104, -1.531372, 1.940261, 0.587340, 1.260775, 1.351653
15.080705, 2.356099, -1.522994, 1.941930, 0.587333, 1.260775, 1.351653
15.104881, 2.356082, -1.497862, 1.946938, 0.587310, 1.260775, 1.351653
15.112853, 2.356077, -1.489484, 1.948608, 0.587302, 1.260775, 1.351653
15.136880, 2.356060, -1.464351, 1.953615, 0.587279, 1.260775, 1.351652
15.144856, 2.356055, -1.455974, 1.955285, 0.587272, 1.260775, 1.351652
15.169004, 2.356038, -1.430841, 1.960292, 0.587249, 1.260775, 1.351652
15.177003, 2.356033, -1.422463, 1.961962, 0.587241, 1.260775, 1.351652
15.201146, 2.356016, -1.397331, 1.966969, 0.587218, 1.260775, 1.351651
15.209134, 2.356011, -1.388953, 1.968639, 0.587211, 1.260775, 1.351651
15.233313, 2.355994, -1.363820, 1.973646, 0.587188, 1.260775, 1.351651
15.241270, 2.355989, -1.355443, 1.975316, 0.587180, 1.260775, 1.351651
15.265305, 2.355972, -1.330310, 1.980323, 0.587157, 1.260775, 1.351651
15.273259, 2.355967, -1.321932, 1.981993, 0.587150, 1.260775, 1.351650
15.297438, 2.355950, -1.296800, 1.987000, 0.587127, 1.260775, 1.351650
15.305405, 2.355945, -1.288422, 1.988670, 0.587119, 1.260775, 1.351650
15.329577, 2.355928, -1.263289, 1.993677, 0.587096, 1.260775, 1.351650
15.337555, 2.355923, -1.254912, 1.995347, 0.587089, 1.260775, 1.351649
15.361741, 2.355906, -1.229779, 2.000355, 0.587066, 1.260775, 1.351649
15.369715, 2.355901, -1.221401, 2.002024, 0.587058, 1.260775, 1.351649
15.393716, 2.355884, -1.196269, 2.007032, 0.587035, 1.260775, 1.351649
15.401847, 2.355879, -1.187891, 2.008701, 0.587028, 1.260775, 1.351649
15.425841, 2.355862, -1.162758, 2.013709, 0.587005, 1.260775, 1.351648
15.434011, 2.355857, -1.154381, 2.015378, 0.586997, 1.260775, 1.351648
15.457994, 2.355840, -1.129248, 2.020386, 0.586974, 1.260775, 1.351648
15.466009, 2.355835, -1.120870, 2.022055, 0.586967, 1.260775, 1.351648
15.489993, 2.355818, -1.095738, 2.027063, 0.586944, 1.260775, 1.351647
15.498137, 2.355813, -1.087360, 2.028732, 0.586936, 1.260775, 1.351647
15.522135, 2.355796, -1.062227, 2.033740, 0.586913, 1.260775, 1.351647
15.530263, 2.355791, -1.053850, 2.035409, 0.586906, 1.260775, 1.351647
15.554400, 2.355774, -1.028717, 2.040417, 0.586883, 1.260775, 1.351646
15.562383, 2.355769, -1.020339, 2.042086, 0.586875, 1.260775, 1.351646
15.586575, 2.355752, -0.995207, 2.047094, 0.586852, 1.260775, 1.351646
15.594433, 2.355747, -0.986829, 2.048763, 0.586845, 1.260775, 1.351646
15.618571, 2.355730, -0.961696, 2.053771, 0.586822, 1.260775, 1.351646
15.626725, 2.355725, -0.953319, 2.055440, 0.586814, 1.260775, 1.351645
15.650809, 2.355708, -0.928186, 2.060448, 0.586791, 1.260775, 1.351645
15.658745, 2.355703, -0.919808, 2.062117, 0.586784, 1.260775, 1.351645
15.682898, 2.355686, -0.894676, 2.067125, 0.586761, 1.260775, 1.351645
15.690884, 2.355681, -0.886298, 2.068794, 0.586753, 1.260775, 1.351645
15.715035, 2.355664, -0.861165, 2.073802, 0.586730, 1.260775, 1.351644
15.723022, 2.355659, -0.852788, 2.075471, 0.586723, 1.260775, 1.351644
15.747038, 2.355642, -0.827655, 2.080479, 0.586700, 1.260775, 1.351644
15.755157, 2.355637, -0.819277, 2.082148, 0.586692, 1.260775, 1.351644
15.779178, 2.355620, -0.794145, 2.087156, 0.586669, 1.260775, 1.351643
15.787151, 2.355615, -0.785767, 2.088825, 0.586662, 1.260775, 1.351643
15.811336, 2.355599, -0.761014, 2.093757, 0.586639, 1.260775, 1.351643
15.819262, 2.355593, -0.752942, 2.095366, 0.586632, 1.260775, 1.351643
15.843468, 2.355578, -0.729260, 2.100084, 0.586610, 1.260775, 1.351642
15.851442, 2.355573, -0.721545, 2.101622, 0.586603, 1.260775, 1.351642
15.875497, 2.355558, -0.698937, 2.106126, 0.586583, 1.260775, 1.351642
15.883454, 2.355553, -0.691579, 2.107592, 0.586576, 1.260775, 1.351642
15.907624, 2.355539, -0.670043, 2.111884, 0.586556, 1.260775, 1.351642
15.915611, 2.355534, -0.663042, 2.113278, 0.586550, 1.260775, 1.351641
15.939621, 2.355521, -0.642578, 2.117356, 0.586531, 1.260775, 1.351641
15.947606, 2.355517, -0.635936, 2.118680, 0.586525, 1.260775, 1.351641
15.971900, 2.355504, -0.616544, 2.122543, 0.586508, 1.260775, 1.351641
15.979885, 2.355500, -0.610259, 2.123796, 0.586502, 1.260775, 1.351641
16.004027, 2.355488, -0.591939, 2.127446, 0.586485, 1.260775, 1.351641
16.012029, 2.355484, -0.586011, 2.128627, 0.586480, 1.260775, 1.351640
16.036019, 2.355473, -0.568764, 2.132064, 0.586464, 1.260775, 1.351640
16.044027, 2.355469, -0.563194, 2.133174, 0.586459, 1.260775, 1.351640
16.068173, 2.355458, -0.547019, 2.136397, 0.586444, 1.260775, 1.351640
16.076168, 2.355455, -0.541806, 2.137435, 0.586440, 1.260775, 1.351640
16.100322, 2.355445, -0.526704, 2.140444, 0.586426, 1.260775, 1.351640
16.108327, 2.355442, -0.521848, 2.141412, 0.586421, 1.260775, 1.351640
16.132434, 2.355433, -0.507818, 2.144207, 0.586409, 1.260775, 1.351639
16.140491, 2.355430, -0.503320, 2.145104, 0.586405, 1.260775, 1.351639
16.164499, 2.355421, -0.490362, 2.147686, 0.586393, 1.260775, 1.351639
16.172492, 2.355418, -0.486222, 2.148511, 0.586389, 1.260775, 1.351639
16.196628, 2.355411, -0.474336, 2.150879, 0.586378, 1.260775, 1.351639
16.204650, 2.355408, -0.470553, 2.151633, 0.586375, 1.260775, 1.351639
16.228770, 2.355401, -0.459740, 2.153787, 0.586365, 1.260775, 1.351639
16.236766, 2.355399, -0.456314, 2.154470, 0.586362, 1.260775, 1.351639
16.260782, 2.355392, -0.446573, 2.156411, 0.586353, 1.260775, 1.351639
16.268527, 2.355390, -0.443505, 2.157022, 0.586350, 1.260775, 1.351639
16.292894, 2.355385, -0.434836, 2.158749, 0.586342, 1.260775, 1.351638
16.301024, 2.355383, -0.432126, 2.159289, 0.586340, 1.260775, 1.351638
16.325079, 2.355378, -0.424529, 2.160803, 0.586333, 1.260775, 1.351638
16.333035, 2.355376, -0.422176, 2.161272, 0.586331, 1.260775, 1.351638
16.357209, 2.355372, -0.415652, 2.162572, 0.586325, 1.260775, 1.351638
16.365224, 2.355371, -0.413656, 2.162969, 0.586323, 1.260775, 1.351638
16.389393, 2.355367, -0.408205, 2.164056, 0.586318, 1.260775, 1.351638
16.397375, 2.355366, -0.406566, 2.164382, 0.586316, 1.260775, 1.351638
16.421503, 2.355363, -0.402187, 2.165255, 0.586313, 1.260775, 1.351638
16.429494, 2.355362, -0.400906, 2.165510, 0.586311, 1.260775, 1.351638
16.453500, 2.355360, -0.397599, 2.166169, 0.586308, 1.260775, 1.351638
16.461487, 2.355360, -0.396676, 2.166353, 0.586307, 1.260775, 1.351638
16.485661, 2.355358, -0.394441, 2.166798, 0.586305, 1.260775, 1.351638
16.493638, 2.355358, -0.393875, 2.166911, 0.586305, 1.260775, 1.351638
16.517798, 2.355357, -0.392713, 2.167142, 0.586304, 1.260775, 1.351638
16.525770, 2.355357, -0.392504, 2.167184, 0.586304, 1.260775, 1.351638
16.549794, 2.355362, -0.392358, 2.167153, 0.586251, 1.260745, 1.351638
16.557883, 2.355377, -0.392370, 2.167005, 0.586123, 1.260674, 1.351638
16.581920, 2.355470, -0.392446, 2.166022, 0.585275, 1.260201, 1.351638
16.590035, 2.355518, -0.392485, 2.165516, 0.584839, 1.259957, 1.351638
16.614067, 2.355714, -0.392643, 2.163461, 0.583066, 1.258967, 1.351639
16.622171, 2.355796, -0.392710, 2.162598, 0.582321, 1.258552, 1.351639
16.646361, 2.356093, -0.392952, 2.159471, 0.579624, 1.257046, 1.351639
16.654314, 2.356210, -0.393046, 2.158249, 0.578570, 1.256458, 1.351640
16.678228, 2.356609, -0.393370, 2.154050, 0.574948, 1.254435, 1.351640
16.686320, 2.356759, -0.393492, 2.152471, 0.573586, 1.253675, 1.351641
16.710323, 2.357261, -0.393900, 2.147200, 0.569038, 1.251136, 1.351642
16.718422, 2.357445, -0.394049, 2.145264, 0.567368, 1.250204, 1.351642
16.742619, 2.358049, -0.394539, 2.138920, 0.561896, 1.247149, 1.351643
16.750629, 2.358267, -0.394716, 2.136626, 0.559917, 1.246044, 1.351644
16.774631, 2.358972, -0.395289, 2.129210, 0.553519, 1.242473, 1.351645
16.782610, 2.359225, -0.395494, 2.126559, 0.551233, 1.241196, 1.351646
16.806839, 2.360032, -0.396150, 2.118070, 0.543910, 1.237108, 1.351647
16.814751, 2.360318, -0.396382, 2.115062, 0.541315, 1.235660, 1.351648
16.838938, 2.361228, -0.397121, 2.105501, 0.533067, 1.231055, 1.351650
16.846983, 2.361548, -0.397381, 2.102135, 0.530163, 1.229434, 1.351650
16.871116, 2.362560, -0.398202, 2.091502, 0.520991, 1.224314, 1.351652
16.878932, 2.362914, -0.398490, 2.087778, 0.517779, 1.222521, 1.351653
16.903044, 2.364028, -0.399394, 2.076073, 0.507681, 1.216883, 1.351655
16.911066, 2.364416, -0.399709, 2.071992, 0.504161, 1.214918, 1.351656
16.935203, 2.365632, -0.400696, 2.059214, 0.493138, 1.208765, 1.351659
16.943222, 2.366054, -0.401039, 2.054776, 0.489309, 1.206628, 1.351660
16.967413, 2.367372, -0.402109, 2.040925, 0.477361, 1.199958, 1.351662
16.975363, 2.367828, -0.402479, 2.036130, 0.473225, 1.197648, 1.351663
16.999388, 2.369248, -0.403632, 2.021207, 0.460352, 1.190462, 1.351666
17.007497, 2.369738, -0.404030, 2.016054, 0.455906, 1.187980, 1.351667
17.031517, 2.371260, -0.405265, 2.000059, 0.442108, 1.180277, 1.351670
17.039502, 2.371784, -0.405691, 1.994549, 0.437355, 1.177624, 1.351671
17.063653, 2.373408, -0.407009, 1.977481, 0.422632, 1.169405, 1.351674
17.071654, 2.373966, -0.407463, 1.971613, 0.417570, 1.166579, 1.351676
17.095805, 2.375692, -0.408864, 1.953474, 0.401922, 1.157843, 1.351679
17.103786, 2.376284, -0.409345, 1.947248, 0.396551, 1.154845, 1.351680
17.127928, 2.378112, -0.410829, 1.928036, 0.379978, 1.145593, 1.351684
17.135933, 2.378738, -0.411337, 1.921454, 0.374300, 1.142423, 1.351685
17.159954, 2.380668, -0.412904, 1.901169, 0.356802, 1.132655, 1.351689
17.168054, 2.381329, -0.413440, 1.894229, 0.350815, 1.129313, 1.351690
17.192058, 2.383360, -0.415090, 1.872872, 0.332391, 1.119028, 1.351695
17.200220, 2.384055, -0.415653, 1.865575, 0.326096, 1.115514, 1.351696
17.224419, 2.386189, -0.417386, 1.843146, 0.306748, 1.104712, 1.351700
17.232254, 2.386917, -0.417977, 1.835491, 0.300144, 1.101026, 1.351702
17.256205, 2.389153, -0.419792, 1.811989, 0.279871, 1.089708, 1.351706
17.264399, 2.389915, -0.420411, 1.803977, 0.272959, 1.085850, 1.351708
17.288408, 2.392253, -0.422310, 1.779403, 0.251761, 1.074016, 1.351713
17.296388, 2.393049, -0.422955, 1.771041, 0.244547, 1.069989, 1.351714
17.320691, 2.395440, -0.424897, 1.745908, 0.222866, 1.057885, 1.351719
17.328510, 2.396237, -0.425544, 1.737530, 0.215639, 1.053851, 1.351721
17.352683, 2.398628, -0.427485, 1.712398, 0.193959, 1.041748, 1.351726
17.360626, 2.399425, -0.428132, 1.704020, 0.186732, 1.037713, 1.351727
17.384684, 2.401816, -0.430074, 1.678887, 0.165051, 1.025610, 1.351732
17.392798, 2.402613, -0.430721, 1.670510, 0.157824, 1.021576, 1.351734
17.416985, 2.405004, -0.432662, 1.645377, 0.136144, 1.009472, 1.351738
17.424927, 2.405801, -0.433309, 1.636999, 0.128917, 1.005438, 1.351740
17.449008, 2.408192, -0.435251, 1.611867, 0.107236, 0.993335, 1.351745
17.456956, 2.408989, -0.435898, 1.603489, 0.100009, 0.989300, 1.351747
17.481114, 2.411381, -0.437839, 1.578356, 0.078329, 0.977197, 1.351751
17.489067, 2.412178, -0.438486, 1.569979, 0.071102, 0.973163, 1.351753
17.513260, 2.414569, -0.440428, 1.544846, 0.049421, 0.961059, 1.351758
17.521236, 2.415366, -0.441075, 1.536468, 0.042194, 0.957025, 1.351759
17.545220, 2.417757, -0.443016, 1.511336, 0.020514, 0.944922, 1.351764
17.553410, 2.418554, -0.443663, 1.502958, 0.013287, 0.940887, 1.351766
17.577408, 2.420945, -0.445605, 1.477825, -0.008394, 0.928784, 1.351771
17.585397, 2.421742, -0.446252, 1.469448, -0.015620, 0.924750, 1.351772
17.609519, 2.424133, -0.448193, 1.444315, -0.037301, 0.912647, 1.351777
17.617541, 2.424930, -0.448840, 1.435937, -0.044528, 0.908612, 1.351779
17.641711, 2.427321, -0.450781, 1.410805, -0.066209, 0.896509, 1.351784
17.649664, 2.428119, -0.451429, 1.402427, -0.073435, 0.892474, 1.351785
17.673856, 2.430510, -0.453370, 1.377294, -0.095116, 0.880371, 1.351790
17.681671, 2.431307, -0.454017, 1.368917, -0.102343, 0.876337, 1.351792
17.705875, 2.433698, -0.455958, 1.343784, -0.124024, 0.864234, 1.351797
17.713950, 2.434495, -0.456605, 1.335407, -0.131250, 0.860199, 1.351798
17.737994, 2.436886, -0.458547, 1.310274, -0.152931, 0.848096, 1.351803
17.745972, 2.437683, -0.459194, 1.301896, -0.160158, 0.844062, 1.351805
17.770143, 2.440074, -0.461135, 1.276763, -0.181839, 0.831958, 1.351810
17.778111, 2.440871, -0.461782, 1.268386, -0.189065, 0.827924, 1.351811
17.802139, 2.443262, -0.463724, 1.243253, -0.210746, 0.815821, 1.351816
17.810269, 2.444059, -0.464371, 1.234876, -0.217973, 0.811786, 1.351818
17.834403, 2.446450, -0.466312, 1.209743, -0.239653, 0.799683, 1.351822
17.842376, 2.447248, -0.466959, 1.201365, -0.246880, 0.795649, 1.351824
17.866393, 2.449639, -0.468901, 1.176232, -0.268561, 0.783545, 1.351829
17.874380, 2.450436, -0.469548, 1.167855, -0.275788, 0.779511, 1.351831
17.898578, 2.452827, -0.471489, 1.142722, -0.297468, 0.767408, 1.351835
17.906572, 2.453624, -0.472136, 1.134345, -0.304695, 0.763373, 1.351837
17.930711, 2.456015, -0.474078, 1.109212, -0.326376, 0.751270, 1.351842
17.938722, 2.456812, -0.474725, 1.100834, -0.333603, 0.747236, 1.351843
17.962730, 2.459203, -0.476666, 1.075702, -0.355283, 0.735132, 1.351848
17.970711, 2.460000, -0.477313, 1.067324, -0.362510, 0.731098, 1.351850
17.994878, 2.462391, -0.479255, 1.042191, -0.384191, 0.718995, 1.351855
18.003005, 2.463188, -0.479902, 1.033814, -0.391418, 0.714960, 1.351856
18.027008, 2.465580, -0.481843, 1.008681, -0.413098, 0.702857, 1.351861
18.035004, 2.466377, -0.482490, 1.000303, -0.420325, 0.698823, 1.351863
18.059139, 2.468768, -0.484431, 0.975171, -0.442006, 0.686720, 1.351868
18.067144, 2.469565, -0.485079, 0.966793, -0.449233, 0.682685, 1.351869
18.091298, 2.471956, -0.487020, 0.941660, -0.470913, 0.670582, 1.351874
18.099297, 2.472753, -0.487667, 0.933283, -0.478140, 0.666547, 1.351876
18.123298, 2.475144, -0.489608, 0.908150, -0.499821, 0.654444, 1.351881
18.131285, 2.475941, -0.490255, 0.899772, -0.507048, 0.650410, 1.351882
18.155602, 2.478332, -0.492197, 0.874640, -0.528728, 0.638307, 1.351887
18.163449, 2.479129, -0.492844, 0.866262, -0.535955, 0.634272, 1.351889
18.187598, 2.481520, -0.494785, 0.841129, -0.557636, 0.622169, 1.351894
18.195543, 2.482317, -0.495432, 0.832752, -0.564863, 0.618135, 1.351895
18.219597, 2.484709, -0.497374, 0.807619, -0.586543, 0.606031, 1.351900
18.227736, 2.485506, -0.498021, 0.799241, -0.593770, 0.601997, 1.351902
18.251743, 2.487897, -0.499962, 0.774109, -0.615451, 0.589894, 1.351906
18.259737, 2.488694, -0.500609, 0.765731, -0.622678, 0.585859, 1.351908
18.283854, 2.491085, -0.502551, 0.740598, -0.644358, 0.573756, 1.351913
18.291834, 2.491882, -0.503198, 0.732221, -0.651585, 0.569722, 1.351915
18.316021, 2.494273, -0.505139, 0.707088, -0.673266, 0.557618, 1.351919
18.324150, 2.495070, -0.505786, 0.698710, -0.680493, 0.553584, 1.351921
18.348292, 2.497461, -0.507728, 0.673578, -0.702173, 0.541481, 1.351926
18.356305, 2.498258, -0.508375, 0.665200, -0.709400, 0.537446, 1.351927
18.380197, 2.500649, -0.510316, 0.640067, -0.731081, 0.525343, 1.351932
18.388312, 2.501446, -0.510963, 0.631690, -0.738308, 0.521309, 1.351934
18.412270, 2.503838, -0.512905, 0.606557, -0.759988, 0.509205, 1.351939
18.420419, 2.504635, -0.513552, 0.598179, -0.767215, 0.505171, 1.351940
18.444471, 2.507026, -0.515493, 0.573047, -0.788896, 0.493068, 1.351945
18.452469, 2.507823, -0.516140, 0.564669, -0.796123, 0.489033, 1.351947
18.476593, 2.510214, -0.518081, 0.539536, -0.817803, 0.476930, 1.351952
18.484602, 2.511011, -0.518729, 0.531159, -0.825030, 0.472896, 1.351953
18.508758, 2.513402, -0.520670, 0.506026, -0.846711, 0.460793, 1.351958
18.516743, 2.514199, -0.521317, 0.497648, -0.853938, 0.456758, 1.351960
18.540876, 2.516590, -0.523258, 0.472516, -0.875618, 0.444655, 1.351965
18.548870, 2.517387, -0.523905, 0.464138, -0.882845, 0.440620, 1.351966
18.572881, 2.519778, -0.525847, 0.439005, -0.904526, 0.428517, 1.351971
18.581002, 2.520575, -0.526494, 0.430628, -0.911753, 0.424483, 1.351973
18.605202, 2.522967, -0.528435, 0.405495, -0.933433, 0.412380, 1.351978
18.613014, 2.523764, -0.529082, 0.397117, -0.940660, 0.408345, 1.351979
18.637190, 2.526155, -0.531024, 0.371985, -0.962341, 0.396242, 1.351984
18.645126, 2.526952, -0.531671, 0.363607, -0.969567, 0.392208, 1.351986
18.669348, 2.529343, -0.533612, 0.338474, -0.991248, 0.380104, 1.351990
18.676918, 2.530140, -0.534259, 0.330097, -0.998475, 0.376070, 1.351992
18.701323, 2.532531, -0.536201, 0.304964, -1.020156, 0.363967, 1.351997
18.709434, 2.533328, -0.536848, 0.296587, -1.027382, 0.359932, 1.351999
18.733621, 2.535719, -0.538789, 0.271454, -1.049063, 0.347829, 1.352003
18.741466, 2.536516, -0.539436, 0.263076, -1.056290, 0.343795, 1.352005
18.765626, 2.538896, -0.541369, 0.238058, -1.077871, 0.331747, 1.352010
18.773620, 2.539676, -0.542001, 0.229869, -1.084936, 0.327803, 1.352011
18.797745, 2.541962, -0.543858, 0.205836, -1.105668, 0.316229, 1.352016
18.805717, 2.542707, -0.544463, 0.198004, -1.112424, 0.312458, 1.352018
18.829878, 2.544892, -0.546236, 0.175044, -1.132231, 0.301401, 1.352022
18.837862, 2.545603, -0.546814, 0.167569, -1.138679, 0.297801, 1.352023
18.861888, 2.547685, -0.548504, 0.145681, -1.157560, 0.287260, 1.352028
18.869983, 2.548362, -0.549054, 0.138564, -1.163700, 0.283833, 1.352029
18.894044, 2.550343, -0.550662, 0.117748, -1.181657, 0.273809, 1.352033
18.902152, 2.550986, -0.551184, 0.110988, -1.187488, 0.270553, 1.352034
18.926175, 2.552864, -0.552709, 0.091245, -1.204519, 0.261045, 1.352038
18.934193, 2.553473, -0.553204, 0.084842, -1.210042, 0.257962, 1.352039
18.958172, 2.555250, -0.554646, 0.066171, -1.226149, 0.248971, 1.352043
18.966293, 2.555825, -0.555113, 0.060126, -1.231364, 0.246060, 1.352044
18.990303, 2.557499, -0.556472, 0.042528, -1.246545, 0.237585, 1.352048
18.998398, 2.558040, -0.556912, 0.036840, -1.251451, 0.234846, 1.352049
19.022502, 2.559613, -0.558188, 0.020314, -1.265708, 0.226887, 1.352052
19.030233, 2.560120, -0.558600, 0.014984, -1.270306, 0.224320, 1.352053
19.054600, 2.561590, -0.559794, -0.000470, -1.283637, 0.216878, 1.352056
19.062593, 2.562063, -0.560178, -0.005443, -1.287926, 0.214483, 1.352057
19.086750, 2.563431, -0.561289, -0.019825, -1.300333, 0.207557, 1.352060
19.094720, 2.563871, -0.561645, -0.024440, -1.304314, 0.205335, 1.352060
19.118941, 2.565137, -0.562673, -0.037749, -1.315795, 0.198925, 1.352063
19.126908, 2.565542, -0.563002, -0.042007, -1.319468, 0.196875, 1.352064
19.150913, 2.566706, -0.563947, -0.054244, -1.330024, 0.190982, 1.352066
19.159049, 2.567077, -0.564249, -0.058144, -1.333389, 0.189104, 1.352067
19.183093, 2.568139, -0.565111, -0.069309, -1.343020, 0.183727, 1.352069
19.191062, 2.568476, -0.565385, -0.072852, -1.346076, 0.182021, 1.352070
19.215238, 2.569437, -0.566164, -0.082944, -1.354783, 0.177161, 1.352072
19.223219, 2.569740, -0.566410, -0.086130, -1.357530, 0.175627, 1.352072
19.247365, 2.570598, -0.567107, -0.095150, -1.365311, 0.171283, 1.352074
19.254964, 2.570867, -0.567325, -0.097978, -1.367751, 0.169921, 1.352075
19.279371, 2.571623, -0.567939, -0.105925, -1.374607, 0.166094, 1.352076
19.287092, 2.571858, -0.568130, -0.108396, -1.376738, 0.164904, 1.352077
19.311627, 2.572512, -0.568661, -0.115271, -1.382669, 0.161593, 1.352078
19.319495, 2.572713, -0.568824, -0.117384, -1.384492, 0.160575, 1.352078
19.343661, 2.573265, -0.569273, -0.123187, -1.389498, 0.157781, 1.352079
19.351635, 2.573432, -0.569408, -0.124943, -1.391013, 0.156935, 1.352080
19.375623, 2.573882, -0.569774, -0.129674, -1.395093, 0.154657, 1.352081
19.383789, 2.574016, -0.569882, -0.131072, -1.396300, 0.153984, 1.352081
19.407938, 2.574364, -0.570164, -0.134730, -1.399456, 0.152222, 1.352082
19.415961, 2.574463, -0.570245, -0.135771, -1.400353, 0.151721, 1.352082
19.439941, 2.574709, -0.570444, -0.138357, -1.402584, 0.150475, 1.352082
19.447925, 2.574774, -0.570497, -0.139041, -1.403174, 0.150146, 1.352083
19.472071, 2.574918, -0.570614, -0.140554, -1.404479, 0.149417, 1.352083
19.480085, 2.574949, -0.570639, -0.140880, -1.404761, 0.149260, 1.352083
19.504225, 2.574991, -0.570673, -0.141322, -1.405141, 0.149048, 1.352083
19.512212, 2.574999, -0.570706, -0.141340, -1.405142, 0.149047, 1.352083
19.536330, 2.575169, -0.571337, -0.141682, -1.405142, 0.149048, 1.352083
19.544492, 2.575273, -0.571726, -0.141893, -1.405142, 0.149048, 1.352083
19.568391, 2.575730, -0.573429, -0.142815, -1.405142, 0.149048, 1.352083
19.576364, 2.575930, -0.574176, -0.143220, -1.405142, 0.149048, 1.352083
19.600535, 2.576675, -0.576951, -0.144723, -1.405142, 0.149049, 1.352083
19.608496, 2.576971, -0.578055, -0.145321, -1.405142, 0.149049, 1.352083
19.632662, 2.578003, -0.581903, -0.147405, -1.405142, 0.149050, 1.352082
19.640615, 2.578395, -0.583364, -0.148197, -1.405142, 0.149050, 1.352082
19.664837, 2.579715, -0.588285, -0.150862, -1.405142, 0.149051, 1.352082
19.672779, 2.580202, -0.590104, -0.151847, -1.405141, 0.149051, 1.352082
19.696963, 2.581810, -0.596096, -0.155093, -1.405141, 0.149053, 1.352081
19.704961, 2.582393, -0.598272, -0.156272, -1.405141, 0.149053, 1.352081
19.729114, 2.584288, -0.605337, -0.160099, -1.405141, 0.149055, 1.352081
19.737005, 2.584968, -0.607871, -0.161471, -1.405141, 0.149055, 1.352081
19.761100, 2.587151, -0.616008, -0.165879, -1.405141, 0.149057, 1.352080
19.769103, 2.587926, -0.618899, -0.167445, -1.405141, 0.149058, 1.352080
19.793258, 2.590396, -0.628109, -0.172433, -1.405140, 0.149059, 1.352080
19.801202, 2.591268, -0.631357, -0.174193, -1.405140, 0.149060, 1.352079
19.825389, 2.594026, -0.641639, -0.179762, -1.405140, 0.149062, 1.352079
19.833358, 2.594993, -0.645245, -0.181715, -1.405140, 0.149063, 1.352079
19.857500, 2.598038, -0.656600, -0.187866, -1.405139, 0.149065, 1.352078
19.865489, 2.599101, -0.660563, -0.190013, -1.405139, 0.149066, 1.352078
19.889530, 2.602434, -0.672990, -0.196744, -1.405139, 0.149069, 1.352077
19.897525, 2.603593, -0.677311, -0.199084, -1.405139, 0.149070, 1.352077
19.921718, 2.607214, -0.690809, -0.206396, -1.405138, 0.149073, 1.352076
19.929626, 2.608469, -0.695488, -0.208930, -1.405138, 0.149074, 1.352076
19.953715, 2.612377, -0.710059, -0.216823, -1.405137, 0.149077, 1.352075
19.961765, 2.613728, -0.715095, -0.219550, -1.405137, 0.149078, 1.352074
19.985825, 2.617924, -0.730738, -0.228024, -1.405137, 0.149081, 1.352074
19.993795, 2.619371, -0.736132, -0.230945, -1.405137, 0.149082, 1.352073
20.017969, 2.623854, -0.752847, -0.240000, -1.405136, 0.149086, 1.352072
20.026067, 2.625397, -0.758598, -0.243115, -1.405136, 0.149087, 1.352072
20.049965, 2.630168, -0.776386, -0.252750, -1.405135, 0.149090, 1.352071
20.058071, 2.631806, -0.782494, -0.256059, -1.405135, 0.149092, 1.352071
20.082145, 2.636865, -0.801355, -0.266275, -1.405134, 0.149096, 1.352069
20.090199, 2.638599, -0.807821, -0.269777, -1.405134, 0.149097, 1.352069
20.114201, 2.643946, -0.827753, -0.280574, -1.405134, 0.149101, 1.352068
20.122354, 2.645776, -0.834576, -0.284270, -1.405133, 0.149103, 1.352067
20.146367, 2.651410, -0.855582, -0.295647, -1.405133, 0.149107, 1.352066
20.154388, 2.653336, -0.862762, -0.299537, -1.405132, 0.149109, 1.352066
20.178539, 2.659258, -0.884840, -0.311495, -1.405132, 0.149113, 1.352065
20.186531, 2.661280, -0.892377, -0.315578, -1.405131, 0.149115, 1.352064
20.210515, 2.667489, -0.915527, -0.328118, -1.405131, 0.149120, 1.352063
20.218637, 2.669607, -0.923423, -0.332394, -1.405130, 0.149121, 1.352062
20.242709, 2.676104, -0.947645, -0.345515, -1.405130, 0.149126, 1.352061
20.250700, 2.678317, -0.955898, -0.349985, -1.405129, 0.149128, 1.352060
20.274849, 2.685049, -0.980994, -0.363579, -1.405128, 0.149133, 1.352059
20.282827, 2.687296, -0.989372, -0.368117, -1.405128, 0.149135, 1.352058
20.306849, 2.694037, -1.014505, -0.381730, -1.405127, 0.149140, 1.352057
20.314957, 2.696284, -1.022882, -0.386268, -1.405127, 0.149142, 1.352056
20.339137, 2.703025, -1.048015, -0.399882, -1.405126, 0.149147, 1.352055
20.347105, 2.705272, -1.056393, -0.404420, -1.405126, 0.149149, 1.352054
20.371121, 2.712014, -1.081525, -0.418033, -1.405125, 0.149154, 1.352053
20.379107, 2.714261, -1.089903, -0.422571, -1.405125, 0.149156, 1.352053
20.403292, 2.721002, -1.115036, -0.436185, -1.405124, 0.149161, 1.352051
20.411230, 2.723249, -1.123413, -0.440722, -1.405124, 0.149163, 1.352051
20.435418, 2.729990, -1.148546, -0.454336, -1.405123, 0.149168, 1.352049
20.443394, 2.732237, -1.156924, -0.458874, -1.405122, 0.149170, 1.352049
20.467584, 2.738979, -1.182056, -0.472487, -1.405122, 0.149175, 1.352047
20.475547, 2.741226, -1.190434, -0.477025, -1.405121, 0.149177, 1.352047
20.499714, 2.747967, -1.215567, -0.490639, -1.405121, 0.149182, 1.352045
20.507310, 2.750214, -1.223944, -0.495177, -1.405120, 0.149184, 1.352045
20.531718, 2.756955, -1.249077, -0.508790, -1.405119, 0.149189, 1.352043
20.539699, 2.759202, -1.257455, -0.513328, -1.405119, 0.149191, 1.352043
20.563844, 2.765943, -1.282587, -0.526941, -1.405118, 0.149196, 1.352041
20.571861, 2.768190, -1.290965, -0.531479, -1.405118, 0.149198, 1.352041
20.595852, 2.774932, -1.316098, -0.545093, -1.405117, 0.149204, 1.352039
20.604027, 2.777179, -1.324475, -0.549631, -1.405117, 0.149205, 1.352039
20.628108, 2.783920, -1.349608, -0.563244, -1.405116, 0.149211, 1.352037
20.636123, 2.786167, -1.357986, -0.567782, -1.405116, 0.149212, 1.352037
20.660123, 2.792908, -1.383118, -0.581396, -1.405115, 0.149218, 1.352035
20.668147, 2.795155, -1.391496, -0.585933, -1.405115, 0.149219, 1.352035
20.692245, 2.801896, -1.416629, -0.599547, -1.405114, 0.149225, 1.352033
20.700452, 2.804144, -1.425006, -0.604085, -1.405114, 0.149226, 1.352033
20.724445, 2.810885, -1.450139, -0.617698, -1.405113, 0.149232, 1.352031
20.732602, 2.813132, -1.458517, -0.622236, -1.405112, 0.149233, 1.352031
20.756613, 2.819873, -1.483649, -0.635850, -1.405112, 0.149239, 1.352029
20.764603, 2.822120, -1.492027, -0.640388, -1.405111, 0.149240, 1.352029
20.788567, 2.828861, -1.517160, -0.654001, -1.405110, 0.149246, 1.352027
20.796710, 2.831108, -1.525537, -0.658539, -1.405110, 0.149247, 1.352027
20.820735, 2.837850, -1.550670, -0.672152, -1.405109, 0.149253, 1.352026
20.828849, 2.840097, -1.559048, -0.676690, -1.405109, 0.149254, 1.352025
20.852862, 2.846838, -1.584180, -0.690304, -1.405108, 0.149260, 1.352024
20.860890, 2.849085, -1.592558, -0.694842, -1.405108, 0.149261, 1.352023
20.885021, 2.855826, -1.617691, -0.708455, -1.405107, 0.149267, 1.352022
20.892979, 2.858073, -1.626068, -0.712993, -1.405107, 0.149268, 1.352021
20.917186, 2.864814, -1.651201, -0.726607, -1.405106, 0.149274, 1.352020
20.925172, 2.867062, -1.659578, -0.731144, -1.405106, 0.149275, 1.352019
20.949198, 2.873803, -1.684711, -0.744758, -1.405105, 0.149281, 1.352018
20.957300, 2.876050, -1.693089, -0.749296, -1.405105, 0.149282, 1.352017
20.981319, 2.882791, -1.718222, -0.762909, -1.405104, 0.149288, 1.352016
20.989455, 2.885038, -1.726599, -0.767447, -1.405103, 0.149289, 1.352015
21.013468, 2.891779, -1.751732, -0.781061, -1.405103, 0.149295, 1.352014
21.021453, 2.894026, -1.760109, -0.785598, -1.405102, 0.149296, 1.352013
